symbol,side,entry_time,exit_time,entry,sl,r_multiple,net_pnl
ADAUSDT,short,2022-02-09 16:00:00+00:00,2022-02-10 03:47:00+00:00,1.2072,1.2174964285714287,2.9625390218522014,2.9625390218522014
ADAUSDT,short,2022-02-24 16:00:00+00:00,2022-02-28 22:35:00+00:00,0.8321,0.952944,-1.0,-1.0
ADAUSDT,long,2022-04-02 12:00:00+00:00,2022-04-02 18:09:00+00:00,1.1717,1.1529308571428571,-1.0,-1.0
ADAUSDT,long,2022-05-05 12:00:00+00:00,2022-05-07 21:59:00+00:00,0.8144,0.7578377142857143,-1.0,-1.0
ADAUSDT,long,2022-07-19 00:00:00+00:00,2022-07-19 04:00:00+00:00,0.4836,0.47950535714285714,-1.0,-1.0
ADAUSDT,short,2022-07-20 00:00:00+00:00,2022-07-25 08:59:00+00:00,0.5294,0.5548571428571428,1.292368125701459,1.292368125701459
ADAUSDT,short,2022-08-05 04:00:00+00:00,2022-08-10 12:59:00+00:00,0.5119,0.5575068571428571,-0.46703503232596655,-0.46703503232596655
ADAUSDT,long,2022-08-15 12:00:00+00:00,2022-08-18 23:18:00+00:00,0.5541,0.518684,-1.0,-1.0
ADAUSDT,short,2022-09-04 00:00:00+00:00,2022-09-06 01:13:00+00:00,0.4862,0.5103902857142858,-1.0,-1.0
ADAUSDT,short,2022-09-10 08:00:00+00:00,2022-09-13 12:34:00+00:00,0.5173,0.5270228571428571,3.6385542168674663,3.6385542168674663
ADAUSDT,long,2022-09-13 16:00:00+00:00,2022-09-18 21:10:00+00:00,0.4627,0.45100228571428574,-1.0,-1.0
ADAUSDT,short,2022-09-15 04:00:00+00:00,2022-09-20 12:59:00+00:00,0.4767,0.5027862857142857,1.3110337122954587,1.3110337122954587
ADAUSDT,short,2022-10-24 16:00:00+00:00,2022-10-24 20:16:00+00:00,0.3592,0.36088928571428575,-1.0,-1.0
ADAUSDT,short,2022-11-02 16:00:00+00:00,2022-11-02 20:06:00+00:00,0.4037,0.4059732142857143,5.378633150039218,5.378633150039218
ADAUSDT,short,2022-12-03 08:00:00+00:00,2022-12-08 16:59:00+00:00,0.3227,0.330652,1.509054325955733,1.509054325955733
ADAUSDT,short,2022-12-06 20:00:00+00:00,2022-12-07 00:40:00+00:00,0.3178,0.3188022857142857,-1.0,-1.0
ADAUSDT,short,2023-01-09 00:00:00+00:00,2023-01-09 04:00:00+00:00,0.2998,0.302672,-1.0,-1.0
ADAUSDT,long,2023-01-11 04:00:00+00:00,2023-01-12 02:52:00+00:00,0.3121,0.30668342857142855,2.120054858107395,2.120054858107395
ADAUSDT,long,2023-01-16 00:00:00+00:00,2023-01-18 15:54:00+00:00,0.348,0.3341662857142857,-1.0,-1.0
ADAUSDT,long,2023-01-22 20:00:00+00:00,2023-01-28 04:59:00+00:00,0.369,0.34609028571428574,0.9777511723037041,0.9777511723037041
ADAUSDT,short,2023-02-13 20:00:00+00:00,2023-02-14 15:10:00+00:00,0.3564,0.3742377142857143,-1.0,-1.0
ADAUSDT,long,2023-02-16 16:00:00+00:00,2023-02-17 00:01:00+00:00,0.4034,0.385512,-1.0,-1.0
ADAUSDT,long,2023-02-20 00:00:00+00:00,2023-02-20 08:17:00+00:00,0.3922,0.3902607142857143,8.023941068140042,8.023941068140042
ADAUSDT,short,2023-02-27 12:00:00+00:00,2023-03-01 01:34:00+00:00,0.3668,0.37236285714285716,2.361581920903951,2.361581920903951
ADAUSDT,long,2023-03-14 04:00:00+00:00,2023-03-14 08:12:00+00:00,0.3402,0.3377732142857143,-1.0,-1.0
ADAUSDT,short,2023-03-14 12:00:00+00:00,2023-03-14 19:18:00+00:00,0.3646,0.36869885714285716,3.952600027882286,3.952600027882286
ADAUSDT,long,2023-03-15 08:00:00+00:00,2023-03-20 16:59:00+00:00,0.3359,0.3112622857142857,-0.0365293626495947,-0.0365293626495947
ADAUSDT,long,2023-03-18 20:00:00+00:00,2023-03-24 04:59:00+00:00,0.3441,0.31495485714285715,0.6724962748019763,0.6724962748019763
ADAUSDT,short,2023-03-21 20:00:00+00:00,2023-03-27 04:59:00+00:00,0.3751,0.38686914285714286,1.9882501456593478,1.9882501456593478
ADAUSDT,long,2023-04-21 16:00:00+00:00,2023-04-27 00:59:00+00:00,0.3945,0.3741285714285714,0.7559607293127606,0.7559607293127606
ADAUSDT,long,2023-04-27 08:00:00+00:00,2023-04-27 12:31:00+00:00,0.4053,0.4024767857142857,-1.0,-1.0
ADAUSDT,long,2023-04-28 12:00:00+00:00,2023-04-29 17:31:00+00:00,0.4028,0.39982321428571427,-1.0,-1.0
ADAUSDT,short,2023-06-03 16:00:00+00:00,2023-06-05 16:14:00+00:00,0.3777,0.38665028571428567,2.3183298218732142,2.3183298218732142
ADAUSDT,short,2023-06-23 00:00:00+00:00,2023-06-23 04:02:00+00:00,0.2907,0.29295,-1.0,-1.0
ADAUSDT,long,2023-06-25 12:00:00+00:00,2023-06-26 16:45:00+00:00,0.2913,0.28353028571428573,-1.0,-1.0
ADAUSDT,long,2023-07-14 12:00:00+00:00,2023-07-14 17:17:00+00:00,0.3492,0.33281142857142854,-1.0,-1.0
ADAUSDT,short,2023-07-27 00:00:00+00:00,2023-07-30 04:21:00+00:00,0.3094,0.314844,-1.0,-1.0
ADAUSDT,short,2023-08-02 00:00:00+00:00,2023-08-04 12:30:00+00:00,0.3117,0.3179914285714286,2.6875567665758147,2.6875567665758147
ADAUSDT,short,2023-08-08 04:00:00+00:00,2023-08-08 13:04:00+00:00,0.2923,0.29639714285714286,-1.0,-1.0
ADAUSDT,long,2023-09-29 16:00:00+00:00,2023-10-02 18:39:00+00:00,0.249,0.24223542857142857,2.0157121135326888,2.0157121135326888
ADAUSDT,long,2023-10-02 16:00:00+00:00,2023-10-04 00:31:00+00:00,0.2585,0.255388,-1.0,-1.0
ADAUSDT,long,2023-10-04 00:00:00+00:00,2023-10-04 04:13:00+00:00,0.2567,0.25461028571428573,-1.0,-1.0
ADAUSDT,long,2023-10-22 08:00:00+00:00,2023-10-22 12:00:00+00:00,0.2578,0.25687499999999996,-1.0,-1.0
ADAUSDT,short,2023-10-22 16:00:00+00:00,2023-10-22 22:58:00+00:00,0.2604,0.263488,-1.0,-1.0
ADAUSDT,long,2023-10-23 12:00:00+00:00,2023-10-23 22:45:00+00:00,0.2627,0.256332,2.0778894472361893,2.0778894472361893
ADAUSDT,long,2023-10-25 04:00:00+00:00,2023-10-25 16:23:00+00:00,0.2782,0.27515085714285714,2.8371439280359727,2.8371439280359727
ADAUSDT,long,2023-11-09 20:00:00+00:00,2023-11-10 00:10:00+00:00,0.3566,0.35376964285714285,3.946372239747677,3.946372239747677
ADAUSDT,short,2024-01-22 12:00:00+00:00,2024-01-27 20:59:00+00:00,0.4975,0.52132,0.3610411418975648,0.3610411418975648
ADAUSDT,long,2024-02-01 00:00:00+00:00,2024-02-01 05:28:00+00:00,0.4938,0.48915085714285717,-1.0,-1.0
ADAUSDT,short,2024-02-06 16:00:00+00:00,2024-02-08 07:59:00+00:00,0.5018,0.5263045714285713,-1.0,-1.0
ADAUSDT,long,2024-02-25 16:00:00+00:00,2024-02-26 09:35:00+00:00,0.5829,0.5766594285714286,-1.0,-1.0
ADAUSDT,long,2024-02-28 20:00:00+00:00,2024-02-29 07:18:00+00:00,0.6209,0.607516,4.8577405857740334,4.8577405857740334
ADAUSDT,long,2024-03-05 16:00:00+00:00,2024-03-05 20:38:00+00:00,0.5516,0.5284371428571428,3.8051066979153827,3.8051066979153827
ADAUSDT,short,2024-03-26 20:00:00+00:00,2024-03-27 01:13:00+00:00,0.6675,0.6711785714285714,-1.0,-1.0
ADAUSDT,short,2024-04-11 00:00:00+00:00,2024-04-12 18:36:00+00:00,0.5904,0.6183342857142857,4.498619208346124,4.498619208346124
ADAUSDT,long,2024-05-06 12:00:00+00:00,2024-05-11 20:59:00+00:00,0.4542,0.41302057142857146,-0.35454595914742487,-0.35454595914742487
ADAUSDT,long,2024-05-21 20:00:00+00:00,2024-05-22 12:34:00+00:00,0.493,0.481,-1.0,-1.0
ADAUSDT,short,2024-06-13 04:00:00+00:00,2024-06-14 21:25:00+00:00,0.4333,0.4443902857142857,2.3001854905193904,2.3001854905193904
ADAUSDT,short,2024-07-01 00:00:00+00:00,2024-07-01 04:00:00+00:00,0.3945,0.39750114285714283,-1.0,-1.0
ADAUSDT,short,2024-07-11 12:00:00+00:00,2024-07-12 13:56:00+00:00,0.4037,0.4097554285714286,-1.0,-1.0
ADAUSDT,short,2024-07-27 12:00:00+00:00,2024-07-30 01:22:00+00:00,0.4233,0.4317114285714286,2.0197010869565264,2.0197010869565264
ADAUSDT,long,2024-09-11 12:00:00+00:00,2024-09-11 16:09:00+00:00,0.3323,0.33105892857142855,4.801438848920848,4.801438848920848
ADAUSDT,long,2024-09-14 16:00:00+00:00,2024-09-15 03:45:00+00:00,0.3516,0.3502678571428572,2.302949061662217,2.302949061662217
ADAUSDT,long,2024-09-24 12:00:00+00:00,2024-09-29 20:59:00+00:00,0.3674,0.34433542857142857,1.4481084161236766,1.4481084161236766
ADAUSDT,long,2024-09-27 16:00:00+00:00,2024-09-30 14:59:00+00:00,0.4007,0.3807754285714286,-1.0,-1.0
ADAUSDT,short,2024-10-02 00:00:00+00:00,2024-10-02 04:00:00+00:00,0.3564,0.35902321428571426,-1.0,-1.0
ADAUSDT,long,2024-10-02 08:00:00+00:00,2024-10-02 12:00:00+00:00,0.3531,0.35035535714285715,-1.0,-1.0
ADAUSDT,short,2024-10-03 08:00:00+00:00,2024-10-08 16:59:00+00:00,0.343,0.36866000000000004,-0.1519875292283693,-0.1519875292283693
ADAUSDT,long,2024-11-07 04:00:00+00:00,2024-11-07 13:17:00+00:00,0.3698,0.36746607142857146,2.470543228768192,2.470543228768192
ADAUSDT,long,2024-11-08 20:00:00+00:00,2024-11-10 01:04:00+00:00,0.4381,0.42427714285714285,4.859859446052091,4.859859446052091
ADAUSDT,long,2024-11-11 16:00:00+00:00,2024-11-12 00:19:00+00:00,0.5984,0.5885660714285714,-1.0,-1.0
ADAUSDT,long,2024-11-13 00:00:00+00:00,2024-11-16 15:45:00+00:00,0.5608,0.48384685714285713,2.3669839902575234,2.3669839902575234
ADAUSDT,long,2024-11-24 12:00:00+00:00,2024-11-29 20:59:00+00:00,0.9607,0.8672965714285714,0.9185958300704774,0.9185958300704774
ADAUSDT,long,2024-12-06 20:00:00+00:00,2024-12-07 03:22:00+00:00,1.2197,1.202909142857143,-1.0,-1.0
ADAUSDT,long,2024-12-10 12:00:00+00:00,2024-12-10 16:00:00+00:00,1.0153,1.0010125,-1.0,-1.0
ADAUSDT,long,2024-12-16 00:00:00+00:00,2024-12-16 11:36:00+00:00,1.0872,1.0613251428571429,-1.0,-1.0
ADAUSDT,long,2025-01-08 04:00:00+00:00,2025-01-08 17:31:00+00:00,0.9708,0.9121480000000001,-1.0,-1.0
ADAUSDT,long,2025-01-10 12:00:00+00:00,2025-01-13 14:34:00+00:00,0.9381,0.8868394285714286,-1.0,-1.0
ADAUSDT,long,2025-01-19 04:00:00+00:00,2025-01-19 08:13:00+00:00,1.0705,1.059178857142857,-1.0,-1.0
ADAUSDT,long,2025-01-20 12:00:00+00:00,2025-01-21 08:41:00+00:00,1.0568,0.955772,-1.0,-1.0
ADAUSDT,short,2025-02-01 00:00:00+00:00,2025-02-01 11:16:00+00:00,0.9582,0.9701537142857143,2.346240260050689,2.346240260050689
ADAUSDT,short,2025-02-12 04:00:00+00:00,2025-02-13 21:09:00+00:00,0.7689,0.8234857142857143,-1.0,-1.0
ADAUSDT,short,2025-03-02 20:00:00+00:00,2025-03-03 00:00:00+00:00,1.115,1.1287857142857143,-1.0,-1.0
ADAUSDT,long,2025-03-03 04:00:00+00:00,2025-03-08 12:59:00+00:00,0.9969,0.63894,-0.5184936864454128,-0.5184936864454128
ADAUSDT,long,2025-03-06 12:00:00+00:00,2025-03-06 16:54:00+00:00,0.9252,0.9096857142857143,-1.0,-1.0
ADAUSDT,long,2025-03-09 16:00:00+00:00,2025-03-15 00:59:00+00:00,0.7989,0.6376919999999999,-0.3455163515458292,-0.3455163515458292
ADAUSDT,short,2025-04-04 12:00:00+00:00,2025-04-09 20:59:00+00:00,0.6514,0.7117834285714285,0.1838252689952779,0.1838252689952779
ADAUSDT,long,2025-04-13 00:00:00+00:00,2025-04-13 21:39:00+00:00,0.6502,0.6293754285714286,-1.0,-1.0
ADAUSDT,long,2025-04-29 12:00:00+00:00,2025-04-29 23:14:00+00:00,0.7052,0.6888411428571429,-1.0,-1.0
ADAUSDT,long,2025-05-09 12:00:00+00:00,2025-05-10 08:50:00+00:00,0.7711,0.7610520000000001,2.7519904458598883,2.7519904458598883
ADAUSDT,long,2025-05-11 04:00:00+00:00,2025-05-12 13:38:00+00:00,0.798,0.7774000000000001,2.2087378640776745,2.2087378640776745
ADAUSDT,long,2025-05-31 04:00:00+00:00,2025-05-31 13:22:00+00:00,0.6562,0.6506464285714286,3.267524115755654,3.267524115755654
ADAUSDT,short,2025-07-03 08:00:00+00:00,2025-07-08 16:59:00+00:00,0.5991,0.612704,1.293737136136421,1.293737136136421
ADAUSDT,short,2025-07-06 20:00:00+00:00,2025-07-07 03:26:00+00:00,0.5846,0.5935885714285715,-1.0,-1.0
ADAUSDT,long,2025-07-11 20:00:00+00:00,2025-07-12 00:35:00+00:00,0.7331,0.698472,-1.0,-1.0
ADAUSDT,long,2025-07-13 16:00:00+00:00,2025-07-17 12:07:00+00:00,0.7346,0.709512,2.6312181122448965,2.6312181122448965
ADAUSDT,long,2025-08-11 20:00:00+00:00,2025-08-14 09:02:00+00:00,0.7776,0.7376257142857143,5.0613966121077985,5.0613966121077985
ADAUSDT,short,2025-08-22 16:00:00+00:00,2025-08-28 00:59:00+00:00,0.9285,0.9705440000000001,1.8599562363238487,1.8599562363238487
ADAUSDT,short,2025-10-14 12:00:00+00:00,2025-10-19 20:59:00+00:00,0.6876,0.7377085714285715,0.5248603033413151,0.5248603033413151
ADAUSDT,long,2025-12-05 16:00:00+00:00,2025-12-05 20:00:00+00:00,0.4199,0.41720357142857145,-1.0,-1.0
ADAUSDT,short,2025-12-08 16:00:00+00:00,2025-12-09 12:23:00+00:00,0.4393,0.4475011428571428,-1.0,-1.0
ADAUSDT,long,2025-12-10 08:00:00+00:00,2025-12-11 00:32:00+00:00,0.4621,0.4509491428571429,-1.0,-1.0
ADAUSDT,short,2025-12-18 12:00:00+00:00,2025-12-23 20:59:00+00:00,0.3719,0.40073085714285717,0.3086970309588937,0.3086970309588937
ADAUSDT,long,2026-01-03 08:00:00+00:00,2026-01-05 17:23:00+00:00,0.3838,0.3745554285714286,2.5263938682161164,2.5263938682161164
ADAUSDT,long,2026-01-06 08:00:00+00:00,2026-01-06 16:43:00+00:00,0.4185,0.40764285714285714,-1.0,-1.0
ADAUSDT,long,2026-01-15 20:00:00+00:00,2026-01-18 23:47:00+00:00,0.3899,0.376988,-1.0,-1.0
ADAUSDT,long,2026-02-26 16:00:00+00:00,2026-02-26 20:29:00+00:00,0.2929,0.2858948571428572,-1.0,-1.0
ADAUSDT,short,2026-04-06 12:00:00+00:00,2026-04-06 23:09:00+00:00,0.2557,0.25746,5.363636363636214,5.363636363636214
ADAUSDT,long,2026-04-08 00:00:00+00:00,2026-04-08 14:09:00+00:00,0.2619,0.2550142857142857,-1.0,-1.0
ADAUSDT,long,2026-04-10 00:00:00+00:00,2026-04-12 08:00:00+00:00,0.2528,0.24060914285714285,-1.0,-1.0
ADAUSDT,long,2026-04-17 08:00:00+00:00,2026-04-17 15:32:00+00:00,0.2549,0.25066171428571427,2.0672778751516554,2.0672778751516554
ADAUSDT,short,2026-04-18 04:00:00+00:00,2026-04-18 10:36:00+00:00,0.257,0.2585089285714286,2.644970414201138,2.644970414201138
ADAUSDT,long,2026-04-18 16:00:00+00:00,2026-04-19 02:24:00+00:00,0.2502,0.24711885714285714,-1.0,-1.0
ADAUSDT,long,2026-04-23 00:00:00+00:00,2026-04-23 04:00:00+00:00,0.248,0.24656914285714288,-1.0,-1.0
ADAUSDT,short,2026-05-05 00:00:00+00:00,2026-05-05 05:27:00+00:00,0.2505,0.25307485714285716,-1.0,-1.0
ADAUSDT,long,2026-05-06 12:00:00+00:00,2026-05-11 20:59:00+00:00,0.2638,0.24892342857142857,1.1360144426519203,1.1360144426519203
ADAUSDT,short,2026-05-23 20:00:00+00:00,2026-05-28 14:19:00+00:00,0.2467,0.252972,2.0133928571428705,2.0133928571428705
AVAXUSDT,long,2022-02-22 00:00:00+00:00,2022-02-22 15:47:00+00:00,68.35,66.82708571428572,2.998911860718192,2.998911860718192
AVAXUSDT,long,2022-03-01 08:00:00+00:00,2022-03-05 00:44:00+00:00,83.09,73.45965714285714,-1.0,-1.0
AVAXUSDT,long,2022-03-28 20:00:00+00:00,2022-03-29 03:10:00+00:00,88.95,87.97074285714287,4.759467818171247,4.759467818171247
AVAXUSDT,long,2022-04-08 08:00:00+00:00,2022-04-08 22:20:00+00:00,87.59,84.02577142857143,-1.0,-1.0
AVAXUSDT,short,2022-04-14 00:00:00+00:00,2022-04-19 08:59:00+00:00,81.48,85.8224,0.8635777450257927,0.8635777450257927
AVAXUSDT,long,2022-07-17 20:00:00+00:00,2022-07-18 11:42:00+00:00,20.84,20.015485714285713,3.281308475985858,3.281308475985858
AVAXUSDT,short,2022-07-18 04:00:00+00:00,2022-07-19 13:34:00+00:00,24.0,25.266285714285715,-1.0,-1.0
AVAXUSDT,long,2022-07-20 20:00:00+00:00,2022-07-25 14:26:00+00:00,24.05,21.765085714285714,-1.0,-1.0
AVAXUSDT,long,2022-08-15 16:00:00+00:00,2022-08-15 22:51:00+00:00,27.69,27.494642857142857,-1.0,-1.0
AVAXUSDT,short,2022-09-09 20:00:00+00:00,2022-09-10 00:58:00+00:00,20.23,20.71742857142857,-1.0,-1.0
AVAXUSDT,long,2022-09-13 16:00:00+00:00,2022-09-19 00:59:00+00:00,18.94,15.889999999999999,-0.6786885245901635,-0.6786885245901635
AVAXUSDT,short,2022-09-19 12:00:00+00:00,2022-09-24 20:59:00+00:00,17.04,18.608857142857143,-0.5290475323256244,-0.5290475323256244
AVAXUSDT,short,2022-10-25 12:00:00+00:00,2022-10-25 16:00:00+00:00,15.95,16.02135714285714,-1.0,-1.0
AVAXUSDT,long,2022-10-26 20:00:00+00:00,2022-10-29 06:39:00+00:00,16.93,16.568417142857143,4.119158620035722,4.119158620035722
AVAXUSDT,long,2022-10-31 16:00:00+00:00,2022-11-02 09:33:00+00:00,18.952,17.863845714285713,-1.0,-1.0
AVAXUSDT,long,2022-11-07 08:00:00+00:00,2022-11-08 03:18:00+00:00,17.82,17.283382857142854,-1.0,-1.0
AVAXUSDT,short,2022-11-08 12:00:00+00:00,2022-11-08 16:32:00+00:00,16.985,17.723285714285716,-1.0,-1.0
AVAXUSDT,short,2022-11-10 04:00:00+00:00,2022-11-15 12:59:00+00:00,14.143,18.09914285714286,0.1734012205250424,0.1734012205250424
AVAXUSDT,short,2022-12-04 12:00:00+00:00,2022-12-04 16:00:00+00:00,13.631,13.70325,-1.0,-1.0
AVAXUSDT,short,2022-12-14 12:00:00+00:00,2022-12-18 04:23:00+00:00,13.843,14.329154285714287,3.8009450262703073,3.8009450262703073
AVAXUSDT,long,2023-01-12 08:00:00+00:00,2023-01-12 13:30:00+00:00,15.23,14.796742857142856,-1.0,-1.0
AVAXUSDT,long,2023-01-14 08:00:00+00:00,2023-01-14 14:42:00+00:00,16.82,16.613875,-1.0,-1.0
AVAXUSDT,long,2023-01-16 08:00:00+00:00,2023-01-21 16:59:00+00:00,16.06,14.378811428571428,0.8035981346530364,0.8035981346530364
AVAXUSDT,long,2023-02-03 00:00:00+00:00,2023-02-05 12:57:00+00:00,21.03,19.86242857142857,-1.0,-1.0
AVAXUSDT,long,2023-02-09 20:00:00+00:00,2023-02-15 04:59:00+00:00,17.561,16.658399999999997,0.49080434300908465,0.49080434300908465
AVAXUSDT,short,2023-02-14 12:00:00+00:00,2023-02-15 12:21:00+00:00,17.954,18.49967428571429,-1.0,-1.0
AVAXUSDT,short,2023-03-03 08:00:00+00:00,2023-03-08 16:59:00+00:00,16.402,17.89288,0.3736048508263577,0.3736048508263577
AVAXUSDT,short,2023-03-12 20:00:00+00:00,2023-03-14 12:31:00+00:00,15.461,16.77686857142857,-1.0,-1.0
AVAXUSDT,long,2023-03-14 20:00:00+00:00,2023-03-15 16:44:00+00:00,16.836,15.49437142857143,-1.0,-1.0
AVAXUSDT,long,2023-04-12 16:00:00+00:00,2023-04-18 00:59:00+00:00,17.94,16.58665142857143,1.947761320069582,1.947761320069582
AVAXUSDT,long,2023-04-20 16:00:00+00:00,2023-04-21 06:47:00+00:00,18.132,17.95978285714286,-1.0,-1.0
AVAXUSDT,short,2023-04-21 12:00:00+00:00,2023-04-26 20:59:00+00:00,17.972,18.69429142857143,1.3374103052982211,1.3374103052982211
AVAXUSDT,short,2023-04-26 04:00:00+00:00,2023-04-26 08:26:00+00:00,17.479,17.57405357142857,-1.0,-1.0
AVAXUSDT,long,2023-05-30 04:00:00+00:00,2023-05-31 04:57:00+00:00,14.417,14.087377142857143,-1.0,-1.0
AVAXUSDT,short,2023-06-04 04:00:00+00:00,2023-06-09 12:59:00+00:00,14.654,15.305377142857143,0.655534208841048,0.655534208841048
AVAXUSDT,short,2023-06-22 00:00:00+00:00,2023-06-27 08:59:00+00:00,13.164,14.275005714285715,-0.09630913560943584,-0.09630913560943584
AVAXUSDT,long,2023-07-14 12:00:00+00:00,2023-07-14 18:21:00+00:00,15.131,14.688045714285714,-1.0,-1.0
AVAXUSDT,short,2023-07-25 04:00:00+00:00,2023-07-30 12:59:00+00:00,13.231,13.671445714285714,-0.14076649627649795,-0.14076649627649795
AVAXUSDT,short,2023-09-05 20:00:00+00:00,2023-09-06 17:56:00+00:00,9.862,10.053257142857142,-1.0,-1.0
AVAXUSDT,long,2023-09-29 20:00:00+00:00,2023-09-30 00:28:00+00:00,9.066,9.027548571428571,2.01679298558472,2.01679298558472
AVAXUSDT,long,2023-10-02 16:00:00+00:00,2023-10-05 02:05:00+00:00,9.254,8.973017142857143,2.7938257544944447,2.7938257544944447
AVAXUSDT,long,2023-10-24 12:00:00+00:00,2023-10-24 16:28:00+00:00,10.021,9.940885714285713,2.78209700427949,2.78209700427949
AVAXUSDT,long,2023-10-27 00:00:00+00:00,2023-10-27 17:07:00+00:00,10.648,10.544464285714286,-1.0,-1.0
AVAXUSDT,long,2023-11-02 04:00:00+00:00,2023-11-07 12:59:00+00:00,11.795,10.945091428571429,1.1260034692807306,1.1260034692807306
AVAXUSDT,long,2023-11-09 16:00:00+00:00,2023-11-09 20:06:00+00:00,11.686,11.601446428571428,11.323548046462475,11.323548046462475
AVAXUSDT,long,2023-11-12 12:00:00+00:00,2023-11-13 14:42:00+00:00,17.825,17.15402285714286,-1.0,-1.0
AVAXUSDT,long,2023-11-21 16:00:00+00:00,2023-11-21 20:00:00+00:00,21.318,20.927205714285712,-1.0,-1.0
AVAXUSDT,short,2023-11-28 16:00:00+00:00,2023-11-28 20:00:00+00:00,20.494,20.72249714285714,-1.0,-1.0
AVAXUSDT,short,2024-01-23 20:00:00+00:00,2024-01-28 00:19:00+00:00,29.535,33.59180571428571,-1.0,-1.0
AVAXUSDT,short,2024-02-03 08:00:00+00:00,2024-02-08 16:59:00+00:00,36.136,37.35288571428571,0.577704209809589,0.577704209809589
AVAXUSDT,long,2024-02-15 12:00:00+00:00,2024-02-15 16:13:00+00:00,41.73,41.41945142857143,-1.0,-1.0
AVAXUSDT,long,2024-02-16 16:00:00+00:00,2024-02-16 20:00:00+00:00,40.73,39.871091428571425,-1.0,-1.0
AVAXUSDT,short,2024-02-26 12:00:00+00:00,2024-02-28 16:28:00+00:00,38.352,40.72349142857143,-1.0,-1.0
AVAXUSDT,long,2024-02-29 20:00:00+00:00,2024-03-05 19:56:00+00:00,41.028,35.20374857142857,-1.0,-1.0
AVAXUSDT,long,2024-03-05 20:00:00+00:00,2024-03-11 04:59:00+00:00,38.01,33.897754285714285,0.8681387854811348,0.8681387854811348
AVAXUSDT,long,2024-03-28 12:00:00+00:00,2024-03-29 05:37:00+00:00,54.146,53.80376785714286,-1.0,-1.0
AVAXUSDT,short,2024-05-21 04:00:00+00:00,2024-05-26 12:59:00+00:00,39.741,44.17724571428571,0.5806711724070422,0.5806711724070422
AVAXUSDT,long,2024-05-23 12:00:00+00:00,2024-05-23 16:30:00+00:00,38.207,37.937803571428574,-1.0,-1.0
AVAXUSDT,short,2024-06-28 12:00:00+00:00,2024-06-28 19:22:00+00:00,28.866,29.12956,2.953558961906173,2.953558961906173
AVAXUSDT,short,2024-07-21 20:00:00+00:00,2024-07-22 00:00:00+00:00,32.165,32.507485714285714,-1.0,-1.0
AVAXUSDT,long,2024-07-22 12:00:00+00:00,2024-07-22 20:09:00+00:00,31.478,31.218977142857142,2.6637693308918804,2.6637693308918804
AVAXUSDT,short,2024-08-05 12:00:00+00:00,2024-08-05 16:13:00+00:00,19.299,19.98618857142857,-1.0,-1.0
AVAXUSDT,long,2024-08-30 12:00:00+00:00,2024-08-30 16:00:00+00:00,22.751,22.54576785714286,-1.0,-1.0
AVAXUSDT,long,2024-09-18 00:00:00+00:00,2024-09-18 09:53:00+00:00,23.496,23.256417142857142,-1.0,-1.0
AVAXUSDT,short,2024-09-18 20:00:00+00:00,2024-09-19 00:00:00+00:00,23.452,23.619994285714284,-1.0,-1.0
AVAXUSDT,long,2024-09-20 12:00:00+00:00,2024-09-20 16:00:00+00:00,27.564,27.232474285714286,-1.0,-1.0
AVAXUSDT,long,2024-10-01 20:00:00+00:00,2024-10-03 08:09:00+00:00,25.791,24.72949714285714,-1.0,-1.0
AVAXUSDT,short,2024-10-08 16:00:00+00:00,2024-10-11 19:07:00+00:00,26.546,27.115057142857143,-1.0,-1.0
AVAXUSDT,long,2024-10-15 12:00:00+00:00,2024-10-15 16:43:00+00:00,27.936,27.774035714285713,2.877398015435469,2.877398015435469
AVAXUSDT,short,2024-11-07 16:00:00+00:00,2024-11-08 11:43:00+00:00,27.589,28.198177142857144,-1.0,-1.0
AVAXUSDT,long,2024-11-08 16:00:00+00:00,2024-11-09 01:16:00+00:00,27.952,27.493914285714286,2.728559845319016,2.728559845319016
AVAXUSDT,short,2024-11-09 08:00:00+00:00,2024-11-09 15:32:00+00:00,29.44,29.645857142857142,2.934767522553825,2.934767522553825
AVAXUSDT,long,2024-11-11 04:00:00+00:00,2024-11-11 12:19:00+00:00,30.91,30.427177142857143,2.2931332402300777,2.2931332402300777
AVAXUSDT,long,2024-11-13 00:00:00+00:00,2024-11-13 04:35:00+00:00,33.9,32.04989714285715,-1.0,-1.0
AVAXUSDT,long,2024-11-14 08:00:00+00:00,2024-11-14 23:11:00+00:00,32.421,31.245594285714287,-1.0,-1.0
AVAXUSDT,long,2024-11-24 12:00:00+00:00,2024-11-25 09:40:00+00:00,38.803,37.348194285714285,5.290187005825042,5.290187005825042
AVAXUSDT,long,2024-12-19 20:00:00+00:00,2024-12-20 08:57:00+00:00,37.704,36.53799428571429,-1.0,-1.0
AVAXUSDT,short,2025-01-13 16:00:00+00:00,2025-01-13 20:22:00+00:00,34.855,35.12321428571428,3.8468708388814683,3.8468708388814683
AVAXUSDT,long,2025-01-19 08:00:00+00:00,2025-01-19 22:48:00+00:00,36.861,35.4348,-1.0,-1.0
AVAXUSDT,short,2025-01-31 16:00:00+00:00,2025-02-02 22:47:00+00:00,36.031,37.32954857142857,6.87494609366063,6.87494609366063
AVAXUSDT,short,2025-02-23 20:00:00+00:00,2025-02-24 03:37:00+00:00,24.963,25.20322857142857,3.516531874405352,3.516531874405352
AVAXUSDT,short,2025-03-08 12:00:00+00:00,2025-03-08 16:00:00+00:00,20.129,20.373337142857142,-1.0,-1.0
AVAXUSDT,short,2025-03-24 00:00:00+00:00,2025-03-24 04:07:00+00:00,20.973,21.444674285714285,-1.0,-1.0
AVAXUSDT,short,2025-03-25 04:00:00+00:00,2025-03-30 12:59:00+00:00,21.684,24.158160000000002,0.9360752740323994,0.9360752740323994
AVAXUSDT,short,2025-04-03 04:00:00+00:00,2025-04-07 01:19:00+00:00,18.913,19.592885714285714,3.855227769373008,3.855227769373008
AVAXUSDT,long,2025-05-11 04:00:00+00:00,2025-05-12 07:46:00+00:00,24.312,23.780520000000003,3.7452397079852604,3.7452397079852604
AVAXUSDT,long,2025-05-12 12:00:00+00:00,2025-05-12 18:32:00+00:00,24.658,24.17246857142857,-1.0,-1.0
AVAXUSDT,short,2025-05-19 04:00:00+00:00,2025-05-21 15:05:00+00:00,22.592,23.188954285714285,-1.0,-1.0
AVAXUSDT,long,2025-06-11 20:00:00+00:00,2025-06-12 19:45:00+00:00,21.978,20.71001142857143,-1.0,-1.0
AVAXUSDT,long,2025-07-04 16:00:00+00:00,2025-07-04 23:41:00+00:00,17.539,17.42757142857143,2.0692307692307397,2.0692307692307397
AVAXUSDT,short,2025-07-08 12:00:00+00:00,2025-07-08 16:41:00+00:00,18.009,18.087107142857143,-1.0,-1.0
AVAXUSDT,long,2025-07-11 16:00:00+00:00,2025-07-12 15:33:00+00:00,20.8,20.237422857142857,-1.0,-1.0
AVAXUSDT,long,2025-07-14 12:00:00+00:00,2025-07-19 20:59:00+00:00,21.32,19.807188571428572,2.3228275075356386,2.3228275075356386
AVAXUSDT,long,2025-08-05 12:00:00+00:00,2025-08-10 20:59:00+00:00,22.432,20.344685714285717,0.6242471528690335,0.6242471528690335
AVAXUSDT,long,2025-08-10 04:00:00+00:00,2025-08-15 12:59:00+00:00,23.804,22.148462857142857,0.3539636682440586,0.3539636682440586
AVAXUSDT,long,2025-08-14 16:00:00+00:00,2025-08-19 04:08:00+00:00,24.137,23.003897142857145,-1.0,-1.0
AVAXUSDT,long,2025-08-19 16:00:00+00:00,2025-08-23 01:26:00+00:00,22.656,22.152079999999998,4.469122082870289,4.469122082870289
AVAXUSDT,long,2025-08-24 04:00:00+00:00,2025-08-25 20:34:00+00:00,25.661,23.177742857142857,-1.0,-1.0
AVAXUSDT,short,2025-09-02 08:00:00+00:00,2025-09-02 12:20:00+00:00,24.242,24.369982142857143,2.2191991070183104,2.2191991070183104
AVAXUSDT,long,2025-09-03 20:00:00+00:00,2025-09-04 04:44:00+00:00,25.169,25.01967857142857,-1.0,-1.0
AVAXUSDT,long,2025-09-11 12:00:00+00:00,2025-09-16 20:59:00+00:00,28.52,26.51382857142857,0.7486897573202674,0.7486897573202674
AVAXUSDT,long,2025-09-14 12:00:00+00:00,2025-09-14 16:00:00+00:00,29.9,29.400577142857145,-1.0,-1.0
AVAXUSDT,long,2025-09-30 12:00:00+00:00,2025-09-30 21:59:00+00:00,28.948,28.513417142857143,2.2859096407721067,2.2859096407721067
AVAXUSDT,long,2025-11-11 16:00:00+00:00,2025-11-11 20:00:00+00:00,17.432,17.30942857142857,-1.0,-1.0
AVAXUSDT,short,2025-11-18 08:00:00+00:00,2025-11-23 16:59:00+00:00,14.867,15.91046857142857,1.486388802181738,1.486388802181738
AVAXUSDT,long,2025-11-28 16:00:00+00:00,2025-11-28 20:00:00+00:00,14.949,14.874502857142858,-1.0,-1.0
AVAXUSDT,long,2025-12-11 00:00:00+00:00,2025-12-16 04:41:00+00:00,13.266,12.153234285714285,-1.0,-1.0
AVAXUSDT,short,2025-12-24 04:00:00+00:00,2025-12-26 02:21:00+00:00,12.112,12.565491428571427,-1.0,-1.0
AVAXUSDT,short,2025-12-27 00:00:00+00:00,2025-12-27 08:25:00+00:00,12.408,12.467785714285714,-1.0,-1.0
AVAXUSDT,short,2025-12-31 20:00:00+00:00,2026-01-01 11:15:00+00:00,12.33,12.37417857142857,-1.0,-1.0
AVAXUSDT,long,2026-01-07 16:00:00+00:00,2026-01-08 06:57:00+00:00,14.239,13.85037142857143,-1.0,-1.0
AVAXUSDT,long,2026-01-12 16:00:00+00:00,2026-01-14 10:36:00+00:00,13.72,13.449485714285714,3.195711871567374,3.195711871567374
AVAXUSDT,short,2026-01-17 12:00:00+00:00,2026-01-19 00:04:00+00:00,13.86,14.38449142857143,2.4852809796700903,2.4852809796700903
AVAXUSDT,short,2026-01-27 20:00:00+00:00,2026-01-31 19:00:00+00:00,11.978,12.671045714285713,3.0978537800021515,3.0978537800021515
AVAXUSDT,short,2026-02-05 00:00:00+00:00,2026-02-06 00:38:00+00:00,9.72,10.378525714285715,2.3195362801756323,2.3195362801756323
AVAXUSDT,short,2026-02-23 08:00:00+00:00,2026-02-25 13:18:00+00:00,8.602,9.46234857142857,-1.0,-1.0
AVAXUSDT,long,2026-02-27 04:00:00+00:00,2026-02-27 10:09:00+00:00,9.312,9.242410714285713,-1.0,-1.0
AVAXUSDT,long,2026-03-03 12:00:00+00:00,2026-03-03 16:22:00+00:00,8.94,8.885857142857143,5.759894459102935,5.759894459102935
AVAXUSDT,long,2026-03-06 12:00:00+00:00,2026-03-06 17:37:00+00:00,8.94,8.880302857142857,-1.0,-1.0
AVAXUSDT,long,2026-03-10 20:00:00+00:00,2026-03-11 00:00:00+00:00,9.623,9.556249999999999,-1.0,-1.0
AVAXUSDT,long,2026-03-22 00:00:00+00:00,2026-03-26 03:26:00+00:00,9.083,8.848205714285713,2.019664630436354,2.019664630436354
AVAXUSDT,long,2026-04-08 08:00:00+00:00,2026-04-13 16:59:00+00:00,9.325,8.436514285714287,-0.049522461973822485,-0.049522461973822485
AVAXUSDT,long,2026-04-12 20:00:00+00:00,2026-04-13 02:04:00+00:00,9.015,8.970535714285715,2.3734939759035893,2.3734939759035893
AVAXUSDT,long,2026-04-18 12:00:00+00:00,2026-04-19 22:01:00+00:00,9.344,9.045457142857142,-1.0,-1.0
AVAXUSDT,long,2026-05-07 16:00:00+00:00,2026-05-08 23:31:00+00:00,9.495,9.364977142857143,3.022369693240779,3.022369693240779
AVAXUSDT,short,2026-06-28 20:00:00+00:00,2026-06-29 00:42:00+00:00,6.376,6.469897142857143,-1.0,-1.0
BNBUSDT,short,2022-02-24 12:00:00+00:00,2022-02-26 00:38:00+00:00,343.95,383.83108571428573,-1.0,-1.0
BNBUSDT,long,2022-03-01 12:00:00+00:00,2022-03-04 19:11:00+00:00,402.05,382.7070285714286,-1.0,-1.0
BNBUSDT,long,2022-03-10 12:00:00+00:00,2022-03-10 16:00:00+00:00,372.07,367.31982857142856,-1.0,-1.0
BNBUSDT,long,2022-03-31 00:00:00+00:00,2022-03-31 16:31:00+00:00,441.19,424.8897714285714,-1.0,-1.0
BNBUSDT,long,2022-04-02 12:00:00+00:00,2022-04-03 01:21:00+00:00,440.54,433.96354285714284,-1.0,-1.0
BNBUSDT,short,2022-04-07 16:00:00+00:00,2022-04-12 04:19:00+00:00,432.85,441.2754857142857,3.967072691019105,3.967072691019105
BNBUSDT,long,2022-04-11 08:00:00+00:00,2022-04-16 16:59:00+00:00,402.51,385.73537142857145,0.667078853779178,0.667078853779178
BNBUSDT,short,2022-05-24 20:00:00+00:00,2022-05-25 00:03:00+00:00,326.6,328.8421428571429,-1.0,-1.0
BNBUSDT,short,2022-07-18 04:00:00+00:00,2022-07-18 15:56:00+00:00,255.88,263.90245714285714,-1.0,-1.0
BNBUSDT,long,2022-07-30 08:00:00+00:00,2022-07-30 13:37:00+00:00,289.2,287.08392857142854,2.544303797468327,2.544303797468327
BNBUSDT,long,2022-08-13 04:00:00+00:00,2022-08-13 11:27:00+00:00,325.33,323.9192857142857,4.4369620253164985,4.4369620253164985
BNBUSDT,short,2022-08-17 00:00:00+00:00,2022-08-17 05:12:00+00:00,316.86,322.2517142857143,-1.0,-1.0
BNBUSDT,long,2022-08-19 04:00:00+00:00,2022-08-24 12:59:00+00:00,284.33,273.61582857142855,1.1881460068907415,1.1881460068907415
BNBUSDT,short,2022-09-07 12:00:00+00:00,2022-09-09 03:34:00+00:00,267.09,286.84702857142855,-1.0,-1.0
BNBUSDT,short,2022-10-01 16:00:00+00:00,2022-10-02 19:08:00+00:00,283.96,285.7653714285714,-1.0,-1.0
BNBUSDT,long,2022-10-27 20:00:00+00:00,2022-10-31 14:32:00+00:00,286.03,272.4466857142857,2.8171832668652366,2.8171832668652366
BNBUSDT,long,2022-11-08 16:00:00+00:00,2022-11-08 20:00:00+00:00,325.42,322.50178571428575,-1.0,-1.0
BNBUSDT,short,2022-11-10 00:00:00+00:00,2022-11-10 13:31:00+00:00,284.58,290.74053571428567,-1.0,-1.0
BNBUSDT,short,2022-11-12 20:00:00+00:00,2022-11-18 04:59:00+00:00,284.35,400.93948571428575,0.11330352749280043,0.11330352749280043
BNBUSDT,long,2023-01-11 12:00:00+00:00,2023-01-11 23:36:00+00:00,277.2,275.2508,4.232916068130611,4.232916068130611
BNBUSDT,long,2023-01-12 16:00:00+00:00,2023-01-18 00:59:00+00:00,282.6,271.6750285714286,1.5533221401036639,1.5533221401036639
BNBUSDT,long,2023-01-16 08:00:00+00:00,2023-01-16 12:05:00+00:00,295.57,293.67053571428573,2.269342859828934,2.269342859828934
BNBUSDT,long,2023-01-24 20:00:00+00:00,2023-01-25 00:00:00+00:00,306.31,301.75097142857146,-1.0,-1.0
BNBUSDT,long,2023-02-03 04:00:00+00:00,2023-02-05 10:38:00+00:00,323.61,318.87239999999997,2.075396825396796,2.075396825396796
BNBUSDT,short,2023-02-16 00:00:00+00:00,2023-02-17 01:43:00+00:00,326.55,332.3943428571428,3.115090539325002,3.115090539325002
BNBUSDT,long,2023-02-17 00:00:00+00:00,2023-02-20 16:09:00+00:00,306.95,302.8876,2.111461205198918,2.111461205198918
BNBUSDT,short,2023-03-07 12:00:00+00:00,2023-03-08 15:58:00+00:00,287.85,292.8322857142857,-1.0,-1.0
BNBUSDT,long,2023-03-14 16:00:00+00:00,2023-03-14 20:39:00+00:00,310.5,308.22535714285715,-1.0,-1.0
BNBUSDT,long,2023-03-16 08:00:00+00:00,2023-03-16 12:45:00+00:00,315.11,309.3756,-1.0,-1.0
BNBUSDT,short,2023-03-26 00:00:00+00:00,2023-03-26 12:00:00+00:00,323.74,327.7616,-1.0,-1.0
BNBUSDT,short,2023-03-29 00:00:00+00:00,2023-03-29 05:07:00+00:00,313.74,315.1119642857143,-1.0,-1.0
BNBUSDT,short,2023-04-02 20:00:00+00:00,2023-04-08 04:59:00+00:00,312.75,319.7732,0.19791548012301963,0.19791548012301963
BNBUSDT,long,2023-04-27 20:00:00+00:00,2023-04-28 00:15:00+00:00,332.01,327.9447428571429,-1.0,-1.0
BNBUSDT,short,2023-05-12 04:00:00+00:00,2023-05-17 12:59:00+00:00,305.8,316.70091428571425,-0.2541071260077786,-0.2541071260077786
BNBUSDT,short,2023-05-20 16:00:00+00:00,2023-05-23 03:18:00+00:00,311.5,314.3474857142857,-1.0,-1.0
BNBUSDT,long,2023-05-31 00:00:00+00:00,2023-05-31 04:57:00+00:00,312.81,306.49485714285714,-1.0,-1.0
BNBUSDT,short,2023-05-31 20:00:00+00:00,2023-06-01 03:10:00+00:00,307.3,308.2219,3.447337021368967,3.447337021368967
BNBUSDT,long,2023-06-24 04:00:00+00:00,2023-06-24 13:51:00+00:00,245.79,240.61102857142856,-1.0,-1.0
BNBUSDT,long,2023-07-14 16:00:00+00:00,2023-07-16 23:32:00+00:00,250.21,241.75817142857144,-1.0,-1.0
BNBUSDT,long,2023-08-09 12:00:00+00:00,2023-08-09 18:12:00+00:00,243.51,242.77947,-1.0,-1.0
BNBUSDT,short,2023-10-02 12:00:00+00:00,2023-10-02 16:06:00+00:00,219.24,219.89772000000002,4.27580125281265,4.27580125281265
BNBUSDT,long,2023-10-17 12:00:00+00:00,2023-10-17 17:46:00+00:00,211.79,211.15463,-1.0,-1.0
BNBUSDT,long,2023-10-24 12:00:00+00:00,2023-10-25 23:04:00+00:00,229.77,222.03879999999998,-1.0,-1.0
BNBUSDT,long,2023-10-27 00:00:00+00:00,2023-10-27 05:18:00+00:00,220.29,219.26642857142855,3.191207257501703,3.191207257501703
BNBUSDT,long,2023-11-02 12:00:00+00:00,2023-11-07 20:59:00+00:00,230.78,222.1654857142857,2.1034267747456075,2.1034267747456075
BNBUSDT,long,2023-11-09 16:00:00+00:00,2023-11-09 20:10:00+00:00,240.35,239.25142857142856,3.1053315994798476,3.1053315994798476
BNBUSDT,long,2023-11-11 04:00:00+00:00,2023-11-13 21:14:00+00:00,246.06,242.7850857142857,-1.0,-1.0
BNBUSDT,short,2023-11-20 00:00:00+00:00,2023-11-20 17:29:00+00:00,247.33,251.42479999999998,2.387222819185339,2.387222819185339
BNBUSDT,long,2023-11-21 12:00:00+00:00,2023-11-21 16:01:00+00:00,256.22,254.49862857142858,5.204355331297218,5.204355331297218
BNBUSDT,long,2023-11-26 12:00:00+00:00,2023-11-27 07:33:00+00:00,231.9,227.63942857142857,-1.0,-1.0
BNBUSDT,long,2023-12-06 08:00:00+00:00,2023-12-11 16:59:00+00:00,230.65,221.66028571428572,1.8087337909992363,1.8087337909992363
BNBUSDT,long,2023-12-09 12:00:00+00:00,2023-12-09 16:00:00+00:00,243.0,240.76577142857144,-1.0,-1.0
BNBUSDT,long,2023-12-23 04:00:00+00:00,2023-12-26 15:47:00+00:00,265.54,256.9297714285714,3.339025345270394,3.339025345270394
BNBUSDT,long,2023-12-29 04:00:00+00:00,2023-12-29 08:00:00+00:00,314.92,312.2398214285714,-1.0,-1.0
BNBUSDT,short,2024-01-10 20:00:00+00:00,2024-01-11 12:54:00+00:00,310.0,316.8572571428571,-1.0,-1.0
BNBUSDT,short,2024-01-28 08:00:00+00:00,2024-01-28 20:38:00+00:00,308.9,310.68165714285715,2.2497835081304016,2.2497835081304016
BNBUSDT,long,2024-02-13 12:00:00+00:00,2024-02-14 15:11:00+00:00,320.72,317.18777142857147,2.8785711974633656,2.8785711974633656
BNBUSDT,long,2024-02-29 08:00:00+00:00,2024-02-29 17:43:00+00:00,413.94,403.82137142857147,-1.0,-1.0
BNBUSDT,long,2024-03-05 16:00:00+00:00,2024-03-08 15:32:00+00:00,382.24,361.8224,4.271432489616803,4.271432489616803
BNBUSDT,long,2024-04-16 04:00:00+00:00,2024-04-16 09:57:00+00:00,533.84,528.3885714285715,2.004716981132086,2.004716981132086
BNBUSDT,long,2024-04-19 00:00:00+00:00,2024-04-19 07:14:00+00:00,528.41,522.1450285714285,4.2482282441146335,4.2482282441146335
BNBUSDT,short,2024-05-04 00:00:00+00:00,2024-05-04 10:58:00+00:00,587.89,591.7623428571428,-1.0,-1.0
BNBUSDT,long,2024-05-08 20:00:00+00:00,2024-05-09 02:42:00+00:00,585.06,581.1398857142857,2.7856039182531562,2.7856039182531562
BNBUSDT,long,2024-05-23 12:00:00+00:00,2024-05-28 20:59:00+00:00,587.43,576.5217142857143,1.3155137641111734,1.3155137641111734
BNBUSDT,long,2024-05-27 16:00:00+00:00,2024-05-28 03:13:00+00:00,602.93,598.7520571428571,-1.0,-1.0
BNBUSDT,short,2024-06-18 20:00:00+00:00,2024-06-24 04:59:00+00:00,588.66,613.3401142857142,0.5830605090969716,0.5830605090969716
BNBUSDT,short,2024-07-01 16:00:00+00:00,2024-07-02 02:04:00+00:00,581.91,583.65573,3.1472621768544338,3.1472621768544338
BNBUSDT,short,2024-07-08 04:00:00+00:00,2024-07-11 10:00:00+00:00,503.87,531.6780571428571,-1.0,-1.0
BNBUSDT,long,2024-07-27 16:00:00+00:00,2024-07-27 20:08:00+00:00,585.15,583.3760714285714,-1.0,-1.0
BNBUSDT,short,2024-07-30 20:00:00+00:00,2024-07-31 00:02:00+00:00,574.09,589.1323428571429,-1.0,-1.0
BNBUSDT,short,2024-09-03 20:00:00+00:00,2024-09-04 00:11:00+00:00,529.04,531.6364285714285,2.966987620357676,2.966987620357676
BNBUSDT,long,2024-09-28 08:00:00+00:00,2024-09-29 07:53:00+00:00,599.84,593.2202285714286,-1.0,-1.0
BNBUSDT,short,2024-10-08 08:00:00+00:00,2024-10-08 13:58:00+00:00,564.34,578.0445142857143,-1.0,-1.0
BNBUSDT,short,2024-11-07 04:00:00+00:00,2024-11-07 08:56:00+00:00,604.22,606.8937500000001,2.7812061711079417,2.7812061711079417
BNBUSDT,long,2024-11-07 16:00:00+00:00,2024-11-08 01:35:00+00:00,596.53,593.6678571428571,2.5008734714249656,2.5008734714249656
BNBUSDT,long,2024-11-13 04:00:00+00:00,2024-11-18 12:59:00+00:00,603.33,569.726,0.428222830615402,0.428222830615402
BNBUSDT,long,2024-11-17 00:00:00+00:00,2024-11-17 04:39:00+00:00,606.77,603.6025,4.635359116022074,4.635359116022074
BNBUSDT,short,2024-11-20 12:00:00+00:00,2024-11-20 16:20:00+00:00,618.99,621.2721428571429,2.983098591549332,2.983098591549332
BNBUSDT,long,2024-11-21 00:00:00+00:00,2024-11-21 04:19:00+00:00,597.77,595.4176785714286,2.324375616792024,2.324375616792024
BNBUSDT,long,2024-12-11 00:00:00+00:00,2024-12-16 08:59:00+00:00,671.23,641.1958285714286,1.3671094638868473,1.3671094638868473
BNBUSDT,long,2024-12-28 04:00:00+00:00,2025-01-02 12:59:00+00:00,694.82,680.5870285714285,1.3173637068055153,1.3173637068055153
BNBUSDT,long,2025-01-20 00:00:00+00:00,2025-01-25 08:59:00+00:00,686.0,655.7925142857143,-0.10593400689706219,-0.10593400689706219
BNBUSDT,short,2025-01-29 00:00:00+00:00,2025-02-03 01:56:00+00:00,670.17,691.9196000000001,5.768400338396993,5.768400338396993
BNBUSDT,short,2025-02-02 00:00:00+00:00,2025-02-03 01:56:00+00:00,665.8,690.0819428571428,4.882560585879206,4.882560585879206
BNBUSDT,short,2025-02-12 12:00:00+00:00,2025-02-12 16:00:00+00:00,654.32,657.6735714285714,-1.0,-1.0
BNBUSDT,long,2025-02-13 16:00:00+00:00,2025-02-13 20:00:00+00:00,689.44,684.0557142857143,-1.0,-1.0
BNBUSDT,short,2025-02-22 00:00:00+00:00,2025-02-22 17:28:00+00:00,647.18,668.5034285714286,-1.0,-1.0
BNBUSDT,short,2025-03-13 12:00:00+00:00,2025-03-13 16:59:00+00:00,613.62,617.0841071428572,9.727150884066042,9.727150884066042
BNBUSDT,long,2025-03-16 04:00:00+00:00,2025-03-16 08:00:00+00:00,609.34,607.1766071428572,-1.0,-1.0
BNBUSDT,short,2025-04-04 04:00:00+00:00,2025-04-07 07:18:00+00:00,594.36,618.9222857142856,2.451226037595399,2.451226037595399
BNBUSDT,long,2025-04-21 08:00:00+00:00,2025-04-26 16:59:00+00:00,597.41,586.6650285714286,0.9939533176981235,0.9939533176981235
BNBUSDT,long,2025-04-24 08:00:00+00:00,2025-04-24 12:00:00+00:00,604.31,601.3574857142856,-1.0,-1.0
BNBUSDT,short,2025-05-07 00:00:00+00:00,2025-05-07 12:11:00+00:00,606.27,608.08881,-1.0,-1.0
BNBUSDT,long,2025-05-10 04:00:00+00:00,2025-05-10 09:04:00+00:00,661.44,657.0653714285714,-1.0,-1.0
BNBUSDT,short,2025-06-23 20:00:00+00:00,2025-06-25 03:36:00+00:00,636.63,650.1373714285714,-1.0,-1.0
BNBUSDT,short,2025-06-30 00:00:00+00:00,2025-06-30 16:56:00+00:00,656.58,658.54974,-1.0,-1.0
BNBUSDT,long,2025-07-10 16:00:00+00:00,2025-07-10 21:28:00+00:00,667.82,665.5944571428571,6.602639484427203,6.602639484427203
BNBUSDT,long,2025-07-12 20:00:00+00:00,2025-07-14 14:27:00+00:00,682.34,674.5646285714286,2.300163887439437,2.300163887439437
BNBUSDT,short,2025-08-07 16:00:00+00:00,2025-08-09 09:40:00+00:00,776.88,811.3758857142857,-1.0,-1.0
BNBUSDT,long,2025-08-14 16:00:00+00:00,2025-08-14 20:00:00+00:00,845.62,840.2712,-1.0,-1.0
BNBUSDT,short,2025-09-02 08:00:00+00:00,2025-09-07 03:00:00+00:00,856.84,868.4737714285715,-1.0,-1.0
BNBUSDT,long,2025-10-10 20:00:00+00:00,2025-10-11 00:13:00+00:00,862.67,852.9144642857142,25.04162471856624,25.04162471856624
BNBUSDT,short,2025-10-16 00:00:00+00:00,2025-10-16 04:00:00+00:00,1171.34,1181.766607142857,-1.0,-1.0
BNBUSDT,long,2025-11-29 04:00:00+00:00,2025-11-29 12:14:00+00:00,880.58,877.5801785714286,-1.0,-1.0
BNBUSDT,short,2025-11-30 12:00:00+00:00,2025-12-01 15:54:00+00:00,892.18,905.9953714285714,5.570941684004146,5.570941684004146
BNBUSDT,short,2025-12-03 20:00:00+00:00,2025-12-09 04:59:00+00:00,922.55,950.3445714285715,1.124680050575133,1.124680050575133
BNBUSDT,short,2025-12-08 12:00:00+00:00,2025-12-09 16:34:00+00:00,909.51,923.9126285714286,-1.0,-1.0
BNBUSDT,long,2026-01-03 00:00:00+00:00,2026-01-08 08:59:00+00:00,878.16,855.5966857142857,0.24420171302088367,0.24420171302088367
BNBUSDT,long,2026-01-06 16:00:00+00:00,2026-01-07 14:13:00+00:00,911.38,899.1644571428571,-1.0,-1.0
BNBUSDT,long,2026-01-14 08:00:00+00:00,2026-01-19 16:59:00+00:00,939.04,896.1426285714285,-0.23451320360621367,-0.23451320360621367
BNBUSDT,long,2026-01-22 04:00:00+00:00,2026-01-22 14:20:00+00:00,890.08,886.3160714285715,-1.0,-1.0
BNBUSDT,short,2026-02-02 12:00:00+00:00,2026-02-03 19:11:00+00:00,776.67,787.4106857142857,2.760467541311529,2.760467541311529
BNBUSDT,long,2026-02-27 16:00:00+00:00,2026-02-27 22:34:00+00:00,610.49,607.7983928571429,-1.0,-1.0
BNBUSDT,long,2026-03-03 12:00:00+00:00,2026-03-04 11:34:00+00:00,621.28,615.3588571428571,4.694846554719174,4.694846554719174
BNBUSDT,short,2026-03-13 12:00:00+00:00,2026-03-13 16:08:00+00:00,679.55,681.7905357142856,7.904120506894223,7.904120506894223
BNBUSDT,short,2026-04-04 16:00:00+00:00,2026-04-07 23:24:00+00:00,592.88,623.1081142857142,-1.0,-1.0
BNBUSDT,short,2026-04-14 12:00:00+00:00,2026-04-14 16:00:00+00:00,621.78,623.8088571428572,-1.0,-1.0
BNBUSDT,long,2026-04-16 12:00:00+00:00,2026-04-16 16:33:00+00:00,616.5,613.6232,3.136540600667396,3.136540600667396
BNBUSDT,long,2026-04-18 20:00:00+00:00,2026-04-19 02:30:00+00:00,634.39,624.3367428571429,-1.0,-1.0
BNBUSDT,long,2026-04-27 04:00:00+00:00,2026-04-27 08:00:00+00:00,636.2,626.8383428571428,-1.0,-1.0
BNBUSDT,long,2026-05-06 20:00:00+00:00,2026-05-07 01:04:00+00:00,649.51,643.5500571428571,-1.0,-1.0
BNBUSDT,long,2026-06-02 12:00:00+00:00,2026-06-02 16:00:00+00:00,670.98,662.1541714285714,-1.0,-1.0
BTCUSDT,short,2022-02-24 08:00:00+00:00,2022-02-24 20:06:00+00:00,35920.8,39233.124,-1.0,-1.0
BTCUSDT,long,2022-03-01 08:00:00+00:00,2022-03-01 13:18:00+00:00,43215.1,42755.16,2.7394007914076184,2.7394007914076184
BTCUSDT,long,2022-04-10 20:00:00+00:00,2022-04-11 13:31:00+00:00,41995.3,40857.417714285715,-1.0,-1.0
BTCUSDT,short,2022-04-30 00:00:00+00:00,2022-05-04 19:08:00+00:00,38737.8,39935.073142857145,-1.0,-1.0
BTCUSDT,long,2022-05-05 12:00:00+00:00,2022-05-05 16:00:00+00:00,37287.33,37009.728,-1.0,-1.0
BTCUSDT,long,2022-06-02 00:00:00+00:00,2022-06-07 08:59:00+00:00,29663.1,28549.297714285713,-0.028730413297256136,-0.028730413297256136
BTCUSDT,long,2022-06-08 00:00:00+00:00,2022-06-10 13:34:00+00:00,30105.8,29275.84114285714,-1.0,-1.0
BTCUSDT,short,2022-08-05 08:00:00+00:00,2022-08-10 16:59:00+00:00,23216.2,24618.690285714285,-0.5229269731636532,-0.5229269731636532
BTCUSDT,long,2022-08-11 20:00:00+00:00,2022-08-12 10:58:00+00:00,23866.2,23747.40892857143,-1.0,-1.0
BTCUSDT,long,2022-08-14 08:00:00+00:00,2022-08-14 13:16:00+00:00,24547.3,24400.381714285715,-1.0,-1.0
BTCUSDT,long,2022-08-17 20:00:00+00:00,2022-08-19 01:21:00+00:00,23454.0,22821.44514285714,-1.0,-1.0
BTCUSDT,short,2022-08-29 16:00:00+00:00,2022-09-04 00:59:00+00:00,20367.7,21890.47657142857,0.3761549860611759,0.3761549860611759
BTCUSDT,short,2022-09-07 16:00:00+00:00,2022-09-09 04:01:00+00:00,19066.6,20073.62285714286,-1.0,-1.0
BTCUSDT,long,2022-09-10 00:00:00+00:00,2022-09-10 05:57:00+00:00,21068.4,20916.529714285713,2.961275223592973,2.961275223592973
BTCUSDT,short,2022-09-12 20:00:00+00:00,2022-09-18 04:59:00+00:00,21988.4,22904.31257142857,2.1665823375531232,2.1665823375531232
BTCUSDT,long,2022-09-13 16:00:00+00:00,2022-09-19 00:59:00+00:00,20618.5,19238.074285714287,-0.8472024158178953,-0.8472024158178953
BTCUSDT,long,2022-10-05 12:00:00+00:00,2022-10-06 03:08:00+00:00,19885.3,19719.898285714287,2.329469723927598,2.329469723927598
BTCUSDT,long,2022-10-07 12:00:00+00:00,2022-10-07 16:01:00+00:00,19784.9,19548.801714285713,-1.0,-1.0
BTCUSDT,short,2022-10-19 04:00:00+00:00,2022-10-24 12:59:00+00:00,19279.4,20944.353142857144,-0.051352796543738005,-0.051352796543738005
BTCUSDT,long,2022-10-28 00:00:00+00:00,2022-11-02 08:59:00+00:00,20159.0,19556.741714285716,0.559394545482151,0.559394545482151
BTCUSDT,long,2022-11-01 12:00:00+00:00,2022-11-02 10:06:00+00:00,20390.5,20329.3285,-1.0,-1.0
BTCUSDT,long,2022-11-08 16:00:00+00:00,2022-11-08 20:00:00+00:00,18299.8,18216.858928571426,-1.0,-1.0
BTCUSDT,long,2022-12-02 12:00:00+00:00,2022-12-02 21:28:00+00:00,16834.9,16784.3953,3.3698903270386973,3.3698903270386973
BTCUSDT,long,2023-01-11 16:00:00+00:00,2023-01-12 05:49:00+00:00,17365.4,17067.653142857143,2.474763797434814,2.474763797434814
BTCUSDT,short,2023-02-15 20:00:00+00:00,2023-02-16 15:59:00+00:00,24037.2,25089.731428571427,-1.0,-1.0
BTCUSDT,long,2023-02-17 04:00:00+00:00,2023-02-19 16:51:00+00:00,23744.5,23279.49257142857,2.130057522890568,2.130057522890568
BTCUSDT,long,2023-02-21 20:00:00+00:00,2023-02-22 02:32:00+00:00,24620.0,23887.85485714286,-1.0,-1.0
BTCUSDT,short,2023-03-01 00:00:00+00:00,2023-03-01 08:54:00+00:00,23446.8,23913.519428571428,-1.0,-1.0
BTCUSDT,short,2023-03-03 08:00:00+00:00,2023-03-08 16:59:00+00:00,22453.2,24054.553714285714,0.20070518907395957,0.20070518907395957
BTCUSDT,short,2023-03-11 16:00:00+00:00,2023-03-12 17:26:00+00:00,20330.1,20572.50742857143,-1.0,-1.0
BTCUSDT,long,2023-03-14 04:00:00+00:00,2023-03-14 08:13:00+00:00,24301.1,24133.085714285713,-1.0,-1.0
BTCUSDT,short,2023-03-15 04:00:00+00:00,2023-03-17 01:29:00+00:00,24844.4,25283.886285714285,-1.0,-1.0
BTCUSDT,long,2023-03-15 12:00:00+00:00,2023-03-15 16:11:00+00:00,24720.2,24182.016,-1.0,-1.0
BTCUSDT,long,2023-04-20 12:00:00+00:00,2023-04-20 16:00:00+00:00,28532.0,28412.01607142857,-1.0,-1.0
BTCUSDT,short,2023-04-24 20:00:00+00:00,2023-04-25 20:39:00+00:00,27440.9,28031.906285714285,-1.0,-1.0
BTCUSDT,long,2023-04-26 20:00:00+00:00,2023-05-02 04:59:00+00:00,27757.1,26542.101142857144,0.1315227574582107,0.1315227574582107
BTCUSDT,short,2023-05-19 12:00:00+00:00,2023-05-23 05:27:00+00:00,27100.0,27526.950285714287,-1.0,-1.0
BTCUSDT,short,2023-05-24 08:00:00+00:00,2023-05-25 06:03:00+00:00,27125.6,27549.473714285716,2.0093868928615968,2.0093868928615968
BTCUSDT,long,2023-05-30 04:00:00+00:00,2023-05-31 04:47:00+00:00,27622.0,27272.469714285715,-1.0,-1.0
BTCUSDT,short,2023-06-08 12:00:00+00:00,2023-06-10 20:33:00+00:00,26786.8,27275.118857142857,2.0447318964891714,2.0447318964891714
BTCUSDT,short,2023-06-14 00:00:00+00:00,2023-06-14 21:05:00+00:00,25975.9,26309.808571428573,2.531206147106137,2.531206147106137
BTCUSDT,short,2023-06-17 04:00:00+00:00,2023-06-20 17:45:00+00:00,26861.4,27491.138857142858,-1.0,-1.0
BTCUSDT,long,2023-06-21 20:00:00+00:00,2023-06-23 16:23:00+00:00,29907.2,29423.186285714284,2.2908158446513744,2.2908158446513744
BTCUSDT,short,2023-07-11 12:00:00+00:00,2023-07-11 16:00:00+00:00,30460.9,30552.2827,-1.0,-1.0
BTCUSDT,long,2023-07-14 12:00:00+00:00,2023-07-18 16:48:00+00:00,31269.8,29583.25657142857,-1.0,-1.0
BTCUSDT,short,2023-07-19 00:00:00+00:00,2023-07-24 08:59:00+00:00,29872.0,30465.604,0.21546350765830688,0.21546350765830688
BTCUSDT,short,2023-07-31 20:00:00+00:00,2023-08-01 23:51:00+00:00,29263.0,29537.493142857144,-1.0,-1.0
BTCUSDT,short,2023-08-03 12:00:00+00:00,2023-08-08 20:59:00+00:00,29357.0,30084.272571428573,-0.838750179732179,-0.838750179732179
BTCUSDT,short,2023-08-08 08:00:00+00:00,2023-08-08 12:00:00+00:00,29363.8,29456.166285714287,-1.0,-1.0
BTCUSDT,short,2023-08-09 16:00:00+00:00,2023-08-14 02:39:00+00:00,29765.0,29976.817714285717,2.2811231220375103,2.2811231220375103
BTCUSDT,short,2023-08-16 00:00:00+00:00,2023-08-17 21:45:00+00:00,29271.9,29702.17885714286,9.901999766264534,9.901999766264534
BTCUSDT,short,2023-08-28 12:00:00+00:00,2023-08-28 17:05:00+00:00,26024.7,26181.13142857143,-1.0,-1.0
BTCUSDT,long,2023-08-30 12:00:00+00:00,2023-08-31 16:18:00+00:00,27165.1,26700.202285714287,-1.0,-1.0
BTCUSDT,short,2023-09-10 20:00:00+00:00,2023-09-11 10:23:00+00:00,25945.7,26061.71485714286,2.3676721208120917,2.3676721208120917
BTCUSDT,long,2023-09-18 16:00:00+00:00,2023-09-21 14:01:00+00:00,27083.1,26362.460000000003,-1.0,-1.0
BTCUSDT,long,2023-09-29 16:00:00+00:00,2023-10-05 00:59:00+00:00,26837.3,26020.634857142857,1.170369530718658,1.170369530718658
BTCUSDT,long,2023-10-02 20:00:00+00:00,2023-10-08 04:59:00+00:00,27259.5,26804.01714285714,1.4395711928941932,1.4395711928941932
BTCUSDT,short,2023-10-16 04:00:00+00:00,2023-10-16 08:00:00+00:00,27595.3,27678.0859,-1.0,-1.0
BTCUSDT,long,2023-10-16 20:00:00+00:00,2023-10-22 04:59:00+00:00,28250.1,27462.797142857144,2.151776771327797,2.151776771327797
BTCUSDT,long,2023-10-20 16:00:00+00:00,2023-10-20 23:18:00+00:00,29396.9,29296.25178571429,2.851037027837444,2.851037027837444
BTCUSDT,long,2023-10-26 12:00:00+00:00,2023-10-26 16:52:00+00:00,34003.6,33806.8375,-1.0,-1.0
BTCUSDT,long,2023-12-07 08:00:00+00:00,2023-12-08 21:42:00+00:00,43056.2,42708.50914285715,3.955839259506507,3.955839259506507
BTCUSDT,short,2024-01-01 16:00:00+00:00,2024-01-02 00:11:00+00:00,43296.0,44562.61257142857,-1.0,-1.0
BTCUSDT,long,2024-01-03 12:00:00+00:00,2024-01-03 17:16:00+00:00,40822.7,39992.27485714286,2.3394942624913933,2.3394942624913933
BTCUSDT,long,2024-01-10 00:00:00+00:00,2024-01-10 11:53:00+00:00,45883.9,45093.16457142857,-1.0,-1.0
BTCUSDT,long,2024-01-11 12:00:00+00:00,2024-01-12 16:16:00+00:00,46296.4,44191.62285714286,-1.0,-1.0
BTCUSDT,long,2024-02-12 04:00:00+00:00,2024-02-12 15:11:00+00:00,47704.0,47379.534857142855,3.6045007696181877,3.6045007696181877
BTCUSDT,long,2024-03-05 16:00:00+00:00,2024-03-05 20:00:00+00:00,61927.7,61357.04514285715,-1.0,-1.0
BTCUSDT,short,2024-03-18 04:00:00+00:00,2024-03-20 07:55:00+00:00,69016.3,71341.91657142858,2.532955561523589,2.532955561523589
BTCUSDT,long,2024-04-02 20:00:00+00:00,2024-04-03 00:21:00+00:00,65684.2,65329.23035714286,-1.0,-1.0
BTCUSDT,short,2024-05-04 00:00:00+00:00,2024-05-04 10:58:00+00:00,61598.1,64309.85257142857,-1.0,-1.0
BTCUSDT,long,2024-05-05 04:00:00+00:00,2024-05-10 12:59:00+00:00,63445.0,59533.239428571425,-0.1161880927272644,-0.1161880927272644
BTCUSDT,short,2024-05-07 12:00:00+00:00,2024-05-08 00:19:00+00:00,63590.0,63925.20628571429,3.135960628082297,3.135960628082297
BTCUSDT,long,2024-05-21 16:00:00+00:00,2024-05-22 02:35:00+00:00,69536.8,69247.41964285714,2.063096641222287,2.063096641222287
BTCUSDT,long,2024-05-23 16:00:00+00:00,2024-05-23 20:00:00+00:00,67616.2,67206.49771428572,-1.0,-1.0
BTCUSDT,short,2024-06-12 12:00:00+00:00,2024-06-12 19:58:00+00:00,69524.3,69888.45942857144,5.340904062427764,5.340904062427764
BTCUSDT,short,2024-06-17 16:00:00+00:00,2024-06-23 00:59:00+00:00,65813.2,66817.55885714285,1.3511107014681174,1.3511107014681174
BTCUSDT,short,2024-07-01 16:00:00+00:00,2024-07-01 20:20:00+00:00,63182.5,63372.0475,-1.0,-1.0
BTCUSDT,short,2024-07-17 00:00:00+00:00,2024-07-19 19:35:00+00:00,65122.0,67323.97142857143,-1.0,-1.0
BTCUSDT,long,2024-07-27 20:00:00+00:00,2024-07-30 14:58:00+00:00,67479.1,65671.97657142857,-1.0,-1.0
BTCUSDT,long,2024-08-28 16:00:00+00:00,2024-08-29 16:45:00+00:00,58508.1,57756.08514285714,2.50631370504838,2.50631370504838
BTCUSDT,short,2024-09-04 16:00:00+00:00,2024-09-07 05:06:00+00:00,58250.0,59869.58457142857,2.5436247672683674,2.5436247672683674
BTCUSDT,short,2024-09-13 12:00:00+00:00,2024-09-13 21:28:00+00:00,58736.6,60313.77942857143,-1.0,-1.0
BTCUSDT,long,2024-09-18 08:00:00+00:00,2024-09-23 16:59:00+00:00,59600.0,57367.925142857144,1.6128939352008422,1.6128939352008422
BTCUSDT,long,2024-09-21 08:00:00+00:00,2024-09-26 16:59:00+00:00,63012.2,61827.108,1.9418745548868854,1.9418745548868854
BTCUSDT,short,2024-10-07 00:00:00+00:00,2024-10-07 04:08:00+00:00,63399.0,63589.197,-1.0,-1.0
BTCUSDT,short,2024-10-08 16:00:00+00:00,2024-10-10 19:38:00+00:00,62291.4,63031.578285714284,3.5818690786467107,3.5818690786467107
BTCUSDT,long,2024-10-15 16:00:00+00:00,2024-10-15 20:19:00+00:00,65962.2,65698.94464285714,2.8700067153700566,2.8700067153700566
BTCUSDT,long,2024-11-18 16:00:00+00:00,2024-11-24 00:59:00+00:00,91500.0,88622.3,2.252875560343334,2.252875560343334
BTCUSDT,long,2024-12-05 20:00:00+00:00,2024-12-11 04:59:00+00:00,97189.3,93433.56971428571,0.09622629222728128,0.09622629222728128
BTCUSDT,long,2024-12-11 04:00:00+00:00,2024-12-11 15:31:00+00:00,97349.1,96826.54642857144,5.6012370570345595,5.6012370570345595
BTCUSDT,long,2024-12-19 20:00:00+00:00,2024-12-20 00:17:00+00:00,96136.8,95587.15357142857,2.017758169212652,2.017758169212652
BTCUSDT,long,2024-12-21 08:00:00+00:00,2024-12-21 12:57:00+00:00,97764.5,97108.09464285715,-1.0,-1.0
BTCUSDT,long,2025-01-09 08:00:00+00:00,2025-01-09 13:37:00+00:00,92759.3,92334.6625,-1.0,-1.0
BTCUSDT,short,2025-01-13 20:00:00+00:00,2025-01-14 08:14:00+00:00,93164.2,95549.872,-1.0,-1.0
BTCUSDT,long,2025-01-15 08:00:00+00:00,2025-01-15 13:31:00+00:00,96929.9,96480.7982142857,2.496089416573561,2.496089416573561
BTCUSDT,short,2025-01-15 20:00:00+00:00,2025-01-16 00:01:00+00:00,100099.9,100534.50178571428,-1.0,-1.0
BTCUSDT,long,2025-01-20 00:00:00+00:00,2025-01-25 08:59:00+00:00,99583.4,93882.27314285714,0.8279415838793602,0.8279415838793602
BTCUSDT,long,2025-02-03 04:00:00+00:00,2025-02-03 08:36:00+00:00,92877.4,92281.97714285714,3.543829595293646,3.543829595293646
BTCUSDT,short,2025-02-12 16:00:00+00:00,2025-02-12 22:37:00+00:00,97002.0,98022.13942857143,-1.0,-1.0
BTCUSDT,short,2025-03-13 20:00:00+00:00,2025-03-14 15:17:00+00:00,81730.5,84630.38857142857,-1.0,-1.0
BTCUSDT,short,2025-04-04 04:00:00+00:00,2025-04-04 08:47:00+00:00,83889.2,84602.66742857143,-1.0,-1.0
BTCUSDT,short,2025-04-05 20:00:00+00:00,2025-04-07 10:12:00+00:00,83300.0,85679.02685714286,2.717066065668622,2.717066065668622
BTCUSDT,short,2025-04-11 00:00:00+00:00,2025-04-11 17:39:00+00:00,80011.8,83724.18685714285,-1.0,-1.0
BTCUSDT,long,2025-05-09 00:00:00+00:00,2025-05-12 18:34:00+00:00,102777.1,101192.284,-1.0,-1.0
BTCUSDT,long,2025-06-10 04:00:00+00:00,2025-06-10 13:44:00+00:00,109386.8,109000.07428571428,-1.0,-1.0
BTCUSDT,short,2025-07-31 00:00:00+00:00,2025-08-01 00:20:00+00:00,118374.8,118950.292,4.43969334065462,4.43969334065462
BTCUSDT,short,2025-08-07 08:00:00+00:00,2025-08-07 13:39:00+00:00,115687.4,116586.27485714287,-1.0,-1.0
BTCUSDT,long,2025-08-09 16:00:00+00:00,2025-08-10 03:15:00+00:00,116479.9,116130.46029999999,3.2070205531884177,3.2070205531884177
BTCUSDT,long,2025-08-11 20:00:00+00:00,2025-08-12 16:16:00+00:00,118384.6,117949.51142857142,3.088822637098411,3.088822637098411
BTCUSDT,long,2025-08-14 12:00:00+00:00,2025-08-14 16:00:00+00:00,118471.3,118115.8861,-1.0,-1.0
BTCUSDT,short,2025-09-01 08:00:00+00:00,2025-09-02 03:16:00+00:00,109738.5,110573.34857142858,-1.0,-1.0
BTCUSDT,short,2025-09-04 20:00:00+00:00,2025-09-05 07:21:00+00:00,110150.0,112633.32628571428,-1.0,-1.0
BTCUSDT,long,2025-09-24 04:00:00+00:00,2025-09-25 17:14:00+00:00,111238.5,110164.14857142857,-1.0,-1.0
BTCUSDT,short,2025-09-27 20:00:00+00:00,2025-09-29 14:41:00+00:00,109637.3,113968.69885714287,-1.0,-1.0
BTCUSDT,short,2025-10-01 20:00:00+00:00,2025-10-02 00:00:00+00:00,117945.0,118651.59885714286,-1.0,-1.0
BTCUSDT,long,2025-10-07 04:00:00+00:00,2025-10-07 08:21:00+00:00,123678.0,123306.59885714286,-1.0,-1.0
BTCUSDT,long,2025-10-10 20:00:00+00:00,2025-10-11 01:19:00+00:00,111947.0,111497.43571428572,-1.0,-1.0
BTCUSDT,short,2025-10-14 16:00:00+00:00,2025-10-15 04:21:00+00:00,113639.0,114212.15257142858,2.3956054583321458,2.3956054583321458
BTCUSDT,short,2025-10-22 12:00:00+00:00,2025-10-24 12:30:00+00:00,109367.0,111801.56857142856,-1.0,-1.0
BTCUSDT,short,2025-11-03 12:00:00+00:00,2025-11-08 20:59:00+00:00,108088.8,111293.18457142857,1.8925318933539843,1.8925318933539843
BTCUSDT,short,2025-11-12 08:00:00+00:00,2025-11-17 16:59:00+00:00,103694.8,107578.74742857143,2.427375800878874,2.427375800878874
BTCUSDT,short,2025-11-17 00:00:00+00:00,2025-11-17 08:21:00+00:00,95588.0,95923.85,-1.0,-1.0
BTCUSDT,short,2025-12-03 04:00:00+00:00,2025-12-04 19:33:00+00:00,93770.3,94500.44514285715,3.037279476331115,3.037279476331115
BTCUSDT,short,2025-12-29 00:00:00+00:00,2025-12-29 04:00:00+00:00,88433.0,88698.299,-1.0,-1.0
BTCUSDT,long,2026-01-07 08:00:00+00:00,2026-01-08 06:17:00+00:00,91825.0,90347.96114285715,-1.0,-1.0
BTCUSDT,long,2026-01-14 04:00:00+00:00,2026-01-14 15:02:00+00:00,95025.6,94477.59714285715,2.2014431624444066,2.2014431624444066
BTCUSDT,long,2026-01-15 12:00:00+00:00,2026-01-19 00:01:00+00:00,96153.2,93222.57485714286,-1.0,-1.0
BTCUSDT,short,2026-02-06 04:00:00+00:00,2026-02-06 08:08:00+00:00,64500.0,65135.675,-1.0,-1.0
BTCUSDT,long,2026-03-03 12:00:00+00:00,2026-03-04 12:19:00+00:00,67417.4,66199.10057142857,2.669459161810578,2.669459161810578
BTCUSDT,short,2026-03-04 04:00:00+00:00,2026-03-04 08:00:00+00:00,68489.9,69011.43714285715,-1.0,-1.0
BTCUSDT,long,2026-03-05 00:00:00+00:00,2026-03-05 15:26:00+00:00,72678.0,71414.396,-1.0,-1.0
BTCUSDT,long,2026-03-11 12:00:00+00:00,2026-03-16 20:59:00+00:00,68951.8,66616.868,2.2440482206762318,2.2440482206762318
BTCUSDT,short,2026-04-08 00:00:00+00:00,2026-04-13 08:59:00+00:00,71980.5,76094.77885714285,0.32464984663863283,0.32464984663863283
BTCUSDT,long,2026-04-21 12:00:00+00:00,2026-04-26 20:59:00+00:00,75790.1,74469.45028571428,1.7869992129414929,1.7869992129414929
BTCUSDT,short,2026-04-30 12:00:00+00:00,2026-05-01 03:19:00+00:00,76350.0,76990.36857142857,-1.0,-1.0
BTCUSDT,long,2026-05-17 00:00:00+00:00,2026-05-17 23:41:00+00:00,77880.0,77044.096,-1.0,-1.0
BTCUSDT,short,2026-06-22 20:00:00+00:00,2026-06-23 00:42:00+00:00,64750.0,64944.25,3.8741312741312894,3.8741312741312894
DOGEUSDT,long,2022-03-28 20:00:00+00:00,2022-04-01 02:25:00+00:00,0.14158,0.13431731428571428,-1.0,-1.0
DOGEUSDT,long,2022-04-11 20:00:00+00:00,2022-04-17 04:59:00+00:00,0.13444,0.12669502857142856,1.1129802194234746,1.1129802194234746
DOGEUSDT,short,2022-04-14 20:00:00+00:00,2022-04-15 10:28:00+00:00,0.14459,0.14745611428571428,-1.0,-1.0
DOGEUSDT,short,2022-04-22 04:00:00+00:00,2022-04-24 14:30:00+00:00,0.13707,0.13873857142857143,2.5719178082191583,2.5719178082191583
DOGEUSDT,long,2022-04-26 00:00:00+00:00,2022-05-01 08:59:00+00:00,0.14608,0.1225812,-0.5996050862171686,-0.5996050862171686
DOGEUSDT,long,2022-06-01 16:00:00+00:00,2022-06-01 20:07:00+00:00,0.08212,0.08156142857142858,-1.0,-1.0
DOGEUSDT,long,2022-07-18 16:00:00+00:00,2022-07-18 20:00:00+00:00,0.06602,0.06564017857142856,-1.0,-1.0
DOGEUSDT,short,2022-07-19 00:00:00+00:00,2022-07-19 11:24:00+00:00,0.0666,0.0670569642857143,-1.0,-1.0
DOGEUSDT,long,2022-07-20 00:00:00+00:00,2022-07-20 08:44:00+00:00,0.06835,0.06633971428571428,3.2929221148379817,3.2929221148379817
DOGEUSDT,short,2022-07-20 12:00:00+00:00,2022-07-25 20:59:00+00:00,0.0729,0.07560868571428571,3.093751318509786,3.093751318509786
DOGEUSDT,long,2022-07-21 12:00:00+00:00,2022-07-25 02:33:00+00:00,0.06721,0.06449514285714286,-1.0,-1.0
DOGEUSDT,long,2022-08-15 00:00:00+00:00,2022-08-15 04:04:00+00:00,0.08132,0.0799396,-1.0,-1.0
DOGEUSDT,long,2022-08-19 20:00:00+00:00,2022-08-22 07:30:00+00:00,0.06972,0.06630514285714285,-1.0,-1.0
DOGEUSDT,short,2022-08-25 20:00:00+00:00,2022-08-26 05:46:00+00:00,0.0692,0.06976497142857142,2.3807019318296834,2.3807019318296834
DOGEUSDT,short,2022-09-07 08:00:00+00:00,2022-09-10 23:21:00+00:00,0.05977,0.06542497142857143,-1.0,-1.0
DOGEUSDT,long,2022-09-28 00:00:00+00:00,2022-10-03 08:59:00+00:00,0.05891,0.05578891428571428,0.30758527252421375,0.30758527252421375
DOGEUSDT,long,2022-10-07 00:00:00+00:00,2022-10-07 12:30:00+00:00,0.06349,0.06203514285714286,-1.0,-1.0
DOGEUSDT,short,2022-10-24 16:00:00+00:00,2022-10-25 02:55:00+00:00,0.05956,0.05999588571428571,-1.0,-1.0
DOGEUSDT,short,2022-10-26 04:00:00+00:00,2022-10-26 10:02:00+00:00,0.06651,0.06694817142857143,-1.0,-1.0
DOGEUSDT,long,2022-10-29 20:00:00+00:00,2022-10-30 00:05:00+00:00,0.12667,0.12005611428571429,-1.0,-1.0
DOGEUSDT,short,2022-11-16 08:00:00+00:00,2022-11-21 05:38:00+00:00,0.08809,0.09105017142857143,3.8983649595583305,3.8983649595583305
DOGEUSDT,long,2023-01-12 20:00:00+00:00,2023-01-14 05:13:00+00:00,0.0797,0.0764196,2.20387757590539,2.20387757590539
DOGEUSDT,long,2023-01-15 04:00:00+00:00,2023-01-15 08:00:00+00:00,0.08554,0.08460519999999999,-1.0,-1.0
DOGEUSDT,short,2023-02-15 00:00:00+00:00,2023-02-15 05:43:00+00:00,0.08443,0.08656119999999999,-1.0,-1.0
DOGEUSDT,short,2023-02-16 04:00:00+00:00,2023-02-16 16:38:00+00:00,0.08874,0.09071822857142857,-1.0,-1.0
DOGEUSDT,short,2023-02-28 08:00:00+00:00,2023-02-28 18:44:00+00:00,0.08152,0.08246108571428572,-1.0,-1.0
DOGEUSDT,short,2023-03-13 12:00:00+00:00,2023-03-14 13:01:00+00:00,0.07173,0.07608714285714287,-1.0,-1.0
DOGEUSDT,long,2023-03-15 08:00:00+00:00,2023-03-15 16:42:00+00:00,0.07324,0.06798131428571429,-1.0,-1.0
DOGEUSDT,short,2023-03-17 04:00:00+00:00,2023-03-17 14:31:00+00:00,0.07534,0.07593660714285715,2.2684824902723917,2.2684824902723917
DOGEUSDT,long,2023-03-17 16:00:00+00:00,2023-03-17 21:46:00+00:00,0.07359,0.072965,2.8079999999999856,2.8079999999999856
DOGEUSDT,short,2023-03-23 20:00:00+00:00,2023-03-24 11:48:00+00:00,0.07756,0.07830392857142858,5.062409985597659,5.062409985597659
DOGEUSDT,short,2023-04-01 16:00:00+00:00,2023-04-01 20:00:00+00:00,0.08083,0.08137182857142856,-1.0,-1.0
DOGEUSDT,long,2023-04-06 08:00:00+00:00,2023-04-11 16:59:00+00:00,0.08875,0.07513794285714286,-0.3181003396148794,-0.3181003396148794
DOGEUSDT,short,2023-04-09 04:00:00+00:00,2023-04-13 10:07:00+00:00,0.08159,0.08661085714285714,-1.0,-1.0
DOGEUSDT,short,2023-05-15 12:00:00+00:00,2023-05-15 19:26:00+00:00,0.07268,0.07289804,2.760777838928597,2.760777838928597
DOGEUSDT,long,2023-05-31 04:00:00+00:00,2023-05-31 08:00:00+00:00,0.07232,0.07187428571428572,-1.0,-1.0
DOGEUSDT,short,2023-06-10 16:00:00+00:00,2023-06-16 00:59:00+00:00,0.06185,0.07235942857142857,0.0361580077753315,0.0361580077753315
DOGEUSDT,long,2023-06-26 16:00:00+00:00,2023-06-28 19:29:00+00:00,0.06361,0.06200222857142857,-1.0,-1.0
DOGEUSDT,short,2023-07-04 12:00:00+00:00,2023-07-04 16:36:00+00:00,0.07019,0.07080657142857143,-1.0,-1.0
DOGEUSDT,short,2023-07-13 20:00:00+00:00,2023-07-14 00:34:00+00:00,0.07068,0.07094553571428572,-1.0,-1.0
DOGEUSDT,long,2023-08-01 00:00:00+00:00,2023-08-06 08:59:00+00:00,0.07508,0.06885725714285715,0.08356443644511498,0.08356443644511498
DOGEUSDT,short,2023-09-07 20:00:00+00:00,2023-09-10 04:23:00+00:00,0.06364,0.06466148571428572,3.346609979861257,3.346609979861257
DOGEUSDT,short,2023-10-02 08:00:00+00:00,2023-10-02 14:26:00+00:00,0.06374,0.06402,2.1785714285715647,2.1785714285715647
DOGEUSDT,long,2023-10-02 16:00:00+00:00,2023-10-02 20:00:00+00:00,0.06285,0.06256034285714285,-1.0,-1.0
DOGEUSDT,short,2023-10-03 12:00:00+00:00,2023-10-03 17:33:00+00:00,0.06212,0.06235017857142857,2.2583397982932922,2.2583397982932922
DOGEUSDT,long,2023-10-04 00:00:00+00:00,2023-10-09 08:59:00+00:00,0.06048,0.058865942857142854,-0.2973872406712459,-0.2973872406712459
DOGEUSDT,long,2023-10-17 04:00:00+00:00,2023-10-17 12:27:00+00:00,0.05987,0.05969039,-1.0,-1.0
DOGEUSDT,short,2023-10-17 12:00:00+00:00,2023-10-17 18:54:00+00:00,0.05984,0.06010222857142857,4.262584441054634,4.262584441054634
DOGEUSDT,short,2023-10-21 12:00:00+00:00,2023-10-21 16:00:00+00:00,0.0609,0.061082700000000004,-1.0,-1.0
DOGEUSDT,long,2023-10-21 20:00:00+00:00,2023-10-22 00:56:00+00:00,0.06086,0.060677419999999996,3.1625588782999063,3.1625588782999063
DOGEUSDT,long,2023-10-23 08:00:00+00:00,2023-10-24 13:11:00+00:00,0.06243,0.059932571428571425,2.0831712618693476,2.0831712618693476
DOGEUSDT,long,2023-10-26 12:00:00+00:00,2023-10-27 17:07:00+00:00,0.07039,0.06706200000000001,-1.0,-1.0
DOGEUSDT,long,2023-11-09 16:00:00+00:00,2023-11-09 20:00:00+00:00,0.0724,0.0719019642857143,-1.0,-1.0
DOGEUSDT,long,2023-11-11 20:00:00+00:00,2023-11-17 04:59:00+00:00,0.07748,0.06388142857142858,0.294883916377772,0.294883916377772
DOGEUSDT,long,2023-11-21 12:00:00+00:00,2023-11-21 17:45:00+00:00,0.07406,0.07324622857142858,-1.0,-1.0
DOGEUSDT,short,2023-11-22 08:00:00+00:00,2023-11-22 18:11:00+00:00,0.07465,0.07526517857142856,-1.0,-1.0
DOGEUSDT,long,2023-12-03 12:00:00+00:00,2023-12-04 05:51:00+00:00,0.08483,0.0834729142857143,3.8338877426418154,3.8338877426418154
DOGEUSDT,long,2023-12-05 04:00:00+00:00,2023-12-05 16:44:00+00:00,0.08752,0.0863492,3.3730782371028365,3.3730782371028365
DOGEUSDT,long,2023-12-07 00:00:00+00:00,2023-12-09 01:10:00+00:00,0.09491,0.09194308571428572,2.0604187130448333,2.0604187130448333
DOGEUSDT,short,2023-12-16 20:00:00+00:00,2023-12-22 04:59:00+00:00,0.09703,0.1077576,0.2721950855736613,0.2721950855736613
DOGEUSDT,long,2024-01-03 12:00:00+00:00,2024-01-03 16:01:00+00:00,0.07966,0.07929142857142857,6.542635658914785,6.542635658914785
DOGEUSDT,long,2024-01-30 04:00:00+00:00,2024-01-30 23:38:00+00:00,0.0811,0.07975794285714287,-1.0,-1.0
DOGEUSDT,long,2024-01-31 20:00:00+00:00,2024-02-01 01:12:00+00:00,0.07888,0.07852339285714287,-1.0,-1.0
DOGEUSDT,short,2024-02-06 08:00:00+00:00,2024-02-07 20:17:00+00:00,0.0787,0.08004108571428571,-1.0,-1.0
DOGEUSDT,long,2024-02-13 16:00:00+00:00,2024-02-19 00:59:00+00:00,0.08159,0.07872725714285714,1.393768214299974,1.393768214299974
DOGEUSDT,long,2024-02-16 16:00:00+00:00,2024-02-17 13:21:00+00:00,0.08526,0.08393039999999999,-1.0,-1.0
DOGEUSDT,long,2024-02-29 00:00:00+00:00,2024-02-29 04:02:00+00:00,0.10962,0.10821071428571429,10.622909275215447,10.622909275215447
DOGEUSDT,long,2024-03-02 16:00:00+00:00,2024-03-03 07:27:00+00:00,0.13715,0.130358,-1.0,-1.0
DOGEUSDT,long,2024-03-05 16:00:00+00:00,2024-03-11 00:59:00+00:00,0.14158,0.11866074285714287,1.0118128984484658,1.0118128984484658
DOGEUSDT,long,2024-03-14 08:00:00+00:00,2024-03-14 13:52:00+00:00,0.18116,0.17770822857142857,-1.0,-1.0
DOGEUSDT,short,2024-03-23 00:00:00+00:00,2024-03-23 04:10:00+00:00,0.1578,0.16008839285714285,-1.0,-1.0
DOGEUSDT,long,2024-04-13 20:00:00+00:00,2024-04-15 14:14:00+00:00,0.13449,0.12449645714285715,2.4462252768930814,2.4462252768930814
DOGEUSDT,short,2024-05-04 00:00:00+00:00,2024-05-04 05:56:00+00:00,0.14803,0.1514672,-1.0,-1.0
DOGEUSDT,long,2024-05-05 08:00:00+00:00,2024-05-06 15:01:00+00:00,0.16005,0.15507468571428573,-1.0,-1.0
DOGEUSDT,long,2024-05-22 12:00:00+00:00,2024-05-23 13:48:00+00:00,0.16418,0.15911,-1.0,-1.0
DOGEUSDT,long,2024-05-28 12:00:00+00:00,2024-05-28 16:06:00+00:00,0.16537,0.16388377142857144,-1.0,-1.0
DOGEUSDT,short,2024-06-05 00:00:00+00:00,2024-06-05 07:04:00+00:00,0.16388,0.1647637142857143,-1.0,-1.0
DOGEUSDT,long,2024-06-07 16:00:00+00:00,2024-06-07 20:05:00+00:00,0.14111,0.14054035714285715,11.586833855799151,11.586833855799151
DOGEUSDT,long,2024-07-14 12:00:00+00:00,2024-07-19 20:59:00+00:00,0.1123,0.10455554285714286,1.6140576117112335,1.6140576117112335
DOGEUSDT,short,2024-07-17 20:00:00+00:00,2024-07-20 07:09:00+00:00,0.12343,0.12899885714285714,-1.0,-1.0
DOGEUSDT,long,2024-07-23 04:00:00+00:00,2024-07-25 01:07:00+00:00,0.13388,0.12582931428571428,-1.0,-1.0
DOGEUSDT,long,2024-07-27 16:00:00+00:00,2024-07-28 03:16:00+00:00,0.13251,0.1292528,-1.0,-1.0
DOGEUSDT,short,2024-08-21 16:00:00+00:00,2024-08-21 20:05:00+00:00,0.10516,0.10725914285714286,-1.0,-1.0
DOGEUSDT,short,2024-08-23 20:00:00+00:00,2024-08-29 04:59:00+00:00,0.11464,0.13605697142857143,0.6737647313078822,0.6737647313078822
DOGEUSDT,short,2024-09-04 08:00:00+00:00,2024-09-09 16:12:00+00:00,0.09687,0.10091902857142857,-1.0,-1.0
DOGEUSDT,long,2024-09-11 12:00:00+00:00,2024-09-11 16:50:00+00:00,0.09944,0.09893589285714285,2.590506553312066,2.590506553312066
DOGEUSDT,short,2024-09-17 04:00:00+00:00,2024-09-17 14:08:00+00:00,0.101,0.10144714285714286,2.265175718849868,2.265175718849868
DOGEUSDT,long,2024-09-28 08:00:00+00:00,2024-09-30 15:56:00+00:00,0.12159,0.11708554285714286,-1.0,-1.0
DOGEUSDT,short,2024-10-05 08:00:00+00:00,2024-10-05 21:14:00+00:00,0.10973,0.11039375,2.239171374764571,2.239171374764571
DOGEUSDT,long,2024-10-29 20:00:00+00:00,2024-10-30 00:09:00+00:00,0.16735,0.16575571428571428,5.0215053763440824,5.0215053763440824
DOGEUSDT,long,2024-10-31 12:00:00+00:00,2024-10-31 19:50:00+00:00,0.1651,0.16093514285714286,-1.0,-1.0
DOGEUSDT,long,2024-11-06 12:00:00+00:00,2024-11-06 16:00:00+00:00,0.19768,0.19200754285714286,-1.0,-1.0
DOGEUSDT,long,2024-12-05 20:00:00+00:00,2024-12-06 02:02:00+00:00,0.42497,0.4201296428571429,2.2125728620969616,2.2125728620969616
DOGEUSDT,short,2024-12-12 04:00:00+00:00,2024-12-17 12:59:00+00:00,0.42296,0.43972074285714285,1.0184512790091151,1.0184512790091151
DOGEUSDT,long,2025-01-17 00:00:00+00:00,2025-01-17 09:34:00+00:00,0.37815,0.36815045714285716,3.1111879400201303,3.1111879400201303
DOGEUSDT,long,2025-01-18 16:00:00+00:00,2025-01-19 02:59:00+00:00,0.3934,0.3894226785714286,3.1183495712297216,3.1183495712297216
DOGEUSDT,long,2025-01-21 04:00:00+00:00,2025-01-26 12:59:00+00:00,0.33567,0.3065177142857143,0.5484990150245486,0.5484990150245486
DOGEUSDT,short,2025-03-26 04:00:00+00:00,2025-03-26 08:00:00+00:00,0.19988,0.20125785714285715,-1.0,-1.0
DOGEUSDT,short,2025-04-08 00:00:00+00:00,2025-04-08 11:43:00+00:00,0.15285,0.15496348571428573,-1.0,-1.0
DOGEUSDT,short,2025-04-12 04:00:00+00:00,2025-04-17 12:59:00+00:00,0.16258,0.18038205714285713,0.32917544039854196,0.32917544039854196
DOGEUSDT,long,2025-05-11 12:00:00+00:00,2025-05-11 16:00:00+00:00,0.23028,0.2273264285714286,-1.0,-1.0
DOGEUSDT,long,2025-05-12 16:00:00+00:00,2025-05-18 00:59:00+00:00,0.23028,0.19824319999999998,-0.4535409279328772,-0.4535409279328772
DOGEUSDT,long,2025-05-20 12:00:00+00:00,2025-05-21 07:17:00+00:00,0.21777,0.21281885714285714,2.1770442610652765,2.1770442610652765
DOGEUSDT,long,2025-06-11 16:00:00+00:00,2025-06-11 20:01:00+00:00,0.19677,0.19465845714285715,-1.0,-1.0
DOGEUSDT,short,2025-07-10 16:00:00+00:00,2025-07-10 20:05:00+00:00,0.1844,0.18657902857142858,-1.0,-1.0
DOGEUSDT,long,2025-07-11 20:00:00+00:00,2025-07-12 02:53:00+00:00,0.19936,0.1970538857142857,2.1134623485392487,2.1134623485392487
DOGEUSDT,short,2025-08-06 04:00:00+00:00,2025-08-06 09:14:00+00:00,0.20485,0.20617482142857144,3.687424181156472,3.687424181156472
DOGEUSDT,short,2025-08-08 08:00:00+00:00,2025-08-09 01:50:00+00:00,0.22429,0.2324701714285714,-1.0,-1.0
DOGEUSDT,long,2025-08-14 08:00:00+00:00,2025-08-14 12:30:00+00:00,0.23953,0.23318274285714286,-1.0,-1.0
DOGEUSDT,short,2025-08-23 04:00:00+00:00,2025-08-24 07:30:00+00:00,0.23872,0.24044785714285713,2.9470855725506384,2.9470855725506384
DOGEUSDT,short,2025-08-28 08:00:00+00:00,2025-08-29 10:06:00+00:00,0.22528,0.22841605714285715,3.3621654124378226,3.3621654124378226
DOGEUSDT,short,2025-09-07 20:00:00+00:00,2025-09-08 00:00:00+00:00,0.22554,0.2281885714285714,-1.0,-1.0
DOGEUSDT,short,2025-10-02 04:00:00+00:00,2025-10-02 08:00:00+00:00,0.25382,0.25604885714285713,-1.0,-1.0
DOGEUSDT,long,2025-10-03 04:00:00+00:00,2025-10-03 14:15:00+00:00,0.25458,0.25317196428571426,-1.0,-1.0
DOGEUSDT,long,2025-10-07 16:00:00+00:00,2025-10-08 03:21:00+00:00,0.25681,0.24608411428571428,-1.0,-1.0
DOGEUSDT,long,2025-10-10 20:00:00+00:00,2025-10-11 00:15:00+00:00,0.14705,0.1443548,17.540368061739525,17.540368061739525
DOGEUSDT,long,2025-12-11 00:00:00+00:00,2025-12-11 04:00:00+00:00,0.14208,0.13940982857142856,-1.0,-1.0
DOGEUSDT,short,2025-12-18 12:00:00+00:00,2025-12-23 20:59:00+00:00,0.12777,0.13650571428571429,-0.19231398201144884,-0.19231398201144884
DOGEUSDT,short,2025-12-23 16:00:00+00:00,2025-12-29 00:59:00+00:00,0.13043,0.13438365714285713,1.3506482244287348,1.3506482244287348
DOGEUSDT,long,2026-01-03 16:00:00+00:00,2026-01-09 00:59:00+00:00,0.14186,0.13444554285714286,0.08092298443966457,0.08092298443966457
DOGEUSDT,long,2026-01-06 16:00:00+00:00,2026-01-08 11:20:00+00:00,0.15036,0.13968257142857143,-1.0,-1.0
DOGEUSDT,long,2026-03-05 12:00:00+00:00,2026-03-05 16:00:00+00:00,0.0967,0.09526554285714285,-1.0,-1.0
DOGEUSDT,long,2026-04-10 00:00:00+00:00,2026-04-10 20:32:00+00:00,0.09258,0.09188828571428571,2.888888888888909,2.888888888888909
DOGEUSDT,long,2026-04-15 16:00:00+00:00,2026-04-15 20:08:00+00:00,0.0934,0.09286931428571428,4.181974803488727,4.181974803488727
DOGEUSDT,long,2026-04-18 00:00:00+00:00,2026-04-18 04:34:00+00:00,0.09862,0.09802214285714286,-1.0,-1.0
DOGEUSDT,long,2026-05-15 12:00:00+00:00,2026-05-17 23:41:00+00:00,0.1126,0.10719542857142857,-1.0,-1.0
DOGEUSDT,short,2026-05-23 12:00:00+00:00,2026-05-23 16:38:00+00:00,0.10233,0.10282035714285714,2.2425345957757115,2.2425345957757115
DOGEUSDT,long,2026-06-17 08:00:00+00:00,2026-06-22 16:59:00+00:00,0.08587,0.07749137142857143,-0.3031522376658984,-0.3031522376658984
ETHUSDT,short,2022-02-24 08:00:00+00:00,2022-02-24 20:06:00+00:00,2495.68,2759.5477714285717,-1.0,-1.0
ETHUSDT,long,2022-03-23 04:00:00+00:00,2022-03-24 01:05:00+00:00,2917.14,2866.5552,2.274699119102968,2.274699119102968
ETHUSDT,long,2022-05-05 12:00:00+00:00,2022-05-05 16:00:00+00:00,2870.4,2749.216171428571,-1.0,-1.0
ETHUSDT,long,2022-08-09 12:00:00+00:00,2022-08-09 22:42:00+00:00,1671.94,1662.5032142857144,3.5502781667487104,3.5502781667487104
ETHUSDT,long,2022-08-19 08:00:00+00:00,2022-08-19 21:47:00+00:00,1803.3,1651.4290857142857,-1.0,-1.0
ETHUSDT,short,2022-08-21 00:00:00+00:00,2022-08-21 10:24:00+00:00,1596.85,1626.1261714285715,-1.0,-1.0
ETHUSDT,long,2022-09-13 20:00:00+00:00,2022-09-15 14:40:00+00:00,1576.12,1504.6286857142857,-1.0,-1.0
ETHUSDT,short,2022-09-27 08:00:00+00:00,2022-09-27 19:55:00+00:00,1395.25,1422.6709142857144,2.3634910579203243,2.3634910579203243
ETHUSDT,short,2022-10-13 16:00:00+00:00,2022-10-19 00:59:00+00:00,1280.26,1422.1628,-0.1426328444540911,-0.1426328444540911
ETHUSDT,long,2022-10-27 20:00:00+00:00,2022-11-02 04:59:00+00:00,1518.31,1416.3550285714284,0.6991321659085346,0.6991321659085346
ETHUSDT,long,2022-11-01 00:00:00+00:00,2022-11-01 07:02:00+00:00,1568.58,1558.235257142857,2.285726911668051,2.285726911668051
ETHUSDT,short,2022-11-17 04:00:00+00:00,2022-11-22 12:59:00+00:00,1208.0,1294.5293714285715,1.2735559981614826,1.2735559981614826
ETHUSDT,long,2022-12-15 04:00:00+00:00,2022-12-15 13:13:00+00:00,1291.0,1267.8461714285713,-1.0,-1.0
ETHUSDT,long,2023-01-11 12:00:00+00:00,2023-01-14 00:41:00+00:00,1321.19,1275.449314285714,6.077506490001984,6.077506490001984
ETHUSDT,long,2023-01-17 04:00:00+00:00,2023-01-22 12:59:00+00:00,1572.2,1443.6842857142856,0.4848434321539323,0.4848434321539323
ETHUSDT,long,2023-02-03 00:00:00+00:00,2023-02-08 08:59:00+00:00,1635.0,1585.2488,0.7720416793966807,0.7720416793966807
ETHUSDT,short,2023-02-14 12:00:00+00:00,2023-02-15 19:15:00+00:00,1562.28,1611.7027428571428,-1.0,-1.0
ETHUSDT,long,2023-02-16 12:00:00+00:00,2023-02-16 16:06:00+00:00,1661.37,1648.3293142857142,5.374664785375018,5.374664785375018
ETHUSDT,long,2023-02-17 20:00:00+00:00,2023-02-22 02:32:00+00:00,1657.38,1623.4114857142856,-1.0,-1.0
ETHUSDT,short,2023-02-27 12:00:00+00:00,2023-02-27 20:29:00+00:00,1648.76,1662.1269142857143,2.1458270099734453,2.1458270099734453
ETHUSDT,short,2023-03-01 00:00:00+00:00,2023-03-01 08:55:00+00:00,1634.77,1666.802742857143,-1.0,-1.0
ETHUSDT,long,2023-03-02 20:00:00+00:00,2023-03-03 01:30:00+00:00,1643.95,1590.8393142857142,-1.0,-1.0
ETHUSDT,short,2023-03-13 20:00:00+00:00,2023-03-14 02:03:00+00:00,1670.48,1681.50375,-1.0,-1.0
ETHUSDT,long,2023-03-14 20:00:00+00:00,2023-03-15 10:28:00+00:00,1694.84,1680.3363428571429,-1.0,-1.0
ETHUSDT,short,2023-03-15 04:00:00+00:00,2023-03-15 11:37:00+00:00,1703.09,1717.2523214285713,2.748679216734538,2.748679216734538
ETHUSDT,long,2023-03-16 00:00:00+00:00,2023-03-18 15:34:00+00:00,1634.7,1572.1685142857143,2.381496498678151,2.381496498678151
ETHUSDT,long,2023-03-19 00:00:00+00:00,2023-03-22 19:48:00+00:00,1765.24,1713.0145142857143,-1.0,-1.0
ETHUSDT,short,2023-04-20 16:00:00+00:00,2023-04-21 19:42:00+00:00,1952.07,1979.014,3.6047357482185314,3.6047357482185314
ETHUSDT,long,2023-04-21 16:00:00+00:00,2023-04-27 00:59:00+00:00,1848.01,1757.8095428571428,0.7850292808145402,0.7850292808145402
ETHUSDT,short,2023-04-24 16:00:00+00:00,2023-04-26 09:33:00+00:00,1847.47,1893.5592571428572,-1.0,-1.0
ETHUSDT,long,2023-04-26 20:00:00+00:00,2023-05-02 04:59:00+00:00,1845.98,1761.1722285714286,-0.25021291849264526,-0.25021291849264526
ETHUSDT,short,2023-05-15 12:00:00+00:00,2023-05-15 16:07:00+00:00,1825.18,1830.65554,-1.0,-1.0
ETHUSDT,long,2023-05-31 04:00:00+00:00,2023-05-31 08:00:00+00:00,1880.67,1872.8836000000001,-1.0,-1.0
ETHUSDT,long,2023-06-22 04:00:00+00:00,2023-06-22 11:01:00+00:00,1888.18,1880.35875,2.0417132811251495,2.0417132811251495
ETHUSDT,long,2023-06-23 08:00:00+00:00,2023-06-26 17:07:00+00:00,1874.59,1842.4866857142856,-1.0,-1.0
ETHUSDT,short,2023-07-11 12:00:00+00:00,2023-07-12 01:06:00+00:00,1878.83,1884.46649,-1.0,-1.0
ETHUSDT,short,2023-07-13 16:00:00+00:00,2023-07-13 20:00:00+00:00,1953.92,1959.78176,-1.0,-1.0
ETHUSDT,long,2023-07-14 20:00:00+00:00,2023-07-17 10:25:00+00:00,1910.0,1891.0558285714287,-1.0,-1.0
ETHUSDT,short,2023-07-25 12:00:00+00:00,2023-07-30 20:59:00+00:00,1867.6,1905.883257142857,0.06817601726677726,0.06817601726677726
ETHUSDT,short,2023-07-31 00:00:00+00:00,2023-08-05 08:59:00+00:00,1865.42,1886.9358857142859,1.5476936642162102,1.5476936642162102
ETHUSDT,short,2023-08-03 12:00:00+00:00,2023-08-08 20:59:00+00:00,1847.23,1880.6072571428572,-0.4601935963239265,-0.4601935963239265
ETHUSDT,short,2023-08-08 00:00:00+00:00,2023-08-08 13:04:00+00:00,1831.0,1847.7776571428572,-1.0,-1.0
ETHUSDT,short,2023-08-28 12:00:00+00:00,2023-08-29 01:17:00+00:00,1646.0,1660.323657142857,-1.0,-1.0
ETHUSDT,long,2023-08-31 20:00:00+00:00,2023-09-01 17:27:00+00:00,1650.16,1605.2902285714285,-1.0,-1.0
ETHUSDT,short,2023-09-16 00:00:00+00:00,2023-09-18 10:33:00+00:00,1623.28,1646.9938857142856,-1.0,-1.0
ETHUSDT,short,2023-09-29 12:00:00+00:00,2023-10-01 22:17:00+00:00,1653.11,1709.853257142857,-1.0,-1.0
ETHUSDT,long,2023-10-02 16:00:00+00:00,2023-10-02 20:58:00+00:00,1642.21,1632.3185714285714,2.1724436741767534,2.1724436741767534
ETHUSDT,long,2023-10-23 08:00:00+00:00,2023-10-23 19:23:00+00:00,1665.91,1654.9357142857143,3.1998177557927336,3.1998177557927336
ETHUSDT,long,2023-10-25 04:00:00+00:00,2023-10-27 17:07:00+00:00,1772.31,1736.2965714285715,-1.0,-1.0
ETHUSDT,long,2023-11-11 00:00:00+00:00,2023-11-14 18:51:00+00:00,2021.2,1967.7648,-1.0,-1.0
ETHUSDT,long,2023-11-17 16:00:00+00:00,2023-11-23 00:59:00+00:00,1910.01,1846.8374285714285,2.2877017150300327,2.2877017150300327
ETHUSDT,long,2023-11-28 12:00:00+00:00,2023-11-28 16:54:00+00:00,2023.2,2015.6991071428572,4.439352458040712,4.439352458040712
ETHUSDT,long,2023-12-06 20:00:00+00:00,2023-12-07 00:03:00+00:00,2243.66,2231.5189714285716,-1.0,-1.0
ETHUSDT,long,2024-01-02 12:00:00+00:00,2024-01-02 16:01:00+00:00,2364.65,2356.7426785714288,-1.0,-1.0
ETHUSDT,long,2024-01-03 16:00:00+00:00,2024-01-03 22:45:00+00:00,2235.26,2203.6134857142856,-1.0,-1.0
ETHUSDT,long,2024-01-13 04:00:00+00:00,2024-01-14 23:35:00+00:00,2548.31,2475.0672571428568,-1.0,-1.0
ETHUSDT,short,2024-01-31 08:00:00+00:00,2024-01-31 12:20:00+00:00,2341.96,2349.8962500000002,4.78610804851144,4.78610804851144
ETHUSDT,short,2024-02-01 16:00:00+00:00,2024-02-07 00:59:00+00:00,2289.25,2396.0404000000003,-0.8400567841304065,-0.8400567841304065
ETHUSDT,short,2024-02-05 16:00:00+00:00,2024-02-06 08:12:00+00:00,2311.96,2332.410742857143,-1.0,-1.0
ETHUSDT,short,2024-02-07 00:00:00+00:00,2024-02-07 05:16:00+00:00,2383.06,2390.8335714285713,2.495175962510378,2.495175962510378
ETHUSDT,long,2024-02-15 12:00:00+00:00,2024-02-20 20:59:00+00:00,2756.25,2549.808971428571,1.0817132696213745,1.0817132696213745
ETHUSDT,long,2024-03-02 04:00:00+00:00,2024-03-07 12:59:00+00:00,3393.63,3146.6340571428573,1.584762872912429,1.584762872912429
ETHUSDT,long,2024-03-07 04:00:00+00:00,2024-03-12 12:59:00+00:00,3737.06,3570.2293714285715,1.7343338119482026,1.7343338119482026
ETHUSDT,short,2024-03-23 20:00:00+00:00,2024-03-24 00:11:00+00:00,3401.22,3423.9673214285713,2.174000078502165,2.174000078502165
ETHUSDT,short,2024-05-11 00:00:00+00:00,2024-05-16 08:59:00+00:00,2944.99,3062.121942857143,-0.5384526070477782,-0.5384526070477782
ETHUSDT,short,2024-05-17 04:00:00+00:00,2024-05-17 08:12:00+00:00,2960.84,3043.3830285714284,-1.0,-1.0
ETHUSDT,long,2024-06-05 00:00:00+00:00,2024-06-07 18:00:00+00:00,3804.72,3716.1025142857143,-1.0,-1.0
ETHUSDT,short,2024-06-10 20:00:00+00:00,2024-06-11 02:19:00+00:00,3685.73,3717.351257142857,2.9761227528679095,2.9761227528679095
ETHUSDT,long,2024-06-14 16:00:00+00:00,2024-06-20 00:59:00+00:00,3420.2,3051.0566285714285,0.3821550403412756,0.3821550403412756
ETHUSDT,short,2024-06-21 20:00:00+00:00,2024-06-24 09:34:00+00:00,3541.63,3589.9509714285714,5.8009808222871815,5.8009808222871815
ETHUSDT,short,2024-06-30 16:00:00+00:00,2024-07-01 01:13:00+00:00,3415.65,3490.5446857142856,-1.0,-1.0
ETHUSDT,short,2024-07-29 20:00:00+00:00,2024-08-01 20:36:00+00:00,3332.8,3400.466057142857,2.7596397771915298,2.7596397771915298
ETHUSDT,short,2024-08-06 00:00:00+00:00,2024-08-06 14:19:00+00:00,2504.83,2548.010457142857,-1.0,-1.0
ETHUSDT,long,2024-08-23 16:00:00+00:00,2024-08-27 21:37:00+00:00,2668.07,2529.9032571428575,-1.0,-1.0
ETHUSDT,long,2024-09-22 20:00:00+00:00,2024-09-23 00:05:00+00:00,2524.56,2515.4030357142856,5.200744944324154,5.200744944324154
ETHUSDT,short,2024-10-02 16:00:00+00:00,2024-10-08 00:59:00+00:00,2469.86,2542.0345142857145,0.47302015590782726,0.47302015590782726
ETHUSDT,short,2024-10-14 00:00:00+00:00,2024-10-14 04:00:00+00:00,2519.78,2527.33934,-1.0,-1.0
ETHUSDT,long,2024-10-16 00:00:00+00:00,2024-10-21 08:59:00+00:00,2590.8,2501.9452,1.414104809194321,1.414104809194321
ETHUSDT,long,2024-10-22 00:00:00+00:00,2024-10-23 08:57:00+00:00,2639.98,2571.272,-1.0,-1.0
ETHUSDT,long,2024-10-30 20:00:00+00:00,2024-10-31 13:58:00+00:00,2637.12,2601.7749714285715,-1.0,-1.0
ETHUSDT,long,2024-11-06 20:00:00+00:00,2024-11-10 20:55:00+00:00,2677.0,2547.2368,3.4333062069986005,3.4333062069986005
ETHUSDT,long,2024-11-10 20:00:00+00:00,2024-11-11 01:07:00+00:00,3112.57,3089.816,3.193987870264495,3.193987870264495
ETHUSDT,long,2024-11-12 08:00:00+00:00,2024-11-13 04:36:00+00:00,3236.26,3184.7529142857143,-1.0,-1.0
ETHUSDT,long,2024-11-13 20:00:00+00:00,2024-11-14 15:21:00+00:00,3128.53,3086.849885714286,-1.0,-1.0
ETHUSDT,long,2024-12-05 16:00:00+00:00,2024-12-09 21:05:00+00:00,3840.74,3494.9217142857146,-1.0,-1.0
ETHUSDT,short,2024-12-12 00:00:00+00:00,2024-12-16 00:46:00+00:00,3891.99,4001.2122285714286,-1.0,-1.0
ETHUSDT,long,2024-12-16 12:00:00+00:00,2024-12-16 17:50:00+00:00,3896.09,3870.066514285714,4.630298785053455,4.630298785053455
ETHUSDT,short,2024-12-21 00:00:00+00:00,2024-12-21 07:26:00+00:00,3488.56,3547.4354285714285,-1.0,-1.0
ETHUSDT,short,2024-12-27 00:00:00+00:00,2025-01-01 08:59:00+00:00,3379.32,3543.9112,0.26581007976125115,0.26581007976125115
ETHUSDT,short,2025-01-01 00:00:00+00:00,2025-01-02 08:57:00+00:00,3372.53,3442.0625142857143,-1.0,-1.0
ETHUSDT,short,2025-01-03 08:00:00+00:00,2025-01-03 15:10:00+00:00,3456.49,3544.379828571429,-1.0,-1.0
ETHUSDT,short,2025-01-14 08:00:00+00:00,2025-01-15 15:17:00+00:00,3205.0,3344.2787428571432,-1.0,-1.0
ETHUSDT,long,2025-01-17 16:00:00+00:00,2025-01-19 09:07:00+00:00,3398.89,3178.568285714286,-1.0,-1.0
ETHUSDT,long,2025-01-20 08:00:00+00:00,2025-01-20 12:17:00+00:00,3335.58,3302.8775,-1.0,-1.0
ETHUSDT,short,2025-02-04 16:00:00+00:00,2025-02-04 22:47:00+00:00,2846.97,2894.6383928571427,3.5411642185784933,3.5411642185784933
ETHUSDT,short,2025-02-18 04:00:00+00:00,2025-02-23 12:59:00+00:00,2720.92,2852.843485714286,-0.5115844205797185,-0.5115844205797185
ETHUSDT,short,2025-04-23 12:00:00+00:00,2025-04-23 16:30:00+00:00,1821.59,1833.4773214285713,2.400261382925999,2.400261382925999
ETHUSDT,short,2025-04-28 08:00:00+00:00,2025-04-28 13:38:00+00:00,1812.43,1820.0417857142859,2.7967437714070837,2.7967437714070837
ETHUSDT,short,2025-04-29 16:00:00+00:00,2025-05-01 15:10:00+00:00,1820.77,1859.7005714285715,-1.0,-1.0
ETHUSDT,long,2025-05-09 12:00:00+00:00,2025-05-14 02:09:00+00:00,2334.51,2230.200057142857,2.874127326034924,2.874127326034924
ETHUSDT,long,2025-05-12 12:00:00+00:00,2025-05-12 18:08:00+00:00,2478.76,2450.0829714285715,-1.0,-1.0
ETHUSDT,long,2025-05-23 20:00:00+00:00,2025-05-25 00:42:00+00:00,2527.32,2506.8844642857143,-1.0,-1.0
ETHUSDT,short,2025-06-09 16:00:00+00:00,2025-06-09 22:20:00+00:00,2573.0,2655.449657142857,-1.0,-1.0
ETHUSDT,long,2025-06-11 20:00:00+00:00,2025-06-12 20:48:00+00:00,2745.0,2637.8896571428572,-1.0,-1.0
ETHUSDT,long,2025-07-15 08:00:00+00:00,2025-07-17 01:48:00+00:00,2984.03,2880.2465714285713,3.234201992060373,3.234201992060373
ETHUSDT,long,2025-09-17 20:00:00+00:00,2025-09-18 03:56:00+00:00,4489.23,4458.006971428571,3.912079545683338,3.912079545683338
ETHUSDT,short,2025-10-14 12:00:00+00:00,2025-10-19 20:59:00+00:00,4025.04,4303.325371428571,0.09299806118857691,0.09299806118857691
ETHUSDT,short,2025-10-23 04:00:00+00:00,2025-10-26 11:45:00+00:00,3887.45,4047.4425142857144,-1.0,-1.0
ETHUSDT,short,2025-11-29 12:00:00+00:00,2025-11-30 12:43:00+00:00,2999.11,3023.085314285714,-1.0,-1.0
ETHUSDT,short,2025-12-03 20:00:00+00:00,2025-12-09 04:59:00+00:00,3161.86,3442.200171428571,0.19918658005896184,0.19918658005896184
ETHUSDT,short,2025-12-09 12:00:00+00:00,2025-12-09 16:00:00+00:00,3203.48,3264.194228571429,-1.0,-1.0
ETHUSDT,long,2025-12-10 20:00:00+00:00,2025-12-11 03:07:00+00:00,3338.63,3183.0746285714285,-1.0,-1.0
ETHUSDT,short,2025-12-18 08:00:00+00:00,2025-12-22 00:14:00+00:00,2877.73,3034.813142857143,-1.0,-1.0
ETHUSDT,long,2026-01-06 16:00:00+00:00,2026-01-06 21:46:00+00:00,3221.36,3205.1888,3.8623478777084292,3.8623478777084292
ETHUSDT,long,2026-01-14 04:00:00+00:00,2026-01-19 12:59:00+00:00,3313.35,3084.391942857143,-0.39168746066029286,-0.39168746066029286
ETHUSDT,long,2026-01-21 20:00:00+00:00,2026-01-23 14:37:00+00:00,2972.23,2902.7963999999997,-1.0,-1.0
ETHUSDT,long,2026-02-26 16:00:00+00:00,2026-02-27 01:07:00+00:00,2034.85,1999.2194285714286,-1.0,-1.0
ETHUSDT,long,2026-02-28 04:00:00+00:00,2026-02-28 08:19:00+00:00,1891.54,1853.0133714285714,-1.0,-1.0
ETHUSDT,long,2026-03-03 12:00:00+00:00,2026-03-04 03:33:00+00:00,1969.04,1949.903142857143,-1.0,-1.0
ETHUSDT,long,2026-03-05 08:00:00+00:00,2026-03-05 15:09:00+00:00,2101.01,2085.627142857143,-1.0,-1.0
ETHUSDT,long,2026-03-25 20:00:00+00:00,2026-03-26 02:16:00+00:00,2166.0,2155.4841071428573,-1.0,-1.0
ETHUSDT,long,2026-04-09 00:00:00+00:00,2026-04-09 04:01:00+00:00,2192.56,2180.0130357142857,-1.0,-1.0
ETHUSDT,long,2026-05-06 00:00:00+00:00,2026-05-07 01:01:00+00:00,2356.12,2321.1664,-1.0,-1.0
ETHUSDT,short,2026-05-10 16:00:00+00:00,2026-05-14 00:45:00+00:00,2353.03,2388.738742857143,2.3613616833332807,2.3613616833332807
ETHUSDT,short,2026-06-15 12:00:00+00:00,2026-06-15 16:00:00+00:00,1798.41,1815.1397714285715,-1.0,-1.0
LINKUSDT,short,2022-02-24 16:00:00+00:00,2022-02-26 00:38:00+00:00,12.405,14.656491428571428,-1.0,-1.0
LINKUSDT,long,2022-03-31 12:00:00+00:00,2022-03-31 16:33:00+00:00,17.268,16.802251428571427,-1.0,-1.0
LINKUSDT,short,2022-04-17 16:00:00+00:00,2022-04-17 21:40:00+00:00,14.488,14.554357142857143,6.082884822389634,6.082884822389634
LINKUSDT,short,2022-06-07 20:00:00+00:00,2022-06-08 00:29:00+00:00,8.56,8.799657142857143,-1.0,-1.0
LINKUSDT,short,2022-06-11 20:00:00+00:00,2022-06-13 04:09:00+00:00,7.347,7.691731428571429,3.7979379392653536,3.7979379392653536
LINKUSDT,long,2022-06-27 16:00:00+00:00,2022-06-28 01:46:00+00:00,6.496,6.423589285714286,-1.0,-1.0
LINKUSDT,short,2022-07-19 00:00:00+00:00,2022-07-24 08:59:00+00:00,7.102,7.694428571428571,0.08608632746563813,0.08608632746563813
LINKUSDT,long,2022-07-29 12:00:00+00:00,2022-07-29 16:02:00+00:00,7.342,7.276160714285714,8.021969080553323,8.021969080553323
LINKUSDT,short,2022-08-29 12:00:00+00:00,2022-08-29 21:21:00+00:00,6.459,6.639937142857143,-1.0,-1.0
LINKUSDT,long,2022-09-13 12:00:00+00:00,2022-09-18 20:59:00+00:00,7.493,6.548177142857143,0.3016438455583502,0.3016438455583502
LINKUSDT,short,2022-09-15 16:00:00+00:00,2022-09-21 00:59:00+00:00,7.355,8.29177142857143,0.40564858022996975,0.40564858022996975
LINKUSDT,long,2022-09-27 20:00:00+00:00,2022-09-28 00:31:00+00:00,7.711,7.639035714285715,7.601488833746924,7.601488833746924
LINKUSDT,short,2022-10-05 00:00:00+00:00,2022-10-05 04:14:00+00:00,7.844,7.883785714285715,2.6193895870736092,2.6193895870736092
LINKUSDT,short,2022-10-24 16:00:00+00:00,2022-10-25 01:32:00+00:00,6.945,6.9755,2.7377049180327866,2.7377049180327866
LINKUSDT,short,2022-10-26 04:00:00+00:00,2022-10-26 08:00:00+00:00,7.106,7.1754685714285715,-1.0,-1.0
LINKUSDT,long,2022-10-27 20:00:00+00:00,2022-10-30 09:38:00+00:00,7.007,6.770554285714286,2.577988302962933,2.577988302962933
LINKUSDT,long,2022-11-06 12:00:00+00:00,2022-11-06 16:02:00+00:00,8.615,8.45848,-1.0,-1.0
LINKUSDT,long,2022-11-08 16:00:00+00:00,2022-11-08 20:00:00+00:00,7.557,7.450660714285715,-1.0,-1.0
LINKUSDT,short,2022-11-09 20:00:00+00:00,2022-11-10 00:11:00+00:00,6.66,6.846446428571428,2.094722727708079,2.094722727708079
LINKUSDT,short,2022-11-30 00:00:00+00:00,2022-11-30 22:58:00+00:00,7.599,7.750497142857142,-1.0,-1.0
LINKUSDT,short,2023-01-09 00:00:00+00:00,2023-01-09 04:00:00+00:00,5.989,6.036582857142857,-1.0,-1.0
LINKUSDT,short,2023-01-10 04:00:00+00:00,2023-01-10 19:11:00+00:00,6.132,6.282434285714285,-1.0,-1.0
LINKUSDT,long,2023-01-10 20:00:00+00:00,2023-01-14 09:17:00+00:00,6.188,5.903805714285714,2.279446656211048,2.279446656211048
LINKUSDT,long,2023-01-14 12:00:00+00:00,2023-01-19 20:59:00+00:00,6.706,6.203845714285714,-0.36642124788056046,-0.36642124788056046
LINKUSDT,long,2023-01-18 08:00:00+00:00,2023-01-18 15:54:00+00:00,6.731,6.483114285714286,-1.0,-1.0
LINKUSDT,long,2023-01-23 16:00:00+00:00,2023-01-23 22:41:00+00:00,6.929,6.873928571428571,2.159533073929934,2.159533073929934
LINKUSDT,long,2023-01-24 20:00:00+00:00,2023-01-25 00:00:00+00:00,6.827,6.770321428571428,-1.0,-1.0
LINKUSDT,long,2023-01-30 08:00:00+00:00,2023-01-30 12:00:00+00:00,7.067,7.029017857142858,-1.0,-1.0
LINKUSDT,short,2023-02-10 16:00:00+00:00,2023-02-12 17:26:00+00:00,6.95,7.054502857142857,-1.0,-1.0
LINKUSDT,long,2023-02-16 20:00:00+00:00,2023-02-17 00:00:00+00:00,7.137,7.0753200000000005,-1.0,-1.0
LINKUSDT,long,2023-02-19 00:00:00+00:00,2023-02-20 01:14:00+00:00,7.971,7.788588571428571,-1.0,-1.0
LINKUSDT,long,2023-02-20 08:00:00+00:00,2023-02-21 13:56:00+00:00,7.958,7.690422857142857,-1.0,-1.0
LINKUSDT,long,2023-02-25 20:00:00+00:00,2023-03-03 01:31:00+00:00,7.388,6.8297485714285715,-1.0,-1.0
LINKUSDT,short,2023-03-01 08:00:00+00:00,2023-03-03 01:34:00+00:00,7.497,7.714142857142857,3.153947368421054,3.153947368421054
LINKUSDT,long,2023-03-14 20:00:00+00:00,2023-03-15 03:29:00+00:00,6.894,6.837107142857143,2.005649717514109,2.005649717514109
LINKUSDT,long,2023-03-16 00:00:00+00:00,2023-03-17 13:35:00+00:00,6.442,6.296605714285715,4.234043389404187,4.234043389404187
LINKUSDT,long,2023-03-20 20:00:00+00:00,2023-03-21 01:03:00+00:00,7.023,6.967499999999999,2.0630630630630438,2.0630630630630438
LINKUSDT,short,2023-03-21 08:00:00+00:00,2023-03-21 21:38:00+00:00,7.047,7.445474285714286,-1.0,-1.0
LINKUSDT,long,2023-03-22 16:00:00+00:00,2023-03-28 00:59:00+00:00,7.3,6.664468571428571,-0.8009045298422911,-0.8009045298422911
LINKUSDT,long,2023-04-14 12:00:00+00:00,2023-04-14 21:04:00+00:00,7.574,7.524542857142857,3.9335644136337766,3.9335644136337766
LINKUSDT,short,2023-06-22 00:00:00+00:00,2023-06-23 16:08:00+00:00,5.791,6.08856,-1.0,-1.0
LINKUSDT,long,2023-06-24 16:00:00+00:00,2023-06-25 01:01:00+00:00,5.96,5.900662857142857,2.707627118644042,2.707627118644042
LINKUSDT,long,2023-07-05 08:00:00+00:00,2023-07-10 16:59:00+00:00,6.247,5.690154285714286,-0.14905385436335314,-0.14905385436335314
LINKUSDT,long,2023-07-14 16:00:00+00:00,2023-07-14 20:00:00+00:00,7.026,6.982062857142858,-1.0,-1.0
LINKUSDT,long,2023-08-01 00:00:00+00:00,2023-08-06 08:59:00+00:00,7.41,6.760205714285714,-0.34780238141301845,-0.34780238141301845
LINKUSDT,short,2023-08-09 00:00:00+00:00,2023-08-09 07:14:00+00:00,7.479,7.538297142857143,-1.0,-1.0
LINKUSDT,short,2023-09-06 16:00:00+00:00,2023-09-06 20:09:00+00:00,6.327,6.351502857142857,2.3465485074626784,2.3465485074626784
LINKUSDT,long,2023-09-18 08:00:00+00:00,2023-09-18 13:42:00+00:00,6.252,6.143805714285714,4.231329882750586,4.231329882750586
LINKUSDT,short,2023-09-19 00:00:00+00:00,2023-09-19 04:49:00+00:00,6.728,6.8888171428571425,-1.0,-1.0
LINKUSDT,long,2023-09-29 12:00:00+00:00,2023-10-02 21:45:00+00:00,7.685,7.350822857142857,-1.0,-1.0
LINKUSDT,long,2023-10-02 12:00:00+00:00,2023-10-02 16:00:00+00:00,7.87,7.675845714285715,-1.0,-1.0
LINKUSDT,long,2023-10-03 16:00:00+00:00,2023-10-04 00:40:00+00:00,7.501,7.1791028571428575,-1.0,-1.0
LINKUSDT,long,2023-10-11 16:00:00+00:00,2023-10-17 00:59:00+00:00,7.273,6.891234285714285,0.568411441572244,0.568411441572244
LINKUSDT,long,2023-11-07 12:00:00+00:00,2023-11-07 18:10:00+00:00,12.616,12.494582857142856,2.986257530120444,2.986257530120444
LINKUSDT,long,2023-11-09 20:00:00+00:00,2023-11-10 13:54:00+00:00,14.238,13.897674285714285,2.232197726547669,2.232197726547669
LINKUSDT,long,2023-11-13 04:00:00+00:00,2023-11-13 14:42:00+00:00,15.139,14.932348571428571,-1.0,-1.0
LINKUSDT,long,2023-11-21 16:00:00+00:00,2023-11-21 22:54:00+00:00,13.704,13.498759999999999,-1.0,-1.0
LINKUSDT,short,2023-11-23 00:00:00+00:00,2023-11-28 08:59:00+00:00,14.227,15.442782857142856,0.2558022579219977,0.2558022579219977
LINKUSDT,long,2023-12-07 20:00:00+00:00,2023-12-11 02:12:00+00:00,15.036,14.242805714285714,-1.0,-1.0
LINKUSDT,short,2023-12-12 00:00:00+00:00,2023-12-12 18:05:00+00:00,14.948,15.09319642857143,4.28938629934815,4.28938629934815
LINKUSDT,long,2024-01-03 08:00:00+00:00,2024-01-03 12:08:00+00:00,15.016,13.83028,-1.0,-1.0
LINKUSDT,long,2024-01-19 20:00:00+00:00,2024-01-20 02:11:00+00:00,15.358,15.0254,2.286229705351763,2.286229705351763
LINKUSDT,long,2024-02-28 16:00:00+00:00,2024-02-29 04:05:00+00:00,18.158,17.793834285714286,3.508936277048117,3.508936277048117
LINKUSDT,long,2024-03-12 20:00:00+00:00,2024-03-15 03:25:00+00:00,20.632,19.3156,-1.0,-1.0
LINKUSDT,long,2024-03-16 00:00:00+00:00,2024-03-16 05:17:00+00:00,19.417,19.188160714285715,-1.0,-1.0
LINKUSDT,short,2024-03-20 20:00:00+00:00,2024-03-26 00:20:00+00:00,18.215,19.575594285714285,-1.0,-1.0
LINKUSDT,short,2024-03-26 16:00:00+00:00,2024-03-27 09:54:00+00:00,20.306,20.62118857142857,2.1631857572791273,2.1631857572791273
LINKUSDT,long,2024-03-29 04:00:00+00:00,2024-04-03 12:59:00+00:00,18.978,16.31873142857143,-0.40838297104252136,-0.40838297104252136
LINKUSDT,long,2024-05-17 04:00:00+00:00,2024-05-22 12:59:00+00:00,15.457,14.697211428571428,1.0200206072365965,1.0200206072365965
LINKUSDT,long,2024-06-06 04:00:00+00:00,2024-06-07 18:00:00+00:00,17.332,16.9422,-1.0,-1.0
LINKUSDT,short,2024-07-15 20:00:00+00:00,2024-07-16 01:33:00+00:00,14.357,14.491325714285713,-1.0,-1.0
LINKUSDT,long,2024-07-16 04:00:00+00:00,2024-07-16 08:00:00+00:00,14.018,13.951875000000001,-1.0,-1.0
LINKUSDT,short,2024-07-21 20:00:00+00:00,2024-07-23 00:47:00+00:00,14.923,15.242565714285714,2.6142800944138487,2.6142800944138487
LINKUSDT,short,2024-08-21 20:00:00+00:00,2024-08-22 15:08:00+00:00,11.332,11.515039999999999,-1.0,-1.0
LINKUSDT,short,2024-09-13 12:00:00+00:00,2024-09-18 20:59:00+00:00,11.294,11.891577142857143,1.0960927937576528,1.0960927937576528
LINKUSDT,long,2024-09-20 16:00:00+00:00,2024-09-22 10:41:00+00:00,11.411,11.170937142857143,-1.0,-1.0
LINKUSDT,short,2024-10-02 00:00:00+00:00,2024-10-02 05:07:00+00:00,11.644,11.723946428571429,5.466830466830454,5.466830466830454
LINKUSDT,short,2024-10-05 04:00:00+00:00,2024-10-05 09:05:00+00:00,11.2,11.292057142857143,-1.0,-1.0
LINKUSDT,long,2024-10-16 04:00:00+00:00,2024-10-21 12:59:00+00:00,11.175,10.57698857142857,0.9481424148606785,0.9481424148606785
LINKUSDT,long,2024-11-01 00:00:00+00:00,2024-11-02 12:50:00+00:00,11.332,11.102468571428572,-1.0,-1.0
LINKUSDT,short,2024-11-06 00:00:00+00:00,2024-11-06 04:00:00+00:00,11.399,11.615194285714287,-1.0,-1.0
LINKUSDT,long,2024-11-10 20:00:00+00:00,2024-11-11 03:21:00+00:00,13.864,13.669285714285714,2.6052824651503763,2.6052824651503763
LINKUSDT,long,2024-11-12 08:00:00+00:00,2024-11-13 03:29:00+00:00,13.957,13.490079999999999,-1.0,-1.0
LINKUSDT,long,2024-11-14 00:00:00+00:00,2024-11-18 18:42:00+00:00,13.327,12.465125714285714,2.1280664067679718,2.1280664067679718
LINKUSDT,long,2024-11-19 00:00:00+00:00,2024-11-24 08:59:00+00:00,15.172,13.681697142857143,1.468157958305693,1.468157958305693
LINKUSDT,long,2024-11-24 04:00:00+00:00,2024-11-24 10:45:00+00:00,17.564,17.12672,-1.0,-1.0
LINKUSDT,long,2024-11-25 12:00:00+00:00,2024-11-26 08:35:00+00:00,17.701,16.807354285714286,-1.0,-1.0
LINKUSDT,long,2024-12-01 00:00:00+00:00,2024-12-02 17:19:00+00:00,18.695,17.774005714285714,3.2399828756499174,3.2399828756499174
LINKUSDT,short,2024-12-27 08:00:00+00:00,2024-12-27 12:00:00+00:00,22.747,23.124697142857144,-1.0,-1.0
LINKUSDT,short,2025-01-13 20:00:00+00:00,2025-01-15 07:21:00+00:00,19.197,20.727497142857143,-1.0,-1.0
LINKUSDT,long,2025-01-17 16:00:00+00:00,2025-01-17 20:56:00+00:00,23.925,23.669451428571428,3.613604346951062,3.613604346951062
LINKUSDT,long,2025-01-19 08:00:00+00:00,2025-01-19 21:04:00+00:00,23.065,22.123525714285712,2.8567171245098737,2.8567171245098737
LINKUSDT,long,2025-01-20 16:00:00+00:00,2025-01-20 21:52:00+00:00,24.098,23.70630357142857,3.4779576020059295,3.4779576020059295
LINKUSDT,long,2025-01-28 12:00:00+00:00,2025-02-02 11:47:00+00:00,23.672,22.08477142857143,-1.0,-1.0
LINKUSDT,long,2025-02-03 00:00:00+00:00,2025-02-04 05:03:00+00:00,16.722,15.31636,2.7662559403545646,2.7662559403545646
LINKUSDT,short,2025-02-22 00:00:00+00:00,2025-02-25 08:05:00+00:00,17.799,18.506097142857143,4.345800132533811,4.345800132533811
LINKUSDT,long,2025-03-06 08:00:00+00:00,2025-03-07 00:20:00+00:00,16.851,16.47925142857143,-1.0,-1.0
LINKUSDT,long,2025-03-21 12:00:00+00:00,2025-03-21 16:00:00+00:00,13.99,13.879520000000001,-1.0,-1.0
LINKUSDT,short,2025-04-05 08:00:00+00:00,2025-04-10 16:59:00+00:00,12.938,14.429394285714285,0.7161084162854336,0.7161084162854336
LINKUSDT,short,2025-04-12 16:00:00+00:00,2025-04-12 21:20:00+00:00,13.124,13.267234285714286,-1.0,-1.0
LINKUSDT,long,2025-04-13 00:00:00+00:00,2025-04-16 00:01:00+00:00,13.011,12.19114857142857,-1.0,-1.0
LINKUSDT,long,2025-04-28 04:00:00+00:00,2025-04-28 14:00:00+00:00,14.781,14.637371428571429,-1.0,-1.0
LINKUSDT,long,2025-05-05 08:00:00+00:00,2025-05-09 09:28:00+00:00,13.713,12.832954285714287,2.481637317541956,2.481637317541956
LINKUSDT,short,2025-05-08 12:00:00+00:00,2025-05-08 16:00:00+00:00,15.057,15.140464285714286,-1.0,-1.0
LINKUSDT,long,2025-05-09 12:00:00+00:00,2025-05-11 00:20:00+00:00,15.798,15.404399999999999,3.235264227642265,3.235264227642265
LINKUSDT,short,2025-06-06 04:00:00+00:00,2025-06-10 01:05:00+00:00,13.234,14.496594285714286,-1.0,-1.0
LINKUSDT,short,2025-06-10 16:00:00+00:00,2025-06-13 03:54:00+00:00,15.475,15.975142857142856,4.440445586975157,4.440445586975157
LINKUSDT,long,2025-06-25 12:00:00+00:00,2025-06-25 16:35:00+00:00,13.152,13.01409142857143,-1.0,-1.0
LINKUSDT,long,2025-06-28 00:00:00+00:00,2025-06-28 16:52:00+00:00,12.968,12.893553571428571,3.795394579035702,3.795394579035702
LINKUSDT,long,2025-07-11 20:00:00+00:00,2025-07-14 14:37:00+00:00,15.07,14.676297142857143,2.555981305698273,2.555981305698273
LINKUSDT,long,2025-07-13 12:00:00+00:00,2025-07-13 20:01:00+00:00,15.227,15.045217142857142,2.812240663900392,2.812240663900392
LINKUSDT,long,2025-07-14 20:00:00+00:00,2025-07-15 00:42:00+00:00,15.826,15.647045714285714,-1.0,-1.0
LINKUSDT,long,2025-08-01 00:00:00+00:00,2025-08-06 08:59:00+00:00,16.671,15.132714285714284,-0.19502228826151596,-0.19502228826151596
LINKUSDT,short,2025-08-06 04:00:00+00:00,2025-08-06 09:14:00+00:00,16.744,16.83530357142857,3.687658908664173,3.687658908664173
LINKUSDT,short,2025-08-07 20:00:00+00:00,2025-08-08 00:00:00+00:00,18.344,18.454582857142857,-1.0,-1.0
LINKUSDT,long,2025-08-11 08:00:00+00:00,2025-08-16 16:59:00+00:00,21.451,19.87634285714286,0.4000870937891239,0.4000870937891239
LINKUSDT,long,2025-08-23 16:00:00+00:00,2025-08-25 19:16:00+00:00,25.842,24.039828571428572,-1.0,-1.0
LINKUSDT,short,2025-08-28 08:00:00+00:00,2025-08-28 13:42:00+00:00,24.171,24.334732142857142,-1.0,-1.0
LINKUSDT,long,2025-09-04 12:00:00+00:00,2025-09-04 16:00:00+00:00,22.821,22.716875,-1.0,-1.0
LINKUSDT,long,2025-10-07 08:00:00+00:00,2025-10-09 14:30:00+00:00,22.782,21.42492,-1.0,-1.0
LINKUSDT,short,2025-10-14 12:00:00+00:00,2025-10-17 11:15:00+00:00,18.756,19.476017142857145,3.2679539376046476,3.2679539376046476
LINKUSDT,short,2025-10-21 12:00:00+00:00,2025-10-26 20:59:00+00:00,18.429,19.224308571428573,0.4187054081434665,0.4187054081434665
LINKUSDT,long,2025-10-26 20:00:00+00:00,2025-10-27 00:22:00+00:00,18.116,18.044535714285715,6.248375812094048,6.248375812094048
LINKUSDT,short,2025-10-28 04:00:00+00:00,2025-10-30 23:29:00+00:00,18.47,18.948240000000002,3.5144697223151242,3.5144697223151242
LINKUSDT,long,2025-10-30 12:00:00+00:00,2025-11-03 06:45:00+00:00,17.329,15.958685714285716,-1.0,-1.0
LINKUSDT,short,2025-11-10 20:00:00+00:00,2025-11-16 04:59:00+00:00,16.245,17.69336,1.4437018420834633,1.4437018420834633
LINKUSDT,long,2025-12-04 20:00:00+00:00,2025-12-05 16:42:00+00:00,14.346,13.41556,-1.0,-1.0
LINKUSDT,long,2025-12-11 00:00:00+00:00,2025-12-11 04:00:00+00:00,13.763,13.610765714285714,-1.0,-1.0
LINKUSDT,short,2025-12-23 08:00:00+00:00,2025-12-28 16:59:00+00:00,12.369,13.197308571428572,-0.16177545980104066,-0.16177545980104066
LINKUSDT,short,2026-01-05 00:00:00+00:00,2026-01-05 04:32:00+00:00,13.695,13.746005714285715,3.705355142280917,3.705355142280917
LINKUSDT,long,2026-01-06 04:00:00+00:00,2026-01-06 08:00:00+00:00,13.78,13.713446428571428,-1.0,-1.0
LINKUSDT,long,2026-01-07 08:00:00+00:00,2026-01-08 06:57:00+00:00,13.649,13.15805142857143,-1.0,-1.0
LINKUSDT,long,2026-01-15 16:00:00+00:00,2026-01-19 00:00:00+00:00,13.889,12.993017142857143,-1.0,-1.0
LINKUSDT,long,2026-01-20 20:00:00+00:00,2026-01-25 16:02:00+00:00,12.083,11.852360000000001,-1.0,-1.0
LINKUSDT,short,2026-02-06 04:00:00+00:00,2026-02-06 09:24:00+00:00,8.344,8.457928571428571,2.1862068965517154,2.1862068965517154
LINKUSDT,long,2026-02-26 16:00:00+00:00,2026-02-27 11:36:00+00:00,9.03,8.862131428571429,-1.0,-1.0
LINKUSDT,long,2026-03-05 20:00:00+00:00,2026-03-06 09:25:00+00:00,9.165,9.099160714285713,-1.0,-1.0
LINKUSDT,long,2026-03-10 20:00:00+00:00,2026-03-11 05:40:00+00:00,8.948,8.894625,-1.0,-1.0
LINKUSDT,long,2026-04-09 00:00:00+00:00,2026-04-14 08:59:00+00:00,8.863,8.504731428571429,0.996459160725398,0.996459160725398
LINKUSDT,long,2026-04-18 12:00:00+00:00,2026-04-23 20:59:00+00:00,9.405,8.895702857142858,-0.2277648748415183,-0.2277648748415183
LINKUSDT,long,2026-05-07 00:00:00+00:00,2026-05-07 08:19:00+00:00,9.866,9.790068571428572,2.4636514148103856,2.4636514148103856
LINKUSDT,long,2026-05-12 08:00:00+00:00,2026-05-16 07:13:00+00:00,10.269,9.745131428571428,-1.0,-1.0
SOLUSDT,short,2022-02-24 08:00:00+00:00,2022-03-01 00:00:00+00:00,84.54,96.47954285714285,-1.0,-1.0
SOLUSDT,long,2022-03-02 20:00:00+00:00,2022-03-04 19:09:00+00:00,100.31,90.10634285714285,-1.0,-1.0
SOLUSDT,short,2022-03-17 12:00:00+00:00,2022-03-18 06:06:00+00:00,90.63,92.14925714285715,2.3634859141685474,2.3634859141685474
SOLUSDT,long,2022-04-07 08:00:00+00:00,2022-04-07 12:41:00+00:00,112.86,111.17708571428571,2.345387253403948,2.345387253403948
SOLUSDT,short,2022-04-21 00:00:00+00:00,2022-04-21 11:38:00+00:00,105.66,109.02434285714286,-1.0,-1.0
SOLUSDT,short,2022-07-05 16:00:00+00:00,2022-07-05 20:10:00+00:00,35.86,36.16892857142857,-1.0,-1.0
SOLUSDT,long,2022-07-18 16:00:00+00:00,2022-07-18 23:59:00+00:00,40.03,39.57462857142857,7.937758815409644,7.937758815409644
SOLUSDT,long,2022-07-20 08:00:00+00:00,2022-07-20 20:06:00+00:00,44.19,42.93177142857143,-1.0,-1.0
SOLUSDT,short,2022-08-10 12:00:00+00:00,2022-08-10 19:09:00+00:00,42.41,42.66178571428571,3.567375886524773,3.567375886524773
SOLUSDT,long,2022-08-13 12:00:00+00:00,2022-08-14 16:37:00+00:00,46.54,45.425599999999996,-1.0,-1.0
SOLUSDT,long,2022-09-12 16:00:00+00:00,2022-09-13 19:05:00+00:00,36.84,33.93491428571429,-1.0,-1.0
SOLUSDT,short,2022-09-14 12:00:00+00:00,2022-09-19 20:59:00+00:00,33.58,36.634971428571426,0.28805506715049806,0.28805506715049806
SOLUSDT,long,2022-10-26 04:00:00+00:00,2022-10-31 12:59:00+00:00,31.0,25.743314285714284,0.5193386381424464,0.5193386381424464
SOLUSDT,long,2022-11-06 08:00:00+00:00,2022-11-06 19:36:00+00:00,35.56,33.97651428571429,-1.0,-1.0
SOLUSDT,long,2022-12-15 04:00:00+00:00,2022-12-16 13:34:00+00:00,14.061,13.267788571428571,-1.0,-1.0
SOLUSDT,short,2023-02-14 00:00:00+00:00,2023-02-14 09:50:00+00:00,21.03,21.196678571428574,-1.0,-1.0
SOLUSDT,short,2023-02-15 16:00:00+00:00,2023-02-15 21:31:00+00:00,22.753,23.902228571428573,-1.0,-1.0
SOLUSDT,long,2023-02-21 20:00:00+00:00,2023-02-25 12:39:00+00:00,24.955,22.362622857142856,-1.0,-1.0
SOLUSDT,long,2023-03-14 20:00:00+00:00,2023-03-15 14:34:00+00:00,20.752,20.087594285714285,-1.0,-1.0
SOLUSDT,long,2023-04-12 00:00:00+00:00,2023-04-12 04:00:00+00:00,22.923,22.737154285714286,-1.0,-1.0
SOLUSDT,long,2023-04-14 12:00:00+00:00,2023-04-19 08:11:00+00:00,24.06,22.926571428571428,-1.0,-1.0
SOLUSDT,long,2023-04-26 16:00:00+00:00,2023-04-26 20:00:00+00:00,21.711,21.42008571428571,-1.0,-1.0
SOLUSDT,short,2023-05-28 16:00:00+00:00,2023-05-28 20:00:00+00:00,20.515,20.581589285714287,-1.0,-1.0
SOLUSDT,long,2023-05-30 16:00:00+00:00,2023-05-31 14:19:00+00:00,20.841,20.381365714285714,-1.0,-1.0
SOLUSDT,short,2023-06-02 04:00:00+00:00,2023-06-02 19:34:00+00:00,20.957,21.302525714285714,-1.0,-1.0
SOLUSDT,short,2023-06-21 08:00:00+00:00,2023-06-21 12:00:00+00:00,16.682,16.76898214285714,-1.0,-1.0
SOLUSDT,long,2023-06-30 12:00:00+00:00,2023-07-05 20:59:00+00:00,17.25,15.68876,0.958853219235992,0.958853219235992
SOLUSDT,long,2023-07-14 16:00:00+00:00,2023-07-14 20:22:00+00:00,25.955,25.497925714285717,-1.0,-1.0
SOLUSDT,long,2023-08-17 20:00:00+00:00,2023-08-18 03:13:00+00:00,22.034,21.297365714285714,-1.0,-1.0
SOLUSDT,short,2023-08-29 12:00:00+00:00,2023-09-03 20:59:00+00:00,21.202,22.023857142857143,2.013731965930825,2.013731965930825
SOLUSDT,short,2023-09-18 08:00:00+00:00,2023-09-19 09:01:00+00:00,19.592,20.374354285714286,-1.0,-1.0
SOLUSDT,long,2023-10-02 12:00:00+00:00,2023-10-04 16:00:00+00:00,23.698,22.567354285714288,-1.0,-1.0
SOLUSDT,long,2023-10-24 00:00:00+00:00,2023-10-24 04:44:00+00:00,31.61,31.284642857142856,-1.0,-1.0
SOLUSDT,long,2023-10-26 12:00:00+00:00,2023-10-26 16:00:00+00:00,31.65,31.29530357142857,-1.0,-1.0
SOLUSDT,long,2023-11-02 20:00:00+00:00,2023-11-03 00:06:00+00:00,41.05,39.45982285714285,-1.0,-1.0
SOLUSDT,long,2023-11-15 00:00:00+00:00,2023-11-15 13:17:00+00:00,55.58,53.895582857142855,3.947705522554646,3.947705522554646
SOLUSDT,short,2023-11-22 12:00:00+00:00,2023-11-27 20:59:00+00:00,55.399,61.99700571428571,0.2076384985593046,0.2076384985593046
SOLUSDT,short,2023-11-28 16:00:00+00:00,2023-12-04 00:59:00+00:00,57.576,67.34257714285714,-0.6250910539794319,-0.6250910539794319
SOLUSDT,long,2023-12-04 08:00:00+00:00,2023-12-04 12:05:00+00:00,59.984,59.46201714285714,3.4139380603632024,3.4139380603632024
SOLUSDT,long,2023-12-06 12:00:00+00:00,2023-12-09 17:05:00+00:00,62.611,58.80997142857143,3.016807480681927,3.016807480681927
SOLUSDT,long,2023-12-22 04:00:00+00:00,2023-12-22 09:03:00+00:00,93.52,92.49285714285713,-1.0,-1.0
SOLUSDT,long,2024-01-03 12:00:00+00:00,2024-01-03 16:01:00+00:00,88.86,87.91025,13.04264280073712,13.04264280073712
SOLUSDT,short,2024-01-08 16:00:00+00:00,2024-01-08 20:00:00+00:00,96.935,97.87389285714286,-1.0,-1.0
SOLUSDT,short,2024-01-17 00:00:00+00:00,2024-01-22 08:59:00+00:00,100.825,108.23637714285714,1.714661088627448,1.714661088627448
SOLUSDT,long,2024-02-28 16:00:00+00:00,2024-02-29 17:42:00+00:00,108.132,100.07089714285713,2.312574032762616,2.312574032762616
SOLUSDT,long,2024-03-06 12:00:00+00:00,2024-03-07 03:38:00+00:00,130.4,126.76512,2.1822233471256207,2.1822233471256207
SOLUSDT,long,2024-03-19 08:00:00+00:00,2024-03-19 12:15:00+00:00,176.253,173.67576785714283,2.074228304174591,2.074228304174591
SOLUSDT,long,2024-03-28 16:00:00+00:00,2024-03-30 07:27:00+00:00,186.073,182.40102285714286,2.901712740197571,2.901712740197571
SOLUSDT,long,2024-04-03 16:00:00+00:00,2024-04-03 21:03:00+00:00,184.506,182.80230357142858,-1.0,-1.0
SOLUSDT,short,2024-05-15 08:00:00+00:00,2024-05-15 12:31:00+00:00,144.706,148.6067657142857,-1.0,-1.0
SOLUSDT,long,2024-05-21 12:00:00+00:00,2024-05-23 20:00:00+00:00,176.219,165.55792,-1.0,-1.0
SOLUSDT,short,2024-05-31 20:00:00+00:00,2024-06-01 03:02:00+00:00,166.971,167.87382142857143,-1.0,-1.0
SOLUSDT,short,2024-06-17 16:00:00+00:00,2024-06-23 00:59:00+00:00,144.668,151.97088000000002,1.3860285257323126,1.3860285257323126
SOLUSDT,short,2024-07-02 16:00:00+00:00,2024-07-05 10:14:00+00:00,153.337,161.99167428571428,2.843934376006883,2.843934376006883
SOLUSDT,short,2024-07-08 04:00:00+00:00,2024-07-10 04:27:00+00:00,135.11,144.80921714285714,-1.0,-1.0
SOLUSDT,long,2024-07-23 12:00:00+00:00,2024-07-23 17:11:00+00:00,172.5,170.55932571428573,-1.0,-1.0
SOLUSDT,long,2024-07-29 20:00:00+00:00,2024-08-01 14:59:00+00:00,182.412,164.93853142857142,-1.0,-1.0
SOLUSDT,long,2024-08-02 12:00:00+00:00,2024-08-02 16:00:00+00:00,161.848,160.4410892857143,-1.0,-1.0
SOLUSDT,long,2024-08-04 16:00:00+00:00,2024-08-05 01:06:00+00:00,134.544,129.41255999999998,-1.0,-1.0
SOLUSDT,short,2024-08-16 12:00:00+00:00,2024-08-21 20:59:00+00:00,143.192,152.46641142857143,0.020702122337221112,0.020702122337221112
SOLUSDT,short,2024-08-20 20:00:00+00:00,2024-08-23 17:57:00+00:00,144.23,148.1316457142857,-1.0,-1.0
SOLUSDT,short,2024-08-24 16:00:00+00:00,2024-08-28 03:58:00+00:00,161.323,164.51465714285715,4.114271135460316,4.114271135460316
SOLUSDT,long,2024-09-16 00:00:00+00:00,2024-09-16 08:34:00+00:00,130.134,129.68480357142855,3.9221228384018083,3.9221228384018083
SOLUSDT,short,2024-09-19 04:00:00+00:00,2024-09-19 09:22:00+00:00,138.224,139.01142857142855,-1.0,-1.0
SOLUSDT,long,2024-09-20 16:00:00+00:00,2024-09-26 00:59:00+00:00,147.237,140.19885714285715,-0.003409990460145872,-0.003409990460145872
SOLUSDT,short,2024-10-08 08:00:00+00:00,2024-10-12 10:53:00+00:00,143.909,146.9833942857143,-1.0,-1.0
SOLUSDT,long,2024-11-05 04:00:00+00:00,2024-11-05 15:06:00+00:00,159.53,157.46366285714288,2.9974115688492615,2.9974115688492615
SOLUSDT,short,2024-11-06 00:00:00+00:00,2024-11-06 04:00:00+00:00,179.4,180.40069642857142,-1.0,-1.0
SOLUSDT,long,2024-11-12 08:00:00+00:00,2024-11-17 16:59:00+00:00,210.13,194.40422857142858,1.498177695575235,1.498177695575235
SOLUSDT,short,2024-11-29 00:00:00+00:00,2024-11-29 12:00:00+00:00,240.68,245.94645714285716,-1.0,-1.0
SOLUSDT,short,2024-12-05 12:00:00+00:00,2024-12-05 22:31:00+00:00,243.46,249.07422857142856,2.4661930401327354,2.4661930401327354
SOLUSDT,long,2024-12-06 08:00:00+00:00,2024-12-09 12:01:00+00:00,233.33,225.32217142857144,-1.0,-1.0
SOLUSDT,short,2024-12-18 08:00:00+00:00,2024-12-19 21:06:00+00:00,220.23,228.0208,3.2652872618986386,3.2652872618986386
SOLUSDT,short,2024-12-31 20:00:00+00:00,2025-01-02 01:06:00+00:00,194.53,197.67685714285713,-1.0,-1.0
SOLUSDT,short,2025-01-16 12:00:00+00:00,2025-01-16 16:04:00+00:00,216.18,217.6732,3.962496651486732,3.962496651486732
SOLUSDT,long,2025-01-28 00:00:00+00:00,2025-02-01 20:06:00+00:00,232.37,220.07497142857142,-1.0,-1.0
SOLUSDT,long,2025-03-03 08:00:00+00:00,2025-03-03 14:51:00+00:00,161.703,159.7462142857143,-1.0,-1.0
SOLUSDT,short,2025-03-24 04:00:00+00:00,2025-03-24 10:32:00+00:00,138.83,141.3701714285714,-1.0,-1.0
SOLUSDT,short,2025-04-04 12:00:00+00:00,2025-04-09 20:59:00+00:00,120.88,130.3166857142857,0.09007399692385885,0.09007399692385885
SOLUSDT,short,2025-04-10 04:00:00+00:00,2025-04-15 12:59:00+00:00,115.97,136.6225142857143,-0.8003868086625218,-0.8003868086625218
SOLUSDT,short,2025-04-16 16:00:00+00:00,2025-04-19 02:11:00+00:00,131.47,136.3717142857143,-1.0,-1.0
SOLUSDT,short,2025-05-04 20:00:00+00:00,2025-05-05 22:41:00+00:00,145.99,147.62702857142858,-1.0,-1.0
SOLUSDT,long,2025-05-11 12:00:00+00:00,2025-05-12 07:08:00+00:00,171.13,168.37845714285714,2.223645954477496,2.223645954477496
SOLUSDT,long,2025-05-14 00:00:00+00:00,2025-05-15 14:17:00+00:00,176.39,167.82577142857144,-1.0,-1.0
SOLUSDT,long,2025-05-23 16:00:00+00:00,2025-05-23 20:13:00+00:00,179.022,177.63592857142856,-1.0,-1.0
SOLUSDT,long,2025-06-11 04:00:00+00:00,2025-06-11 18:17:00+00:00,163.91,162.28005714285715,-1.0,-1.0
SOLUSDT,short,2025-06-12 16:00:00+00:00,2025-06-13 00:41:00+00:00,158.69,161.0658857142857,6.012121795180139,6.012121795180139
SOLUSDT,short,2025-06-22 00:00:00+00:00,2025-06-22 10:24:00+00:00,137.28,138.6576,2.9198606271777017,2.9198606271777017
SOLUSDT,short,2025-06-27 20:00:00+00:00,2025-06-28 15:57:00+00:00,142.07,148.19788571428572,-1.0,-1.0
SOLUSDT,long,2025-07-12 12:00:00+00:00,2025-07-14 05:52:00+00:00,159.82,157.27982857142857,2.480080084583722,2.480080084583722
SOLUSDT,long,2025-07-17 00:00:00+00:00,2025-07-22 08:59:00+00:00,172.03,156.81194285714287,1.6388425779900577,1.6388425779900577
SOLUSDT,short,2025-07-30 04:00:00+00:00,2025-07-30 10:05:00+00:00,182.84,183.91517857142858,2.962132536123527,2.962132536123527
SOLUSDT,short,2025-07-31 12:00:00+00:00,2025-08-01 00:58:00+00:00,180.82,183.82565714285715,3.5181467328275886,3.5181467328275886
SOLUSDT,long,2025-08-11 20:00:00+00:00,2025-08-13 05:31:00+00:00,175.343,172.52389142857143,7.7995901439969355,7.7995901439969355
SOLUSDT,long,2025-08-14 12:00:00+00:00,2025-08-14 21:26:00+00:00,195.528,188.68105714285716,-1.0,-1.0
SOLUSDT,long,2025-08-19 04:00:00+00:00,2025-08-19 16:50:00+00:00,180.68,176.8253714285714,-1.0,-1.0
SOLUSDT,long,2025-09-01 20:00:00+00:00,2025-09-02 00:00:00+00:00,198.3,197.0974857142857,-1.0,-1.0
SOLUSDT,short,2025-09-23 04:00:00+00:00,2025-09-26 16:11:00+00:00,219.62,227.82074285714285,2.524070990084529,2.524070990084529
SOLUSDT,long,2025-10-10 20:00:00+00:00,2025-10-12 21:33:00+00:00,175.0,169.63685714285714,3.443290181663203,3.443290181663203
SOLUSDT,short,2025-10-14 12:00:00+00:00,2025-10-19 20:59:00+00:00,197.43,209.8085142857143,0.6365868971120462,0.6365868971120462
SOLUSDT,short,2025-10-23 04:00:00+00:00,2025-10-26 12:00:00+00:00,187.36,198.1136,-1.0,-1.0
SOLUSDT,short,2025-11-11 00:00:00+00:00,2025-11-16 08:59:00+00:00,170.9,189.38754285714285,1.5556421003177452,1.5556421003177452
SOLUSDT,long,2025-12-04 16:00:00+00:00,2025-12-04 20:00:00+00:00,141.26,140.30017857142857,-1.0,-1.0
SOLUSDT,short,2025-12-16 20:00:00+00:00,2025-12-22 04:59:00+00:00,128.57,135.66914285714287,0.2958103593995233,0.2958103593995233
SOLUSDT,short,2025-12-27 00:00:00+00:00,2025-12-27 22:00:00+00:00,122.66,124.59262857142858,-1.0,-1.0
SOLUSDT,short,2026-01-01 08:00:00+00:00,2026-01-01 17:30:00+00:00,124.77,125.29497142857143,-1.0,-1.0
SOLUSDT,long,2026-01-06 04:00:00+00:00,2026-01-11 12:59:00+00:00,136.08,125.54480000000001,0.08827549548181127,0.08827549548181127
SOLUSDT,long,2026-01-14 08:00:00+00:00,2026-01-19 00:00:00+00:00,143.76,137.2865142857143,-1.0,-1.0
SOLUSDT,long,2026-02-27 08:00:00+00:00,2026-02-27 12:00:00+00:00,84.81,83.37428571428572,-1.0,-1.0
SOLUSDT,long,2026-03-03 12:00:00+00:00,2026-03-04 23:33:00+00:00,82.69,78.91685714285714,2.0372557928214463,2.0372557928214463
SOLUSDT,long,2026-03-05 20:00:00+00:00,2026-03-06 04:41:00+00:00,88.95,87.60394285714285,-1.0,-1.0
SOLUSDT,long,2026-04-08 20:00:00+00:00,2026-04-09 00:39:00+00:00,82.677,82.21325,-1.0,-1.0
SOLUSDT,long,2026-04-10 00:00:00+00:00,2026-04-10 04:00:00+00:00,83.43,82.94035714285715,-1.0,-1.0
SOLUSDT,short,2026-06-15 12:00:00+00:00,2026-06-20 20:59:00+00:00,75.133,79.77391428571428,0.6815467395587066,0.6815467395587066
SOLUSDT,long,2026-06-27 20:00:00+00:00,2026-06-30 23:59:00+00:00,70.74,63.813428571428574,0.417233840696284,0.417233840696284
XRPUSDT,long,2022-03-18 08:00:00+00:00,2022-03-19 06:33:00+00:00,0.7818,0.7681359999999999,2.0152224824355636,2.0152224824355636
XRPUSDT,long,2022-03-31 16:00:00+00:00,2022-03-31 22:04:00+00:00,0.8013,0.7957071428571428,2.558109833971886,2.558109833971886
XRPUSDT,short,2022-04-06 04:00:00+00:00,2022-04-06 11:33:00+00:00,0.8257,0.833788,3.846686449060347,3.846686449060347
XRPUSDT,short,2022-04-15 00:00:00+00:00,2022-04-15 04:00:00+00:00,0.7441,0.7742582857142858,-1.0,-1.0
XRPUSDT,long,2022-07-18 12:00:00+00:00,2022-07-18 18:03:00+00:00,0.3617,0.3563085714285714,-1.0,-1.0
XRPUSDT,short,2022-07-18 20:00:00+00:00,2022-07-24 04:59:00+00:00,0.3641,0.3878502857142857,0.22736568582633415,0.22736568582633415
XRPUSDT,long,2022-08-16 00:00:00+00:00,2022-08-16 10:29:00+00:00,0.3694,0.36749464285714284,3.1462043111527223,3.1462043111527223
XRPUSDT,long,2022-09-10 00:00:00+00:00,2022-09-15 08:59:00+00:00,0.3463,0.326772,-0.32773453502662947,-0.32773453502662947
XRPUSDT,long,2022-09-14 00:00:00+00:00,2022-09-18 01:32:00+00:00,0.3332,0.32077657142857147,2.8797663400947666,2.8797663400947666
XRPUSDT,long,2022-09-21 08:00:00+00:00,2022-09-21 18:00:00+00:00,0.3963,0.3795965714285714,-1.0,-1.0
XRPUSDT,short,2022-10-14 00:00:00+00:00,2022-10-14 13:01:00+00:00,0.498,0.5112371428571428,-1.0,-1.0
XRPUSDT,short,2022-10-19 20:00:00+00:00,2022-10-20 00:50:00+00:00,0.4639,0.4682217142857143,2.3782890387412157,2.3782890387412157
XRPUSDT,short,2022-10-21 04:00:00+00:00,2022-10-24 00:33:00+00:00,0.4496,0.47278971428571426,-1.0,-1.0
XRPUSDT,short,2022-10-25 16:00:00+00:00,2022-10-25 21:58:00+00:00,0.4727,0.4783817142857143,2.097656642864325,2.097656642864325
XRPUSDT,short,2022-12-14 12:00:00+00:00,2022-12-14 18:59:00+00:00,0.3939,0.39547142857142853,8.48181818181825,8.48181818181825
XRPUSDT,short,2023-01-09 12:00:00+00:00,2023-01-09 20:17:00+00:00,0.3566,0.35909885714285716,2.121426938028742,2.121426938028742
XRPUSDT,short,2023-01-11 16:00:00+00:00,2023-01-11 23:33:00+00:00,0.3648,0.3736337142857143,-1.0,-1.0
XRPUSDT,long,2023-01-12 04:00:00+00:00,2023-01-12 10:06:00+00:00,0.3717,0.36965714285714285,-1.0,-1.0
XRPUSDT,short,2023-01-12 20:00:00+00:00,2023-01-13 04:02:00+00:00,0.3756,0.37995199999999996,-1.0,-1.0
XRPUSDT,long,2023-01-13 08:00:00+00:00,2023-01-13 13:07:00+00:00,0.3727,0.36972628571428573,-1.0,-1.0
XRPUSDT,long,2023-01-14 12:00:00+00:00,2023-01-16 06:31:00+00:00,0.3816,0.3749977142857143,2.7259823437770727,2.7259823437770727
XRPUSDT,long,2023-01-16 08:00:00+00:00,2023-01-18 16:22:00+00:00,0.3752,0.3645034285714286,-1.0,-1.0
XRPUSDT,long,2023-01-25 00:00:00+00:00,2023-01-25 22:10:00+00:00,0.3968,0.39183714285714283,4.561312607944719,4.561312607944719
XRPUSDT,long,2023-02-21 20:00:00+00:00,2023-02-24 15:17:00+00:00,0.392,0.3799228571428571,-1.0,-1.0
XRPUSDT,long,2023-03-09 20:00:00+00:00,2023-03-10 00:16:00+00:00,0.3701,0.3675589285714286,-1.0,-1.0
XRPUSDT,long,2023-03-18 08:00:00+00:00,2023-03-21 13:46:00+00:00,0.377,0.36760857142857145,4.643443869790094,4.643443869790094
XRPUSDT,long,2023-03-20 04:00:00+00:00,2023-03-20 13:36:00+00:00,0.3912,0.3777702857142857,-1.0,-1.0
XRPUSDT,long,2023-03-22 00:00:00+00:00,2023-03-22 11:37:00+00:00,0.4539,0.44369257142857144,-1.0,-1.0
XRPUSDT,long,2023-03-24 08:00:00+00:00,2023-03-29 16:59:00+00:00,0.4265,0.36864057142857143,1.9651075513066159,1.9651075513066159
XRPUSDT,long,2023-05-31 04:00:00+00:00,2023-06-04 21:03:00+00:00,0.5102,0.500072,2.6137440758293713,2.6137440758293713
XRPUSDT,short,2023-07-13 16:00:00+00:00,2023-07-13 20:01:00+00:00,0.8692,0.8733071428571428,11.173913043478223,11.173913043478223
XRPUSDT,long,2023-07-14 12:00:00+00:00,2023-07-14 16:28:00+00:00,0.7811,0.7586537142857143,-1.0,-1.0
XRPUSDT,short,2023-07-31 00:00:00+00:00,2023-07-31 04:37:00+00:00,0.7132,0.7156571428571428,3.924418604651228,3.924418604651228
XRPUSDT,short,2023-09-11 16:00:00+00:00,2023-09-17 00:59:00+00:00,0.4853,0.5825965714285714,-0.10483411542911507,-0.10483411542911507
XRPUSDT,long,2023-09-20 04:00:00+00:00,2023-09-20 10:31:00+00:00,0.5116,0.5093982142857143,-1.0,-1.0
XRPUSDT,short,2023-09-29 12:00:00+00:00,2023-09-29 16:02:00+00:00,0.5441,0.5457323000000001,6.657906022177191,6.657906022177191
XRPUSDT,long,2023-09-30 04:00:00+00:00,2023-10-02 18:39:00+00:00,0.5211,0.4993714285714286,-1.0,-1.0
XRPUSDT,long,2023-10-20 12:00:00+00:00,2023-10-20 16:15:00+00:00,0.5012,0.49803028571428576,6.098431584640517,6.098431584640517
XRPUSDT,long,2023-10-21 20:00:00+00:00,2023-10-27 04:59:00+00:00,0.52,0.4806725714285714,0.8035104543539203,0.8035104543539203
XRPUSDT,long,2023-10-25 04:00:00+00:00,2023-10-30 12:59:00+00:00,0.5428,0.5084388571428572,0.6257067784208116,0.6257067784208116
XRPUSDT,long,2023-11-09 16:00:00+00:00,2023-11-13 20:51:00+00:00,0.6344,0.6034622857142857,2.0415950942908405,2.0415950942908405
XRPUSDT,long,2023-11-11 20:00:00+00:00,2023-11-12 00:16:00+00:00,0.6663,0.6599,-1.0,-1.0
XRPUSDT,long,2023-11-21 12:00:00+00:00,2023-11-21 16:34:00+00:00,0.6029,0.6003839285714285,-1.0,-1.0
XRPUSDT,long,2023-12-05 04:00:00+00:00,2023-12-05 08:31:00+00:00,0.6152,0.6103594285714287,-1.0,-1.0
XRPUSDT,long,2023-12-07 08:00:00+00:00,2023-12-08 12:20:00+00:00,0.6333,0.627108,3.0051679586563536,3.0051679586563536
XRPUSDT,short,2024-01-02 00:00:00+00:00,2024-01-03 12:02:00+00:00,0.6325,0.6435194285714286,3.2198195395145808,3.2198195395145808
XRPUSDT,long,2024-01-11 20:00:00+00:00,2024-01-12 01:03:00+00:00,0.6036,0.5983553571428571,-1.0,-1.0
XRPUSDT,long,2024-02-13 12:00:00+00:00,2024-02-15 01:28:00+00:00,0.5133,0.5048062857142857,3.026506996770703,3.026506996770703
XRPUSDT,short,2024-02-15 20:00:00+00:00,2024-02-16 03:28:00+00:00,0.5697,0.5751445714285714,-1.0,-1.0
XRPUSDT,long,2024-02-17 12:00:00+00:00,2024-02-18 06:22:00+00:00,0.5451,0.54112,2.6180904522613138,2.6180904522613138
XRPUSDT,short,2024-02-27 00:00:00+00:00,2024-02-27 04:02:00+00:00,0.5616,0.5632848,4.10446343779661,4.10446343779661
XRPUSDT,long,2024-02-28 16:00:00+00:00,2024-02-28 20:06:00+00:00,0.5306,0.527075,9.241134751773055,9.241134751773055
XRPUSDT,long,2024-03-04 16:00:00+00:00,2024-03-05 19:38:00+00:00,0.6332,0.5932005714285714,-1.0,-1.0
XRPUSDT,long,2024-03-08 12:00:00+00:00,2024-03-08 16:01:00+00:00,0.5922,0.5858977142857144,3.1413546105722094,3.1413546105722094
XRPUSDT,long,2024-03-16 16:00:00+00:00,2024-03-16 23:18:00+00:00,0.6204,0.5944285714285714,-1.0,-1.0
XRPUSDT,short,2024-04-09 16:00:00+00:00,2024-04-09 21:02:00+00:00,0.623,0.6271668571428571,-1.0,-1.0
XRPUSDT,long,2024-04-10 00:00:00+00:00,2024-04-12 17:28:00+00:00,0.6048,0.576724,-1.0,-1.0
XRPUSDT,long,2024-05-07 20:00:00+00:00,2024-05-08 00:25:00+00:00,0.5252,0.5222642857142857,-1.0,-1.0
XRPUSDT,long,2024-05-20 00:00:00+00:00,2024-05-25 08:59:00+00:00,0.5064,0.4723542857142857,0.8312353138637136,0.8312353138637136
XRPUSDT,long,2024-05-23 00:00:00+00:00,2024-05-23 13:50:00+00:00,0.5301,0.5105548571428571,-1.0,-1.0
XRPUSDT,long,2024-05-28 12:00:00+00:00,2024-05-28 18:37:00+00:00,0.5278,0.5233177142857143,-1.0,-1.0
XRPUSDT,long,2024-06-07 16:00:00+00:00,2024-06-07 20:00:00+00:00,0.504,0.5021948571428572,-1.0,-1.0
XRPUSDT,short,2024-06-18 20:00:00+00:00,2024-06-19 00:41:00+00:00,0.4899,0.49384464285714286,-1.0,-1.0
XRPUSDT,short,2024-07-03 00:00:00+00:00,2024-07-04 02:02:00+00:00,0.486,0.49917485714285714,2.5446304649548863,2.5446304649548863
XRPUSDT,short,2024-07-12 16:00:00+00:00,2024-07-12 20:00:00+00:00,0.4625,0.4649571428571429,-1.0,-1.0
XRPUSDT,long,2024-07-14 12:00:00+00:00,2024-07-14 23:59:00+00:00,0.5232,0.518224,-1.0,-1.0
XRPUSDT,long,2024-07-15 20:00:00+00:00,2024-07-16 18:45:00+00:00,0.5303,0.5142862857142858,3.015308307165313,3.015308307165313
XRPUSDT,long,2024-07-20 12:00:00+00:00,2024-07-21 05:16:00+00:00,0.5847,0.5798732142857143,3.827229004809441,3.827229004809441
XRPUSDT,long,2024-07-23 04:00:00+00:00,2024-07-23 16:53:00+00:00,0.5999,0.5856594285714285,-1.0,-1.0
XRPUSDT,long,2024-08-05 16:00:00+00:00,2024-08-06 01:32:00+00:00,0.4853,0.47837857142857143,3.4066047471620218,3.4066047471620218
XRPUSDT,long,2024-08-09 00:00:00+00:00,2024-08-09 04:52:00+00:00,0.614,0.6052457142857143,-1.0,-1.0
XRPUSDT,short,2024-08-19 08:00:00+00:00,2024-08-19 12:56:00+00:00,0.5884,0.5903251428571429,3.88275452656581,3.88275452656581
XRPUSDT,short,2024-09-04 00:00:00+00:00,2024-09-04 07:41:00+00:00,0.5649,0.5692571428571429,2.557377049180244,2.557377049180244
XRPUSDT,short,2024-09-14 00:00:00+00:00,2024-09-14 11:23:00+00:00,0.5777,0.5884371428571429,-1.0,-1.0
XRPUSDT,long,2024-09-28 04:00:00+00:00,2024-09-28 08:01:00+00:00,0.5881,0.5862354285714285,11.01348452344467,11.01348452344467
XRPUSDT,long,2024-09-30 00:00:00+00:00,2024-10-01 15:10:00+00:00,0.6383,0.5947211428571428,-1.0,-1.0
XRPUSDT,short,2024-10-07 00:00:00+00:00,2024-10-12 08:59:00+00:00,0.5441,0.6306468571428572,0.06008305987838112,0.06008305987838112
XRPUSDT,short,2024-10-16 08:00:00+00:00,2024-10-17 04:38:00+00:00,0.5415,0.5562142857142857,-1.0,-1.0
XRPUSDT,long,2024-10-21 12:00:00+00:00,2024-10-22 09:05:00+00:00,0.5484,0.5356497142857143,-1.0,-1.0
XRPUSDT,long,2024-11-06 12:00:00+00:00,2024-11-07 03:36:00+00:00,0.5287,0.5179114285714286,3.625264830508505,3.625264830508505
XRPUSDT,short,2024-11-08 00:00:00+00:00,2024-11-08 10:47:00+00:00,0.5604,0.5650297142857142,2.1103431251543086,2.1103431251543086
XRPUSDT,long,2024-11-08 16:00:00+00:00,2024-11-10 14:37:00+00:00,0.5486,0.5282822857142857,2.4797221284733957,2.4797221284733957
XRPUSDT,long,2024-11-12 12:00:00+00:00,2024-11-12 16:07:00+00:00,0.6216,0.6081914285714286,3.653739612188364,3.653739612188364
XRPUSDT,long,2024-12-08 00:00:00+00:00,2024-12-08 08:21:00+00:00,2.5708,2.5185977142857143,-1.0,-1.0
XRPUSDT,long,2025-01-08 12:00:00+00:00,2025-01-08 17:08:00+00:00,2.2948,2.256544,-1.0,-1.0
XRPUSDT,long,2025-01-09 16:00:00+00:00,2025-01-15 00:59:00+00:00,2.3121,2.1914645714285714,3.0206714919095052,3.0206714919095052
XRPUSDT,long,2025-01-19 20:00:00+00:00,2025-01-25 04:59:00+00:00,2.8559,2.619515428571429,1.0973643433339861,1.0973643433339861
XRPUSDT,long,2025-02-02 16:00:00+00:00,2025-02-03 00:31:00+00:00,2.6383,2.3241440000000004,-1.0,-1.0
XRPUSDT,long,2025-02-04 20:00:00+00:00,2025-02-05 18:51:00+00:00,2.427,2.365405357142857,-1.0,-1.0
XRPUSDT,short,2025-02-25 20:00:00+00:00,2025-03-02 15:41:00+00:00,2.3347,2.622334857142857,-1.0,-1.0
XRPUSDT,long,2025-03-03 08:00:00+00:00,2025-03-03 12:17:00+00:00,2.5326,2.4976946428571427,3.368956873177452,3.368956873177452
XRPUSDT,short,2025-04-03 16:00:00+00:00,2025-04-07 08:33:00+00:00,2.0699,2.2073782857142854,2.3241613220997075,2.3241613220997075
XRPUSDT,short,2025-04-07 12:00:00+00:00,2025-04-12 13:47:00+00:00,2.0026,2.1763302857142857,-1.0,-1.0
XRPUSDT,short,2025-04-14 16:00:00+00:00,2025-04-14 20:12:00+00:00,2.1391,2.154769642857143,-1.0,-1.0
XRPUSDT,long,2025-05-10 04:00:00+00:00,2025-05-10 17:49:00+00:00,2.3492,2.3166851428571427,2.097045746120413,2.097045746120413
XRPUSDT,long,2025-05-11 20:00:00+00:00,2025-05-12 13:37:00+00:00,2.4032,2.339841142857143,2.974187846101116,2.974187846101116
XRPUSDT,short,2025-05-18 04:00:00+00:00,2025-05-18 13:40:00+00:00,2.3541,2.409991428571429,-1.0,-1.0
XRPUSDT,short,2025-05-19 16:00:00+00:00,2025-05-20 08:30:00+00:00,2.404,2.418123214285714,3.8289290681502512,3.8289290681502512
XRPUSDT,long,2025-05-21 04:00:00+00:00,2025-05-21 09:07:00+00:00,2.3543,2.3411910714285713,-1.0,-1.0
XRPUSDT,long,2025-06-11 20:00:00+00:00,2025-06-12 03:20:00+00:00,2.252,2.240665142857143,-1.0,-1.0
XRPUSDT,long,2025-06-27 00:00:00+00:00,2025-06-27 06:09:00+00:00,2.0978,2.0892660714285713,-1.0,-1.0
XRPUSDT,short,2025-06-30 16:00:00+00:00,2025-06-30 20:00:00+00:00,2.2563,2.2630689,-1.0,-1.0
XRPUSDT,long,2025-07-04 04:00:00+00:00,2025-07-04 08:00:00+00:00,2.2366,2.226676785714286,-1.0,-1.0
XRPUSDT,long,2025-07-11 20:00:00+00:00,2025-07-12 15:15:00+00:00,2.7386,2.688472,-1.0,-1.0
XRPUSDT,long,2025-07-15 00:00:00+00:00,2025-07-15 18:33:00+00:00,2.806,2.7603697142857144,2.090052972336675,2.090052972336675
XRPUSDT,short,2025-08-25 12:00:00+00:00,2025-08-30 20:59:00+00:00,2.9671,3.1320177142857144,0.9865526011240225,0.9865526011240225
XRPUSDT,short,2025-10-14 12:00:00+00:00,2025-10-19 20:59:00+00:00,2.4796,2.5887051428571426,0.690159950558833,0.690159950558833
XRPUSDT,short,2025-10-22 04:00:00+00:00,2025-10-24 12:30:00+00:00,2.4335,2.4843439999999997,-1.0,-1.0
XRPUSDT,short,2025-10-29 16:00:00+00:00,2025-10-30 04:36:00+00:00,2.6405,2.678692,3.1081901968998693,3.1081901968998693
XRPUSDT,short,2026-01-03 00:00:00+00:00,2026-01-03 04:00:00+00:00,2.0161,2.0239196428571424,-1.0,-1.0
XRPUSDT,long,2026-01-06 16:00:00+00:00,2026-01-08 00:21:00+00:00,2.2141,2.150743428571429,-1.0,-1.0
XRPUSDT,long,2026-01-15 16:00:00+00:00,2026-01-16 15:33:00+00:00,2.0526,2.031844571428571,-1.0,-1.0
XRPUSDT,long,2026-03-06 12:00:00+00:00,2026-03-11 20:59:00+00:00,1.3557,1.3104891428571428,0.7763621886019828,0.7763621886019828
XRPUSDT,long,2026-03-12 00:00:00+00:00,2026-03-17 03:35:00+00:00,1.3778,1.3184697142857142,2.8530068960203465,2.8530068960203465
XRPUSDT,long,2026-03-18 00:00:00+00:00,2026-03-18 11:31:00+00:00,1.5186,1.4940788571428572,-1.0,-1.0
XRPUSDT,short,2026-03-18 20:00:00+00:00,2026-03-24 04:59:00+00:00,1.4732,1.5549628571428573,0.7962050529405608,0.7962050529405608
XRPUSDT,long,2026-04-08 16:00:00+00:00,2026-04-14 00:59:00+00:00,1.3593,1.2919405714285714,0.03266060960815725,0.03266060960815725
XRPUSDT,long,2026-04-12 00:00:00+00:00,2026-04-12 04:15:00+00:00,1.3313,1.3273061,-1.0,-1.0
XRPUSDT,long,2026-04-17 08:00:00+00:00,2026-04-22 16:59:00+00:00,1.4351,1.3332028571428571,0.10893337819649952,0.10893337819649952
XRPUSDT,long,2026-04-24 00:00:00+00:00,2026-04-27 13:25:00+00:00,1.4309,1.4065845714285714,-1.0,-1.0
XRPUSDT,short,2026-04-29 20:00:00+00:00,2026-05-04 01:56:00+00:00,1.3832,1.4070897142857142,-1.0,-1.0
XRPUSDT,long,2026-05-07 20:00:00+00:00,2026-05-13 04:59:00+00:00,1.3827,1.3345417142857143,1.6404238404309592,1.6404238404309592
XRPUSDT,long,2026-05-18 00:00:00+00:00,2026-05-18 06:07:00+00:00,1.3855,1.3809589285714285,-1.0,-1.0
XRPUSDT,short,2026-06-15 16:00:00+00:00,2026-06-15 22:38:00+00:00,1.2871,1.294126857142857,5.916321053915616,5.916321053915616
