symbol,entry_time,exit_time,exit_time_15m,side,setup,matched_rule,r_multiple,r15m,hours_to_expiry,expiry_blocked,applied_risk_pct,pretp1,taken,pnl_krw
ADAUSDT,2022-02-09 16:00:00+00:00,2022-02-09 20:00:00+00:00,2022-02-10 03:30:00+00:00,short,a_mss+a_room+a_volume,a_mss+a_room+a_volume||up||short,0.1328804630593141,2.188403028095732,376.0,False,1.4024953958902748,False,True,153461.0
AVAXUSDT,2022-02-22 00:00:00+00:00,2022-02-22 04:00:00+00:00,2022-02-22 14:00:00+00:00,long,a_fvg_absent+a_ob+a_room+a_trend_counter+a_vol_expansion,a_fvg_absent+a_ob+a_room+a_trend_counter+a_vol_expansion||down||long,0.2049939448801168,2.109798823683918,80.0,False,6.000265304936625,False,True,652395.0
BTCUSDT,2022-02-24 08:00:00+00:00,2022-02-24 20:00:00+00:00,2022-02-24 20:00:00+00:00,short,a_mss+a_room+a_volume,a_mss+a_room+a_volume||down||short,-1.0113445912899826,-1.0113445912899826,24.0,True,1.4024953958902748,True,False,0.0
ETHUSDT,2022-02-24 08:00:00+00:00,2022-02-24 20:00:00+00:00,2022-02-24 20:00:00+00:00,short,a_mss+a_room+a_volume,a_mss+a_room+a_volume||down||short,-1.0099580705574176,-1.0099580705574176,24.0,True,1.4024953958902748,True,False,0.0
SOLUSDT,2022-02-24 08:00:00+00:00,2022-03-01 00:00:00+00:00,2022-03-01 00:00:00+00:00,short,a_room+a_score_ge13+a_vol_expansion+a_volume,a_room+a_score_ge13+a_vol_expansion+a_volume||down||short,-1.007580673105455,-1.007580673105455,24.0,True,0.0,True,False,0.0
BNBUSDT,2022-02-24 12:00:00+00:00,2022-02-26 00:00:00+00:00,2022-02-26 00:30:00+00:00,short,a_room+a_score_ge13+a_vol_expansion+a_volume,a_room+a_score_ge13+a_vol_expansion+a_volume||down||short,-1.0091243890766697,-1.0091243890766697,20.0,True,0.0,True,False,0.0
LINKUSDT,2022-02-24 16:00:00+00:00,2022-02-26 00:00:00+00:00,2022-02-26 00:30:00+00:00,short,a_room+a_score_ge13+a_vol_expansion+a_volume,a_room+a_score_ge13+a_vol_expansion+a_volume||down||short,-1.006009681201794,-1.0060096812017938,16.0,True,0.0,True,False,0.0
ADAUSDT,2022-02-24 16:00:00+00:00,2022-02-28 00:00:00+00:00,2022-02-28 03:45:00+00:00,short,a_room+a_score_ge13+a_vol_expansion+a_volume,a_room+a_score_ge13+a_vol_expansion+a_volume||down||short,-0.3819366290424016,-0.3819366290424016,16.0,True,0.0,True,False,0.0
AVAXUSDT,2022-03-01 08:00:00+00:00,2022-03-03 08:00:00+00:00,2022-03-03 11:45:00+00:00,long,a_room+a_vol_expansion+a_volume,a_room+a_vol_expansion+a_volume||up||long,-0.1300581940414523,-0.1300581940414524,576.0,False,0.996462384418414,True,True,-10764.0
BTCUSDT,2022-03-01 08:00:00+00:00,2022-03-01 16:00:00+00:00,2022-03-01 13:15:00+00:00,long,a_trend_counter+a_vol_expansion+a_volume,a_trend_counter+a_vol_expansion+a_volume||up||long,1.6791812876213783,2.2020314419893454,576.0,False,2.4103622724368643,False,True,440849.0
BNBUSDT,2022-03-01 12:00:00+00:00,2022-03-03 12:00:00+00:00,2022-03-03 15:45:00+00:00,long,a_room+a_vol_expansion+a_volume,a_room+a_vol_expansion+a_volume||up||long,-0.0275027547843142,-0.0275027547843142,572.0,False,0.996462384418414,True,True,-2276.0
SOLUSDT,2022-03-02 20:00:00+00:00,2022-03-04 16:00:00+00:00,2022-03-04 19:00:00+00:00,long,a_trend_counter+a_vol_expansion+a_volume,a_trend_counter+a_vol_expansion+a_volume||up||long,-1.0093307889608207,-1.0093307889608207,540.0,False,2.4103622724368643,True,True,-212794.0
BNBUSDT,2022-03-10 12:00:00+00:00,2022-03-10 16:00:00+00:00,2022-03-10 16:00:00+00:00,long,a_fvg_absent+a_ob+a_room+a_trend_counter,a_fvg_absent+a_ob+a_room+a_trend_counter||up||long,-1.0778276994514482,-1.0778276994514484,356.0,False,1.056555032293037,True,True,-97034.0
SOLUSDT,2022-03-17 12:00:00+00:00,2022-03-17 20:00:00+00:00,2022-03-17 19:45:00+00:00,short,a_fvg_absent+a_ob+a_room+a_trend_counter,a_fvg_absent+a_ob+a_room+a_trend_counter||up||short,0.1904708457140713,0.1904708457140719,188.0,False,1.056555032293037,False,True,16952.0
XRPUSDT,2022-03-18 08:00:00+00:00,2022-03-19 08:00:00+00:00,2022-03-19 06:15:00+00:00,long,a_fvg_absent+a_room+a_volume,a_fvg_absent+a_room+a_volume||up||long,1.8019534396955408,2.07991743266978,168.0,False,1.6227227595325122,False,True,284888.0
ETHUSDT,2022-03-23 04:00:00+00:00,2022-03-24 04:00:00+00:00,2022-03-24 00:30:00+00:00,long,a_fvg_absent+a_ob+a_score_ge13+a_volume,a_fvg_absent+a_ob+a_score_ge13+a_volume||range||long,1.9865286478490407,2.1718276111739905,52.0,False,2.3594458374095173,False,True,447131.0
DOGEUSDT,2022-03-28 20:00:00+00:00,2022-03-29 16:00:00+00:00,2022-03-29 16:00:00+00:00,long,a_room+a_vol_expansion+a_volume,a_room+a_vol_expansion+a_volume||up||long,0.2303808341266906,0.2303808341266909,756.0,False,0.996462384418414,False,True,21058.0
AVAXUSDT,2022-03-28 20:00:00+00:00,2022-03-29 08:00:00+00:00,2022-03-29 02:45:00+00:00,long,a_fvg_absent+a_room+a_volume,a_fvg_absent+a_room+a_volume||up||long,2.9392308397035736,2.862243035537159,756.0,False,1.6227227595325122,False,True,426043.0
BNBUSDT,2022-03-31 00:00:00+00:00,2022-03-31 16:00:00+00:00,2022-03-31 16:30:00+00:00,long,a_score_ge13+a_vol_expansion+a_volume,a_score_ge13+a_vol_expansion+a_volume||up||long,-1.0265664916179966,-1.0265664916179966,704.0,False,0.0,True,False,0.0
LINKUSDT,2022-03-31 12:00:00+00:00,2022-03-31 16:00:00+00:00,2022-03-31 16:30:00+00:00,long,a_room+a_vol_expansion+a_volume,a_room+a_vol_expansion+a_volume||up||long,-1.0365757981007533,-1.036575798100753,692.0,False,0.996462384418414,True,True,-99365.0
XRPUSDT,2022-03-31 16:00:00+00:00,2022-04-03 08:00:00+00:00,2022-03-31 21:45:00+00:00,long,a_room+a_score_ge13+a_vol_expansion+a_volume,a_room+a_score_ge13+a_vol_expansion+a_volume||up||long,2.92362287356321,2.131783997445716,688.0,False,0.0,False,False,0.0
ADAUSDT,2022-04-02 12:00:00+00:00,2022-04-02 16:00:00+00:00,2022-04-02 18:00:00+00:00,long,a_fvg_absent+a_ob+a_score_ge13+a_volume,a_fvg_absent+a_ob+a_score_ge13+a_volume||down||long,-1.0619269317420692,-1.0619269317420692,644.0,False,2.3594458374095173,True,True,-301182.0
BNBUSDT,2022-04-02 12:00:00+00:00,2022-04-03 00:00:00+00:00,2022-04-03 01:15:00+00:00,long,a_fvg_absent+a_room+a_vol_expansion+a_volume,a_fvg_absent+a_room+a_vol_expansion+a_volume||down||long,-1.0664874357013758,-1.0664874357013765,644.0,False,2.0591703994912867,True,True,-263981.0
XRPUSDT,2022-04-06 04:00:00+00:00,2022-04-06 20:00:00+00:00,2022-04-06 11:30:00+00:00,short,a_room+a_score_ge13+a_volume,a_room+a_score_ge13+a_volume||range||short,3.729760452875521,2.548019672883993,556.0,False,1.274894730091847,False,True,372123.0
SOLUSDT,2022-04-07 08:00:00+00:00,2022-04-07 16:00:00+00:00,2022-04-07 12:30:00+00:00,long,a_fvg_absent+a_room+a_vol_expansion+a_volume,a_fvg_absent+a_room+a_vol_expansion+a_volume||down||long,1.4241309446198729,2.1083155223931325,528.0,False,2.0591703994912867,False,True,513477.0
BNBUSDT,2022-04-07 16:00:00+00:00,2022-04-09 16:00:00+00:00,2022-04-08 14:45:00+00:00,short,a_room+a_score_ge13+a_vol_expansion+a_volume,a_room+a_score_ge13+a_vol_expansion+a_volume||down||short,1.2042401718256228,0.1987511071850031,520.0,False,0.0,False,False,0.0
AVAXUSDT,2022-04-08 08:00:00+00:00,2022-04-08 20:00:00+00:00,2022-04-08 22:15:00+00:00,long,a_room+a_score_ge13+a_trend_counter,a_room+a_score_ge13+a_trend_counter||down||long,-1.024074742681245,-1.024074742681245,504.0,False,4.315614007975119,True,True,-545411.0
BTCUSDT,2022-04-10 20:00:00+00:00,2022-04-11 12:00:00+00:00,2022-04-11 13:30:00+00:00,long,a_room+a_score_ge13+a_trend_counter,a_room+a_score_ge13+a_trend_counter||down||long,-1.0364065416759152,-1.0364065416759156,444.0,False,4.315614007975119,True,True,-527584.0
BNBUSDT,2022-04-11 08:00:00+00:00,2022-04-13 08:00:00+00:00,2022-04-13 11:45:00+00:00,long,a_room+a_score_ge13+a_trend_counter,a_room+a_score_ge13+a_trend_counter||down||long,0.7143199334198599,0.7143199334198599,432.0,False,4.315614007975119,False,True,363625.0
DOGEUSDT,2022-04-11 20:00:00+00:00,2022-04-13 20:00:00+00:00,2022-04-13 23:45:00+00:00,long,a_room+a_score_ge13+a_trend_counter,a_room+a_score_ge13+a_trend_counter||down||long,0.7619503235278919,0.7619503235278883,420.0,False,4.315614007975119,False,True,370523.0
AVAXUSDT,2022-04-14 00:00:00+00:00,2022-04-16 00:00:00+00:00,2022-04-16 03:45:00+00:00,short,a_mss+a_room+a_volume,a_mss+a_room+a_volume||down||short,1.0850026022476051,1.085002602247605,368.0,False,1.4024953958902748,False,True,182638.0
DOGEUSDT,2022-04-14 20:00:00+00:00,2022-04-15 00:00:00+00:00,2022-04-15 05:15:00+00:00,short,a_room+a_score_ge13+a_volume,a_room+a_score_ge13+a_volume||range||short,0.1996769070119824,0.1996769070119809,348.0,False,1.274894730091847,False,True,30553.0
XRPUSDT,2022-04-15 00:00:00+00:00,2022-04-15 04:00:00+00:00,2022-04-15 04:00:00+00:00,short,a_room+a_score_ge13+a_volume,a_room+a_score_ge13+a_volume||range||short,-1.0251731530780452,-1.0251731530780452,344.0,False,1.274894730091847,True,True,-157266.0
LINKUSDT,2022-04-17 16:00:00+00:00,2022-04-18 04:00:00+00:00,2022-04-17 20:30:00+00:00,short,a_room+a_score_ge13+a_volume,a_room+a_score_ge13+a_volume||range||short,5.143247804090406,2.753420548977339,280.0,False,1.274894730091847,False,True,423277.0
SOLUSDT,2022-04-21 00:00:00+00:00,2022-04-21 08:00:00+00:00,2022-04-21 11:30:00+00:00,short,a_fvg_absent+a_ob+a_room+a_trend_counter,a_fvg_absent+a_ob+a_room+a_trend_counter||up||short,-1.031905835994293,-1.031905835994293,200.0,False,1.056555032293037,True,True,-136080.0
DOGEUSDT,2022-04-22 04:00:00+00:00,2022-04-22 08:00:00+00:00,2022-04-22 12:00:00+00:00,short,a_room+a_score_ge13+a_trend_counter,a_room+a_score_ge13+a_trend_counter||up||short,0.1679768835616441,0.1679768835616428,172.0,False,4.315614007975119,False,True,75731.0
DOGEUSDT,2022-04-26 00:00:00+00:00,2022-04-28 00:00:00+00:00,2022-04-28 03:45:00+00:00,long,a_room+a_score_ge13+a_trend_counter,a_room+a_score_ge13+a_trend_counter||down||long,-0.2937469147360713,-0.2937469147360713,80.0,False,4.315614007975119,True,True,-157461.0
BTCUSDT,2022-04-30 00:00:00+00:00,2022-05-03 08:00:00+00:00,2022-05-03 11:45:00+00:00,short,a_room+a_score_ge13+a_volume,a_room+a_score_ge13+a_volume||range||short,0.2426620242403223,0.2426620242403224,656.0,False,1.274894730091847,False,True,37939.0
BTCUSDT,2022-05-05 12:00:00+00:00,2022-05-05 16:00:00+00:00,2022-05-05 16:00:00+00:00,long,a_fvg_absent+a_room+a_volume,a_fvg_absent+a_room+a_volume||up||long,-1.1338193853070226,-1.1338193853070229,524.0,False,1.6227227595325122,True,True,-272328.0
ETHUSDT,2022-05-05 12:00:00+00:00,2022-05-05 16:00:00+00:00,2022-05-05 16:00:00+00:00,long,a_fvg_absent+a_ob+a_room+a_score_ge13+a_trend_counter,a_fvg_absent+a_ob+a_room+a_score_ge13+a_trend_counter||up||long,-1.0231863287275011,-1.023186328727501,524.0,False,3.924191004535349,True,True,-594305.0
ADAUSDT,2022-05-05 12:00:00+00:00,2022-05-07 12:00:00+00:00,2022-05-07 15:45:00+00:00,long,a_room+a_vol_expansion+a_volume,a_room+a_vol_expansion+a_volume||up||long,-0.6275745322476376,-0.6275745322476376,524.0,False,0.996462384418414,True,True,-92562.0
BNBUSDT,2022-05-24 20:00:00+00:00,2022-05-25 00:00:00+00:00,2022-05-25 00:00:00+00:00,short,a_fvg_absent+a_ob+a_room+a_trend_counter,a_fvg_absent+a_ob+a_room+a_trend_counter||range||short,-1.1461642242752454,-1.1461642242752454,60.0,False,1.056555032293037,True,True,-167628.0
DOGEUSDT,2022-06-01 16:00:00+00:00,2022-06-01 20:00:00+00:00,2022-06-01 20:00:00+00:00,long,a_fvg_absent+a_room+a_volume,a_fvg_absent+a_room+a_volume||up||long,-1.146517902813301,-1.146517902813279,544.0,False,1.6227227595325122,True,True,-300926.0
BTCUSDT,2022-06-02 00:00:00+00:00,2022-06-04 00:00:00+00:00,2022-06-04 03:45:00+00:00,long,a_fvg_absent+a_ob+a_room+a_trend_counter,a_fvg_absent+a_ob+a_room+a_trend_counter||up||long,-0.1342277277731755,-0.1342277277731759,536.0,False,1.056555032293037,True,True,-22512.0
LINKUSDT,2022-06-07 20:00:00+00:00,2022-06-08 00:00:00+00:00,2022-06-08 00:15:00+00:00,short,a_room+a_sweep+a_trend_counter+a_vol_expansion+a_volume,a_room+a_sweep+a_trend_counter+a_vol_expansion+a_volume||up||short,0.214407308059132,-1.036217691940868,396.0,False,4.036791654039396,False,True,-663055.0
BTCUSDT,2022-06-08 00:00:00+00:00,2022-06-10 00:00:00+00:00,2022-06-10 03:45:00+00:00,long,a_room+a_vol_expansion+a_volume,a_room+a_vol_expansion+a_volume||up||long,-0.040850097216522,-0.040850097216522,392.0,False,0.996462384418414,True,True,-6182.0
LINKUSDT,2022-06-11 20:00:00+00:00,2022-06-13 04:00:00+00:00,2022-06-13 00:30:00+00:00,short,a_sweep+a_trend_counter+a_vol_expansion+a_volume,a_sweep+a_trend_counter+a_vol_expansion+a_volume||down||short,2.5712975633205155,2.324025069619416,300.0,False,3.5000000000000004,False,True,1234915.0
LINKUSDT,2022-06-27 16:00:00+00:00,2022-06-27 20:00:00+00:00,2022-06-28 00:30:00+00:00,long,a_fvg_absent+a_ob+a_room+a_trend_counter,a_fvg_absent+a_ob+a_room+a_trend_counter||up||long,0.5599645191122076,0.5599645191122076,760.0,False,1.056555032293037,False,True,97128.0
SOLUSDT,2022-07-05 16:00:00+00:00,2022-07-05 20:00:00+00:00,2022-07-05 20:00:00+00:00,short,a_room+a_score_ge13+a_volume,a_room+a_score_ge13+a_volume||up||short,0.3341463872832377,-1.1165786127167625,568.0,False,1.274894730091847,False,True,-270668.0
AVAXUSDT,2022-07-17 20:00:00+00:00,2022-07-18 00:00:00+00:00,2022-07-18 06:00:00+00:00,long,a_room+a_vol_expansion+a_volume,a_room+a_vol_expansion+a_volume||up||long,0.2245995131332733,2.20667333495045,276.0,False,0.996462384418414,False,True,412141.0
AVAXUSDT,2022-07-18 04:00:00+00:00,2022-07-18 16:00:00+00:00,2022-07-18 23:45:00+00:00,short,a_room+a_sweep+a_trend_counter+a_vol_expansion+a_volume,a_room+a_sweep+a_trend_counter+a_vol_expansion+a_volume||up||short,0.2311719314079422,0.2311719314079422,268.0,False,4.036791654039396,False,True,178758.0
BNBUSDT,2022-07-18 04:00:00+00:00,2022-07-18 12:00:00+00:00,2022-07-18 15:45:00+00:00,short,a_room+a_sweep+a_trend_counter+a_vol_expansion+a_volume,a_room+a_sweep+a_trend_counter+a_vol_expansion+a_volume||up||short,-1.032395464873605,-1.032395464873605,268.0,False,4.036791654039396,True,True,-798317.0
XRPUSDT,2022-07-18 12:00:00+00:00,2022-07-18 16:00:00+00:00,2022-07-18 16:30:00+00:00,long,a_trend_counter+a_vol_expansion+a_volume,a_trend_counter+a_vol_expansion+a_volume||up||long,-1.066587970323264,0.1827870296767359,260.0,False,2.4103622724368643,False,True,80879.0
DOGEUSDT,2022-07-18 16:00:00+00:00,2022-07-18 20:00:00+00:00,2022-07-18 20:00:00+00:00,long,a_fvg_absent+a_room+a_volume,a_fvg_absent+a_room+a_volume||up||long,0.9256314762576408,-1.1733185237423274,256.0,False,1.6227227595325122,False,True,-354458.0
SOLUSDT,2022-07-18 16:00:00+00:00,2022-07-18 20:00:00+00:00,2022-07-19 00:00:00+00:00,long,a_room+a_vol_expansion+a_volume,a_room+a_vol_expansion+a_volume||up||long,1.0115437382356638,3.8111847534194863,256.0,False,0.996462384418414,False,True,707011.0
XRPUSDT,2022-07-18 20:00:00+00:00,2022-07-20 20:00:00+00:00,2022-07-20 23:45:00+00:00,short,a_room+a_sweep+a_trend_counter+a_vol_expansion+a_volume,a_room+a_sweep+a_trend_counter+a_vol_expansion+a_volume||up||short,0.0267954671222,0.0267954671222,252.0,False,4.036791654039396,True,True,20519.0
DOGEUSDT,2022-07-19 00:00:00+00:00,2022-07-19 04:00:00+00:00,2022-07-19 05:15:00+00:00,short,a_fvg_absent+a_ob+a_room+a_trend_counter,a_fvg_absent+a_ob+a_room+a_trend_counter||up||short,0.5045805685814785,0.5045805685814785,248.0,False,1.056555032293037,False,True,101129.0
LINKUSDT,2022-07-19 00:00:00+00:00,2022-07-21 00:00:00+00:00,2022-07-21 03:45:00+00:00,short,a_room+a_sweep+a_trend_counter+a_vol_expansion+a_volume,a_room+a_sweep+a_trend_counter+a_vol_expansion+a_volume||up||short,0.6534036653002177,0.6534036653002175,248.0,False,4.036791654039396,True,True,500346.0
ADAUSDT,2022-07-19 00:00:00+00:00,2022-07-19 04:00:00+00:00,2022-07-19 04:00:00+00:00,long,a_trend_counter+a_vol_expansion+a_volume,a_trend_counter+a_vol_expansion+a_volume||up||long,-1.1176055385957266,-1.117605538595725,248.0,False,2.4103622724368643,True,True,-511003.0
DOGEUSDT,2022-07-20 00:00:00+00:00,2022-07-20 08:00:00+00:00,2022-07-20 07:30:00+00:00,long,a_trend_counter+a_vol_expansion+a_volume,a_trend_counter+a_vol_expansion+a_volume||up||long,1.9549707646390024,2.3726128908470208,224.0,False,2.4103622724368643,False,True,1061390.0
ADAUSDT,2022-07-20 00:00:00+00:00,2022-07-22 00:00:00+00:00,2022-07-22 03:45:00+00:00,short,a_room+a_sweep+a_trend_counter+a_vol_expansion+a_volume,a_room+a_sweep+a_trend_counter+a_vol_expansion+a_volume||up||short,1.4228269500561164,1.422826950056116,224.0,False,4.036791654039396,False,True,1065993.0
SOLUSDT,2022-07-20 08:00:00+00:00,2022-07-20 16:00:00+00:00,2022-07-20 16:30:00+00:00,long,a_room+a_vol_expansion+a_volume,a_room+a_vol_expansion+a_volume||up||long,0.214754195240474,0.214754195240474,216.0,False,0.996462384418414,False,True,41988.0
DOGEUSDT,2022-07-20 12:00:00+00:00,2022-07-20 16:00:00+00:00,2022-07-20 21:30:00+00:00,short,a_room+a_sweep+a_trend_counter+a_vol_expansion+a_volume,a_room+a_sweep+a_trend_counter+a_vol_expansion+a_volume||up||short,0.2232115786253743,0.2232115786253742,212.0,False,4.036791654039396,False,True,176796.0
AVAXUSDT,2022-07-20 20:00:00+00:00,2022-07-22 20:00:00+00:00,2022-07-22 23:45:00+00:00,long,a_room+a_vol_expansion+a_volume,a_room+a_vol_expansion+a_volume||up||long,-0.202996673835843,-0.2029966738358433,204.0,False,0.996462384418414,True,True,-40173.0
DOGEUSDT,2022-07-21 12:00:00+00:00,2022-07-22 16:00:00+00:00,2022-07-22 19:30:00+00:00,long,a_room+a_vol_expansion+a_volume,a_room+a_vol_expansion+a_volume||up||long,0.2251186329193854,0.2251186329193859,188.0,False,0.996462384418414,False,True,45673.0
LINKUSDT,2022-07-29 12:00:00+00:00,2022-07-29 20:00:00+00:00,2022-07-29 16:15:00+00:00,long,a_room+a_vol_expansion+a_volume,a_room+a_vol_expansion+a_volume||up||long,4.183473346894502,3.773588887984819,668.0,False,0.996462384418414,False,True,805895.0
BNBUSDT,2022-07-30 08:00:00+00:00,2022-07-30 12:00:00+00:00,2022-07-30 19:45:00+00:00,long,a_fvg_absent+a_room+a_vol_expansion,a_fvg_absent+a_room+a_vol_expansion||up||long,0.6129566455696213,0.7928666455696277,648.0,False,4.738254570967402,False,True,387032.0
ADAUSDT,2022-08-05 04:00:00+00:00,2022-08-07 04:00:00+00:00,2022-08-07 07:45:00+00:00,short,a_fvg_absent+a_ob+a_room+a_trend_counter,a_fvg_absent+a_ob+a_room+a_trend_counter||range||short,-0.1143303951786684,-0.1143303951786684,508.0,False,1.056555032293037,True,True,-27330.0
BTCUSDT,2022-08-05 08:00:00+00:00,2022-08-07 08:00:00+00:00,2022-08-07 11:45:00+00:00,short,a_fvg_absent+a_ob+a_room+a_trend_counter,a_fvg_absent+a_ob+a_room+a_trend_counter||range||short,0.1190588282149564,0.1190588282149564,504.0,False,1.056555032293037,True,True,28460.0
ETHUSDT,2022-08-09 12:00:00+00:00,2022-08-10 00:00:00+00:00,2022-08-09 22:30:00+00:00,long,a_fvg_absent+a_room+a_volume,a_fvg_absent+a_room+a_volume||up||long,1.9684118922908087,2.450750173333853,404.0,False,1.6227227595325122,False,True,899813.0
SOLUSDT,2022-08-10 12:00:00+00:00,2022-08-10 16:00:00+00:00,2022-08-10 16:15:00+00:00,short,a_fvg_absent+a_ob+a_room+a_trend_counter,a_fvg_absent+a_ob+a_room+a_trend_counter||range||short,0.9321131205673776,0.0816881205673775,380.0,False,1.056555032293037,False,True,20305.0
BTCUSDT,2022-08-11 20:00:00+00:00,2022-08-12 00:00:00+00:00,2022-08-12 01:30:00+00:00,long,a_fvg_absent+a_room+a_volume,a_fvg_absent+a_room+a_volume||up||long,0.0489659610210007,0.0489659610210007,348.0,False,1.6227227595325122,False,True,17216.0
BNBUSDT,2022-08-13 04:00:00+00:00,2022-08-13 08:00:00+00:00,2022-08-13 09:00:00+00:00,long,a_fvg_absent+a_room+a_volume,a_fvg_absent+a_room+a_volume||up||long,0.8688363291139226,0.4190613291139228,316.0,False,1.6227227595325122,False,True,128455.0
SOLUSDT,2022-08-13 12:00:00+00:00,2022-08-14 00:00:00+00:00,2022-08-14 00:45:00+00:00,long,a_fvg_absent+a_room+a_volume,a_fvg_absent+a_room+a_volume||up||long,0.2081126166547022,0.2081126166547019,308.0,False,1.6227227595325122,False,True,80010.0
BTCUSDT,2022-08-14 08:00:00+00:00,2022-08-14 12:00:00+00:00,2022-08-14 13:15:00+00:00,long,a_fvg_absent+a_room+a_volume,a_fvg_absent+a_room+a_volume||up||long,-1.1665813124496822,-1.1665813124496824,288.0,False,1.6227227595325122,True,True,-450010.0
DOGEUSDT,2022-08-15 00:00:00+00:00,2022-08-15 04:00:00+00:00,2022-08-15 04:00:00+00:00,long,a_room+a_vol_expansion+a_volume,a_room+a_vol_expansion+a_volume||up||long,-1.0584104607360183,-1.0584104607360183,272.0,False,0.996462384418414,True,True,-245968.0
ADAUSDT,2022-08-15 12:00:00+00:00,2022-08-17 12:00:00+00:00,2022-08-17 15:45:00+00:00,long,a_mss+a_score_ge13+a_vol_expansion,a_mss+a_score_ge13+a_vol_expansion||range||long,-0.5433914050146841,-0.543391405014684,260.0,False,0.0,True,False,0.0
AVAXUSDT,2022-08-15 16:00:00+00:00,2022-08-15 20:00:00+00:00,2022-08-15 22:45:00+00:00,long,a_fvg_absent+a_ob+a_score_ge13+a_volume,a_fvg_absent+a_ob+a_score_ge13+a_volume||range||long,0.1081345978062167,-1.1412404021937832,256.0,False,2.3594458374095173,False,True,-557395.0
XRPUSDT,2022-08-16 00:00:00+00:00,2022-08-16 04:00:00+00:00,2022-08-16 05:15:00+00:00,long,a_fvg_absent+a_ob+a_score_ge13+a_volume,a_fvg_absent+a_ob+a_score_ge13+a_volume||range||long,0.2559005857544541,0.2559005857544599,248.0,False,2.3594458374095173,False,True,89168.0
BNBUSDT,2022-08-17 00:00:00+00:00,2022-08-17 04:00:00+00:00,2022-08-17 05:00:00+00:00,short,a_room+a_score_ge13+a_volume,a_room+a_score_ge13+a_volume||range||short,-1.0592679508240157,-1.059267950824016,224.0,False,1.274894730091847,True,True,-305306.0
BTCUSDT,2022-08-17 20:00:00+00:00,2022-08-19 00:00:00+00:00,2022-08-19 01:15:00+00:00,long,a_room+a_score_ge13+a_trend_counter,a_room+a_score_ge13+a_trend_counter||down||long,-1.0365782071075031,-1.0365782071075031,204.0,False,4.315614007975119,True,True,-997689.0
BNBUSDT,2022-08-19 04:00:00+00:00,2022-08-21 04:00:00+00:00,2022-08-21 07:45:00+00:00,long,a_room+a_score_ge13+a_trend_counter,a_room+a_score_ge13+a_trend_counter||down||long,1.068523465583635,1.068523465583631,172.0,False,4.315614007975119,False,True,982429.0
ETHUSDT,2022-08-19 08:00:00+00:00,2022-08-19 20:00:00+00:00,2022-08-19 21:45:00+00:00,long,a_room+a_score_ge13+a_trend_counter,a_room+a_score_ge13+a_trend_counter||down||long,-1.0113738996764543,-1.0113738996764543,168.0,False,4.315614007975119,True,True,-929885.0
DOGEUSDT,2022-08-19 20:00:00+00:00,2022-08-21 20:00:00+00:00,2022-08-21 23:45:00+00:00,long,a_room+a_score_ge13+a_trend_counter,a_room+a_score_ge13+a_trend_counter||down||long,-0.1550548025435076,-0.1550548025435051,156.0,False,4.315614007975119,True,True,-136339.0
ETHUSDT,2022-08-21 00:00:00+00:00,2022-08-21 08:00:00+00:00,2022-08-21 08:00:00+00:00,short,a_room+a_score_ge13+a_vol_expansion+a_volume,a_room+a_score_ge13+a_vol_expansion+a_volume||down||short,0.1955806411552645,0.1955806411552646,128.0,False,0.0,False,False,0.0
DOGEUSDT,2022-08-25 20:00:00+00:00,2022-08-26 04:00:00+00:00,2022-08-26 02:15:00+00:00,short,a_room+a_score_ge13+a_volume,a_room+a_score_ge13+a_volume||range||short,0.978065930009102,0.5278409300090963,12.0,True,1.274894730091847,False,False,0.0
LINKUSDT,2022-08-29 12:00:00+00:00,2022-08-29 20:00:00+00:00,2022-08-29 21:15:00+00:00,short,a_mss+a_room+a_volume,a_mss+a_room+a_volume||down||short,-1.0361974797877715,-1.0361974797877715,764.0,False,1.4024953958902748,True,True,-308395.0
BTCUSDT,2022-08-29 16:00:00+00:00,2022-08-31 16:00:00+00:00,2022-08-31 19:45:00+00:00,short,a_mss+a_room+a_volume,a_mss+a_room+a_volume||down||short,0.0851781557673408,0.0851781557673408,760.0,False,1.4024953958902748,True,True,25351.0
ADAUSDT,2022-09-04 00:00:00+00:00,2022-09-06 00:00:00+00:00,2022-09-06 01:00:00+00:00,short,a_room+a_score_ge13+a_volume,a_room+a_score_ge13+a_volume||range||short,-1.0205989771573003,-1.0205989771573003,632.0,False,1.274894730091847,True,True,-272434.0
DOGEUSDT,2022-09-07 08:00:00+00:00,2022-09-10 16:00:00+00:00,2022-09-10 19:45:00+00:00,short,a_mss+a_room+a_volume,a_mss+a_room+a_volume||down||short,-0.7996503708494165,-0.7996503708494205,552.0,False,1.4024953958902748,True,True,-231764.0
BNBUSDT,2022-09-07 12:00:00+00:00,2022-09-09 00:00:00+00:00,2022-09-09 03:30:00+00:00,short,a_mss+a_room+a_volume,a_mss+a_room+a_volume||down||short,-1.0140187332970834,-1.0140187332970836,548.0,False,1.4024953958902748,True,True,-293894.0
BTCUSDT,2022-09-07 16:00:00+00:00,2022-09-09 04:00:00+00:00,2022-09-09 04:00:00+00:00,short,a_mss+a_room+a_volume,a_mss+a_room+a_volume||down||short,-1.0194336318086126,-1.0194336318086126,544.0,False,1.4024953958902748,True,True,-295464.0
AVAXUSDT,2022-09-09 20:00:00+00:00,2022-09-10 00:00:00+00:00,2022-09-10 00:45:00+00:00,short,a_fvg_absent+a_ob+a_room+a_trend_counter,a_fvg_absent+a_ob+a_room+a_trend_counter||up||short,-1.0420035169988278,-1.042003516998828,492.0,False,1.056555032293037,True,True,-221024.0
BTCUSDT,2022-09-10 00:00:00+00:00,2022-09-10 08:00:00+00:00,2022-09-10 05:45:00+00:00,long,a_room+a_vol_expansion+a_volume,a_room+a_vol_expansion+a_volume||up||long,1.8713125838591345,2.297121027531009,488.0,False,0.996462384418414,False,True,454480.0
XRPUSDT,2022-09-10 00:00:00+00:00,2022-09-12 00:00:00+00:00,2022-09-12 03:45:00+00:00,long,a_room+a_vol_expansion+a_volume,a_room+a_vol_expansion+a_volume||up||long,0.1409335313396145,0.1409335313396145,488.0,False,0.996462384418414,True,True,27883.0
ADAUSDT,2022-09-10 08:00:00+00:00,2022-09-11 00:00:00+00:00,2022-09-11 01:00:00+00:00,short,a_room+a_score_ge13+a_trend_counter,a_room+a_score_ge13+a_trend_counter||up||short,0.1969204745812518,0.1969204745812518,480.0,False,4.315614007975119,False,True,172597.0
SOLUSDT,2022-09-12 16:00:00+00:00,2022-09-13 16:00:00+00:00,2022-09-13 19:00:00+00:00,long,a_mss+a_room+a_score_ge13+a_trend_counter+a_vol_expansion+a_volume,a_mss+a_room+a_score_ge13+a_trend_counter+a_vol_expansion+a_volume||up||long,-1.0121812093078149,-1.0121812093078149,424.0,False,3.5000000000000004,True,True,-718383.0
BTCUSDT,2022-09-12 20:00:00+00:00,2022-09-13 12:00:00+00:00,2022-09-14 23:45:00+00:00,short,a_room+a_sweep+a_trend_counter+a_vol_expansion+a_volume,a_room+a_sweep+a_trend_counter+a_vol_expansion+a_volume||up||short,0.2261179051244441,1.690564827163794,420.0,False,4.036791654039396,False,True,1383878.0
LINKUSDT,2022-09-13 12:00:00+00:00,2022-09-15 12:00:00+00:00,2022-09-15 15:45:00+00:00,long,a_room+a_score_ge13+a_vol_expansion+a_volume,a_room+a_score_ge13+a_vol_expansion+a_volume||up||long,-0.3453911995597057,-0.3453911995597056,404.0,False,0.0,True,False,0.0
ADAUSDT,2022-09-13 16:00:00+00:00,2022-09-14 00:00:00+00:00,2022-09-13 23:15:00+00:00,long,a_room+a_vol_expansion+a_volume,a_room+a_vol_expansion+a_volume||up||long,0.2103202640320452,0.2103202640320454,400.0,False,0.996462384418414,False,True,43893.0
AVAXUSDT,2022-09-13 16:00:00+00:00,2022-09-15 16:00:00+00:00,2022-09-15 19:45:00+00:00,long,a_room+a_vol_expansion+a_volume,a_room+a_vol_expansion+a_volume||up||long,-0.1864475409836066,-0.1864475409836067,400.0,False,0.996462384418414,True,True,-38911.0
BTCUSDT,2022-09-13 16:00:00+00:00,2022-09-15 16:00:00+00:00,2022-09-15 19:45:00+00:00,long,a_room+a_vol_expansion+a_volume,a_room+a_vol_expansion+a_volume||up||long,-0.6257466019799272,-0.6257466019799269,400.0,False,0.996462384418414,True,True,-130591.0
ETHUSDT,2022-09-13 20:00:00+00:00,2022-09-15 12:00:00+00:00,2022-09-15 14:30:00+00:00,long,a_room+a_vol_expansion+a_volume,a_room+a_vol_expansion+a_volume||up||long,-0.721696314517328,-0.721696314517328,396.0,False,0.996462384418414,False,True,-150615.0
XRPUSDT,2022-09-14 00:00:00+00:00,2022-09-16 00:00:00+00:00,2022-09-16 03:45:00+00:00,long,a_room+a_vol_expansion+a_volume,a_room+a_vol_expansion+a_volume||up||long,-0.5497636953222046,-0.5497636953222022,392.0,False,0.996462384418414,True,True,-114974.0
SOLUSDT,2022-09-14 12:00:00+00:00,2022-09-16 12:00:00+00:00,2022-09-16 15:45:00+00:00,short,a_mss+a_room+a_volume,a_mss+a_room+a_volume||down||short,0.421306722531892,0.421306722531891,380.0,False,1.4024953958902748,True,True,124012.0
ADAUSDT,2022-09-15 04:00:00+00:00,2022-09-17 04:00:00+00:00,2022-09-17 07:45:00+00:00,short,a_sweep+a_trend_counter+a_vol_expansion+a_volume,a_sweep+a_trend_counter+a_vol_expansion+a_volume||down||short,0.0047381218374182,0.0047381218374182,364.0,False,3.5000000000000004,True,True,3480.0
LINKUSDT,2022-09-15 16:00:00+00:00,2022-09-17 16:00:00+00:00,2022-09-17 19:45:00+00:00,short,a_sweep+a_trend_counter+a_vol_expansion+a_volume,a_sweep+a_trend_counter+a_vol_expansion+a_volume||down||short,-0.7127512428706496,-0.7127512428706496,352.0,False,3.5000000000000004,True,True,-515577.0
AVAXUSDT,2022-09-19 12:00:00+00:00,2022-09-22 20:00:00+00:00,2022-09-22 23:45:00+00:00,short,a_mss+a_room+a_volume,a_mss+a_room+a_volume||down||short,-0.4062511382261886,-0.4062511382261886,260.0,False,1.4024953958902748,True,True,-114890.0
XRPUSDT,2022-09-21 08:00:00+00:00,2022-09-21 16:00:00+00:00,2022-09-21 18:00:00+00:00,long,a_fvg_absent+a_room+a_vol_expansion+a_volume,a_fvg_absent+a_room+a_vol_expansion+a_volume||down||long,0.6259493320447472,-1.0232256679552532,216.0,False,2.0591703994912867,False,True,-424864.0
ETHUSDT,2022-09-27 08:00:00+00:00,2022-09-27 12:00:00+00:00,2022-09-27 18:30:00+00:00,short,a_room+a_score_ge13+a_volume,a_room+a_score_ge13+a_volume||range||short,0.1992423056644982,2.279483391821878,72.0,False,1.274894730091847,False,True,570313.0
LINKUSDT,2022-09-27 20:00:00+00:00,2022-09-28 04:00:00+00:00,2022-09-28 01:15:00+00:00,long,a_room+a_vol_expansion+a_volume,a_room+a_vol_expansion+a_volume||up||long,3.272568352357323,4.294786516129033,60.0,False,0.996462384418414,False,True,864263.0
DOGEUSDT,2022-09-28 00:00:00+00:00,2022-09-30 00:00:00+00:00,2022-09-30 03:45:00+00:00,long,a_fvg_absent+a_ob+a_room+a_trend_counter,a_fvg_absent+a_ob+a_room+a_trend_counter||up||long,0.4486772002416747,0.4486772002416627,56.0,False,1.056555032293037,True,True,95735.0
BNBUSDT,2022-10-01 16:00:00+00:00,2022-10-02 16:00:00+00:00,2022-10-02 18:30:00+00:00,short,a_fvg_absent+a_ob+a_room+a_trend_counter,a_fvg_absent+a_ob+a_room+a_trend_counter||range||short,0.493038806418942,0.493038806418942,640.0,False,1.056555032293037,False,True,110201.0
LINKUSDT,2022-10-05 00:00:00+00:00,2022-10-05 12:00:00+00:00,2022-10-05 04:15:00+00:00,short,a_fvg_absent+a_ob+a_room+a_trend_counter,a_fvg_absent+a_ob+a_room+a_trend_counter||up||short,2.588257360861762,1.9984473429084368,560.0,False,1.056555032293037,False,True,449008.0
BTCUSDT,2022-10-05 12:00:00+00:00,2022-10-06 04:00:00+00:00,2022-10-06 01:00:00+00:00,long,a_fvg_absent+a_ob+a_room+a_trend_counter,a_fvg_absent+a_ob+a_room+a_trend_counter||up||long,1.8696952073393704,1.9431764288157456,548.0,False,1.056555032293037,False,True,445808.0
DOGEUSDT,2022-10-07 00:00:00+00:00,2022-10-07 12:00:00+00:00,2022-10-07 12:30:00+00:00,long,a_room+a_vol_expansion+a_volume,a_room+a_vol_expansion+a_volume||up||long,-1.0431400235663784,-1.0431400235663768,512.0,False,0.996462384418414,True,True,-230342.0
BTCUSDT,2022-10-07 12:00:00+00:00,2022-10-07 16:00:00+00:00,2022-10-07 16:00:00+00:00,long,a_fvg_absent+a_room+a_volume,a_fvg_absent+a_room+a_volume||up||long,-1.08329942251653,-1.083299422516531,500.0,False,1.6227227595325122,True,True,-385500.0
ETHUSDT,2022-10-13 16:00:00+00:00,2022-10-17 00:00:00+00:00,2022-10-17 03:45:00+00:00,short,a_room+a_score_ge13+a_volume,a_room+a_score_ge13+a_volume||range||short,-0.1560271185628465,-0.1560271185628465,352.0,False,1.274894730091847,True,True,-42855.0
XRPUSDT,2022-10-14 00:00:00+00:00,2022-10-14 12:00:00+00:00,2022-10-14 13:00:00+00:00,short,a_room+a_score_ge13+a_volume,a_room+a_score_ge13+a_volume||range||short,-1.0381214116123465,-1.0381214116123465,344.0,False,1.274894730091847,True,True,-285136.0
BTCUSDT,2022-10-19 04:00:00+00:00,2022-10-21 04:00:00+00:00,2022-10-21 07:45:00+00:00,short,a_fvg_absent+a_ob+a_room+a_trend_counter,a_fvg_absent+a_ob+a_room+a_trend_counter||range||short,0.1446590860729499,0.1446590860729499,220.0,False,1.056555032293037,True,True,32427.0
XRPUSDT,2022-10-19 20:00:00+00:00,2022-10-20 04:00:00+00:00,2022-10-20 00:15:00+00:00,short,a_room+a_score_ge13+a_volume,a_room+a_score_ge13+a_volume||range||short,1.604316329498871,2.05806682533385,204.0,False,1.274894730091847,False,True,556674.0
XRPUSDT,2022-10-21 04:00:00+00:00,2022-10-23 04:00:00+00:00,2022-10-23 07:45:00+00:00,short,a_room+a_score_ge13+a_volume,a_room+a_score_ge13+a_volume||range||short,-0.4076850574146181,-0.4076850574146191,172.0,False,1.274894730091847,True,True,-113334.0
LINKUSDT,2022-10-24 16:00:00+00:00,2022-10-24 20:00:00+00:00,2022-10-24 22:00:00+00:00,short,a_room+a_score_ge13+a_volume,a_room+a_score_ge13+a_volume||range||short,0.0224200819672128,0.0224200819672128,88.0,False,1.274894730091847,False,True,6200.0
DOGEUSDT,2022-10-24 16:00:00+00:00,2022-10-24 20:00:00+00:00,2022-10-24 23:00:00+00:00,short,a_room+a_score_ge13+a_volume,a_room+a_score_ge13+a_volume||range||short,0.1134836785526995,0.1134836785526951,88.0,False,1.274894730091847,False,True,31384.0
ADAUSDT,2022-10-24 16:00:00+00:00,2022-10-24 20:00:00+00:00,2022-10-24 20:15:00+00:00,short,a_room+a_score_ge13+a_volume,a_room+a_score_ge13+a_volume||range||short,0.0374907505285427,-1.2131342494714643,88.0,False,1.274894730091847,False,True,-335491.0
AVAXUSDT,2022-10-25 12:00:00+00:00,2022-10-25 16:00:00+00:00,2022-10-25 16:00:00+00:00,short,a_fvg_absent+a_ob+a_room+a_trend_counter,a_fvg_absent+a_ob+a_room+a_trend_counter||range||short,-1.2240235235235262,-1.2240235235235262,68.0,False,1.056555032293037,True,True,-276678.0
XRPUSDT,2022-10-25 16:00:00+00:00,2022-10-26 00:00:00+00:00,2022-10-25 21:45:00+00:00,short,a_fvg_absent+a_ob+a_room+a_trend_counter,a_fvg_absent+a_ob+a_room+a_trend_counter||range||short,1.7980914361862612,1.956573534144622,64.0,False,1.056555032293037,False,True,436544.0
DOGEUSDT,2022-10-26 04:00:00+00:00,2022-10-26 08:00:00+00:00,2022-10-26 08:30:00+00:00,short,a_room+a_sweep+a_trend_counter+a_vol_expansion+a_volume,a_room+a_sweep+a_trend_counter+a_vol_expansion+a_volume||up||short,-1.152289906103286,0.4985350938967043,52.0,False,4.036791654039396,False,True,212373.0
LINKUSDT,2022-10-26 04:00:00+00:00,2022-10-26 08:00:00+00:00,2022-10-26 08:00:00+00:00,short,a_fvg_absent+a_ob+a_room+a_trend_counter,a_fvg_absent+a_ob+a_room+a_trend_counter||up||short,-1.1027908612322117,-1.1027908612322102,52.0,False,1.056555032293037,True,True,-251137.0
SOLUSDT,2022-10-26 04:00:00+00:00,2022-10-28 04:00:00+00:00,2022-10-28 07:45:00+00:00,long,a_fvg_absent+a_ob+a_room+a_trend_counter,a_fvg_absent+a_ob+a_room+a_trend_counter||up||long,-0.1561069169058176,-0.1561069169058176,52.0,False,1.056555032293037,True,True,-35550.0
AVAXUSDT,2022-10-26 20:00:00+00:00,2022-10-27 08:00:00+00:00,2022-10-27 10:00:00+00:00,long,a_trend_counter+a_vol_expansion+a_volume,a_trend_counter+a_vol_expansion+a_volume||up||long,0.2030530899853026,0.2030530899853026,36.0,True,2.4103622724368643,False,False,0.0
LINKUSDT,2022-10-27 20:00:00+00:00,2022-10-29 20:00:00+00:00,2022-10-29 23:45:00+00:00,long,a_room+a_vol_expansion+a_volume,a_room+a_vol_expansion+a_volume||up||long,2.0754604113296957,2.0754604113296957,12.0,True,0.996462384418414,False,False,0.0
ETHUSDT,2022-10-27 20:00:00+00:00,2022-10-29 20:00:00+00:00,2022-10-29 23:45:00+00:00,long,a_room+a_vol_expansion+a_volume,a_room+a_vol_expansion+a_volume||up||long,0.9739838660568356,0.9739838660568356,12.0,True,0.996462384418414,False,False,0.0
BNBUSDT,2022-10-27 20:00:00+00:00,2022-10-29 20:00:00+00:00,2022-10-29 23:45:00+00:00,long,a_room+a_vol_expansion+a_volume,a_room+a_vol_expansion+a_volume||up||long,1.2437100439404685,1.243710043940469,12.0,True,0.996462384418414,False,False,0.0
BTCUSDT,2022-10-28 00:00:00+00:00,2022-10-30 00:00:00+00:00,2022-10-30 03:45:00+00:00,long,a_room+a_vol_expansion+a_volume,a_room+a_vol_expansion+a_volume||up||long,0.9740455890069024,0.9740455890069066,8.0,True,0.996462384418414,False,False,0.0
DOGEUSDT,2022-10-29 20:00:00+00:00,2022-10-30 00:00:00+00:00,2022-10-30 00:00:00+00:00,long,a_room+a_vol_expansion+a_volume,a_room+a_vol_expansion+a_volume||up||long,-1.0186521301504194,-1.0186521301504192,636.0,False,0.996462384418414,True,True,-218028.0
AVAXUSDT,2022-10-31 16:00:00+00:00,2022-11-02 08:00:00+00:00,2022-11-02 09:30:00+00:00,long,a_mss+a_score_ge13+a_vol_expansion,a_mss+a_score_ge13+a_vol_expansion||range||long,-1.016916647849307,-1.0169166478493072,592.0,False,0.0,True,False,0.0
ETHUSDT,2022-11-01 00:00:00+00:00,2022-11-01 12:00:00+00:00,2022-11-01 14:00:00+00:00,long,a_fvg_absent+a_ob+a_score_ge13+a_volume,a_fvg_absent+a_ob+a_score_ge13+a_volume||range||long,0.7779043580728439,0.597994358072837,584.0,False,2.3594458374095173,False,True,251551.0
BTCUSDT,2022-11-01 12:00:00+00:00,2022-11-02 04:00:00+00:00,2022-11-02 07:15:00+00:00,long,a_fvg_absent+a_ob+a_score_ge13+a_volume,a_fvg_absent+a_ob+a_score_ge13+a_volume||range||long,0.1164416666666687,0.1164416666666687,572.0,False,2.3594458374095173,False,True,22545.0
ADAUSDT,2022-11-02 16:00:00+00:00,2022-11-03 00:00:00+00:00,2022-11-02 20:45:00+00:00,short,a_fvg_absent+a_ob+a_room+a_trend_counter,a_fvg_absent+a_ob+a_room+a_trend_counter||range||short,3.9263777454830753,4.648183872741521,544.0,False,1.056555032293037,False,True,1057629.0
SOLUSDT,2022-11-06 08:00:00+00:00,2022-11-06 16:00:00+00:00,2022-11-06 19:30:00+00:00,long,a_room+a_vol_expansion+a_volume,a_room+a_vol_expansion+a_volume||up||long,-1.0219567861138177,-1.0219567861138177,456.0,False,0.996462384418414,True,True,-230077.0
LINKUSDT,2022-11-06 12:00:00+00:00,2022-11-06 16:00:00+00:00,2022-11-06 16:00:00+00:00,long,a_room+a_vol_expansion+a_volume,a_room+a_vol_expansion+a_volume||up||long,-1.0545408893432149,-1.0545408893432149,452.0,False,0.996462384418414,True,True,-237412.0
AVAXUSDT,2022-11-07 08:00:00+00:00,2022-11-07 20:00:00+00:00,2022-11-07 22:15:00+00:00,long,a_room+a_vol_expansion+a_volume,a_room+a_vol_expansion+a_volume||up||long,0.2166669666056142,0.2166669666056142,432.0,False,0.996462384418414,False,True,47770.0
AVAXUSDT,2022-11-08 12:00:00+00:00,2022-11-08 16:00:00+00:00,2022-11-08 16:30:00+00:00,short,a_sweep+a_trend_counter+a_vol_expansion+a_volume,a_sweep+a_trend_counter+a_vol_expansion+a_volume||down||short,1.0775440015479878,-1.0235059984520125,404.0,False,3.5000000000000004,False,True,-794317.0
BNBUSDT,2022-11-08 16:00:00+00:00,2022-11-08 20:00:00+00:00,2022-11-08 20:00:00+00:00,long,a_fvg_absent+a_room+a_vol_expansion+a_volume,a_fvg_absent+a_room+a_vol_expansion+a_volume||down||long,0.6381115989474968,-1.1110134010525032,400.0,False,2.0591703994912867,False,True,-489107.0
BTCUSDT,2022-11-08 16:00:00+00:00,2022-11-08 20:00:00+00:00,2022-11-08 20:00:00+00:00,long,a_fvg_absent+a_room+a_vol_expansion+a_volume,a_fvg_absent+a_room+a_vol_expansion+a_volume||down||long,0.8788138340474135,-1.220136165952577,400.0,False,2.0591703994912867,False,True,-354687.0
LINKUSDT,2022-11-08 16:00:00+00:00,2022-11-08 20:00:00+00:00,2022-11-08 20:00:00+00:00,long,a_fvg_absent+a_ob+a_room+a_score_ge13+a_vol_expansion,a_fvg_absent+a_ob+a_room+a_score_ge13+a_vol_expansion||down||long,0.3787100125944582,-1.0705649874055418,400.0,False,5.601351969071898,False,True,-966208.0
LINKUSDT,2022-11-09 20:00:00+00:00,2022-11-10 04:00:00+00:00,2022-11-10 00:15:00+00:00,short,a_sweep+a_trend_counter+a_vol_expansion+a_volume,a_sweep+a_trend_counter+a_vol_expansion+a_volume||down||short,1.3666677052006533,1.7605433109855395,372.0,False,3.5000000000000004,False,True,1205837.0
BNBUSDT,2022-11-10 00:00:00+00:00,2022-11-10 12:00:00+00:00,2022-11-10 13:30:00+00:00,short,a_sweep+a_trend_counter+a_vol_expansion+a_volume,a_sweep+a_trend_counter+a_vol_expansion+a_volume||down||short,0.604130965390301,0.604130965390301,368.0,False,3.5000000000000004,False,True,413783.0
AVAXUSDT,2022-11-10 04:00:00+00:00,2022-11-12 04:00:00+00:00,2022-11-12 07:45:00+00:00,short,a_mss+a_room+a_volume,a_mss+a_room+a_volume||down||short,0.1802817860109053,0.1802817860109053,364.0,False,1.4024953958902748,True,True,52529.0
BNBUSDT,2022-11-12 20:00:00+00:00,2022-11-14 20:00:00+00:00,2022-11-14 23:45:00+00:00,short,a_mss+a_room+a_volume,a_mss+a_room+a_volume||down||short,0.0447587530558991,0.0447587530558991,300.0,False,1.4024953958902748,True,True,13334.0
DOGEUSDT,2022-11-16 08:00:00+00:00,2022-11-18 08:00:00+00:00,2022-11-18 11:45:00+00:00,short,a_fvg_absent+a_ob+a_room+a_trend_counter,a_fvg_absent+a_ob+a_room+a_trend_counter||range||short,0.9250698632318612,0.9250698632318674,216.0,False,1.056555032293037,False,True,207741.0
ETHUSDT,2022-11-17 04:00:00+00:00,2022-11-19 04:00:00+00:00,2022-11-19 07:45:00+00:00,short,a_room+a_score_ge13+a_volume,a_room+a_score_ge13+a_volume||range||short,0.0081238888991625,0.0081238888991625,196.0,False,1.274894730091847,True,True,2201.0
LINKUSDT,2022-11-30 00:00:00+00:00,2022-11-30 20:00:00+00:00,2022-11-30 20:45:00+00:00,short,a_room+a_score_ge13+a_volume,a_room+a_score_ge13+a_volume||range||short,0.600165638201569,0.6001656382015689,728.0,False,1.274894730091847,False,True,164236.0
BTCUSDT,2022-12-02 12:00:00+00:00,2022-12-03 00:00:00+00:00,2022-12-02 21:15:00+00:00,long,a_fvg_absent+a_ob+a_room+a_trend_counter,a_fvg_absent+a_ob+a_room+a_trend_counter||up||long,2.1611531144767064,2.1148439590911807,668.0,False,1.056555032293037,False,True,411676.0
ADAUSDT,2022-12-03 08:00:00+00:00,2022-12-05 08:00:00+00:00,2022-12-05 11:45:00+00:00,short,a_fvg_absent+a_ob+a_room+a_trend_counter,a_fvg_absent+a_ob+a_room+a_trend_counter||up||short,-0.5690140845070458,-0.5690140845070458,648.0,False,1.056555032293037,True,True,-132507.0
AVAXUSDT,2022-12-04 12:00:00+00:00,2022-12-04 16:00:00+00:00,2022-12-04 16:00:00+00:00,short,a_fvg_absent+a_ob+a_room+a_trend_counter,a_fvg_absent+a_ob+a_room+a_trend_counter||range||short,-1.1891643598615906,-1.1891643598615909,620.0,False,1.056555032293037,True,True,-276922.0
ADAUSDT,2022-12-06 20:00:00+00:00,2022-12-07 00:00:00+00:00,2022-12-07 00:30:00+00:00,short,a_fvg_absent+a_ob+a_room+a_trend_counter,a_fvg_absent+a_ob+a_room+a_trend_counter||range||short,-0.066950256556454,-1.3175752565564538,564.0,False,1.056555032293037,False,True,-269658.0
XRPUSDT,2022-12-14 12:00:00+00:00,2022-12-14 20:00:00+00:00,2022-12-14 19:00:00+00:00,short,a_room+a_score_ge13+a_volume,a_room+a_score_ge13+a_volume||up||short,2.934746454545463,2.692807363636425,380.0,False,1.274894730091847,False,True,688441.0
AVAXUSDT,2022-12-14 12:00:00+00:00,2022-12-16 20:00:00+00:00,2022-12-16 14:30:00+00:00,short,a_room+a_sweep+a_trend_counter+a_vol_expansion+a_volume,a_room+a_sweep+a_trend_counter+a_vol_expansion+a_volume||up||short,2.202646262797228,2.140600845116769,380.0,False,4.036791654039396,False,True,1845880.0
ETHUSDT,2022-12-15 04:00:00+00:00,2022-12-15 12:00:00+00:00,2022-12-15 13:00:00+00:00,long,a_room+a_vol_expansion+a_volume,a_room+a_vol_expansion+a_volume||up||long,-1.0552575174238383,-1.0552575174238377,364.0,False,0.996462384418414,True,True,-231860.0
SOLUSDT,2022-12-15 04:00:00+00:00,2022-12-16 12:00:00+00:00,2022-12-16 13:30:00+00:00,long,a_room+a_vol_expansion+a_volume,a_room+a_vol_expansion+a_volume||up||long,-1.017226673486442,-1.017226673486442,364.0,False,0.996462384418414,True,True,-223504.0
ADAUSDT,2023-01-09 00:00:00+00:00,2023-01-09 04:00:00+00:00,2023-01-09 04:00:00+00:00,short,a_fvg_absent+a_ob+a_room+a_trend_counter+a_vol_expansion+a_volume,a_fvg_absent+a_ob+a_room+a_trend_counter+a_vol_expansion+a_volume||range||short,-1.1048871866295271,-1.1048871866295271,440.0,False,10.669571134197419,True,True,-744317.0
LINKUSDT,2023-01-09 00:00:00+00:00,2023-01-09 04:00:00+00:00,2023-01-09 04:00:00+00:00,short,a_room+a_score_ge13+a_volume,a_room+a_score_ge13+a_volume||range||short,-1.1263646571394252,-1.1263646571394252,440.0,False,1.274894730091847,True,True,-336604.0
XRPUSDT,2023-01-09 12:00:00+00:00,2023-01-10 00:00:00+00:00,2023-01-09 16:45:00+00:00,short,a_fvg_absent+a_ob+a_room+a_trend_counter,a_fvg_absent+a_ob+a_room+a_trend_counter||range||short,1.6982101875142732,0.1074197633203746,428.0,False,1.056555032293037,False,True,25377.0
LINKUSDT,2023-01-10 04:00:00+00:00,2023-01-10 16:00:00+00:00,2023-01-10 19:00:00+00:00,short,a_room+a_sweep+a_trend_counter+a_vol_expansion+a_volume,a_room+a_sweep+a_trend_counter+a_vol_expansion+a_volume||up||short,-1.041261984350072,-1.0412619843500723,412.0,False,4.036791654039396,True,True,-940917.0
LINKUSDT,2023-01-10 20:00:00+00:00,2023-01-12 20:00:00+00:00,2023-01-12 23:45:00+00:00,long,a_trend_counter+a_vol_expansion+a_volume,a_trend_counter+a_vol_expansion+a_volume||up||long,0.667550367957537,0.667550367957537,396.0,False,2.4103622724368643,True,False,0.0
ADAUSDT,2023-01-11 04:00:00+00:00,2023-03-08 20:00:00+00:00,2023-01-14 15:45:00+00:00,long,a_room+a_vol_expansion+a_volume,a_room+a_vol_expansion+a_volume||up||long,0.8719155253718751,5.076350920455695,388.0,False,0.996462384418414,False,True,1084721.0
BNBUSDT,2023-01-11 12:00:00+00:00,2023-01-11 16:00:00+00:00,2023-01-11 18:00:00+00:00,long,a_room+a_vol_expansion+a_volume,a_room+a_vol_expansion+a_volume||up||long,0.1076628103837444,0.1076628103837444,380.0,False,0.996462384418414,False,True,23006.0
ETHUSDT,2023-01-11 12:00:00+00:00,2023-01-13 12:00:00+00:00,2023-01-13 15:45:00+00:00,long,a_room+a_vol_expansion+a_volume,a_room+a_vol_expansion+a_volume||up||long,1.8239420428140167,1.8239420428140167,380.0,False,0.996462384418414,False,True,389742.0
XRPUSDT,2023-01-11 16:00:00+00:00,2023-01-11 20:00:00+00:00,2023-01-11 23:30:00+00:00,short,a_room+a_sweep+a_trend_counter+a_vol_expansion+a_volume,a_room+a_sweep+a_trend_counter+a_vol_expansion+a_volume||up||short,-1.0417963322336503,-1.0417963322336503,376.0,False,4.036791654039396,True,True,-902797.0
XRPUSDT,2023-01-12 04:00:00+00:00,2023-01-12 08:00:00+00:00,2023-01-12 08:45:00+00:00,long,a_trend_counter+a_vol_expansion+a_volume,a_trend_counter+a_vol_expansion+a_volume||up||long,-1.1814510489510506,0.0679239510489543,364.0,False,2.4103622724368643,False,True,23030.0
AVAXUSDT,2023-01-12 08:00:00+00:00,2023-01-12 12:00:00+00:00,2023-01-12 13:30:00+00:00,long,a_room+a_vol_expansion+a_volume,a_room+a_vol_expansion+a_volume||up||long,-1.0346523344763914,0.2147226655236086,360.0,False,0.996462384418414,False,True,44049.0
BNBUSDT,2023-01-12 16:00:00+00:00,2023-01-14 16:00:00+00:00,2023-01-14 19:45:00+00:00,long,a_room+a_vol_expansion+a_volume,a_room+a_vol_expansion+a_volume||up||long,1.6850186916474426,1.6850186916474426,352.0,False,0.996462384418414,False,True,346411.0
DOGEUSDT,2023-01-12 20:00:00+00:00,2023-01-14 04:00:00+00:00,2023-01-14 01:30:00+00:00,long,a_trend_counter+a_vol_expansion+a_volume,a_trend_counter+a_vol_expansion+a_volume||up||long,1.9506111606598533,2.1163616788893385,348.0,False,2.4103622724368643,False,True,1052442.0
XRPUSDT,2023-01-12 20:00:00+00:00,2023-01-13 04:00:00+00:00,2023-01-13 03:00:00+00:00,short,a_room+a_sweep+a_trend_counter+a_vol_expansion+a_volume,a_room+a_sweep+a_trend_counter+a_vol_expansion+a_volume||up||short,0.1638198529411758,0.1638198529411747,348.0,False,4.036791654039396,False,True,117484.0
XRPUSDT,2023-01-13 08:00:00+00:00,2023-01-13 12:00:00+00:00,2023-01-13 13:00:00+00:00,long,a_trend_counter+a_vol_expansion+a_volume,a_trend_counter+a_vol_expansion+a_volume||up||long,-1.124831475787857,-1.1248314757878548,336.0,False,2.4103622724368643,True,True,-558651.0
AVAXUSDT,2023-01-14 08:00:00+00:00,2023-01-14 12:00:00+00:00,2023-01-14 12:15:00+00:00,long,a_room+a_vol_expansion+a_volume,a_room+a_vol_expansion+a_volume||up||long,0.5680740297149788,0.1682740297149788,312.0,False,0.996462384418414,False,True,36273.0
XRPUSDT,2023-01-14 12:00:00+00:00,2023-01-15 08:00:00+00:00,2023-01-15 08:30:00+00:00,long,a_room+a_vol_expansion+a_volume,a_room+a_vol_expansion+a_volume||up||long,0.3919768348623849,0.391976834862385,308.0,False,0.996462384418414,False,True,84635.0
LINKUSDT,2023-01-14 12:00:00+00:00,2023-01-16 12:00:00+00:00,2023-01-16 15:45:00+00:00,long,a_room+a_vol_expansion+a_volume,a_room+a_vol_expansion+a_volume||up||long,-0.2920138375229023,-0.2920138375229023,308.0,False,0.996462384418414,True,True,-63051.0
DOGEUSDT,2023-01-15 04:00:00+00:00,2023-01-15 08:00:00+00:00,2023-01-15 08:00:00+00:00,long,a_room+a_vol_expansion+a_volume,a_room+a_vol_expansion+a_volume||up||long,-1.0910062045357285,-1.0910062045357187,292.0,False,0.996462384418414,True,True,-239335.0
ADAUSDT,2023-01-16 00:00:00+00:00,2023-01-18 12:00:00+00:00,2023-01-18 15:45:00+00:00,long,a_fvg_absent+a_room+a_vol_expansion,a_fvg_absent+a_room+a_vol_expansion||up||long,-0.7248059337436489,-0.7248059337436491,272.0,False,4.738254570967402,False,False,0.0
BNBUSDT,2023-01-16 08:00:00+00:00,2023-01-16 12:00:00+00:00,2023-01-16 14:15:00+00:00,long,a_room+a_vol_expansion+a_volume,a_room+a_vol_expansion+a_volume||up||long,-1.155107032057913,0.5940179679420867,264.0,False,0.996462384418414,False,True,129395.0
XRPUSDT,2023-01-16 08:00:00+00:00,2023-01-18 12:00:00+00:00,2023-01-18 15:45:00+00:00,long,a_room+a_vol_expansion+a_volume,a_room+a_vol_expansion+a_volume||up||long,0.4146983399220042,0.4146983399220042,264.0,False,0.996462384418414,False,True,90333.0
AVAXUSDT,2023-01-16 08:00:00+00:00,2023-01-18 08:00:00+00:00,2023-01-18 11:45:00+00:00,long,a_room+a_vol_expansion+a_volume,a_room+a_vol_expansion+a_volume||up||long,0.596588262810666,0.5965882628106661,264.0,False,0.996462384418414,False,True,129954.0
ETHUSDT,2023-01-17 04:00:00+00:00,2023-01-20 12:00:00+00:00,2023-01-20 15:45:00+00:00,long,a_room+a_vol_expansion+a_volume,a_room+a_vol_expansion+a_volume||up||long,-0.0816066740031796,-0.0816066740031796,244.0,False,0.996462384418414,True,True,-17830.0
LINKUSDT,2023-01-18 08:00:00+00:00,2023-01-18 12:00:00+00:00,2023-01-18 15:45:00+00:00,long,a_room+a_score_ge13+a_vol_expansion+a_volume,a_room+a_score_ge13+a_vol_expansion+a_volume||up||long,-1.0266536422314432,-1.026653642231443,216.0,False,0.0,True,False,0.0
ADAUSDT,2023-01-22 20:00:00+00:00,2023-01-26 04:00:00+00:00,2023-01-26 07:45:00+00:00,long,a_room+a_vol_expansion+a_volume,a_room+a_vol_expansion+a_volume||up||long,0.2980133193654591,0.2980133193654584,108.0,False,0.996462384418414,True,False,0.0
LINKUSDT,2023-01-23 16:00:00+00:00,2023-01-23 20:00:00+00:00,2023-01-23 20:00:00+00:00,long,a_fvg_absent+a_room+a_vol_expansion,a_fvg_absent+a_room+a_vol_expansion||up||long,0.9736315823605716,0.1240565823605713,88.0,False,4.738254570967402,False,True,65458.0
BNBUSDT,2023-01-24 20:00:00+00:00,2023-01-25 00:00:00+00:00,2023-01-25 00:00:00+00:00,long,a_room+a_vol_expansion+a_volume,a_room+a_vol_expansion+a_volume||up||long,-1.0666875587531184,-1.0666875587531182,60.0,False,0.996462384418414,True,True,-235909.0
LINKUSDT,2023-01-24 20:00:00+00:00,2023-01-25 00:00:00+00:00,2023-01-25 00:00:00+00:00,long,a_fvg_absent+a_room+a_vol_expansion,a_fvg_absent+a_room+a_vol_expansion||up||long,-1.1199511657214865,-1.1199511657214862,60.0,False,4.738254570967402,True,True,-619092.0
XRPUSDT,2023-01-25 00:00:00+00:00,2023-01-26 00:00:00+00:00,2023-01-25 21:00:00+00:00,long,a_room+a_vol_expansion+a_volume,a_room+a_vol_expansion+a_volume||up||long,2.634807743235462,2.336741537132975,56.0,False,0.996462384418414,False,True,496885.0
LINKUSDT,2023-01-30 08:00:00+00:00,2023-01-30 12:00:00+00:00,2023-01-30 12:00:00+00:00,long,a_fvg_absent+a_room+a_volume,a_fvg_absent+a_room+a_volume||up||long,-1.185561118946875,-1.185561118946875,600.0,False,1.6227227595325122,True,True,-417418.0
AVAXUSDT,2023-02-03 00:00:00+00:00,2023-02-05 00:00:00+00:00,2023-02-05 03:45:00+00:00,long,a_room+a_score_ge13+a_vol_expansion+a_volume,a_room+a_score_ge13+a_vol_expansion+a_volume||up||long,-0.1044728373914127,-0.1044728373914127,512.0,False,0.0,True,False,0.0
ETHUSDT,2023-02-03 00:00:00+00:00,2023-02-06 08:00:00+00:00,2023-02-06 11:45:00+00:00,long,a_room+a_vol_expansion+a_volume,a_room+a_vol_expansion+a_volume||up||long,0.1160368827284576,0.1160368827284576,512.0,False,0.996462384418414,False,True,24766.0
BNBUSDT,2023-02-03 04:00:00+00:00,2023-02-05 12:00:00+00:00,2023-02-05 12:45:00+00:00,long,a_room+a_vol_expansion+a_volume,a_room+a_vol_expansion+a_volume||up||long,0.681318262411348,0.6813182624113473,508.0,False,0.996462384418414,False,True,145415.0
AVAXUSDT,2023-02-09 20:00:00+00:00,2023-02-11 20:00:00+00:00,2023-02-11 23:45:00+00:00,long,a_mss+a_room+a_score_ge13+a_trend_counter,a_mss+a_room+a_score_ge13+a_trend_counter||range||long,0.4611367161533344,0.4611367161533343,348.0,False,11.209064665009105,True,True,1115925.0
LINKUSDT,2023-02-10 16:00:00+00:00,2023-02-10 20:00:00+00:00,2023-02-10 21:30:00+00:00,short,a_sweep+a_trend_counter+a_vol_expansion+a_volume,a_sweep+a_trend_counter+a_vol_expansion+a_volume||down||short,0.1836196412948382,0.1836196412948382,328.0,False,3.5000000000000004,False,True,138747.0
ADAUSDT,2023-02-13 20:00:00+00:00,2023-02-14 12:00:00+00:00,2023-02-14 15:00:00+00:00,short,a_room+a_score_ge13+a_volume,a_room+a_score_ge13+a_volume||range||short,-1.020480138390569,-1.0204801383905688,252.0,False,1.274894730091847,True,False,0.0
SOLUSDT,2023-02-14 00:00:00+00:00,2023-02-14 08:00:00+00:00,2023-02-14 07:15:00+00:00,short,a_fvg_absent+a_ob+a_room+a_trend_counter,a_fvg_absent+a_ob+a_room+a_trend_counter||range||short,0.1239540122134145,0.1239540122134118,248.0,False,1.056555032293037,False,True,29917.0
ETHUSDT,2023-02-14 12:00:00+00:00,2023-02-15 16:00:00+00:00,2023-02-15 19:15:00+00:00,short,a_room+a_score_ge13+a_volume,a_room+a_score_ge13+a_volume||range||short,-1.0321105482958686,-1.0321105482958686,236.0,False,1.274894730091847,True,True,-300980.0
AVAXUSDT,2023-02-14 12:00:00+00:00,2023-02-15 12:00:00+00:00,2023-02-15 12:15:00+00:00,short,a_room+a_score_ge13+a_volume,a_room+a_score_ge13+a_volume||range||short,-1.033402411695098,-1.033402411695098,236.0,False,1.274894730091847,True,True,-301357.0
DOGEUSDT,2023-02-15 00:00:00+00:00,2023-02-15 04:00:00+00:00,2023-02-15 05:30:00+00:00,short,a_room+a_score_ge13+a_volume,a_room+a_score_ge13+a_volume||range||short,-1.040116178678679,-1.0401161786786808,224.0,False,1.274894730091847,True,True,-303315.0
SOLUSDT,2023-02-15 16:00:00+00:00,2023-02-15 20:00:00+00:00,2023-02-15 21:30:00+00:00,short,a_mss+a_room+a_volume,a_mss+a_room+a_volume||up||short,-1.0202984983715784,-1.0202984983715784,208.0,False,1.4024953958902748,True,True,-314356.0
BTCUSDT,2023-02-15 20:00:00+00:00,2023-02-16 12:00:00+00:00,2023-02-16 15:45:00+00:00,short,a_fvg_absent+a_ob+a_room+a_trend_counter,a_fvg_absent+a_ob+a_room+a_trend_counter||up||short,-1.0233375128262203,-1.0233375128262203,204.0,False,1.056555032293037,True,True,-234123.0
BNBUSDT,2023-02-16 00:00:00+00:00,2023-02-16 16:00:00+00:00,2023-02-16 16:00:00+00:00,short,a_fvg_absent+a_ob+a_room+a_trend_counter,a_fvg_absent+a_ob+a_room+a_trend_counter||up||short,0.1942504546521173,0.1942504546521173,200.0,False,1.056555032293037,False,True,44441.0
DOGEUSDT,2023-02-16 04:00:00+00:00,2023-02-16 16:00:00+00:00,2023-02-16 15:45:00+00:00,short,a_room+a_score_ge13+a_volume,a_room+a_score_ge13+a_volume||up||short,0.2052666852017677,0.2052666852017662,196.0,False,1.274894730091847,False,True,56666.0
ETHUSDT,2023-02-16 12:00:00+00:00,2023-02-16 20:00:00+00:00,2023-02-16 16:15:00+00:00,long,a_room+a_vol_expansion+a_volume,a_room+a_vol_expansion+a_volume||up||long,2.5334927584877263,2.5334927584877267,188.0,False,0.996462384418414,False,True,540745.0
ADAUSDT,2023-02-16 16:00:00+00:00,2023-02-17 00:00:00+00:00,2023-02-17 00:00:00+00:00,long,a_room+a_vol_expansion+a_volume,a_room+a_vol_expansion+a_volume||up||long,-1.0220514311270128,-1.0220514311270124,184.0,False,0.996462384418414,True,False,0.0
LINKUSDT,2023-02-16 20:00:00+00:00,2023-02-17 00:00:00+00:00,2023-02-17 00:00:00+00:00,long,a_fvg_absent+a_room+a_volume,a_fvg_absent+a_room+a_volume||up||long,0.1341648832684807,-1.1152101167315192,180.0,False,1.6227227595325122,False,True,-399242.0
BNBUSDT,2023-02-17 00:00:00+00:00,2023-02-19 00:00:00+00:00,2023-02-19 03:45:00+00:00,long,a_room+a_vol_expansion+a_volume,a_room+a_vol_expansion+a_volume||up||long,1.6918615153603849,1.691861515360385,176.0,False,0.996462384418414,False,True,365199.0
BTCUSDT,2023-02-17 04:00:00+00:00,2023-02-17 12:00:00+00:00,2023-02-17 14:45:00+00:00,long,a_room+a_vol_expansion+a_volume,a_room+a_vol_expansion+a_volume||up||long,0.1988123748867914,0.1988123748867913,172.0,False,0.996462384418414,False,True,42915.0
ETHUSDT,2023-02-17 20:00:00+00:00,2023-02-19 20:00:00+00:00,2023-02-19 23:45:00+00:00,long,a_room+a_vol_expansion+a_volume,a_room+a_vol_expansion+a_volume||up||long,0.9719679963293696,0.9719679963293693,156.0,False,0.996462384418414,False,True,210221.0
LINKUSDT,2023-02-19 00:00:00+00:00,2023-02-19 04:00:00+00:00,2023-02-19 16:45:00+00:00,long,a_room+a_vol_expansion+a_volume,a_room+a_vol_expansion+a_volume||up||long,0.2061770800701711,0.2061770800701711,128.0,False,0.996462384418414,False,True,45343.0
ADAUSDT,2023-02-20 00:00:00+00:00,2023-02-21 08:00:00+00:00,2023-02-21 08:45:00+00:00,long,a_fvg_absent+a_room+a_volume,a_fvg_absent+a_room+a_volume||up||long,0.727295589318592,0.7272955893185918,104.0,False,1.6227227595325122,False,False,0.0
LINKUSDT,2023-02-20 08:00:00+00:00,2023-02-21 12:00:00+00:00,2023-02-21 13:45:00+00:00,long,a_room+a_vol_expansion+a_volume,a_room+a_vol_expansion+a_volume||up||long,-1.0292409558792124,-1.0292409558792124,96.0,False,0.996462384418414,True,True,-228975.0
BTCUSDT,2023-02-21 20:00:00+00:00,2023-02-22 00:00:00+00:00,2023-02-22 02:30:00+00:00,long,a_room+a_vol_expansion+a_volume,a_room+a_vol_expansion+a_volume||up||long,-1.033127212090655,-1.033127212090655,60.0,False,0.996462384418414,True,True,-227482.0
XRPUSDT,2023-02-21 20:00:00+00:00,2023-02-23 20:00:00+00:00,2023-02-23 23:45:00+00:00,long,a_room+a_vol_expansion+a_volume,a_room+a_vol_expansion+a_volume||up||long,-0.3552206056304708,-0.3552206056304708,60.0,False,0.996462384418414,True,True,-78215.0
SOLUSDT,2023-02-21 20:00:00+00:00,2023-02-23 20:00:00+00:00,2023-02-23 23:45:00+00:00,long,a_room+a_score_ge13+a_vol_expansion+a_volume,a_room+a_score_ge13+a_vol_expansion+a_volume||up||long,-0.412915228383877,-0.412915228383877,60.0,False,0.0,True,False,0.0
LINKUSDT,2023-02-25 20:00:00+00:00,2023-02-27 20:00:00+00:00,2023-02-27 23:45:00+00:00,long,a_room+a_score_ge13+a_trend_counter,a_room+a_score_ge13+a_trend_counter||down||long,-0.2245027842037388,-0.2245027842037392,804.0,False,4.315614007975119,True,True,-211128.0
ADAUSDT,2023-02-27 12:00:00+00:00,2023-02-28 00:00:00+00:00,2023-02-28 03:15:00+00:00,short,a_fvg_absent+a_ob+a_room+a_trend_counter,a_fvg_absent+a_ob+a_room+a_trend_counter||range||short,0.1841876605033385,0.1841876605033378,764.0,False,1.056555032293037,False,False,0.0
ETHUSDT,2023-02-27 12:00:00+00:00,2023-02-28 00:00:00+00:00,2023-02-27 20:15:00+00:00,short,a_room+a_score_ge13+a_volume,a_room+a_score_ge13+a_volume||range||short,1.7329303591810854,1.949842724894293,764.0,False,1.274894730091847,False,True,541696.0
DOGEUSDT,2023-02-28 08:00:00+00:00,2023-02-28 16:00:00+00:00,2023-02-28 18:30:00+00:00,short,a_room+a_score_ge13+a_volume,a_room+a_score_ge13+a_volume||range||short,-1.087123352966178,-1.0871233529661797,744.0,False,1.274894730091847,True,True,-306601.0
ETHUSDT,2023-03-01 00:00:00+00:00,2023-03-01 08:00:00+00:00,2023-03-01 08:45:00+00:00,short,a_fvg_absent+a_ob+a_room+a_trend_counter,a_fvg_absent+a_ob+a_room+a_trend_counter||range||short,-1.0515343434307396,-1.0515343434307396,728.0,False,1.056555032293037,True,True,-242368.0
BTCUSDT,2023-03-01 00:00:00+00:00,2023-03-01 08:00:00+00:00,2023-03-01 08:45:00+00:00,short,a_fvg_absent+a_ob+a_room+a_trend_counter,a_fvg_absent+a_ob+a_room+a_trend_counter||range||short,-1.0507374629480668,-1.0507374629480668,728.0,False,1.056555032293037,True,True,-242184.0
LINKUSDT,2023-03-01 08:00:00+00:00,2023-03-03 08:00:00+00:00,2023-03-03 02:00:00+00:00,short,a_fvg_absent+a_ob+a_room+a_trend_counter,a_fvg_absent+a_ob+a_room+a_trend_counter||range||short,2.2552239078947385,2.477585032894736,720.0,False,1.056555032293037,False,True,558374.0
ETHUSDT,2023-03-02 20:00:00+00:00,2023-03-03 00:00:00+00:00,2023-03-03 01:30:00+00:00,long,a_fvg_absent+a_ob+a_score_ge13+a_volume,a_fvg_absent+a_ob+a_score_ge13+a_volume||range||long,-1.030453281395081,-1.030453281395081,684.0,False,2.3594458374095173,True,True,-518612.0
BTCUSDT,2023-03-03 08:00:00+00:00,2023-03-05 08:00:00+00:00,2023-03-05 11:45:00+00:00,short,a_room+a_score_ge13+a_volume,a_room+a_score_ge13+a_volume||range||short,0.0316503153225017,0.0316503153225016,672.0,False,1.274894730091847,True,True,8623.0
AVAXUSDT,2023-03-03 08:00:00+00:00,2023-03-06 16:00:00+00:00,2023-03-06 19:45:00+00:00,short,a_room+a_score_ge13+a_volume,a_room+a_score_ge13+a_volume||range||short,0.0010778868855982,0.0010778868855982,672.0,False,1.274894730091847,True,True,294.0
BNBUSDT,2023-03-07 12:00:00+00:00,2023-03-08 12:00:00+00:00,2023-03-08 15:45:00+00:00,short,a_room+a_score_ge13+a_volume,a_room+a_score_ge13+a_volume||range||short,-1.058274687464159,-1.0582746874641589,572.0,False,1.274894730091847,True,True,-288448.0
XRPUSDT,2023-03-09 20:00:00+00:00,2023-03-10 00:00:00+00:00,2023-03-10 00:15:00+00:00,long,a_fvg_absent+a_room+a_vol_expansion+a_volume,a_fvg_absent+a_room+a_vol_expansion+a_volume||down||long,0.104227775825719,-1.1451472241742808,516.0,False,2.0591703994912867,False,True,-522913.0
BTCUSDT,2023-03-11 16:00:00+00:00,2023-03-12 16:00:00+00:00,2023-03-12 17:15:00+00:00,short,a_room+a_score_ge13+a_vol_expansion+a_volume,a_room+a_score_ge13+a_vol_expansion+a_volume||down||short,-1.0843674793087428,-1.0843674793087428,472.0,False,0.0,True,False,0.0
AVAXUSDT,2023-03-12 20:00:00+00:00,2023-03-14 12:00:00+00:00,2023-03-14 12:30:00+00:00,short,a_mss+a_room+a_volume,a_mss+a_room+a_volume||down||short,-1.0122496536779615,-1.012249653677962,444.0,False,1.4024953958902748,True,True,-307398.0
DOGEUSDT,2023-03-13 12:00:00+00:00,2023-03-14 12:00:00+00:00,2023-03-14 13:00:00+00:00,short,a_room+a_score_ge13+a_volume,a_room+a_score_ge13+a_volume||up||short,-1.0169626229508195,-1.0169626229508202,428.0,False,1.274894730091847,True,True,-280732.0
ETHUSDT,2023-03-13 20:00:00+00:00,2023-03-14 00:00:00+00:00,2023-03-14 02:00:00+00:00,short,a_room+a_sweep+a_trend_counter+a_vol_expansion+a_volume,a_room+a_sweep+a_trend_counter+a_vol_expansion+a_volume||up||short,-1.1520346411157718,-1.152034641115772,420.0,False,4.036791654039396,True,True,-493841.0
ADAUSDT,2023-03-14 04:00:00+00:00,2023-03-14 08:00:00+00:00,2023-03-14 08:00:00+00:00,long,a_trend_counter+a_vol_expansion+a_volume,a_trend_counter+a_vol_expansion+a_volume||up||long,0.1096895695364246,-1.1396854304635753,412.0,False,2.4103622724368643,False,True,-516055.0
BTCUSDT,2023-03-14 04:00:00+00:00,2023-03-14 08:00:00+00:00,2023-03-14 08:00:00+00:00,long,a_trend_counter+a_vol_expansion+a_volume,a_trend_counter+a_vol_expansion+a_volume||up||long,0.954812894311708,-1.1441371056882952,412.0,False,2.4103622724368643,False,True,-502125.0
ADAUSDT,2023-03-14 12:00:00+00:00,2023-03-14 16:00:00+00:00,2023-03-14 19:45:00+00:00,short,a_fvg_absent+a_ob+a_room+a_trend_counter,a_fvg_absent+a_ob+a_room+a_trend_counter||up||short,1.0115983758538971,2.6548983549421474,404.0,False,1.056555032293037,False,True,548458.0
BNBUSDT,2023-03-14 16:00:00+00:00,2023-03-14 20:00:00+00:00,2023-03-14 20:30:00+00:00,long,a_trend_counter+a_vol_expansion+a_volume,a_trend_counter+a_vol_expansion+a_volume||up||long,-1.136004945831371,-1.136004945831371,400.0,False,2.4103622724368643,True,True,-501847.0
AVAXUSDT,2023-03-14 20:00:00+00:00,2023-03-15 16:00:00+00:00,2023-03-15 16:30:00+00:00,long,a_room+a_vol_expansion+a_volume,a_room+a_vol_expansion+a_volume||up||long,-1.0120489277424023,-1.0120489277424027,396.0,False,0.996462384418414,True,True,-197651.0
SOLUSDT,2023-03-14 20:00:00+00:00,2023-03-15 08:00:00+00:00,2023-03-15 09:30:00+00:00,long,a_trend_counter+a_vol_expansion+a_volume,a_trend_counter+a_vol_expansion+a_volume||up||long,0.2186410723654221,0.2186410723654221,396.0,False,2.4103622724368643,False,True,103288.0
LINKUSDT,2023-03-14 20:00:00+00:00,2023-03-15 00:00:00+00:00,2023-03-15 00:30:00+00:00,long,a_trend_counter+a_vol_expansion+a_volume,a_trend_counter+a_vol_expansion+a_volume||up||long,0.9782748587570632,0.1286998587570629,396.0,False,2.4103622724368643,False,True,60799.0
ETHUSDT,2023-03-14 20:00:00+00:00,2023-03-15 00:00:00+00:00,2023-03-15 06:00:00+00:00,long,a_room+a_vol_expansion+a_volume,a_room+a_vol_expansion+a_volume||up||long,0.1330189558101593,0.1330189558101593,396.0,False,0.996462384418414,False,True,25978.0
BTCUSDT,2023-03-15 04:00:00+00:00,2023-03-15 08:00:00+00:00,2023-03-15 11:45:00+00:00,short,a_room+a_sweep+a_trend_counter+a_vol_expansion+a_volume,a_room+a_sweep+a_trend_counter+a_vol_expansion+a_volume||up||short,0.1935944532967709,0.1935944532967708,388.0,False,4.036791654039396,False,True,153846.0
ETHUSDT,2023-03-15 04:00:00+00:00,2023-03-15 08:00:00+00:00,2023-03-15 11:30:00+00:00,short,a_room+a_sweep+a_trend_counter+a_vol_expansion+a_volume,a_room+a_sweep+a_trend_counter+a_vol_expansion+a_volume||up||short,0.9802949974151736,1.8820284692783984,388.0,False,4.036791654039396,False,True,924273.0
DOGEUSDT,2023-03-15 08:00:00+00:00,2023-03-15 16:00:00+00:00,2023-03-15 16:30:00+00:00,long,a_room+a_vol_expansion+a_volume,a_room+a_vol_expansion+a_volume||up||long,-1.013427434339922,-1.0134274343399217,384.0,False,0.996462384418414,True,True,-210727.0
ADAUSDT,2023-03-15 08:00:00+00:00,2023-03-17 08:00:00+00:00,2023-03-17 11:45:00+00:00,long,a_room+a_vol_expansion+a_volume,a_room+a_vol_expansion+a_volume||up||long,0.3920452964096862,0.3920452964096862,384.0,False,0.996462384418414,True,True,81520.0
BTCUSDT,2023-03-15 12:00:00+00:00,2023-03-15 16:00:00+00:00,2023-03-15 16:00:00+00:00,long,a_room+a_vol_expansion+a_volume,a_room+a_vol_expansion+a_volume||up||long,-1.0454326178407385,-1.0454326178407385,380.0,False,0.996462384418414,True,True,-217382.0
ETHUSDT,2023-03-16 00:00:00+00:00,2023-03-18 08:00:00+00:00,2023-03-18 01:30:00+00:00,long,a_room+a_vol_expansion+a_volume,a_room+a_vol_expansion+a_volume||up||long,2.176605442835197,2.270183693243449,368.0,False,0.996462384418414,False,True,457896.0
LINKUSDT,2023-03-16 00:00:00+00:00,2023-03-17 12:00:00+00:00,2023-03-17 04:15:00+00:00,long,a_room+a_vol_expansion+a_volume,a_room+a_vol_expansion+a_volume||up||long,2.5432563492375424,2.25451146832259,368.0,False,0.996462384418414,False,True,454734.0
BNBUSDT,2023-03-16 08:00:00+00:00,2023-03-16 12:00:00+00:00,2023-03-16 12:45:00+00:00,long,a_trend_counter+a_vol_expansion+a_volume,a_trend_counter+a_vol_expansion+a_volume||up||long,0.5947241768973214,-1.0544508231026786,360.0,False,2.4103622724368643,False,True,-514462.0
DOGEUSDT,2023-03-17 04:00:00+00:00,2023-03-17 12:00:00+00:00,2023-03-17 10:15:00+00:00,short,a_room+a_score_ge13+a_trend_counter,a_room+a_score_ge13+a_trend_counter||up||short,0.9742692457348098,0.1238442457348008,340.0,False,4.315614007975119,False,True,58040.0
DOGEUSDT,2023-03-17 16:00:00+00:00,2023-03-18 00:00:00+00:00,2023-03-17 21:45:00+00:00,long,a_room+a_vol_expansion+a_volume,a_room+a_vol_expansion+a_volume||up||long,2.224695622857129,2.035990022857136,328.0,False,0.996462384418414,False,True,412278.0
XRPUSDT,2023-03-18 08:00:00+00:00,2023-03-19 04:00:00+00:00,2023-03-19 07:00:00+00:00,long,a_fvg_absent+a_room+a_volume,a_fvg_absent+a_room+a_volume||up||long,0.2097320124733799,0.2097320124733801,312.0,False,1.6227227595325122,False,True,72123.0
ADAUSDT,2023-03-18 20:00:00+00:00,2023-03-20 20:00:00+00:00,2023-03-20 23:45:00+00:00,long,a_room+a_vol_expansion+a_volume,a_room+a_vol_expansion+a_volume||up||long,-0.4267623617755468,-0.426762361775546,300.0,False,0.996462384418414,True,True,-90118.0
ETHUSDT,2023-03-19 00:00:00+00:00,2023-03-20 00:00:00+00:00,2023-03-20 00:00:00+00:00,long,a_room+a_vol_expansion+a_volume,a_room+a_vol_expansion+a_volume||up||long,0.2160746441802907,0.2160746441802907,296.0,False,0.996462384418414,False,True,45628.0
XRPUSDT,2023-03-20 04:00:00+00:00,2023-03-20 12:00:00+00:00,2023-03-20 13:30:00+00:00,long,a_trend_counter+a_vol_expansion+a_volume,a_trend_counter+a_vol_expansion+a_volume||up||long,-1.0286294357926986,-1.0286294357926986,268.0,False,2.4103622724368643,True,True,-528337.0
LINKUSDT,2023-03-20 20:00:00+00:00,2023-03-21 00:00:00+00:00,2023-03-21 00:15:00+00:00,long,a_room+a_vol_expansion+a_volume,a_room+a_vol_expansion+a_volume||up||long,0.9729094594594604,0.1233344594594601,252.0,False,0.996462384418414,False,True,25429.0
LINKUSDT,2023-03-21 08:00:00+00:00,2023-03-21 20:00:00+00:00,2023-03-21 21:30:00+00:00,short,a_fvg_absent+a_ob+a_room+a_trend_counter,a_fvg_absent+a_ob+a_room+a_trend_counter||up||short,-1.0181849554730185,-1.0181849554730185,240.0,False,1.056555032293037,True,True,-222860.0
ADAUSDT,2023-03-21 20:00:00+00:00,2023-03-22 16:00:00+00:00,2023-03-23 14:45:00+00:00,short,a_room+a_score_ge13+a_trend_counter,a_room+a_score_ge13+a_trend_counter||up||short,0.6184535201009906,0.6184535201009904,228.0,False,4.315614007975119,False,True,546972.0
XRPUSDT,2023-03-22 00:00:00+00:00,2023-03-22 08:00:00+00:00,2023-03-22 11:30:00+00:00,long,a_room+a_vol_expansion+a_volume,a_room+a_vol_expansion+a_volume||up||long,-0.7441176146224038,-0.7441176146224033,224.0,False,0.996462384418414,False,True,-151956.0
LINKUSDT,2023-03-22 16:00:00+00:00,2023-03-24 16:00:00+00:00,2023-03-24 19:45:00+00:00,long,a_room+a_vol_expansion+a_volume,a_room+a_vol_expansion+a_volume||up||long,-0.042940441295473,-0.042940441295473,208.0,False,0.996462384418414,True,True,-8938.0
DOGEUSDT,2023-03-23 20:00:00+00:00,2023-03-24 12:00:00+00:00,2023-03-24 09:15:00+00:00,short,a_fvg_absent+a_ob+a_room+a_trend_counter+a_vol_expansion+a_volume,a_fvg_absent+a_ob+a_room+a_trend_counter+a_vol_expansion+a_volume||range||short,2.3021781325012,2.119273475756232,180.0,False,10.669571134197419,False,True,1273821.0
XRPUSDT,2023-03-24 08:00:00+00:00,2023-03-26 08:00:00+00:00,2023-03-26 11:45:00+00:00,long,a_mss+a_score_ge13+a_vol_expansion,a_mss+a_score_ge13+a_vol_expansion||range||long,0.5281420980899525,0.528142098089952,168.0,False,0.0,True,False,0.0
BNBUSDT,2023-03-26 00:00:00+00:00,2023-03-26 12:00:00+00:00,2023-03-26 12:00:00+00:00,short,a_room+a_score_ge13+a_volume,a_room+a_score_ge13+a_volume||range||short,-1.0810002983887017,-1.0810002983887017,128.0,False,1.274894730091847,True,True,-305309.0
BNBUSDT,2023-03-29 00:00:00+00:00,2023-03-29 04:00:00+00:00,2023-03-29 05:00:00+00:00,short,a_mss+a_room+a_volume,a_mss+a_room+a_volume||down||short,-1.2291794221007422,-1.2291794221007422,56.0,False,1.4024953958902748,False,True,-352308.0
DOGEUSDT,2023-04-01 16:00:00+00:00,2023-04-01 20:00:00+00:00,2023-04-01 20:00:00+00:00,short,a_fvg_absent+a_ob+a_room+a_trend_counter,a_fvg_absent+a_ob+a_room+a_trend_counter||up||short,-1.1496800253111177,-1.1496800253111366,640.0,False,1.056555032293037,True,True,-261109.0
BNBUSDT,2023-04-02 20:00:00+00:00,2023-04-04 12:00:00+00:00,2023-04-04 12:30:00+00:00,short,a_fvg_absent+a_ob+a_room+a_trend_counter,a_fvg_absent+a_ob+a_room+a_trend_counter||range||short,0.6057940169723202,0.6057940169723203,612.0,False,1.056555032293037,False,True,135913.0
DOGEUSDT,2023-04-06 08:00:00+00:00,2023-04-08 08:00:00+00:00,2023-04-08 11:45:00+00:00,long,a_mss+a_score_ge13+a_vol_expansion,a_mss+a_score_ge13+a_vol_expansion||range||long,-0.4228541608070153,-0.4228541608070136,528.0,False,0.0,True,False,0.0
DOGEUSDT,2023-04-09 04:00:00+00:00,2023-04-11 04:00:00+00:00,2023-04-11 07:45:00+00:00,short,a_fvg_absent+a_ob+a_room+a_trend_counter,a_fvg_absent+a_ob+a_room+a_trend_counter||range||short,-0.7495592670574176,-0.7495592670574239,460.0,False,1.056555032293037,True,True,-169244.0
SOLUSDT,2023-04-12 00:00:00+00:00,2023-04-12 04:00:00+00:00,2023-04-12 04:00:00+00:00,long,a_room+a_vol_expansion+a_volume,a_room+a_vol_expansion+a_volume||up||long,0.9761057513144532,-1.1228442486855472,392.0,False,0.996462384418414,False,True,-237215.0
AVAXUSDT,2023-04-12 16:00:00+00:00,2023-04-14 16:00:00+00:00,2023-04-14 19:45:00+00:00,long,a_room+a_score_ge13+a_vol_expansion+a_volume,a_room+a_score_ge13+a_vol_expansion+a_volume||up||long,0.7866455263346775,0.7866455263346777,376.0,False,0.0,False,False,0.0
LINKUSDT,2023-04-14 12:00:00+00:00,2023-04-14 16:00:00+00:00,2023-04-14 20:15:00+00:00,long,a_fvg_absent+a_room+a_volume,a_fvg_absent+a_room+a_volume||up||long,0.9463073079144988,2.2693311958405733,332.0,False,1.6227227595325122,False,True,772001.0
SOLUSDT,2023-04-14 12:00:00+00:00,2023-04-17 20:00:00+00:00,2023-04-17 23:45:00+00:00,long,a_room+a_vol_expansion+a_volume,a_room+a_vol_expansion+a_volume||up||long,0.5259652382152772,0.5259652382152772,332.0,False,0.996462384418414,False,True,109874.0
BTCUSDT,2023-04-20 12:00:00+00:00,2023-04-20 16:00:00+00:00,2023-04-20 16:00:00+00:00,long,a_fvg_absent+a_ob+a_room+a_trend_counter+a_vol_expansion,a_fvg_absent+a_ob+a_room+a_trend_counter+a_vol_expansion||down||long,-1.2372985146820237,-1.2372985146820237,188.0,False,6.000265304936625,True,True,-341003.0
ETHUSDT,2023-04-20 16:00:00+00:00,2023-04-21 00:00:00+00:00,2023-04-20 22:00:00+00:00,short,a_sweep+a_trend_counter+a_vol_expansion+a_volume,a_sweep+a_trend_counter+a_vol_expansion+a_volume||down||short,0.1776758461995248,0.1776758461995248,184.0,False,3.5000000000000004,False,True,133732.0
AVAXUSDT,2023-04-20 16:00:00+00:00,2023-04-21 04:00:00+00:00,2023-04-21 06:00:00+00:00,long,a_fvg_absent+a_room+a_vol_expansion+a_volume,a_fvg_absent+a_room+a_vol_expansion+a_volume||down||long,0.5443893141548876,0.5443893141548874,184.0,False,2.0591703994912867,False,True,241068.0
AVAXUSDT,2023-04-21 12:00:00+00:00,2023-04-23 12:00:00+00:00,2023-04-23 15:45:00+00:00,short,a_sweep+a_trend_counter+a_vol_expansion+a_volume,a_sweep+a_trend_counter+a_vol_expansion+a_volume||down||short,1.4604265419181823,1.4604265419181826,164.0,False,3.5000000000000004,False,True,1118382.0
ADAUSDT,2023-04-21 16:00:00+00:00,2023-04-23 16:00:00+00:00,2023-04-23 19:45:00+00:00,long,a_room+a_score_ge13+a_trend_counter,a_room+a_score_ge13+a_trend_counter||down||long,-0.5737864656381495,-0.5737864656381495,160.0,False,4.315614007975119,True,True,-541795.0
ETHUSDT,2023-04-21 16:00:00+00:00,2023-04-23 16:00:00+00:00,2023-04-23 19:45:00+00:00,long,a_room+a_score_ge13+a_trend_counter,a_room+a_score_ge13+a_trend_counter||down||long,-0.0428711796202487,-0.0428711796202487,160.0,False,4.315614007975119,True,True,-40481.0
ETHUSDT,2023-04-24 16:00:00+00:00,2023-04-25 20:00:00+00:00,2023-04-25 20:00:00+00:00,short,a_fvg_absent+a_ob+a_score_ge13+a_volume,a_fvg_absent+a_ob+a_score_ge13+a_volume||down||short,0.2100403877817204,0.21004038778172,88.0,False,2.3594458374095173,False,True,111088.0
BTCUSDT,2023-04-24 20:00:00+00:00,2023-04-25 20:00:00+00:00,2023-04-25 20:30:00+00:00,short,a_fvg_absent+a_ob+a_score_ge13+a_volume,a_fvg_absent+a_ob+a_score_ge13+a_volume||down||short,-1.0469308090511005,-1.0469308090511005,84.0,False,2.3594458374095173,True,True,-553711.0
AVAXUSDT,2023-04-26 04:00:00+00:00,2023-04-26 08:00:00+00:00,2023-04-26 08:15:00+00:00,short,a_room+a_score_ge13+a_volume,a_room+a_score_ge13+a_volume||range||short,-1.1843857786962226,-1.1843857786962226,52.0,False,1.274894730091847,True,True,-331789.0
SOLUSDT,2023-04-26 16:00:00+00:00,2023-04-26 20:00:00+00:00,2023-04-26 20:00:00+00:00,long,a_fvg_absent+a_ob+a_room+a_trend_counter,a_fvg_absent+a_ob+a_room+a_trend_counter||up||long,-1.0741302298173243,-1.0741302298173243,40.0,False,1.056555032293037,True,True,-245604.0
BTCUSDT,2023-04-26 20:00:00+00:00,2023-04-28 20:00:00+00:00,2023-04-28 23:45:00+00:00,long,a_room+a_vol_expansion+a_volume,a_room+a_vol_expansion+a_volume||up||long,1.1789617278299642,1.1789617278299642,36.0,True,0.996462384418414,False,False,0.0
ETHUSDT,2023-04-26 20:00:00+00:00,2023-04-28 20:00:00+00:00,2023-04-28 23:45:00+00:00,long,a_room+a_vol_expansion+a_volume,a_room+a_vol_expansion+a_volume||up||long,0.6183549544145559,0.6183549544145559,36.0,True,0.996462384418414,False,False,0.0
ADAUSDT,2023-04-27 08:00:00+00:00,2023-04-27 12:00:00+00:00,2023-04-27 12:30:00+00:00,long,a_room+a_vol_expansion+a_volume,a_room+a_vol_expansion+a_volume||up||long,0.9558902277039856,-1.1430597722960143,24.0,True,0.996462384418414,False,False,0.0
BNBUSDT,2023-04-27 20:00:00+00:00,2023-04-28 00:00:00+00:00,2023-04-28 00:15:00+00:00,long,a_room+a_vol_expansion+a_volume,a_room+a_vol_expansion+a_volume||up||long,-1.0811701104832598,-1.08117011048326,12.0,True,0.996462384418414,True,False,0.0
ADAUSDT,2023-04-28 12:00:00+00:00,2023-04-28 16:00:00+00:00,2023-04-28 23:15:00+00:00,long,a_room+a_vol_expansion+a_volume,a_room+a_vol_expansion+a_volume||up||long,0.1145612627474509,0.1145612627474534,668.0,False,0.996462384418414,False,True,24425.0
BNBUSDT,2023-05-12 04:00:00+00:00,2023-05-14 04:00:00+00:00,2023-05-14 07:45:00+00:00,short,a_fvg_absent+a_ob+a_score_ge13+a_volume,a_fvg_absent+a_ob+a_score_ge13+a_volume||down||short,-0.676028616210439,-0.6760286162104391,340.0,False,2.3594458374095173,True,True,-341665.0
DOGEUSDT,2023-05-15 12:00:00+00:00,2023-05-15 16:00:00+00:00,2023-05-15 16:30:00+00:00,short,a_room+a_score_ge13+a_volume,a_room+a_score_ge13+a_volume||range||short,0.4170416666666708,0.1168916666666708,260.0,False,1.274894730091847,False,True,22175.0
ETHUSDT,2023-05-15 12:00:00+00:00,2023-05-15 16:00:00+00:00,2023-05-15 16:00:00+00:00,short,a_room+a_score_ge13+a_volume,a_room+a_score_ge13+a_volume||range||short,-1.333833333333339,-1.3338333333333388,260.0,False,1.274894730091847,True,True,-253038.0
BTCUSDT,2023-05-19 12:00:00+00:00,2023-05-22 20:00:00+00:00,2023-05-22 23:45:00+00:00,short,a_room+a_score_ge13+a_volume,a_room+a_score_ge13+a_volume||range||short,0.6040866765016439,0.604086676501644,164.0,False,1.274894730091847,False,True,160558.0
BNBUSDT,2023-05-20 16:00:00+00:00,2023-05-22 16:00:00+00:00,2023-05-22 19:45:00+00:00,short,a_room+a_score_ge13+a_volume,a_room+a_score_ge13+a_volume||range||short,0.7844245314161852,0.7844245314161852,136.0,False,1.274894730091847,False,True,208490.0
BTCUSDT,2023-05-24 08:00:00+00:00,2023-05-25 04:00:00+00:00,2023-05-25 01:30:00+00:00,short,a_room+a_score_ge13+a_volume,a_room+a_score_ge13+a_volume||range||short,1.958432123246945,2.0312732288862185,48.0,False,1.274894730091847,False,True,549443.0
SOLUSDT,2023-05-28 16:00:00+00:00,2023-05-28 20:00:00+00:00,2023-05-28 20:00:00+00:00,short,a_fvg_absent+a_ob+a_room+a_trend_counter,a_fvg_absent+a_ob+a_room+a_trend_counter||range||short,-1.3085825958702029,-1.308582595870203,784.0,False,1.056555032293037,True,True,-277357.0
BTCUSDT,2023-05-30 04:00:00+00:00,2023-05-30 12:00:00+00:00,2023-05-30 14:45:00+00:00,long,a_room+a_vol_expansion+a_volume,a_room+a_vol_expansion+a_volume||up||long,0.1708489438070356,0.1708489438070355,748.0,False,0.996462384418414,False,True,36584.0
AVAXUSDT,2023-05-30 04:00:00+00:00,2023-05-31 04:00:00+00:00,2023-05-31 04:45:00+00:00,long,a_room+a_vol_expansion+a_volume,a_room+a_vol_expansion+a_volume||up||long,-1.043237864919215,-1.043237864919215,748.0,False,0.996462384418414,True,True,-223387.0
SOLUSDT,2023-05-30 16:00:00+00:00,2023-05-31 04:00:00+00:00,2023-05-31 04:45:00+00:00,long,a_room+a_vol_expansion+a_volume,a_room+a_vol_expansion+a_volume||up||long,0.2045324295091751,0.2045324295091748,736.0,False,0.996462384418414,False,True,43871.0
BNBUSDT,2023-05-31 00:00:00+00:00,2023-05-31 04:00:00+00:00,2023-05-31 04:45:00+00:00,long,a_room+a_vol_expansion+a_volume,a_room+a_vol_expansion+a_volume||up||long,-1.049033321268606,-1.049033321268606,728.0,False,0.996462384418414,True,True,-225010.0
XRPUSDT,2023-05-31 04:00:00+00:00,2023-06-03 12:00:00+00:00,2023-06-03 15:45:00+00:00,long,a_room+a_vol_expansion+a_volume,a_room+a_vol_expansion+a_volume||up||long,1.1731043838862532,1.1731043838862532,724.0,False,0.996462384418414,False,True,246894.0
DOGEUSDT,2023-05-31 04:00:00+00:00,2023-05-31 08:00:00+00:00,2023-05-31 08:00:00+00:00,long,a_fvg_absent+a_score_ge13+a_trend_counter+a_volume,a_fvg_absent+a_score_ge13+a_trend_counter+a_volume||up||long,-1.1617564102564155,-1.1617564102564053,724.0,False,10.329187680015973,True,True,-453678.0
ETHUSDT,2023-05-31 04:00:00+00:00,2023-05-31 08:00:00+00:00,2023-05-31 08:00:00+00:00,long,a_room+a_vol_expansion+a_volume,a_room+a_vol_expansion+a_volume||up||long,-1.2410326723517942,-1.241032672351787,724.0,False,0.996462384418414,True,True,-261190.0
BNBUSDT,2023-05-31 20:00:00+00:00,2023-06-01 00:00:00+00:00,2023-06-01 00:30:00+00:00,short,a_fvg_absent+a_ob+a_room+a_trend_counter,a_fvg_absent+a_ob+a_room+a_trend_counter||range||short,0.7672166666666643,-0.0832083333333356,708.0,False,1.056555032293037,False,True,-15282.0
SOLUSDT,2023-06-02 04:00:00+00:00,2023-06-02 16:00:00+00:00,2023-06-02 19:30:00+00:00,short,a_fvg_absent+a_mss+a_ob+a_room+a_score_ge13+a_volume,a_fvg_absent+a_mss+a_ob+a_room+a_score_ge13+a_volume||down||short,-1.06115250467197,-1.06115250467197,676.0,False,0.0,True,False,0.0
ADAUSDT,2023-06-03 16:00:00+00:00,2023-06-06 00:00:00+00:00,2023-06-05 16:15:00+00:00,short,a_fvg_absent+a_ob+a_room+a_trend_counter,a_fvg_absent+a_ob+a_room+a_trend_counter||range||short,2.2737951637617337,2.006279745259537,640.0,False,1.056555032293037,False,True,437466.0
AVAXUSDT,2023-06-04 04:00:00+00:00,2023-06-05 12:00:00+00:00,2023-06-06 07:45:00+00:00,short,a_fvg_absent+a_ob+a_room+a_trend_counter,a_fvg_absent+a_ob+a_room+a_trend_counter||range||short,0.227628048486284,0.8669782767937798,628.0,False,1.056555032293037,False,True,189043.0
BTCUSDT,2023-06-08 12:00:00+00:00,2023-06-10 12:00:00+00:00,2023-06-10 15:45:00+00:00,short,a_room+a_score_ge13+a_vol_expansion+a_volume,a_room+a_score_ge13+a_vol_expansion+a_volume||range||short,1.910309252092891,1.9103092520928917,524.0,False,0.0,False,False,0.0
DOGEUSDT,2023-06-10 16:00:00+00:00,2023-06-14 00:00:00+00:00,2023-06-14 03:45:00+00:00,short,a_room+a_score_ge13+a_vol_expansion+a_volume,a_room+a_score_ge13+a_vol_expansion+a_volume||range||short,-0.0163572166489953,-0.0163572166489954,472.0,False,0.0,True,False,0.0
BTCUSDT,2023-06-14 00:00:00+00:00,2023-06-15 08:00:00+00:00,2023-06-14 21:00:00+00:00,short,a_room+a_score_ge13+a_volume,a_room+a_score_ge13+a_volume||range||short,2.2036347105281155,2.126933819779581,392.0,False,1.274894730091847,False,True,576603.0
BTCUSDT,2023-06-17 04:00:00+00:00,2023-06-19 04:00:00+00:00,2023-06-19 07:45:00+00:00,short,a_room+a_score_ge13+a_volume,a_room+a_score_ge13+a_volume||range||short,0.7390274776029642,0.739027477602967,316.0,False,1.274894730091847,False,True,205780.0
SOLUSDT,2023-06-21 08:00:00+00:00,2023-06-21 12:00:00+00:00,2023-06-21 12:00:00+00:00,short,a_fvg_absent+a_ob+a_room+a_trend_counter,a_fvg_absent+a_ob+a_room+a_trend_counter||up||short,-1.1922864914801907,-1.1922864914801907,216.0,False,1.056555032293037,False,True,-277724.0
BTCUSDT,2023-06-21 20:00:00+00:00,2023-06-23 12:00:00+00:00,2023-06-25 07:45:00+00:00,long,a_room+a_vol_expansion+a_volume,a_room+a_vol_expansion+a_volume||up||long,0.6878350153006293,1.6874718969002005,204.0,False,0.996462384418414,False,True,366044.0
LINKUSDT,2023-06-22 00:00:00+00:00,2023-06-23 16:00:00+00:00,2023-06-23 16:00:00+00:00,short,a_mss+a_room+a_volume,a_mss+a_room+a_volume||up||short,-1.0199616211856433,-1.0199616211856433,200.0,False,1.4024953958902748,True,True,-311402.0
AVAXUSDT,2023-06-22 00:00:00+00:00,2023-06-24 00:00:00+00:00,2023-06-24 03:45:00+00:00,short,a_mss+a_room+a_volume,a_mss+a_room+a_volume||up||short,-0.1820499187351484,-0.1820499187351484,200.0,False,1.4024953958902748,True,True,-55581.0
ETHUSDT,2023-06-22 04:00:00+00:00,2023-06-22 08:00:00+00:00,2023-06-22 09:30:00+00:00,long,a_trend_counter+a_vol_expansion+a_volume,a_trend_counter+a_vol_expansion+a_volume||up||long,-1.2409166533482512,1.826842062832481,196.0,False,2.4103622724368643,False,True,494186.0
ADAUSDT,2023-06-23 00:00:00+00:00,2023-06-23 04:00:00+00:00,2023-06-23 04:00:00+00:00,short,a_fvg_absent+a_ob+a_room+a_trend_counter,a_fvg_absent+a_ob+a_room+a_trend_counter||up||short,-1.1297000000000017,-1.1297000000000017,176.0,False,1.056555032293037,True,True,-265729.0
ETHUSDT,2023-06-23 08:00:00+00:00,2023-06-23 12:00:00+00:00,2023-06-24 15:30:00+00:00,long,a_room+a_vol_expansion+a_volume,a_room+a_vol_expansion+a_volume||up||long,0.1914825865776208,0.1914825865776208,168.0,False,0.996462384418414,False,True,41972.0
BNBUSDT,2023-06-24 04:00:00+00:00,2023-06-24 12:00:00+00:00,2023-06-24 13:45:00+00:00,long,a_fvg_absent+a_ob+a_room+a_trend_counter,a_fvg_absent+a_ob+a_room+a_trend_counter||up||long,-1.046959230735281,-1.046959230735281,148.0,False,1.056555032293037,True,True,-243781.0
LINKUSDT,2023-06-24 16:00:00+00:00,2023-06-25 12:00:00+00:00,2023-06-24 23:30:00+00:00,long,a_room+a_vol_expansion+a_volume,a_room+a_vol_expansion+a_volume||up||long,3.3164628803929017,2.055778052773493,136.0,False,0.996462384418414,False,True,446463.0
ADAUSDT,2023-06-25 12:00:00+00:00,2023-06-26 16:00:00+00:00,2023-06-26 16:45:00+00:00,long,a_fvg_absent+a_ob+a_room+a_score_ge13+a_trend_counter,a_fvg_absent+a_ob+a_room+a_score_ge13+a_trend_counter||up||long,-1.036991726116055,-1.0369917261160548,116.0,False,3.924191004535349,True,True,-905066.0
DOGEUSDT,2023-06-26 16:00:00+00:00,2023-06-28 04:00:00+00:00,2023-06-28 07:30:00+00:00,long,a_mss+a_room+a_score_ge13+a_trend_counter,a_mss+a_room+a_score_ge13+a_trend_counter||range||long,0.2103109183963616,0.2103109183963612,88.0,False,11.209064665009105,False,True,340247.0
SOLUSDT,2023-06-30 12:00:00+00:00,2023-07-02 12:00:00+00:00,2023-07-02 15:45:00+00:00,long,a_mss+a_room+a_score_ge13+a_trend_counter+a_vol_expansion+a_volume,a_mss+a_room+a_score_ge13+a_trend_counter+a_vol_expansion+a_volume||range||long,1.214485181650483,1.214485181650483,668.0,False,3.5000000000000004,False,True,921390.0
DOGEUSDT,2023-07-04 12:00:00+00:00,2023-07-04 16:00:00+00:00,2023-07-04 16:30:00+00:00,short,a_fvg_absent+a_ob+a_room+a_trend_counter,a_fvg_absent+a_ob+a_room+a_trend_counter||range||short,0.98671079703429,-1.1143392029657149,572.0,False,1.056555032293037,False,True,-266055.0
LINKUSDT,2023-07-05 08:00:00+00:00,2023-07-08 16:00:00+00:00,2023-07-08 19:45:00+00:00,long,a_fvg_absent+a_room+a_score_ge13,a_fvg_absent+a_room+a_score_ge13||range||long,-0.2678937741154253,-0.2678937741154253,552.0,False,0.0,True,False,0.0
BTCUSDT,2023-07-11 12:00:00+00:00,2023-07-11 16:00:00+00:00,2023-07-11 16:00:00+00:00,short,a_fvg_absent+a_ob+a_room+a_trend_counter,a_fvg_absent+a_ob+a_room+a_trend_counter||range||short,-1.3338333333333396,-1.3338333333333396,404.0,False,1.056555032293037,True,True,-268079.0
ETHUSDT,2023-07-11 12:00:00+00:00,2023-07-11 20:00:00+00:00,2023-07-11 23:00:00+00:00,short,a_fvg_absent+a_ob+a_room+a_trend_counter,a_fvg_absent+a_ob+a_room+a_trend_counter||range||short,0.3169916666666723,0.3169916666666723,404.0,False,1.056555032293037,False,True,63710.0
ETHUSDT,2023-07-13 16:00:00+00:00,2023-07-13 20:00:00+00:00,2023-07-13 20:00:00+00:00,short,a_room+a_score_ge13+a_volume,a_room+a_score_ge13+a_volume||range||short,-1.333833333333333,-1.3338333333333332,352.0,False,1.274894730091847,True,True,-265626.0
XRPUSDT,2023-07-13 16:00:00+00:00,2023-07-14 00:00:00+00:00,2023-07-13 20:15:00+00:00,short,a_fvg_absent+a_ob+a_room+a_trend_counter+a_vol_expansion+a_volume,a_fvg_absent+a_ob+a_room+a_trend_counter+a_vol_expansion+a_volume||range||short,7.130507495652154,5.712755495652164,352.0,False,10.669571134197419,False,True,1791896.0
DOGEUSDT,2023-07-13 20:00:00+00:00,2023-07-14 00:00:00+00:00,2023-07-14 00:15:00+00:00,short,a_fvg_absent+a_ob+a_room+a_trend_counter,a_fvg_absent+a_ob+a_room+a_trend_counter||range||short,-1.2666788836583758,-0.0160538836583895,348.0,False,1.056555032293037,False,True,-3708.0
ADAUSDT,2023-07-14 12:00:00+00:00,2023-07-14 16:00:00+00:00,2023-07-14 17:15:00+00:00,long,a_room+a_vol_expansion+a_volume,a_room+a_vol_expansion+a_volume||up||long,-1.0208075313807532,-1.0208075313807532,332.0,False,0.996462384418414,True,True,-240564.0
AVAXUSDT,2023-07-14 12:00:00+00:00,2023-07-14 16:00:00+00:00,2023-07-14 18:15:00+00:00,long,a_room+a_vol_expansion+a_volume,a_room+a_vol_expansion+a_volume||up||long,-1.0336592811899326,-0.7338092811899325,332.0,False,0.996462384418414,False,True,-172930.0
XRPUSDT,2023-07-14 12:00:00+00:00,2023-07-14 16:00:00+00:00,2023-07-14 16:15:00+00:00,long,a_room+a_vol_expansion+a_volume,a_room+a_vol_expansion+a_volume||up||long,-1.0342986303811,-1.0342986303811,332.0,False,0.996462384418414,True,True,-243743.0
BTCUSDT,2023-07-14 12:00:00+00:00,2023-07-17 20:00:00+00:00,2023-07-17 23:45:00+00:00,long,a_room+a_vol_expansion+a_volume,a_room+a_vol_expansion+a_volume||up||long,-0.696334247968203,-0.696334247968203,332.0,False,0.996462384418414,True,True,-164099.0
BNBUSDT,2023-07-14 16:00:00+00:00,2023-07-16 16:00:00+00:00,2023-07-16 19:45:00+00:00,long,a_room+a_vol_expansion+a_volume,a_room+a_vol_expansion+a_volume||up||long,-0.8302138336927954,-0.8302138336927953,328.0,False,0.996462384418414,True,True,-190212.0
SOLUSDT,2023-07-14 16:00:00+00:00,2023-07-14 20:00:00+00:00,2023-07-14 20:15:00+00:00,long,a_room+a_vol_expansion+a_volume,a_room+a_vol_expansion+a_volume||up||long,0.5928899197379601,-1.0562850802620405,328.0,False,0.996462384418414,False,True,-242007.0
LINKUSDT,2023-07-14 16:00:00+00:00,2023-07-14 20:00:00+00:00,2023-07-14 20:00:00+00:00,long,a_room+a_vol_expansion+a_volume,a_room+a_vol_expansion+a_volume||up||long,-1.159410261412411,-1.159410261412411,328.0,False,0.996462384418414,True,True,-265634.0
ETHUSDT,2023-07-14 20:00:00+00:00,2023-07-16 20:00:00+00:00,2023-07-16 23:45:00+00:00,long,a_room+a_vol_expansion+a_volume,a_room+a_vol_expansion+a_volume||up||long,0.5831377280007759,0.5831377280007759,324.0,False,0.996462384418414,False,True,130654.0
BTCUSDT,2023-07-19 00:00:00+00:00,2023-07-21 00:00:00+00:00,2023-07-21 03:45:00+00:00,short,a_fvg_absent+a_room+a_score_ge13+a_trend_counter+a_volume,a_fvg_absent+a_room+a_score_ge13+a_trend_counter+a_volume||down||short,-0.0710543561027205,-0.0710543561027205,224.0,False,0.0,True,False,0.0
AVAXUSDT,2023-07-25 04:00:00+00:00,2023-07-27 04:00:00+00:00,2023-07-27 07:45:00+00:00,short,a_room+a_score_ge13+a_volume,a_room+a_score_ge13+a_volume||range||short,-0.0913722138612818,-0.0913722138612817,76.0,False,1.274894730091847,True,True,-25932.0
ETHUSDT,2023-07-25 12:00:00+00:00,2023-07-27 12:00:00+00:00,2023-07-27 15:45:00+00:00,short,a_fvg_absent+a_room+a_score_ge13+a_trend_counter+a_volume,a_fvg_absent+a_room+a_score_ge13+a_trend_counter+a_volume||down||short,-0.0516584833056483,-0.0516584833056483,68.0,False,0.0,True,False,0.0
ADAUSDT,2023-07-27 00:00:00+00:00,2023-07-29 00:00:00+00:00,2023-07-29 03:45:00+00:00,short,a_room+a_score_ge13+a_volume,a_room+a_score_ge13+a_volume||range||short,-0.3692597354886072,-0.3692597354886072,32.0,True,1.274894730091847,True,False,0.0
XRPUSDT,2023-07-31 00:00:00+00:00,2023-07-31 08:00:00+00:00,2023-07-31 04:45:00+00:00,short,a_fvg_absent+a_ob+a_room+a_trend_counter,a_fvg_absent+a_ob+a_room+a_trend_counter||range||short,2.0612681976744454,2.370725174418638,608.0,False,1.056555032293037,False,True,544833.0
ETHUSDT,2023-07-31 00:00:00+00:00,2023-08-01 20:00:00+00:00,2023-08-01 23:15:00+00:00,short,a_room+a_score_ge13+a_volume,a_room+a_score_ge13+a_volume||range||short,0.5636253388858202,0.5636253388858192,608.0,False,1.274894730091847,False,True,159774.0
BTCUSDT,2023-07-31 20:00:00+00:00,2023-08-01 00:00:00+00:00,2023-08-01 18:45:00+00:00,short,a_room+a_score_ge13+a_volume,a_room+a_score_ge13+a_volume||range||short,0.3436176010121514,0.3436176010121515,588.0,False,1.274894730091847,False,True,99794.0
LINKUSDT,2023-08-01 00:00:00+00:00,2023-08-03 00:00:00+00:00,2023-08-03 03:45:00+00:00,long,a_mss+a_room+a_score_ge13+a_trend_counter,a_mss+a_room+a_score_ge13+a_trend_counter||range||long,-0.1021561768999421,-0.1021561768999421,584.0,False,11.209064665009105,True,True,-261992.0
DOGEUSDT,2023-08-01 00:00:00+00:00,2023-08-04 08:00:00+00:00,2023-08-04 11:45:00+00:00,long,a_fvg_absent+a_ob+a_score_ge13+a_volume,a_fvg_absent+a_ob+a_score_ge13+a_volume||range||long,-0.1887479568036131,-0.1887479568036118,584.0,False,2.3594458374095173,True,True,-101893.0
ADAUSDT,2023-08-02 00:00:00+00:00,2023-08-03 12:00:00+00:00,2023-08-03 08:30:00+00:00,short,a_fvg_absent+a_ob+a_room+a_trend_counter,a_fvg_absent+a_ob+a_room+a_trend_counter||range||short,2.121068869209801,2.143332493188004,560.0,False,1.056555032293037,False,True,521744.0
BTCUSDT,2023-08-03 12:00:00+00:00,2023-08-06 20:00:00+00:00,2023-08-06 23:45:00+00:00,short,a_room+a_score_ge13+a_vol_expansion+a_volume,a_room+a_score_ge13+a_vol_expansion+a_volume||range||short,0.3463399554657017,0.3463399554657018,524.0,False,0.0,True,False,0.0
ETHUSDT,2023-08-03 12:00:00+00:00,2023-08-06 20:00:00+00:00,2023-08-06 23:45:00+00:00,short,a_room+a_score_ge13+a_volume,a_room+a_score_ge13+a_volume||range||short,0.5495343142550418,0.5495343142550474,524.0,False,1.274894730091847,False,True,163235.0
ETHUSDT,2023-08-08 00:00:00+00:00,2023-08-08 12:00:00+00:00,2023-08-08 13:00:00+00:00,short,a_room+a_score_ge13+a_volume,a_room+a_score_ge13+a_volume||range||short,-1.1096332350166378,-1.109633235016641,416.0,False,1.274894730091847,True,True,-330477.0
ADAUSDT,2023-08-08 04:00:00+00:00,2023-08-08 12:00:00+00:00,2023-08-08 13:00:00+00:00,short,a_room+a_score_ge13+a_volume,a_room+a_score_ge13+a_volume||range||short,-1.0718423988842398,-1.071842398884241,412.0,False,1.274894730091847,True,True,-319222.0
BTCUSDT,2023-08-08 08:00:00+00:00,2023-08-08 12:00:00+00:00,2023-08-08 12:00:00+00:00,short,a_room+a_score_ge13+a_volume,a_room+a_score_ge13+a_volume||range||short,-1.3184060386906706,-1.3184060386906704,408.0,False,1.274894730091847,True,True,-290642.0
LINKUSDT,2023-08-09 00:00:00+00:00,2023-08-09 04:00:00+00:00,2023-08-09 05:45:00+00:00,short,a_room+a_score_ge13+a_volume,a_room+a_score_ge13+a_volume||range||short,-1.1266274934952296,0.1239975065047703,392.0,False,1.274894730091847,False,True,35443.0
BNBUSDT,2023-08-09 12:00:00+00:00,2023-08-09 16:00:00+00:00,2023-08-09 18:00:00+00:00,long,a_fvg_absent+a_room+a_volume,a_fvg_absent+a_room+a_volume||up||long,-1.332833333333339,-1.332833333333339,380.0,False,1.6227227595325122,True,True,-269369.0
BTCUSDT,2023-08-09 16:00:00+00:00,2023-08-11 16:00:00+00:00,2023-08-11 19:45:00+00:00,short,a_room+a_sweep+a_trend_counter+a_vol_expansion+a_volume,a_room+a_sweep+a_trend_counter+a_vol_expansion+a_volume||up||short,1.4897199986646128,1.489719998664598,376.0,False,4.036791654039396,False,True,705620.0
BTCUSDT,2023-08-16 00:00:00+00:00,2023-10-16 12:00:00+00:00,2023-08-19 11:45:00+00:00,short,a_room+a_score_ge13+a_volume,a_room+a_score_ge13+a_volume||range||short,0.8624349317917441,5.407271514287079,224.0,False,1.274894730091847,False,True,1578114.0
SOLUSDT,2023-08-17 20:00:00+00:00,2023-08-18 00:00:00+00:00,2023-08-18 03:00:00+00:00,long,a_room+a_score_ge13+a_trend_counter,a_room+a_score_ge13+a_trend_counter||down||long,-1.029411722040788,-1.029411722040788,180.0,False,4.315614007975119,True,True,-1016992.0
BTCUSDT,2023-08-28 12:00:00+00:00,2023-08-28 16:00:00+00:00,2023-08-28 17:00:00+00:00,short,a_room+a_score_ge13+a_volume,a_room+a_score_ge13+a_volume||range||short,-1.166864906577049,-1.166864906577049,764.0,False,1.274894730091847,True,False,0.0
ETHUSDT,2023-08-28 12:00:00+00:00,2023-08-29 00:00:00+00:00,2023-08-29 01:15:00+00:00,short,a_room+a_score_ge13+a_volume,a_room+a_score_ge13+a_volume||range||short,-1.1154147863275157,-1.1154147863275157,764.0,False,1.274894730091847,True,True,-311072.0
SOLUSDT,2023-08-29 12:00:00+00:00,2023-09-01 20:00:00+00:00,2023-09-01 23:45:00+00:00,short,a_room+a_score_ge13+a_volume,a_room+a_score_ge13+a_volume||range||short,2.032444563705897,2.0324445637058965,740.0,False,1.274894730091847,False,True,558757.0
BTCUSDT,2023-08-30 12:00:00+00:00,2023-08-31 12:00:00+00:00,2023-08-31 12:00:00+00:00,long,a_room+a_vol_expansion+a_volume,a_room+a_vol_expansion+a_volume||up||long,0.1914425767695746,0.1914425767695747,716.0,False,0.996462384418414,False,False,0.0
ETHUSDT,2023-08-31 20:00:00+00:00,2023-09-01 16:00:00+00:00,2023-09-01 17:15:00+00:00,long,a_room+a_vol_expansion+a_volume,a_room+a_vol_expansion+a_volume||up||long,-1.0362766526875873,-1.036276652687587,684.0,False,0.996462384418414,True,True,-222673.0
AVAXUSDT,2023-09-05 20:00:00+00:00,2023-09-06 16:00:00+00:00,2023-09-06 17:45:00+00:00,short,a_room+a_score_ge13+a_volume,a_room+a_score_ge13+a_volume||range||short,-1.052064087242307,-1.0520640872423068,564.0,False,1.274894730091847,True,True,-293740.0
LINKUSDT,2023-09-06 16:00:00+00:00,2023-09-07 00:00:00+00:00,2023-09-06 20:15:00+00:00,short,a_fvg_absent+a_ob+a_room+a_trend_counter,a_fvg_absent+a_ob+a_room+a_trend_counter||range||short,1.590843610074625,1.770504291044776,544.0,False,1.056555032293037,False,True,404177.0
DOGEUSDT,2023-09-07 20:00:00+00:00,2023-09-08 08:00:00+00:00,2023-09-08 23:15:00+00:00,short,a_room+a_score_ge13+a_volume,a_room+a_score_ge13+a_volume||range||short,0.1878235902886553,0.1878235902886544,516.0,False,1.274894730091847,False,True,52705.0
BTCUSDT,2023-09-10 20:00:00+00:00,2023-09-11 12:00:00+00:00,2023-09-11 10:30:00+00:00,short,a_room+a_score_ge13+a_volume,a_room+a_score_ge13+a_volume||range||short,1.718120538995001,1.8945654401406709,444.0,False,1.274894730091847,False,False,0.0
XRPUSDT,2023-09-11 16:00:00+00:00,2023-09-13 16:00:00+00:00,2023-09-13 19:45:00+00:00,short,a_room+a_score_ge13+a_volume,a_room+a_score_ge13+a_volume||range||short,0.0351158314196949,0.0351158314196949,424.0,False,1.274894730091847,True,True,9878.0
ETHUSDT,2023-09-16 00:00:00+00:00,2023-09-18 00:00:00+00:00,2023-09-18 02:15:00+00:00,short,a_room+a_score_ge13+a_trend_counter,a_room+a_score_ge13+a_trend_counter||up||short,-0.0103998386719762,0.1816722791107318,320.0,False,4.315614007975119,False,True,173060.0
LINKUSDT,2023-09-18 08:00:00+00:00,2023-09-18 16:00:00+00:00,2023-09-18 12:15:00+00:00,long,a_mss+a_room+a_score_ge13+a_trend_counter+a_vol_expansion+a_volume,a_mss+a_room+a_score_ge13+a_trend_counter+a_vol_expansion+a_volume||range||long,2.8478809707404618,2.644644729058832,264.0,False,3.5000000000000004,False,True,2059166.0
SOLUSDT,2023-09-18 08:00:00+00:00,2023-09-19 08:00:00+00:00,2023-09-19 09:00:00+00:00,short,a_fvg_absent+a_ob+a_room+a_trend_counter,a_fvg_absent+a_ob+a_room+a_trend_counter||range||short,-1.0255423629776792,-1.025542362977679,264.0,False,1.056555032293037,True,True,-241047.0
BTCUSDT,2023-09-18 16:00:00+00:00,2023-09-20 16:00:00+00:00,2023-09-20 19:45:00+00:00,long,a_mss+a_room+a_score_ge13+a_trend_counter,a_mss+a_room+a_score_ge13+a_trend_counter||range||long,-0.2685111151198949,-0.268511115119895,256.0,False,11.209064665009105,True,False,0.0
LINKUSDT,2023-09-19 00:00:00+00:00,2023-09-19 04:00:00+00:00,2023-09-19 04:45:00+00:00,short,a_room+a_score_ge13+a_vol_expansion+a_volume,a_room+a_score_ge13+a_vol_expansion+a_volume||range||short,-1.0423363358561633,-1.042336335856163,248.0,False,0.0,True,False,0.0
XRPUSDT,2023-09-20 04:00:00+00:00,2023-09-20 08:00:00+00:00,2023-09-20 08:30:00+00:00,long,a_room+a_vol_expansion+a_volume,a_room+a_vol_expansion+a_volume||up||long,0.4173181467964356,0.0175181467964355,220.0,False,0.996462384418414,False,True,4201.0
XRPUSDT,2023-09-29 12:00:00+00:00,2023-09-29 20:00:00+00:00,2023-09-29 16:30:00+00:00,short,a_fvg_absent+a_ob+a_room+a_trend_counter,a_fvg_absent+a_ob+a_room+a_trend_counter||up||short,3.760284380059628,4.275152970392302,668.0,False,1.056555032293037,False,True,926070.0
ETHUSDT,2023-09-29 12:00:00+00:00,2023-10-01 12:00:00+00:00,2023-10-01 15:45:00+00:00,short,a_room+a_sweep+a_trend_counter+a_vol_expansion+a_volume,a_room+a_sweep+a_trend_counter+a_vol_expansion+a_volume||up||short,-0.558447322123614,-0.558447322123614,668.0,False,4.036791654039396,True,True,-542585.0
LINKUSDT,2023-09-29 12:00:00+00:00,2023-10-01 12:00:00+00:00,2023-10-01 15:45:00+00:00,long,a_room+a_vol_expansion+a_volume,a_room+a_vol_expansion+a_volume||up||long,0.9559170799062954,0.9559170799062956,668.0,False,0.996462384418414,False,True,229261.0
ADAUSDT,2023-09-29 16:00:00+00:00,2023-10-01 16:00:00+00:00,2023-10-01 19:45:00+00:00,long,a_fvg_absent+a_room+a_volume,a_fvg_absent+a_room+a_volume||up||long,1.506783992228419,1.5067839922284076,664.0,False,1.6227227595325122,False,True,588498.0
BTCUSDT,2023-09-29 16:00:00+00:00,2023-10-01 16:00:00+00:00,2023-10-01 19:45:00+00:00,long,a_room+a_vol_expansion+a_volume,a_room+a_vol_expansion+a_volume||up||long,0.2777586407158304,0.2777586407158304,664.0,False,0.996462384418414,True,False,0.0
AVAXUSDT,2023-09-29 20:00:00+00:00,2023-09-30 04:00:00+00:00,2023-09-30 00:30:00+00:00,long,a_fvg_absent+a_ob+a_room+a_trend_counter,a_fvg_absent+a_ob+a_room+a_trend_counter||up||long,1.6749766755832898,1.7217655743795457,660.0,False,1.056555032293037,False,True,454687.0
XRPUSDT,2023-09-30 04:00:00+00:00,2023-10-02 04:00:00+00:00,2023-10-02 07:45:00+00:00,long,a_room+a_vol_expansion+a_volume,a_room+a_vol_expansion+a_volume||up||long,0.0174171597633141,0.0174171597633141,652.0,False,0.996462384418414,True,True,4417.0
DOGEUSDT,2023-10-02 08:00:00+00:00,2023-10-02 12:00:00+00:00,2023-10-02 14:30:00+00:00,short,a_fvg_absent+a_ob+a_room+a_trend_counter,a_fvg_absent+a_ob+a_room+a_trend_counter||up||short,0.8729071428571334,1.8239946938775935,600.0,False,1.056555032293037,False,True,495834.0
LINKUSDT,2023-10-02 12:00:00+00:00,2023-10-02 16:00:00+00:00,2023-10-02 16:00:00+00:00,long,a_room+a_vol_expansion+a_volume,a_room+a_vol_expansion+a_volume||up||long,-1.040034773523266,-1.0400347735232658,596.0,False,0.996462384418414,True,True,-271781.0
SOLUSDT,2023-10-02 12:00:00+00:00,2023-10-04 12:00:00+00:00,2023-10-04 15:45:00+00:00,long,a_room+a_vol_expansion+a_volume,a_room+a_vol_expansion+a_volume||up||long,-0.917343945052891,-0.9173439450528909,596.0,False,0.996462384418414,True,True,-239720.0
BNBUSDT,2023-10-02 12:00:00+00:00,2023-10-03 00:00:00+00:00,2023-10-02 16:15:00+00:00,short,a_fvg_absent+a_ob+a_room+a_trend_counter,a_fvg_absent+a_ob+a_room+a_trend_counter||up||short,3.677420748299296,2.472267687074882,596.0,False,1.056555032293037,False,True,583511.0
AVAXUSDT,2023-10-02 16:00:00+00:00,2023-10-05 00:00:00+00:00,2023-10-04 19:30:00+00:00,long,a_room+a_vol_expansion+a_volume,a_room+a_vol_expansion+a_volume||up||long,2.28698616895795,2.231016852070287,592.0,False,0.996462384418414,False,True,576966.0
ADAUSDT,2023-10-02 16:00:00+00:00,2023-10-03 00:00:00+00:00,2023-10-02 21:45:00+00:00,long,a_room+a_vol_expansion+a_volume,a_room+a_vol_expansion+a_volume||up||long,0.1668094473007713,0.1668094473007713,592.0,False,0.996462384418414,False,True,43139.0
DOGEUSDT,2023-10-02 16:00:00+00:00,2023-10-02 20:00:00+00:00,2023-10-02 20:00:00+00:00,long,a_room+a_vol_expansion+a_volume,a_room+a_vol_expansion+a_volume||up||long,-1.2164806667981758,-1.2164806667981445,592.0,False,0.996462384418414,True,True,-314596.0
ETHUSDT,2023-10-02 16:00:00+00:00,2023-10-03 12:00:00+00:00,2023-10-02 21:45:00+00:00,long,a_room+a_vol_expansion+a_volume,a_room+a_vol_expansion+a_volume||up||long,0.583601458694397,0.5836014586943968,592.0,False,0.996462384418414,False,True,150926.0
BTCUSDT,2023-10-02 20:00:00+00:00,2023-10-04 20:00:00+00:00,2023-10-04 23:45:00+00:00,long,a_room+a_vol_expansion+a_volume,a_room+a_vol_expansion+a_volume||up||long,1.0134117216266527,1.0134117216266527,588.0,False,0.996462384418414,False,False,0.0
DOGEUSDT,2023-10-03 12:00:00+00:00,2023-10-03 20:00:00+00:00,2023-10-03 16:15:00+00:00,short,a_room+a_sweep+a_trend_counter+a_vol_expansion+a_volume,a_room+a_sweep+a_trend_counter+a_vol_expansion+a_volume||up||short,1.955330822342913,1.8336253141972816,572.0,False,4.036791654039396,False,True,538432.0
LINKUSDT,2023-10-03 16:00:00+00:00,2023-10-04 00:00:00+00:00,2023-10-04 00:30:00+00:00,long,a_room+a_vol_expansion+a_volume,a_room+a_vol_expansion+a_volume||up||long,-1.022802474614784,-1.0228024746147837,568.0,False,0.996462384418414,True,True,-269227.0
ADAUSDT,2023-10-04 00:00:00+00:00,2023-10-04 04:00:00+00:00,2023-10-04 04:00:00+00:00,long,a_room+a_vol_expansion+a_volume,a_room+a_vol_expansion+a_volume||up||long,-1.1223397593656022,-1.122339759365599,560.0,False,0.996462384418414,True,True,-298438.0
DOGEUSDT,2023-10-04 00:00:00+00:00,2023-10-06 00:00:00+00:00,2023-10-06 03:45:00+00:00,long,a_fvg_absent+a_room+a_vol_expansion,a_fvg_absent+a_room+a_vol_expansion||up||long,0.2907301033774707,0.2907301033774607,560.0,False,4.738254570967402,True,True,367602.0
LINKUSDT,2023-10-11 16:00:00+00:00,2023-10-13 16:00:00+00:00,2023-10-13 19:45:00+00:00,long,a_fvg_absent+a_room+a_sweep+a_trend_counter+a_volume,a_fvg_absent+a_room+a_sweep+a_trend_counter+a_volume||down||long,-0.2756245416036755,-0.2756245416036755,376.0,False,11.51292502158163,True,True,-859680.0
BTCUSDT,2023-10-16 04:00:00+00:00,2023-10-16 08:00:00+00:00,2023-10-16 08:00:00+00:00,short,a_fvg_absent+a_ob+a_room+a_trend_counter,a_fvg_absent+a_ob+a_room+a_trend_counter||range||short,-1.3338333333333376,-1.3338333333333376,268.0,False,1.056555032293037,True,False,0.0
BTCUSDT,2023-10-16 20:00:00+00:00,2023-10-18 08:00:00+00:00,2023-10-18 09:45:00+00:00,long,a_room+a_vol_expansion+a_volume,a_room+a_vol_expansion+a_volume||up||long,0.2139928744066541,0.2139928744066541,252.0,False,0.996462384418414,False,True,59301.0
DOGEUSDT,2023-10-17 04:00:00+00:00,2023-10-17 08:00:00+00:00,2023-10-17 10:30:00+00:00,long,a_fvg_absent+a_room+a_volume,a_fvg_absent+a_room+a_volume||up||long,-0.0834583333333394,-0.0834583333333394,244.0,False,1.6227227595325122,False,True,-20889.0
BNBUSDT,2023-10-17 12:00:00+00:00,2023-10-17 16:00:00+00:00,2023-10-17 17:00:00+00:00,long,a_fvg_absent+a_room+a_volume,a_fvg_absent+a_room+a_volume||up||long,-1.3328333333333362,-0.0834583333333361,236.0,False,1.6227227595325122,False,True,-20873.0
DOGEUSDT,2023-10-17 12:00:00+00:00,2023-10-17 20:00:00+00:00,2023-10-17 18:00:00+00:00,short,a_fvg_absent+a_ob+a_room+a_trend_counter,a_fvg_absent+a_ob+a_room+a_trend_counter||up||short,2.321976127696649,2.3830221072132205,236.0,False,1.056555032293037,False,True,699672.0
XRPUSDT,2023-10-20 12:00:00+00:00,2023-10-20 20:00:00+00:00,2023-10-20 16:15:00+00:00,long,a_room+a_vol_expansion+a_volume,a_room+a_vol_expansion+a_volume||up||long,3.151958698395576,3.4609802415720394,164.0,False,0.996462384418414,False,True,983827.0
DOGEUSDT,2023-10-21 12:00:00+00:00,2023-10-21 16:00:00+00:00,2023-10-21 16:00:00+00:00,short,a_fvg_absent+a_ob+a_room+a_trend_counter,a_fvg_absent+a_ob+a_room+a_trend_counter||up||short,-1.3338333333333316,-1.3338333333333443,140.0,False,1.056555032293037,True,True,-354265.0
DOGEUSDT,2023-10-21 20:00:00+00:00,2023-10-22 04:00:00+00:00,2023-10-22 01:15:00+00:00,long,a_fvg_absent+a_room+a_volume,a_fvg_absent+a_room+a_volume||up||long,1.6947164976605218,2.220250510147606,132.0,False,1.6227227595325122,False,False,0.0
XRPUSDT,2023-10-21 20:00:00+00:00,2023-10-23 20:00:00+00:00,2023-10-23 23:45:00+00:00,long,a_trend_counter+a_vol_expansion+a_volume,a_trend_counter+a_vol_expansion+a_volume||up||long,0.6882270461909515,0.6882270461909515,132.0,False,2.4103622724368643,True,True,483674.0
ADAUSDT,2023-10-22 08:00:00+00:00,2023-10-22 12:00:00+00:00,2023-10-22 12:00:00+00:00,long,a_room+a_vol_expansion+a_volume,a_room+a_vol_expansion+a_volume||up||long,-1.2782027027027,-1.278202702702683,120.0,False,0.996462384418414,True,True,-371364.0
ADAUSDT,2023-10-22 16:00:00+00:00,2023-10-22 20:00:00+00:00,2023-10-22 22:45:00+00:00,short,a_room+a_sweep+a_trend_counter+a_vol_expansion+a_volume,a_room+a_sweep+a_trend_counter+a_vol_expansion+a_volume||up||short,-1.0848264248704669,-1.0848264248704669,112.0,False,4.036791654039396,True,False,0.0
DOGEUSDT,2023-10-23 08:00:00+00:00,2023-10-24 16:00:00+00:00,2023-10-24 13:00:00+00:00,long,a_trend_counter+a_vol_expansion+a_volume,a_trend_counter+a_vol_expansion+a_volume||up||long,1.7673101246996912,2.157916691454054,96.0,False,2.4103622724368643,False,True,1497231.0
ETHUSDT,2023-10-23 08:00:00+00:00,2023-10-24 04:00:00+00:00,2023-10-23 13:30:00+00:00,long,a_room+a_vol_expansion+a_volume,a_room+a_vol_expansion+a_volume||up||long,5.843983555063762,0.0980737763603235,96.0,False,0.996462384418414,False,True,28131.0
ADAUSDT,2023-10-23 12:00:00+00:00,2023-10-24 04:00:00+00:00,2023-10-23 22:45:00+00:00,long,a_room+a_vol_expansion+a_volume,a_room+a_vol_expansion+a_volume||up||long,2.348784193287872,1.931414016511129,92.0,False,0.996462384418414,False,True,553998.0
SOLUSDT,2023-10-24 00:00:00+00:00,2023-10-24 04:00:00+00:00,2023-10-24 04:30:00+00:00,long,a_score_ge13+a_vol_expansion+a_volume,a_score_ge13+a_vol_expansion+a_volume||up||long,-1.0966547749725577,-1.0966547749725577,80.0,False,0.0,True,False,0.0
AVAXUSDT,2023-10-24 12:00:00+00:00,2023-10-24 20:00:00+00:00,2023-10-24 16:30:00+00:00,long,a_room+a_vol_expansion+a_volume,a_room+a_vol_expansion+a_volume||up||long,1.8429046005705896,2.107394258202519,68.0,False,0.996462384418414,False,True,626856.0
BNBUSDT,2023-10-24 12:00:00+00:00,2023-10-25 20:00:00+00:00,2023-10-25 23:00:00+00:00,long,a_room+a_vol_expansion+a_volume,a_room+a_vol_expansion+a_volume||up||long,-1.0292198365066223,-1.0292198365066223,68.0,False,0.996462384418414,True,True,-306147.0
ADAUSDT,2023-10-25 04:00:00+00:00,2023-10-25 08:00:00+00:00,2023-10-25 16:15:00+00:00,long,a_room+a_vol_expansion+a_volume,a_room+a_vol_expansion+a_volume||up||long,0.1586362443778112,2.255900431034454,52.0,False,0.996462384418414,False,True,718778.0
ETHUSDT,2023-10-25 04:00:00+00:00,2023-10-26 12:00:00+00:00,2023-10-26 14:30:00+00:00,long,a_room+a_vol_expansion+a_volume,a_room+a_vol_expansion+a_volume||up||long,0.6004625237014762,0.6004625237014762,52.0,False,0.996462384418414,False,True,191320.0
XRPUSDT,2023-10-25 04:00:00+00:00,2023-10-27 04:00:00+00:00,2023-10-27 07:45:00+00:00,long,a_room+a_vol_expansion+a_volume,a_room+a_vol_expansion+a_volume||up||long,0.0627409282910941,0.0627409282910941,52.0,False,0.996462384418414,True,True,19991.0
BTCUSDT,2023-10-26 12:00:00+00:00,2023-10-26 16:00:00+00:00,2023-10-26 16:45:00+00:00,long,a_fvg_absent+a_room+a_vol_expansion,a_fvg_absent+a_room+a_vol_expansion||up||long,-1.1723154500984716,-1.1723154500984716,20.0,True,4.738254570967402,True,False,0.0
SOLUSDT,2023-10-26 12:00:00+00:00,2023-10-26 16:00:00+00:00,2023-10-26 16:00:00+00:00,long,a_room+a_vol_expansion+a_volume,a_room+a_vol_expansion+a_volume||up||long,-1.0887312339525748,-1.0887312339525748,20.0,True,0.996462384418414,True,False,0.0
DOGEUSDT,2023-10-26 12:00:00+00:00,2023-10-27 16:00:00+00:00,2023-10-27 17:00:00+00:00,long,a_room+a_vol_expansion+a_volume,a_room+a_vol_expansion+a_volume||up||long,-1.020650841346154,-1.020650841346154,20.0,True,0.996462384418414,True,False,0.0
AVAXUSDT,2023-10-27 00:00:00+00:00,2023-10-27 08:00:00+00:00,2023-10-27 05:15:00+00:00,long,a_room+a_vol_expansion+a_volume,a_room+a_vol_expansion+a_volume||up||long,0.5468312607795789,0.1470312607795789,8.0,True,0.996462384418414,False,False,0.0
AVAXUSDT,2023-11-02 04:00:00+00:00,2023-11-05 12:00:00+00:00,2023-11-05 15:45:00+00:00,long,a_mss+a_score_ge13+a_vol_expansion,a_mss+a_score_ge13+a_vol_expansion||range||long,0.6168582541651538,0.6168582541651539,532.0,False,0.0,False,False,0.0
BNBUSDT,2023-11-02 12:00:00+00:00,2023-11-05 20:00:00+00:00,2023-11-05 23:45:00+00:00,long,a_fvg_absent+a_ob+a_score_ge13+a_volume,a_fvg_absent+a_ob+a_score_ge13+a_volume||range||long,1.4269095327487131,1.426909532748713,524.0,False,2.3594458374095173,False,True,1097522.0
SOLUSDT,2023-11-02 20:00:00+00:00,2023-11-03 00:00:00+00:00,2023-11-03 00:00:00+00:00,long,a_room+a_vol_expansion+a_volume,a_room+a_vol_expansion+a_volume||up||long,-1.025314734027835,-1.025314734027835,516.0,False,0.996462384418414,True,True,-333062.0
LINKUSDT,2023-11-07 12:00:00+00:00,2023-11-07 16:00:00+00:00,2023-11-07 17:00:00+00:00,long,a_fvg_absent+a_room+a_score_ge13,a_fvg_absent+a_room+a_score_ge13||range||long,0.9955437500000012,0.5457687500000011,404.0,False,0.0,False,False,0.0
XRPUSDT,2023-11-09 16:00:00+00:00,2023-11-10 12:00:00+00:00,2023-11-10 14:00:00+00:00,long,a_room+a_vol_expansion+a_volume,a_room+a_vol_expansion+a_volume||up||long,0.2293692834450785,0.2293692834450785,352.0,False,0.996462384418414,False,True,76255.0
BNBUSDT,2023-11-09 16:00:00+00:00,2023-11-10 04:00:00+00:00,2023-11-09 20:15:00+00:00,long,a_fvg_absent+a_room+a_volume,a_fvg_absent+a_room+a_volume||up||long,5.947727945383603,2.1160686605981858,352.0,False,1.6227227595325122,False,True,968075.0
DOGEUSDT,2023-11-09 16:00:00+00:00,2023-11-09 20:00:00+00:00,2023-11-09 20:00:00+00:00,long,a_fvg_absent+a_room+a_volume,a_fvg_absent+a_room+a_volume||up||long,0.50430389924704,-1.14487110075296,352.0,False,1.6227227595325122,False,True,-619833.0
AVAXUSDT,2023-11-09 16:00:00+00:00,2023-11-10 04:00:00+00:00,2023-11-09 20:15:00+00:00,long,a_fvg_absent+a_room+a_volume,a_fvg_absent+a_room+a_volume||up||long,8.113262696937673,5.369562371700086,352.0,False,1.6227227595325122,False,True,2907079.0
LINKUSDT,2023-11-09 20:00:00+00:00,2023-11-10 04:00:00+00:00,2023-11-10 06:15:00+00:00,long,a_room+a_vol_expansion+a_volume,a_room+a_vol_expansion+a_volume||up||long,0.6078386079721948,0.6078386079721948,348.0,False,0.996462384418414,False,True,198326.0
ADAUSDT,2023-11-09 20:00:00+00:00,2023-11-13 20:00:00+00:00,2023-11-13 07:45:00+00:00,long,a_room+a_vol_expansion+a_volume,a_room+a_vol_expansion+a_volume||up||long,0.8035438328075688,5.03076670346999,348.0,False,0.996462384418414,False,True,1641438.0
ETHUSDT,2023-11-11 00:00:00+00:00,2023-11-12 00:00:00+00:00,2023-11-12 00:45:00+00:00,long,a_room+a_vol_expansion+a_volume,a_room+a_vol_expansion+a_volume||up||long,0.2120497462346918,0.2120497462346918,320.0,False,0.996462384418414,False,True,77956.0
BNBUSDT,2023-11-11 04:00:00+00:00,2023-11-12 00:00:00+00:00,2023-11-12 00:45:00+00:00,long,a_room+a_vol_expansion+a_volume,a_room+a_vol_expansion+a_volume||up||long,0.5745402091221582,0.5745402091221582,316.0,False,0.996462384418414,False,True,211218.0
XRPUSDT,2023-11-11 20:00:00+00:00,2023-11-12 00:00:00+00:00,2023-11-12 00:15:00+00:00,long,a_room+a_vol_expansion+a_volume,a_room+a_vol_expansion+a_volume||up||long,-1.103609375000001,-1.103609375000001,300.0,False,0.996462384418414,True,True,-405720.0
DOGEUSDT,2023-11-11 20:00:00+00:00,2023-11-13 20:00:00+00:00,2023-11-13 23:45:00+00:00,long,a_score_ge13+a_vol_expansion+a_volume,a_score_ge13+a_vol_expansion+a_volume||up||long,-0.2210537346359904,-0.2210537346359893,300.0,False,0.0,True,False,0.0
AVAXUSDT,2023-11-12 12:00:00+00:00,2023-11-12 16:00:00+00:00,2023-11-13 11:15:00+00:00,long,a_room+a_vol_expansion+a_volume,a_room+a_vol_expansion+a_volume||up||long,0.22330926644297,0.6231092664429702,284.0,False,0.996462384418414,False,True,228350.0
LINKUSDT,2023-11-13 04:00:00+00:00,2023-11-13 12:00:00+00:00,2023-11-13 11:15:00+00:00,long,a_room+a_score_ge13+a_vol_expansion+a_volume,a_room+a_score_ge13+a_vol_expansion+a_volume||up||long,0.5764163726357702,0.5764163726357702,268.0,False,0.0,False,False,0.0
SOLUSDT,2023-11-15 00:00:00+00:00,2023-11-17 12:00:00+00:00,2023-11-17 14:45:00+00:00,long,a_fvg_absent+a_ob+a_score_ge13+a_volume,a_fvg_absent+a_ob+a_score_ge13+a_volume||down||long,0.8965384229729327,0.8965384229729327,224.0,False,2.3594458374095173,False,True,817509.0
ETHUSDT,2023-11-17 16:00:00+00:00,2023-11-19 16:00:00+00:00,2023-11-19 19:45:00+00:00,long,a_mss+a_room+a_score_ge13+a_trend_counter,a_mss+a_room+a_score_ge13+a_trend_counter||range||long,1.0979840968503505,1.0979840968503471,160.0,False,11.209064665009105,False,True,4299468.0
BNBUSDT,2023-11-20 00:00:00+00:00,2023-11-20 16:00:00+00:00,2023-11-20 17:15:00+00:00,short,a_room+a_score_ge13+a_volume,a_room+a_score_ge13+a_volume||range||short,-1.0609009963856604,1.0401490036143397,104.0,False,1.274894730091847,False,True,580343.0
XRPUSDT,2023-11-21 12:00:00+00:00,2023-11-21 16:00:00+00:00,2023-11-21 16:30:00+00:00,long,a_fvg_absent+a_ob+a_room+a_trend_counter,a_fvg_absent+a_ob+a_room+a_trend_counter||up||long,-1.206941285738941,-1.239119588360536,68.0,False,1.056555032293037,False,True,-580552.0
DOGEUSDT,2023-11-21 12:00:00+00:00,2023-11-21 16:00:00+00:00,2023-11-21 17:30:00+00:00,long,a_fvg_absent+a_room+a_volume,a_fvg_absent+a_room+a_volume||up||long,-1.086901350072787,0.5586666438452439,68.0,False,1.6227227595325122,False,True,402007.0
BNBUSDT,2023-11-21 12:00:00+00:00,2023-11-21 16:00:00+00:00,2023-11-21 16:15:00+00:00,long,a_fvg_absent+a_room+a_vol_expansion,a_fvg_absent+a_room+a_vol_expansion||up||long,-1.1483464347364214,2.5717883182843804,68.0,False,4.738254570967402,False,True,2298551.0
LINKUSDT,2023-11-21 16:00:00+00:00,2023-11-21 20:00:00+00:00,2023-11-21 22:15:00+00:00,long,a_fvg_absent+a_room+a_volume,a_fvg_absent+a_room+a_volume||up||long,-1.0659800942852502,0.5829043899824595,64.0,False,1.6227227595325122,False,True,439501.0
AVAXUSDT,2023-11-21 16:00:00+00:00,2023-11-21 20:00:00+00:00,2023-11-21 20:00:00+00:00,long,a_fvg_absent+a_room+a_volume,a_fvg_absent+a_room+a_volume||up||long,-1.0540504393981482,-1.0540504393981482,64.0,False,1.6227227595325122,True,True,-794737.0
DOGEUSDT,2023-11-22 08:00:00+00:00,2023-11-22 12:00:00+00:00,2023-11-22 16:00:00+00:00,short,a_fvg_absent+a_ob+a_room+a_trend_counter,a_fvg_absent+a_ob+a_room+a_trend_counter||range||short,0.1368552258295856,0.128778120464429,48.0,False,1.056555032293037,False,True,62736.0
SOLUSDT,2023-11-22 12:00:00+00:00,2023-11-24 12:00:00+00:00,2023-11-24 15:45:00+00:00,short,a_fvg_absent+a_ob+a_room+a_trend_counter,a_fvg_absent+a_ob+a_room+a_trend_counter||range||short,-0.426762058405527,-0.426762058405527,44.0,False,1.056555032293037,True,True,-208187.0
LINKUSDT,2023-11-23 00:00:00+00:00,2023-11-25 00:00:00+00:00,2023-11-25 03:45:00+00:00,short,a_fvg_absent+a_ob+a_room+a_trend_counter,a_fvg_absent+a_ob+a_room+a_trend_counter||range||short,-0.4503217797351034,-0.4503217797351033,32.0,True,1.056555032293037,True,False,0.0
BNBUSDT,2023-11-26 12:00:00+00:00,2023-11-27 04:00:00+00:00,2023-11-27 07:30:00+00:00,long,a_fvg_absent+a_ob+a_room+a_trend_counter,a_fvg_absent+a_ob+a_room+a_trend_counter||up||long,-1.053929318669528,-1.0539293186695278,788.0,False,1.056555032293037,True,True,-511819.0
ETHUSDT,2023-11-28 12:00:00+00:00,2023-11-28 20:00:00+00:00,2023-11-28 17:00:00+00:00,long,a_fvg_absent+a_ob+a_score_ge13+a_volume,a_fvg_absent+a_ob+a_score_ge13+a_volume||range||long,2.37549615260088,2.5218055348171915,740.0,False,2.3594458374095173,False,True,1274842.0
AVAXUSDT,2023-11-28 16:00:00+00:00,2023-11-28 20:00:00+00:00,2023-11-28 20:00:00+00:00,short,a_room+a_score_ge13+a_volume,a_room+a_score_ge13+a_volume||range||short,-1.0873860437900325,-1.0901903993797994,736.0,False,1.274894730091847,True,True,-631722.0
SOLUSDT,2023-11-28 16:00:00+00:00,2023-11-30 16:00:00+00:00,2023-11-30 19:45:00+00:00,short,a_fvg_absent+a_ob+a_room+a_trend_counter,a_fvg_absent+a_ob+a_room+a_trend_counter||range||short,-0.2525736462138223,-0.2525736462138222,736.0,False,1.056555032293037,True,True,-121291.0
DOGEUSDT,2023-12-03 12:00:00+00:00,2023-12-03 20:00:00+00:00,2023-12-03 20:45:00+00:00,long,a_fvg_absent+a_room+a_volume,a_fvg_absent+a_room+a_volume||up||long,0.1878891438838085,0.1873660522548314,620.0,False,1.6227227595325122,False,True,139779.0
SOLUSDT,2023-12-04 08:00:00+00:00,2023-12-04 16:00:00+00:00,2023-12-04 12:15:00+00:00,long,a_fvg_absent+a_room+a_volume,a_fvg_absent+a_room+a_volume||up||long,1.6733960807120694,2.3138856519644806,600.0,False,1.6227227595325122,False,True,1731457.0
XRPUSDT,2023-12-05 04:00:00+00:00,2023-12-05 08:00:00+00:00,2023-12-05 08:30:00+00:00,long,a_room+a_vol_expansion+a_volume,a_room+a_vol_expansion+a_volume||up||long,-1.120481183473096,-1.126592433006732,580.0,False,0.996462384418414,True,True,-537108.0
DOGEUSDT,2023-12-05 04:00:00+00:00,2023-12-05 08:00:00+00:00,2023-12-05 11:00:00+00:00,long,a_room+a_vol_expansion+a_volume,a_room+a_vol_expansion+a_volume||up||long,0.176744409780235,0.1751226938845233,580.0,False,0.996462384418414,False,True,83491.0
BNBUSDT,2023-12-06 08:00:00+00:00,2023-12-08 08:00:00+00:00,2023-12-08 11:45:00+00:00,long,a_fvg_absent+a_room+a_volume,a_fvg_absent+a_room+a_volume||up||long,0.4446453883803701,0.4446453883803686,552.0,False,1.6227227595325122,True,True,341944.0
SOLUSDT,2023-12-06 12:00:00+00:00,2023-12-09 20:00:00+00:00,2023-12-09 23:45:00+00:00,long,a_room+a_vol_expansion+a_volume,a_room+a_vol_expansion+a_volume||up||long,2.2725448600378857,2.272544860037886,548.0,False,0.996462384418414,False,True,1073173.0
ETHUSDT,2023-12-06 20:00:00+00:00,2023-12-07 00:00:00+00:00,2023-12-07 00:00:00+00:00,long,a_fvg_absent+a_room+a_vol_expansion,a_fvg_absent+a_room+a_vol_expansion||up||long,-1.1842998286800883,-1.1842998286800952,540.0,False,4.738254570967402,True,True,-911125.0
DOGEUSDT,2023-12-07 00:00:00+00:00,2023-12-07 08:00:00+00:00,2023-12-07 09:15:00+00:00,long,a_room+a_vol_expansion+a_volume,a_room+a_vol_expansion+a_volume||up||long,0.2178855352362241,0.2178855352362244,536.0,False,0.996462384418414,False,True,100915.0
BTCUSDT,2023-12-07 08:00:00+00:00,2023-12-07 12:00:00+00:00,2023-12-08 21:30:00+00:00,long,a_room+a_vol_expansion+a_volume,a_room+a_vol_expansion+a_volume||up||long,0.5258402798298629,2.6434012054222573,528.0,False,0.996462384418414,False,True,1226963.0
XRPUSDT,2023-12-07 08:00:00+00:00,2023-12-09 00:00:00+00:00,2023-12-08 12:45:00+00:00,long,a_fvg_absent+a_room+a_volume,a_fvg_absent+a_room+a_volume||up||long,3.3084575942413026,2.272743696936146,528.0,False,1.6227227595325122,False,True,1717917.0
LINKUSDT,2023-12-07 20:00:00+00:00,2023-12-09 20:00:00+00:00,2023-12-09 23:45:00+00:00,long,a_room+a_vol_expansion+a_volume,a_room+a_vol_expansion+a_volume||up||long,1.443668900791736,1.443668900791736,516.0,False,0.996462384418414,False,True,687745.0
BNBUSDT,2023-12-09 12:00:00+00:00,2023-12-09 16:00:00+00:00,2023-12-09 16:00:00+00:00,long,a_trend_counter+a_vol_expansion+a_volume,a_trend_counter+a_vol_expansion+a_volume||up||long,-1.1082623724391931,-1.1082623724391936,476.0,False,2.4103622724368643,True,True,-1332122.0
LINKUSDT,2023-12-12 00:00:00+00:00,2023-12-12 08:00:00+00:00,2023-12-12 05:15:00+00:00,short,a_sweep+a_trend_counter+a_vol_expansion+a_volume,a_sweep+a_trend_counter+a_vol_expansion+a_volume||down||short,0.1510971920677885,0.1471748093715415,416.0,False,3.5000000000000004,False,True,215707.0
DOGEUSDT,2023-12-16 20:00:00+00:00,2023-12-18 20:00:00+00:00,2023-12-18 23:45:00+00:00,short,a_fvg_absent+a_ob+a_room+a_trend_counter,a_fvg_absent+a_ob+a_room+a_trend_counter||range||short,0.4460839330325528,0.4460839330325529,300.0,False,1.056555032293037,True,True,238070.0
SOLUSDT,2023-12-22 04:00:00+00:00,2023-12-22 08:00:00+00:00,2023-12-22 08:30:00+00:00,long,a_room+a_vol_expansion+a_volume,a_room+a_vol_expansion+a_volume||up||long,-1.0894431381327712,0.1588263212795567,172.0,False,0.996462384418414,False,True,80320.0
BNBUSDT,2023-12-23 04:00:00+00:00,2023-12-25 04:00:00+00:00,2023-12-25 07:45:00+00:00,long,a_room+a_vol_expansion+a_volume,a_room+a_vol_expansion+a_volume||up||long,-0.1074547548098965,-0.1074547548098965,148.0,False,0.996462384418414,True,True,-54427.0
BNBUSDT,2023-12-29 04:00:00+00:00,2023-12-29 08:00:00+00:00,2023-12-29 08:00:00+00:00,long,a_fvg_absent+a_room+a_score_ge13,a_fvg_absent+a_room+a_score_ge13||range||long,0.1323753664467997,-1.1169996335532002,4.0,True,0.0,False,False,0.0
BTCUSDT,2024-01-01 16:00:00+00:00,2024-01-02 00:00:00+00:00,2024-01-02 00:00:00+00:00,short,a_fvg_absent+a_ob+a_room+a_trend_counter,a_fvg_absent+a_ob+a_room+a_trend_counter||range||short,-1.034682512456171,-1.034682512456171,592.0,False,1.056555032293037,True,True,-555084.0
XRPUSDT,2024-01-02 00:00:00+00:00,2024-01-03 08:00:00+00:00,2024-01-03 12:15:00+00:00,short,a_fvg_absent+a_ob+a_room+a_trend_counter,a_fvg_absent+a_ob+a_room+a_trend_counter||range||short,0.5929263793818716,3.965323205766407,584.0,False,1.056555032293037,False,True,2104053.0
ETHUSDT,2024-01-02 12:00:00+00:00,2024-01-02 16:00:00+00:00,2024-01-02 16:00:00+00:00,long,a_fvg_absent+a_room+a_volume,a_fvg_absent+a_room+a_volume||up||long,-0.998695640342363,-1.2985456403423632,572.0,False,1.6227227595325122,False,True,-654225.0
LINKUSDT,2024-01-03 08:00:00+00:00,2024-01-03 12:00:00+00:00,2024-01-03 12:00:00+00:00,long,a_fvg_absent+a_ob+a_room+a_trend_counter,a_fvg_absent+a_ob+a_room+a_trend_counter||up||long,-1.0121640353540464,-1.0121640353540466,552.0,False,1.056555032293037,True,True,-552572.0
SOLUSDT,2024-01-03 12:00:00+00:00,2024-01-03 20:00:00+00:00,2024-01-03 16:15:00+00:00,long,a_fvg_absent+a_room+a_volume,a_fvg_absent+a_room+a_volume||up||long,5.042296514735038,6.186474475613919,548.0,False,1.6227227595325122,False,True,5131734.0
DOGEUSDT,2024-01-03 12:00:00+00:00,2024-01-04 00:00:00+00:00,2024-01-03 16:15:00+00:00,long,a_fvg_absent+a_room+a_volume,a_fvg_absent+a_room+a_volume||up||long,2.959699426107901,3.536177170542188,548.0,False,1.6227227595325122,False,True,2509073.0
BTCUSDT,2024-01-03 12:00:00+00:00,2024-01-03 20:00:00+00:00,2024-01-03 16:30:00+00:00,long,a_room+a_vol_expansion+a_volume,a_room+a_vol_expansion+a_volume||up||long,1.9292722930904995,2.197627029115564,548.0,False,0.996462384418414,False,True,1119416.0
ETHUSDT,2024-01-03 16:00:00+00:00,2024-01-03 20:00:00+00:00,2024-01-03 22:45:00+00:00,long,a_room+a_vol_expansion+a_volume,a_room+a_vol_expansion+a_volume||up||long,-1.0701321075306869,-1.0701321075306864,544.0,False,0.996462384418414,True,True,-545098.0
SOLUSDT,2024-01-08 16:00:00+00:00,2024-01-08 20:00:00+00:00,2024-01-08 20:00:00+00:00,short,a_fvg_absent+a_ob+a_room+a_trend_counter,a_fvg_absent+a_ob+a_room+a_trend_counter||range||short,-1.1037439423332949,-1.1037439423332949,424.0,False,1.056555032293037,True,True,-691927.0
BTCUSDT,2024-01-10 00:00:00+00:00,2024-01-10 08:00:00+00:00,2024-01-10 11:45:00+00:00,long,a_room+a_score_ge13+a_vol_expansion+a_volume,a_room+a_score_ge13+a_vol_expansion+a_volume||up||long,-1.0575268675742724,-1.0575268675742724,392.0,False,0.0,True,False,0.0
BNBUSDT,2024-01-10 20:00:00+00:00,2024-01-11 08:00:00+00:00,2024-01-11 08:15:00+00:00,short,a_room+a_score_ge13+a_trend_counter,a_room+a_score_ge13+a_trend_counter||up||short,0.204917420126331,0.2049174201263311,372.0,False,4.315614007975119,False,True,518593.0
BTCUSDT,2024-01-11 12:00:00+00:00,2024-01-12 16:00:00+00:00,2024-01-12 16:15:00+00:00,long,a_room+a_score_ge13+a_vol_expansion+a_volume,a_room+a_score_ge13+a_vol_expansion+a_volume||up||long,-1.021495867903219,-1.021495867903219,356.0,False,0.0,True,False,0.0
XRPUSDT,2024-01-11 20:00:00+00:00,2024-01-12 00:00:00+00:00,2024-01-12 01:00:00+00:00,long,a_room+a_vol_expansion+a_volume,a_room+a_vol_expansion+a_volume||up||long,-1.1100495895310885,-1.1145888661899892,348.0,False,0.996462384418414,True,True,-657059.0
ETHUSDT,2024-01-13 04:00:00+00:00,2024-01-14 20:00:00+00:00,2024-01-14 23:30:00+00:00,long,a_fvg_absent+a_room+a_vol_expansion+a_volume,a_fvg_absent+a_room+a_vol_expansion+a_volume||down||long,-1.0342926620521349,-1.0342926620521349,316.0,False,2.0591703994912867,True,True,-1245989.0
SOLUSDT,2024-01-17 00:00:00+00:00,2024-01-19 00:00:00+00:00,2024-01-19 03:45:00+00:00,short,a_fvg_absent+a_ob+a_room+a_trend_counter,a_fvg_absent+a_ob+a_room+a_trend_counter||range||short,1.0197628001080976,1.0197628001080976,224.0,False,1.056555032293037,False,True,616908.0
LINKUSDT,2024-01-19 20:00:00+00:00,2024-01-20 04:00:00+00:00,2024-01-20 02:00:00+00:00,long,a_fvg_absent+a_ob+a_score_ge13+a_volume,a_fvg_absent+a_ob+a_score_ge13+a_volume||down||long,1.884780109097156,2.0200101151103813,156.0,False,2.3594458374095173,False,True,2758334.0
ADAUSDT,2024-01-22 12:00:00+00:00,2024-01-25 20:00:00+00:00,2024-01-25 23:45:00+00:00,short,a_room+a_score_ge13+a_volume,a_room+a_score_ge13+a_volume||range||short,1.3378536733837103,1.3378536733837103,92.0,False,1.274894730091847,False,True,1034158.0
AVAXUSDT,2024-01-23 20:00:00+00:00,2024-01-25 20:00:00+00:00,2024-01-25 23:45:00+00:00,short,a_fvg_absent+a_ob+a_score_ge13+a_volume,a_fvg_absent+a_ob+a_score_ge13+a_volume||down||short,-0.247737400009297,-0.247737400009297,60.0,False,2.3594458374095173,True,True,-354410.0
BNBUSDT,2024-01-28 08:00:00+00:00,2024-01-28 20:00:00+00:00,2024-01-28 20:00:00+00:00,short,a_fvg_absent+a_ob+a_room+a_trend_counter,a_fvg_absent+a_ob+a_room+a_trend_counter||up||short,1.7679976891497386,1.9622960149459467,624.0,False,1.056555032293037,False,True,1271167.0
DOGEUSDT,2024-01-30 04:00:00+00:00,2024-01-30 20:00:00+00:00,2024-01-30 23:30:00+00:00,long,a_fvg_absent+a_ob+a_room+a_trend_counter,a_fvg_absent+a_ob+a_room+a_trend_counter||up||long,-1.0593971421272963,-1.0599296176445514,580.0,False,1.056555032293037,True,True,-700853.0
ETHUSDT,2024-01-31 08:00:00+00:00,2024-01-31 16:00:00+00:00,2024-01-31 12:15:00+00:00,short,a_room+a_score_ge13+a_trend_counter,a_room+a_score_ge13+a_trend_counter||up||short,2.149400743649156,2.779231961163793,552.0,False,4.315614007975119,False,True,1748432.0
DOGEUSDT,2024-01-31 20:00:00+00:00,2024-02-01 00:00:00+00:00,2024-02-01 01:00:00+00:00,long,a_fvg_absent+a_ob+a_room+a_trend_counter,a_fvg_absent+a_ob+a_room+a_trend_counter||up||long,-1.1873362747478475,-1.220695793690496,540.0,False,1.056555032293037,True,True,-820667.0
ADAUSDT,2024-02-01 00:00:00+00:00,2024-02-01 04:00:00+00:00,2024-02-01 05:15:00+00:00,long,a_fvg_absent+a_ob+a_room+a_score_ge13+a_trend_counter,a_fvg_absent+a_ob+a_room+a_score_ge13+a_trend_counter||up||long,-1.1022642407492615,-1.1057131268436569,536.0,False,3.924191004535349,True,True,-1961622.0
ETHUSDT,2024-02-01 16:00:00+00:00,2024-02-03 16:00:00+00:00,2024-02-03 19:45:00+00:00,short,a_room+a_score_ge13+a_volume,a_room+a_score_ge13+a_volume||range||short,-0.1454800244216683,-0.1454800244216683,520.0,False,1.274894730091847,True,True,-112857.0
AVAXUSDT,2024-02-03 08:00:00+00:00,2024-02-05 08:00:00+00:00,2024-02-05 11:45:00+00:00,short,a_fvg_absent+a_ob+a_room+a_trend_counter,a_fvg_absent+a_ob+a_room+a_trend_counter||range||short,0.5324471161747799,0.53244711617478,480.0,False,1.056555032293037,False,True,342309.0
ETHUSDT,2024-02-05 16:00:00+00:00,2024-02-06 00:00:00+00:00,2024-02-06 02:00:00+00:00,short,a_room+a_score_ge13+a_volume,a_room+a_score_ge13+a_volume||range||short,0.1370748278791127,0.1370748278791128,424.0,False,1.274894730091847,False,True,106737.0
DOGEUSDT,2024-02-06 08:00:00+00:00,2024-02-07 20:00:00+00:00,2024-02-07 20:15:00+00:00,short,a_room+a_score_ge13+a_volume,a_room+a_score_ge13+a_volume||range||short,-1.058765442389748,-1.0591837956453205,408.0,False,1.274894730091847,True,True,-826206.0
ADAUSDT,2024-02-06 16:00:00+00:00,2024-02-07 20:00:00+00:00,2024-02-07 22:15:00+00:00,short,a_room+a_score_ge13+a_volume,a_room+a_score_ge13+a_volume||range||short,0.2296471882797378,0.2296471882797378,400.0,False,1.274894730091847,False,True,179134.0
ETHUSDT,2024-02-07 00:00:00+00:00,2024-02-07 08:00:00+00:00,2024-02-07 05:15:00+00:00,short,a_fvg_absent+a_ob+a_room+a_trend_counter,a_fvg_absent+a_ob+a_room+a_trend_counter||range||short,1.732907122117077,1.8649587806670451,392.0,False,1.056555032293037,False,True,1116655.0
BTCUSDT,2024-02-12 04:00:00+00:00,2024-02-12 20:00:00+00:00,2024-02-12 15:15:00+00:00,long,a_fvg_absent+a_room+a_volume,a_fvg_absent+a_room+a_volume||up||long,3.5822603890534324,2.3879568684463464,268.0,False,1.6227227595325122,False,True,2389099.0
XRPUSDT,2024-02-13 12:00:00+00:00,2024-02-15 00:00:00+00:00,2024-02-14 19:15:00+00:00,long,a_fvg_absent+a_ob+a_room+a_trend_counter,a_fvg_absent+a_ob+a_room+a_trend_counter||up||long,2.258401695371363,2.1994968245425097,236.0,False,1.056555032293037,False,True,1488297.0
DOGEUSDT,2024-02-13 16:00:00+00:00,2024-02-15 16:00:00+00:00,2024-02-15 19:45:00+00:00,long,a_room+a_vol_expansion+a_volume,a_room+a_vol_expansion+a_volume||up||long,1.3624000339334903,1.3624000339334803,232.0,False,0.996462384418414,False,True,869440.0
AVAXUSDT,2024-02-15 12:00:00+00:00,2024-02-15 16:00:00+00:00,2024-02-15 16:00:00+00:00,long,a_room+a_vol_expansion+a_volume,a_room+a_vol_expansion+a_volume||up||long,-1.1338751150038653,-1.133875115003865,188.0,False,0.996462384418414,False,True,-740419.0
ETHUSDT,2024-02-15 12:00:00+00:00,2024-02-17 12:00:00+00:00,2024-02-17 15:45:00+00:00,long,a_room+a_vol_expansion+a_volume,a_room+a_vol_expansion+a_volume||up||long,-0.012867112794301,-0.012867112794301,188.0,False,0.996462384418414,True,True,-8402.0
XRPUSDT,2024-02-15 20:00:00+00:00,2024-02-16 00:00:00+00:00,2024-02-16 02:30:00+00:00,short,a_room+a_sweep+a_trend_counter+a_vol_expansion+a_volume,a_room+a_sweep+a_trend_counter+a_vol_expansion+a_volume||up||short,-1.1017182603028832,0.5456886649874062,180.0,False,4.036791654039396,False,True,1027281.0
AVAXUSDT,2024-02-16 16:00:00+00:00,2024-02-16 20:00:00+00:00,2024-02-16 20:00:00+00:00,long,a_room+a_vol_expansion+a_volume,a_room+a_vol_expansion+a_volume||up||long,-1.0469206468009231,-1.0469206468009238,160.0,False,0.996462384418414,True,True,-695700.0
DOGEUSDT,2024-02-16 16:00:00+00:00,2024-02-17 12:00:00+00:00,2024-02-17 13:15:00+00:00,long,a_room+a_vol_expansion+a_volume,a_room+a_vol_expansion+a_volume||up||long,-1.062791352260209,-1.0636245487364575,160.0,False,0.996462384418414,True,True,-706801.0
XRPUSDT,2024-02-17 12:00:00+00:00,2024-02-17 16:00:00+00:00,2024-02-18 05:30:00+00:00,long,a_room+a_vol_expansion+a_volume,a_room+a_vol_expansion+a_volume||up||long,0.1208341083052526,2.05124921033741,140.0,False,0.996462384418414,False,True,1334259.0
ADAUSDT,2024-02-25 16:00:00+00:00,2024-02-26 00:00:00+00:00,2024-02-26 02:00:00+00:00,long,a_fvg_absent+a_room+a_score_ge13,a_fvg_absent+a_room+a_score_ge13||range||long,0.1584836618014055,0.156470092024539,784.0,False,0.0,False,False,0.0
AVAXUSDT,2024-02-26 12:00:00+00:00,2024-02-28 12:00:00+00:00,2024-02-28 15:45:00+00:00,short,a_fvg_absent+a_ob+a_room+a_trend_counter,a_fvg_absent+a_ob+a_room+a_trend_counter||range||short,-0.6625020782581675,-0.6625020782581673,764.0,False,1.056555032293037,True,True,-466259.0
XRPUSDT,2024-02-27 00:00:00+00:00,2024-02-27 08:00:00+00:00,2024-02-27 04:15:00+00:00,short,a_fvg_absent+a_ob+a_room+a_trend_counter,a_fvg_absent+a_ob+a_room+a_trend_counter||up||short,2.0642582233060995,2.261655006104988,752.0,False,1.056555032293037,False,True,1355867.0
XRPUSDT,2024-02-28 16:00:00+00:00,2024-02-29 08:00:00+00:00,2024-02-28 20:15:00+00:00,long,a_room+a_vol_expansion+a_volume,a_room+a_vol_expansion+a_volume||up||long,7.571716457437435,4.431924447821689,712.0,False,0.996462384418414,False,True,2981008.0
LINKUSDT,2024-02-28 16:00:00+00:00,2024-03-05 16:00:00+00:00,2024-03-03 03:45:00+00:00,long,a_fvg_absent+a_room+a_volume,a_fvg_absent+a_room+a_volume||up||long,0.87967308470241,5.872292035415577,712.0,False,1.6227227595325122,False,True,6432234.0
SOLUSDT,2024-02-28 16:00:00+00:00,2024-03-05 16:00:00+00:00,2024-03-03 03:45:00+00:00,long,a_room+a_vol_expansion+a_volume,a_room+a_vol_expansion+a_volume||up||long,0.9161209545627576,2.387317761642676,712.0,False,0.996462384418414,False,True,1605761.0
ADAUSDT,2024-02-28 20:00:00+00:00,2024-02-29 12:00:00+00:00,2024-02-29 06:30:00+00:00,long,a_room+a_vol_expansion+a_volume,a_room+a_vol_expansion+a_volume||up||long,3.25469416147211,2.7178181688156333,708.0,False,0.996462384418414,False,True,1828063.0
DOGEUSDT,2024-02-29 00:00:00+00:00,2024-02-29 08:00:00+00:00,2024-02-29 04:30:00+00:00,long,a_room+a_vol_expansion+a_volume,a_room+a_vol_expansion+a_volume||up||long,6.226596203447992,5.706215524581598,704.0,False,0.996462384418414,False,True,3838124.0
BNBUSDT,2024-02-29 08:00:00+00:00,2024-02-29 16:00:00+00:00,2024-02-29 17:30:00+00:00,long,a_room+a_vol_expansion+a_volume,a_room+a_vol_expansion+a_volume||up||long,-1.0404087058664078,-1.0404087058664078,696.0,False,0.996462384418414,True,True,-770497.0
AVAXUSDT,2024-02-29 20:00:00+00:00,2024-03-02 20:00:00+00:00,2024-03-02 23:45:00+00:00,long,a_room+a_vol_expansion+a_volume,a_room+a_vol_expansion+a_volume||up||long,0.5778026655050215,0.5778026655050215,684.0,False,0.996462384418414,True,True,433993.0
ETHUSDT,2024-03-02 04:00:00+00:00,2024-03-05 12:00:00+00:00,2024-03-05 15:45:00+00:00,long,a_room+a_vol_expansion+a_volume,a_room+a_vol_expansion+a_volume||up||long,1.4887172395602095,1.4887172395602095,652.0,False,0.996462384418414,False,True,1118190.0
DOGEUSDT,2024-03-02 16:00:00+00:00,2024-03-03 04:00:00+00:00,2024-03-03 07:15:00+00:00,long,a_room+a_vol_expansion+a_volume,a_room+a_vol_expansion+a_volume||up||long,-0.719842873969376,-0.7198428739693757,640.0,False,0.996462384418414,False,True,-540681.0
XRPUSDT,2024-03-04 16:00:00+00:00,2024-03-05 16:00:00+00:00,2024-03-05 19:30:00+00:00,long,a_room+a_vol_expansion+a_volume,a_room+a_vol_expansion+a_volume||up||long,-1.0153302261460877,-1.015330226146088,592.0,False,0.996462384418414,True,True,-761545.0
ADAUSDT,2024-03-05 16:00:00+00:00,2024-03-06 12:00:00+00:00,2024-03-05 20:30:00+00:00,long,a_room+a_vol_expansion+a_volume,a_room+a_vol_expansion+a_volume||up||long,4.259537282595287,2.75842562600222,568.0,False,0.996462384418414,False,True,2299689.0
BTCUSDT,2024-03-05 16:00:00+00:00,2024-03-05 20:00:00+00:00,2024-03-05 20:00:00+00:00,long,a_fvg_absent+a_room+a_vol_expansion,a_fvg_absent+a_room+a_vol_expansion||up||long,0.9909295883626418,0.5411545883626417,568.0,False,4.738254570967402,False,True,1251636.0
DOGEUSDT,2024-03-05 16:00:00+00:00,2024-03-07 16:00:00+00:00,2024-03-07 19:45:00+00:00,long,a_fvg_absent+a_room+a_vol_expansion,a_fvg_absent+a_room+a_vol_expansion||up||long,0.7182793066092892,0.7182793066092877,568.0,False,4.738254570967402,False,True,2847467.0
AVAXUSDT,2024-03-05 20:00:00+00:00,2024-03-09 04:00:00+00:00,2024-03-09 07:45:00+00:00,long,a_room+a_vol_expansion+a_volume,a_room+a_vol_expansion+a_volume||up||long,1.1889518108631656,1.1889518108631656,564.0,False,0.996462384418414,False,True,1006053.0
SOLUSDT,2024-03-06 12:00:00+00:00,2024-04-13 16:00:00+00:00,2024-03-09 23:45:00+00:00,long,a_room+a_vol_expansion+a_volume,a_room+a_vol_expansion+a_volume||up||long,0.8936603631481638,3.027497391935904,548.0,False,0.996462384418414,False,True,2631149.0
ETHUSDT,2024-03-07 04:00:00+00:00,2024-03-10 12:00:00+00:00,2024-03-10 15:45:00+00:00,long,a_room+a_vol_expansion+a_volume,a_room+a_vol_expansion+a_volume||up||long,0.8859927206069742,0.8859927206069742,532.0,False,0.996462384418414,False,True,770002.0
XRPUSDT,2024-03-08 12:00:00+00:00,2024-03-09 00:00:00+00:00,2024-03-08 16:15:00+00:00,long,a_fvg_absent+a_room+a_volume,a_fvg_absent+a_room+a_volume||up||long,2.714122499773361,2.0611714162662262,500.0,False,1.6227227595325122,False,True,3012392.0
LINKUSDT,2024-03-12 20:00:00+00:00,2024-03-14 16:00:00+00:00,2024-03-14 15:15:00+00:00,long,a_room+a_vol_expansion+a_volume,a_room+a_vol_expansion+a_volume||up||long,0.2342019522941355,0.2342019522941355,396.0,False,0.996462384418414,False,True,221361.0
DOGEUSDT,2024-03-14 08:00:00+00:00,2024-03-14 12:00:00+00:00,2024-03-14 13:30:00+00:00,long,a_fvg_absent+a_room+a_volume,a_fvg_absent+a_room+a_volume||up||long,-1.0519831970334073,0.5971918029665936,360.0,False,1.6227227595325122,False,True,919197.0
LINKUSDT,2024-03-16 00:00:00+00:00,2024-03-16 04:00:00+00:00,2024-03-16 05:15:00+00:00,long,a_fvg_absent+a_room+a_vol_expansion+a_volume,a_fvg_absent+a_room+a_vol_expansion+a_volume||down||long,-1.0824528242886278,-1.084349941474834,320.0,False,2.0591703994912867,True,True,-2143399.0
XRPUSDT,2024-03-16 16:00:00+00:00,2024-03-16 20:00:00+00:00,2024-03-16 23:15:00+00:00,long,a_room+a_score_ge13+a_trend_counter,a_room+a_score_ge13+a_trend_counter||down||long,-1.023387788778878,-1.023387788778878,304.0,False,4.315614007975119,True,True,-4144929.0
BTCUSDT,2024-03-18 04:00:00+00:00,2024-03-20 00:00:00+00:00,2024-03-19 23:30:00+00:00,short,a_mss+a_room+a_volume,a_mss+a_room+a_volume||down||short,2.063875151683276,2.2625626419930653,268.0,False,1.4024953958902748,False,True,2846551.0
SOLUSDT,2024-03-19 08:00:00+00:00,2024-03-19 12:00:00+00:00,2024-03-19 12:15:00+00:00,long,a_fvg_absent+a_room+a_vol_expansion+a_volume,a_fvg_absent+a_room+a_vol_expansion+a_volume||down||long,1.0310615156764251,1.55883574356487,240.0,False,2.0591703994912867,False,False,0.0
LINKUSDT,2024-03-20 20:00:00+00:00,2024-03-22 20:00:00+00:00,2024-03-22 23:45:00+00:00,short,a_fvg_absent+a_ob+a_score_ge13+a_volume,a_fvg_absent+a_ob+a_score_ge13+a_volume||down||short,-0.1347187048516609,-0.1347187048516609,204.0,False,2.3594458374095173,True,True,-294186.0
DOGEUSDT,2024-03-23 00:00:00+00:00,2024-03-23 04:00:00+00:00,2024-03-23 04:00:00+00:00,short,a_fvg_absent+a_ob+a_room+a_trend_counter,a_fvg_absent+a_ob+a_room+a_trend_counter||range||short,-1.0681502271458374,-1.0694566913772938,152.0,False,1.056555032293037,True,True,-1042453.0
ETHUSDT,2024-03-23 20:00:00+00:00,2024-03-24 08:00:00+00:00,2024-03-24 00:15:00+00:00,short,a_fvg_absent+a_ob+a_room+a_trend_counter,a_fvg_absent+a_ob+a_room+a_trend_counter||range||short,2.1781268412293326,1.853171415708264,132.0,False,1.056555032293037,False,True,1785969.0
LINKUSDT,2024-03-26 16:00:00+00:00,2024-03-27 12:00:00+00:00,2024-03-27 09:15:00+00:00,short,a_fvg_absent+a_ob+a_room+a_trend_counter,a_fvg_absent+a_ob+a_room+a_trend_counter||up||short,1.9541116682983517,2.1375856430617617,64.0,False,1.056555032293037,False,True,2100405.0
ADAUSDT,2024-03-26 20:00:00+00:00,2024-03-27 00:00:00+00:00,2024-03-27 00:30:00+00:00,short,a_room+a_score_ge13+a_trend_counter,a_room+a_score_ge13+a_trend_counter||up||short,0.0686686893203879,0.0686686893203879,60.0,False,4.315614007975119,False,True,105583.0
AVAXUSDT,2024-03-28 12:00:00+00:00,2024-03-29 00:00:00+00:00,2024-03-29 00:30:00+00:00,long,a_fvg_absent+a_room+a_volume,a_fvg_absent+a_room+a_volume||up||long,0.4914607552830677,0.4914607552830679,20.0,True,1.6227227595325122,False,False,0.0
SOLUSDT,2024-03-28 16:00:00+00:00,2024-03-29 04:00:00+00:00,2024-03-29 05:30:00+00:00,long,a_fvg_absent+a_room+a_volume,a_fvg_absent+a_room+a_volume||up||long,0.1992012096247097,0.1992012096247094,16.0,True,1.6227227595325122,False,False,0.0
LINKUSDT,2024-03-29 04:00:00+00:00,2024-04-01 12:00:00+00:00,2024-04-01 15:45:00+00:00,long,a_fvg_absent+a_room+a_volume,a_fvg_absent+a_room+a_volume||up||long,-0.3901330279862136,-0.3901330279862137,4.0,True,1.6227227595325122,True,False,0.0
BTCUSDT,2024-04-02 20:00:00+00:00,2024-04-03 00:00:00+00:00,2024-04-03 00:15:00+00:00,long,a_fvg_absent+a_ob+a_score_ge13+a_volume,a_fvg_absent+a_ob+a_score_ge13+a_volume||down||long,0.06483326101829,-1.1845417389817048,564.0,False,2.3594458374095173,False,True,-1828397.0
SOLUSDT,2024-04-03 16:00:00+00:00,2024-04-03 20:00:00+00:00,2024-04-03 21:00:00+00:00,long,a_fvg_absent+a_ob+a_score_ge13+a_volume,a_fvg_absent+a_ob+a_score_ge13+a_volume||down||long,-1.1077974624503448,-1.107797462450343,544.0,False,2.3594458374095173,False,False,0.0
XRPUSDT,2024-04-09 16:00:00+00:00,2024-04-09 20:00:00+00:00,2024-04-09 21:00:00+00:00,short,a_fvg_absent+a_ob+a_room+a_trend_counter,a_fvg_absent+a_ob+a_room+a_trend_counter||up||short,0.5111929988261615,-1.150013165112452,400.0,False,1.056555032293037,False,True,-1134598.0
XRPUSDT,2024-04-10 00:00:00+00:00,2024-04-12 00:00:00+00:00,2024-04-12 03:45:00+00:00,long,a_room+a_vol_expansion+a_volume,a_room+a_vol_expansion+a_volume||up||long,0.2418969938737699,0.2418969938737699,392.0,False,0.996462384418414,True,True,222346.0
ADAUSDT,2024-04-11 00:00:00+00:00,2024-11-10 04:00:00+00:00,2024-04-14 11:45:00+00:00,short,a_room+a_score_ge13+a_volume,a_room+a_score_ge13+a_volume||range||short,0.9093296824179202,3.5981174056459078,368.0,False,1.274894730091847,False,True,4231433.0
DOGEUSDT,2024-04-13 20:00:00+00:00,2024-04-15 04:00:00+00:00,2024-04-14 23:30:00+00:00,long,a_fvg_absent+a_ob+a_room+a_score_ge13+a_sweep+a_trend_counter+a_vol_expansion+a_volume,a_fvg_absent+a_ob+a_room+a_score_ge13+a_sweep+a_trend_counter+a_vol_expansion+a_volume||down||long,2.0337361933705767,2.195685517791484,300.0,False,15.0,False,True,31320609.0
BNBUSDT,2024-04-16 04:00:00+00:00,2024-04-16 12:00:00+00:00,2024-04-16 08:15:00+00:00,long,a_fvg_absent+a_ob+a_room+a_trend_counter+a_vol_expansion,a_fvg_absent+a_ob+a_room+a_trend_counter+a_vol_expansion||down||long,1.367451430817606,1.942425854297695,244.0,False,6.000265304936625,False,True,7522704.0
BNBUSDT,2024-04-19 00:00:00+00:00,2024-04-19 12:00:00+00:00,2024-04-19 07:15:00+00:00,long,a_fvg_absent+a_room+a_sweep+a_trend_counter+a_volume,a_fvg_absent+a_room+a_sweep+a_trend_counter+a_volume||down||long,2.8139821743571933,2.778815476527077,176.0,False,11.51292502158163,False,True,13238591.0
DOGEUSDT,2024-05-04 00:00:00+00:00,2024-05-04 04:00:00+00:00,2024-05-04 05:45:00+00:00,short,a_room+a_score_ge13+a_volume,a_room+a_score_ge13+a_volume||range||short,-1.0435670313045502,-1.0435670313045502,656.0,False,1.274894730091847,True,True,-1958130.0
BNBUSDT,2024-05-04 00:00:00+00:00,2024-05-04 08:00:00+00:00,2024-05-04 10:45:00+00:00,short,a_fvg_absent+a_ob+a_room+a_trend_counter,a_fvg_absent+a_ob+a_room+a_trend_counter||range||short,0.0983073480801569,0.0983073480801569,656.0,False,1.056555032293037,False,True,152871.0
BTCUSDT,2024-05-04 00:00:00+00:00,2024-05-04 08:00:00+00:00,2024-05-04 10:45:00+00:00,short,a_room+a_score_ge13+a_volume,a_room+a_score_ge13+a_volume||range||short,-1.023215236135113,-1.023215236135113,656.0,False,1.274894730091847,True,True,-1919942.0
BTCUSDT,2024-05-05 04:00:00+00:00,2024-05-07 04:00:00+00:00,2024-05-07 07:45:00+00:00,long,a_fvg_absent+a_ob+a_room+a_trend_counter,a_fvg_absent+a_ob+a_room+a_trend_counter||up||long,0.035879764989999,0.035879764989999,628.0,False,1.056555032293037,True,True,54382.0
DOGEUSDT,2024-05-05 08:00:00+00:00,2024-05-06 08:00:00+00:00,2024-05-06 10:45:00+00:00,long,a_room+a_score_ge13+a_vol_expansion+a_volume,a_room+a_score_ge13+a_vol_expansion+a_volume||up||long,0.2177061779298937,0.2177061779298938,624.0,False,0.0,False,False,0.0
ADAUSDT,2024-05-06 12:00:00+00:00,2024-05-08 12:00:00+00:00,2024-05-08 15:45:00+00:00,long,a_fvg_absent+a_ob+a_room+a_trend_counter,a_fvg_absent+a_ob+a_room+a_trend_counter||up||long,0.1540186500888107,0.1540186500888105,596.0,False,1.056555032293037,True,False,0.0
BTCUSDT,2024-05-07 12:00:00+00:00,2024-05-07 16:00:00+00:00,2024-05-07 23:30:00+00:00,short,a_fvg_absent+a_ob+a_room+a_trend_counter,a_fvg_absent+a_ob+a_room+a_trend_counter||up||short,0.4606209201242404,2.300332889342334,572.0,False,1.056555032293037,False,True,3487872.0
XRPUSDT,2024-05-07 20:00:00+00:00,2024-05-08 00:00:00+00:00,2024-05-08 00:15:00+00:00,long,a_room+a_vol_expansion+a_volume,a_room+a_vol_expansion+a_volume||up||long,-1.162164577294952,-1.1784002433090035,564.0,False,0.996462384418414,True,True,-1726078.0
BNBUSDT,2024-05-08 20:00:00+00:00,2024-05-09 08:00:00+00:00,2024-05-09 03:00:00+00:00,long,a_fvg_absent+a_room+a_score_ge13,a_fvg_absent+a_room+a_score_ge13||range||long,2.213762804291439,2.1969714024372617,540.0,False,0.0,False,False,0.0
ETHUSDT,2024-05-11 00:00:00+00:00,2024-05-14 08:00:00+00:00,2024-05-14 11:45:00+00:00,short,a_room+a_score_ge13+a_volume,a_room+a_score_ge13+a_volume||range||short,0.3008922599617775,0.3008922599617775,488.0,False,1.274894730091847,True,True,557266.0
SOLUSDT,2024-05-15 08:00:00+00:00,2024-05-15 12:00:00+00:00,2024-05-15 12:30:00+00:00,short,a_room+a_score_ge13+a_volume,a_room+a_score_ge13+a_volume||range||short,-1.0375968190860696,-1.0375968190860696,384.0,False,1.274894730091847,True,True,-1929046.0
ETHUSDT,2024-05-17 04:00:00+00:00,2024-05-17 08:00:00+00:00,2024-05-17 08:00:00+00:00,short,a_room+a_score_ge13+a_volume,a_room+a_score_ge13+a_volume||up||short,-1.036370261259409,-1.036370261259409,340.0,False,1.274894730091847,True,True,-1901278.0
LINKUSDT,2024-05-17 04:00:00+00:00,2024-05-19 04:00:00+00:00,2024-05-19 07:45:00+00:00,long,a_room+a_vol_expansion+a_volume,a_room+a_vol_expansion+a_volume||up||long,1.416438842008677,1.416438842008677,340.0,False,0.996462384418414,False,True,2031024.0
XRPUSDT,2024-05-20 00:00:00+00:00,2024-05-22 00:00:00+00:00,2024-05-22 03:45:00+00:00,long,a_fvg_absent+a_ob+a_room+a_trend_counter,a_fvg_absent+a_ob+a_room+a_trend_counter||up||long,0.9065556709466293,0.9065556709466293,272.0,False,1.056555032293037,False,True,1379540.0
AVAXUSDT,2024-05-21 04:00:00+00:00,2024-05-23 04:00:00+00:00,2024-05-23 07:45:00+00:00,short,a_room+a_sweep+a_trend_counter+a_vol_expansion+a_volume,a_room+a_sweep+a_trend_counter+a_vol_expansion+a_volume||up||short,-0.069399897983237,-0.069399897983237,244.0,False,4.036791654039396,True,True,-403499.0
SOLUSDT,2024-05-21 12:00:00+00:00,2024-05-23 20:00:00+00:00,2024-05-23 20:00:00+00:00,long,a_room+a_score_ge13+a_vol_expansion+a_volume,a_room+a_score_ge13+a_vol_expansion+a_volume||up||long,-1.016029188412431,-1.016029188412431,236.0,False,0.0,True,False,0.0
BTCUSDT,2024-05-21 16:00:00+00:00,2024-05-21 20:00:00+00:00,2024-05-22 02:30:00+00:00,long,a_room+a_vol_expansion+a_volume,a_room+a_vol_expansion+a_volume||up||long,0.4093794917403572,1.7875920666078151,232.0,False,0.996462384418414,False,True,2565530.0
ADAUSDT,2024-05-21 20:00:00+00:00,2024-05-22 12:00:00+00:00,2024-05-22 12:30:00+00:00,long,a_room+a_vol_expansion+a_volume,a_room+a_vol_expansion+a_volume||up||long,-1.0405833333333334,-1.0405833333333332,228.0,False,0.996462384418414,True,False,0.0
DOGEUSDT,2024-05-22 12:00:00+00:00,2024-05-23 12:00:00+00:00,2024-05-22 18:15:00+00:00,long,a_room+a_vol_expansion+a_volume,a_room+a_vol_expansion+a_volume||up||long,0.2174923570019723,0.2174923570019723,212.0,False,0.996462384418414,False,True,320692.0
XRPUSDT,2024-05-23 00:00:00+00:00,2024-05-23 12:00:00+00:00,2024-05-23 13:45:00+00:00,long,a_room+a_vol_expansion+a_volume,a_room+a_vol_expansion+a_volume||up||long,-1.026621827856391,-1.026621827856391,200.0,False,0.996462384418414,False,True,-1513753.0
AVAXUSDT,2024-05-23 12:00:00+00:00,2024-05-23 16:00:00+00:00,2024-05-23 16:30:00+00:00,long,a_room+a_vol_expansion+a_volume,a_room+a_vol_expansion+a_volume||up||long,-1.1301926145110957,-1.141429817578774,188.0,False,0.996462384418414,True,True,-1664878.0
BNBUSDT,2024-05-23 12:00:00+00:00,2024-05-23 20:00:00+00:00,2024-05-25 15:45:00+00:00,long,a_room+a_vol_expansion+a_volume,a_room+a_vol_expansion+a_volume||up||long,0.1960232752298379,1.2020942828518442,188.0,False,0.996462384418414,False,True,1753362.0
BTCUSDT,2024-05-23 16:00:00+00:00,2024-05-23 20:00:00+00:00,2024-05-23 20:00:00+00:00,long,a_room+a_vol_expansion+a_volume,a_room+a_vol_expansion+a_volume||up||long,-0.8646873999796421,-1.164537399979642,184.0,False,0.996462384418414,False,True,-1679263.0
BNBUSDT,2024-05-27 16:00:00+00:00,2024-05-28 00:00:00+00:00,2024-05-28 03:00:00+00:00,long,a_fvg_absent+a_room+a_score_ge13,a_fvg_absent+a_room+a_score_ge13||range||long,-1.1438126487403235,-1.1438126487403235,88.0,False,0.0,True,False,0.0
DOGEUSDT,2024-05-28 12:00:00+00:00,2024-05-28 16:00:00+00:00,2024-05-28 16:00:00+00:00,long,a_fvg_absent+a_ob+a_score_ge13+a_volume,a_fvg_absent+a_ob+a_score_ge13+a_volume||range||long,-1.1045334362035746,-1.1107682148487057,68.0,False,2.3594458374095173,True,True,-3794548.0
XRPUSDT,2024-05-28 12:00:00+00:00,2024-05-28 16:00:00+00:00,2024-05-28 18:30:00+00:00,long,a_fvg_absent+a_ob+a_score_ge13+a_volume,a_fvg_absent+a_ob+a_score_ge13+a_volume||range||long,-1.1126107756326151,-1.117252422233553,68.0,False,2.3594458374095173,True,True,-3816699.0
SOLUSDT,2024-05-31 20:00:00+00:00,2024-06-01 00:00:00+00:00,2024-06-01 00:45:00+00:00,short,a_fvg_absent+a_ob+a_room+a_trend_counter,a_fvg_absent+a_ob+a_room+a_trend_counter||range||short,-1.1707055121414436,0.0651814500178013,660.0,False,1.056555032293037,False,True,94469.0
ETHUSDT,2024-06-05 00:00:00+00:00,2024-06-07 16:00:00+00:00,2024-06-07 18:00:00+00:00,long,a_fvg_absent+a_room+a_volume,a_fvg_absent+a_room+a_volume||up||long,-1.0424341903500505,-1.0424341903500502,560.0,False,1.6227227595325122,True,True,-2322021.0
DOGEUSDT,2024-06-05 00:00:00+00:00,2024-06-05 04:00:00+00:00,2024-06-05 06:30:00+00:00,short,a_fvg_absent+a_ob+a_room+a_trend_counter,a_fvg_absent+a_ob+a_room+a_trend_counter||up||short,-1.1636253929380564,0.0646804477853232,560.0,False,1.056555032293037,False,True,93808.0
LINKUSDT,2024-06-06 04:00:00+00:00,2024-06-07 16:00:00+00:00,2024-06-07 17:00:00+00:00,long,a_fvg_absent+a_ob+a_room+a_trend_counter,a_fvg_absent+a_ob+a_room+a_trend_counter||up||long,0.2054111723961006,0.2054111723961006,532.0,False,1.056555032293037,False,True,298117.0
XRPUSDT,2024-06-07 16:00:00+00:00,2024-06-07 20:00:00+00:00,2024-06-07 20:00:00+00:00,long,a_fvg_absent+a_ob+a_room+a_trend_counter,a_fvg_absent+a_ob+a_room+a_trend_counter||up||long,-1.2353690132345283,-1.278702279202282,496.0,False,1.056555032293037,True,True,-1828458.0
DOGEUSDT,2024-06-07 16:00:00+00:00,2024-06-08 00:00:00+00:00,2024-06-07 21:30:00+00:00,long,a_fvg_absent+a_ob+a_room+a_trend_counter,a_fvg_absent+a_ob+a_room+a_trend_counter||up||long,4.964422336671787,6.434746125391262,496.0,False,1.056555032293037,False,True,9201252.0
ETHUSDT,2024-06-10 20:00:00+00:00,2024-06-11 12:00:00+00:00,2024-06-11 02:30:00+00:00,short,a_fvg_absent+a_ob+a_room+a_score_ge13+a_trend_counter,a_fvg_absent+a_ob+a_room+a_score_ge13+a_trend_counter||range||short,2.9395462434854123,2.177765436451439,420.0,False,3.924191004535349,False,True,7999231.0
BTCUSDT,2024-06-12 12:00:00+00:00,2024-06-12 16:00:00+00:00,2024-06-12 18:00:00+00:00,short,a_fvg_absent+a_room+a_score_ge13+a_trend_counter+a_volume,a_fvg_absent+a_room+a_score_ge13+a_trend_counter+a_volume||down||short,0.9096327957613592,0.0592077957613591,380.0,False,0.0,False,False,0.0
ADAUSDT,2024-06-13 04:00:00+00:00,2024-06-13 12:00:00+00:00,2024-06-14 16:30:00+00:00,short,a_fvg_absent+a_ob+a_score_ge13+a_volume,a_fvg_absent+a_ob+a_score_ge13+a_volume||down||short,0.2110547712283592,2.0840435593569704,364.0,False,2.3594458374095173,False,False,0.0
ETHUSDT,2024-06-14 16:00:00+00:00,2024-06-16 16:00:00+00:00,2024-06-16 19:45:00+00:00,long,a_room+a_score_ge13+a_trend_counter,a_room+a_score_ge13+a_trend_counter||down||long,0.4736929565423217,0.4736929565423217,328.0,False,4.315614007975119,True,True,3080952.0
BTCUSDT,2024-06-17 16:00:00+00:00,2024-06-21 00:00:00+00:00,2024-06-21 03:45:00+00:00,short,a_room+a_score_ge13+a_volume,a_room+a_score_ge13+a_volume||range||short,1.2190019152801372,1.219001915280137,256.0,False,1.274894730091847,False,True,2390082.0
SOLUSDT,2024-06-17 16:00:00+00:00,2024-06-21 00:00:00+00:00,2024-06-21 03:45:00+00:00,short,a_room+a_score_ge13+a_volume,a_room+a_score_ge13+a_volume||range||short,1.5843862555594497,1.5843862555594497,256.0,False,1.274894730091847,False,True,3106486.0
XRPUSDT,2024-06-18 20:00:00+00:00,2024-06-19 00:00:00+00:00,2024-06-19 00:30:00+00:00,short,a_fvg_absent+a_ob+a_room+a_trend_counter+a_vol_expansion+a_volume,a_fvg_absent+a_ob+a_room+a_trend_counter+a_vol_expansion+a_volume||range||short,-1.118714831519095,-1.1246937528293364,228.0,False,10.669571134197419,True,True,-4178206.0
BNBUSDT,2024-06-18 20:00:00+00:00,2024-06-20 20:00:00+00:00,2024-06-20 23:45:00+00:00,short,a_room+a_score_ge13+a_volume,a_room+a_score_ge13+a_volume||range||short,0.0304702802950636,0.0304702802950636,228.0,False,1.274894730091847,True,True,59743.0
ETHUSDT,2024-06-21 20:00:00+00:00,2024-06-23 20:00:00+00:00,2024-06-23 23:45:00+00:00,short,a_room+a_score_ge13+a_volume,a_room+a_score_ge13+a_volume||range||short,1.9692034675863932,1.969203467586394,156.0,False,1.274894730091847,False,True,3895590.0
AVAXUSDT,2024-06-28 12:00:00+00:00,2024-06-29 00:00:00+00:00,2024-06-28 18:30:00+00:00,short,a_fvg_absent+a_ob+a_room+a_trend_counter,a_fvg_absent+a_ob+a_room+a_trend_counter||range||short,2.0971123495869644,2.123478972529966,668.0,False,1.056555032293037,False,True,3568757.0
ETHUSDT,2024-06-30 16:00:00+00:00,2024-07-01 00:00:00+00:00,2024-07-01 01:00:00+00:00,short,a_room+a_score_ge13+a_volume,a_room+a_score_ge13+a_volume||range||short,-1.046106039566416,-1.046106039566416,616.0,False,1.274894730091847,True,True,-2169017.0
ADAUSDT,2024-07-01 00:00:00+00:00,2024-07-01 04:00:00+00:00,2024-07-01 04:00:00+00:00,short,a_room+a_score_ge13+a_volume,a_room+a_score_ge13+a_volume||range||short,-1.1248095443604649,-1.131949923838542,608.0,False,1.274894730091847,True,False,0.0
BTCUSDT,2024-07-01 16:00:00+00:00,2024-07-01 20:00:00+00:00,2024-07-01 20:15:00+00:00,short,a_room+a_score_ge13+a_volume,a_room+a_score_ge13+a_volume||up||short,0.3169916666666678,-1.3338333333333323,592.0,False,1.274894730091847,False,True,-1926309.0
BNBUSDT,2024-07-01 16:00:00+00:00,2024-07-01 20:00:00+00:00,2024-07-02 00:00:00+00:00,short,a_room+a_score_ge13+a_volume,a_room+a_score_ge13+a_volume||up||short,0.336026850711606,1.723839978568089,592.0,False,1.274894730091847,False,True,2489552.0
SOLUSDT,2024-07-02 16:00:00+00:00,2024-07-04 16:00:00+00:00,2024-07-04 19:45:00+00:00,short,a_fvg_absent+a_ob+a_room+a_trend_counter,a_fvg_absent+a_ob+a_room+a_trend_counter||up||short,1.86665621333938,1.86665621333938,568.0,False,1.056555032293037,False,True,3175850.0
XRPUSDT,2024-07-03 00:00:00+00:00,2024-07-04 04:00:00+00:00,2024-07-04 02:15:00+00:00,short,a_fvg_absent+a_ob+a_room+a_trend_counter,a_fvg_absent+a_ob+a_room+a_trend_counter||up||short,2.0007841147640506,2.214935203417768,560.0,False,1.056555032293037,False,True,3768397.0
SOLUSDT,2024-07-08 04:00:00+00:00,2024-07-10 04:00:00+00:00,2024-07-10 04:15:00+00:00,short,a_room+a_score_ge13+a_volume,a_room+a_score_ge13+a_volume||range||short,-1.0144299902260152,-1.0144299902260154,436.0,False,1.274894730091847,True,True,-2172381.0
BNBUSDT,2024-07-08 04:00:00+00:00,2024-07-11 08:00:00+00:00,2024-07-11 10:00:00+00:00,short,a_room+a_score_ge13+a_volume,a_room+a_score_ge13+a_volume||range||short,-1.018619568634784,-1.018619568634784,436.0,False,1.274894730091847,True,True,-2181353.0
ADAUSDT,2024-07-11 12:00:00+00:00,2024-07-12 12:00:00+00:00,2024-07-12 12:45:00+00:00,short,a_fvg_absent+a_ob+a_room+a_trend_counter,a_fvg_absent+a_ob+a_room+a_trend_counter||up||short,0.5836575469472496,0.5836575469472496,356.0,False,1.056555032293037,False,False,0.0
XRPUSDT,2024-07-12 16:00:00+00:00,2024-07-12 20:00:00+00:00,2024-07-12 20:00:00+00:00,short,a_fvg_absent+a_ob+a_room+a_score_ge13+a_trend_counter,a_fvg_absent+a_ob+a_room+a_score_ge13+a_trend_counter||range||short,-1.170110303506917,-1.1887267441860447,328.0,False,3.924191004535349,True,True,-3099963.0
XRPUSDT,2024-07-14 12:00:00+00:00,2024-07-14 20:00:00+00:00,2024-07-14 23:15:00+00:00,long,a_room+a_vol_expansion+a_volume,a_room+a_vol_expansion+a_volume||up||long,0.5478436090650788,0.5445303054662376,284.0,False,0.996462384418414,False,True,870984.0
DOGEUSDT,2024-07-14 12:00:00+00:00,2024-07-16 12:00:00+00:00,2024-07-16 15:45:00+00:00,long,a_fvg_absent+a_score_ge13+a_trend_counter+a_volume,a_fvg_absent+a_score_ge13+a_trend_counter+a_volume||up||long,1.5778288870196566,1.57782888701965,284.0,False,10.329187680015973,False,True,26160946.0
LINKUSDT,2024-07-15 20:00:00+00:00,2024-07-16 00:00:00+00:00,2024-07-16 01:30:00+00:00,short,a_fvg_absent+a_ob+a_room+a_trend_counter,a_fvg_absent+a_ob+a_room+a_trend_counter||up||short,-1.1029798338986232,-1.1073819925979511,252.0,False,1.056555032293037,True,True,-1888283.0
XRPUSDT,2024-07-15 20:00:00+00:00,2024-08-04 12:00:00+00:00,2024-07-19 07:45:00+00:00,long,a_room+a_vol_expansion+a_volume,a_room+a_vol_expansion+a_volume||up||long,0.8964196345989153,1.4168087532115388,252.0,False,0.996462384418414,False,True,2278503.0
LINKUSDT,2024-07-16 04:00:00+00:00,2024-07-16 08:00:00+00:00,2024-07-16 08:00:00+00:00,long,a_fvg_absent+a_ob+a_room+a_trend_counter,a_fvg_absent+a_ob+a_room+a_trend_counter||up||long,0.0634170860356523,-1.2114924385633228,244.0,False,1.056555032293037,False,False,0.0
BTCUSDT,2024-07-17 00:00:00+00:00,2024-07-19 00:00:00+00:00,2024-07-19 03:45:00+00:00,short,a_room+a_sweep+a_trend_counter+a_vol_expansion+a_volume,a_room+a_sweep+a_trend_counter+a_vol_expansion+a_volume||up||short,0.3448228211083574,0.3448228211083574,224.0,False,4.036791654039396,True,True,2584388.0
DOGEUSDT,2024-07-17 20:00:00+00:00,2024-07-19 16:00:00+00:00,2024-07-19 16:00:00+00:00,short,a_fvg_absent+a_ob+a_room+a_trend_counter,a_fvg_absent+a_ob+a_room+a_trend_counter||up||short,0.227960667744087,0.2279606677440868,204.0,False,1.056555032293037,False,True,447175.0
XRPUSDT,2024-07-20 12:00:00+00:00,2024-07-21 08:00:00+00:00,2024-07-21 11:15:00+00:00,long,a_fvg_absent+a_room+a_volume,a_fvg_absent+a_room+a_volume||up||long,0.8083984850166531,0.6284884850166488,140.0,False,1.6227227595325122,False,False,0.0
AVAXUSDT,2024-07-21 20:00:00+00:00,2024-07-22 00:00:00+00:00,2024-07-22 00:00:00+00:00,short,a_fvg_absent+a_ob+a_room+a_trend_counter,a_fvg_absent+a_ob+a_room+a_trend_counter||up||short,-1.0944163260198545,-1.0944163260198547,108.0,False,1.056555032293037,True,True,-2181896.0
LINKUSDT,2024-07-21 20:00:00+00:00,2024-07-23 00:00:00+00:00,2024-07-22 22:30:00+00:00,short,a_room+a_score_ge13+a_trend_counter,a_room+a_score_ge13+a_trend_counter||up||short,2.180720745118376,2.208271885952365,108.0,False,4.315614007975119,False,True,17982684.0
AVAXUSDT,2024-07-22 12:00:00+00:00,2024-07-23 00:00:00+00:00,2024-07-22 20:15:00+00:00,long,a_fvg_absent+a_room+a_vol_expansion,a_fvg_absent+a_room+a_vol_expansion||up||long,1.54307812226576,2.06222796774692,92.0,False,4.738254570967402,False,True,9495049.0
XRPUSDT,2024-07-23 04:00:00+00:00,2024-07-23 16:00:00+00:00,2024-07-23 16:45:00+00:00,long,a_fvg_absent+a_room+a_volume,a_fvg_absent+a_room+a_volume||up||long,-1.041626118534569,-1.041626118534569,76.0,False,1.6227227595325122,True,False,0.0
DOGEUSDT,2024-07-23 04:00:00+00:00,2024-07-25 00:00:00+00:00,2024-07-25 01:00:00+00:00,long,a_room+a_vol_expansion+a_volume,a_room+a_vol_expansion+a_volume||up||long,-1.0161296393563637,-1.0161296393563632,76.0,False,0.996462384418414,True,True,-2166728.0
SOLUSDT,2024-07-23 12:00:00+00:00,2024-07-23 16:00:00+00:00,2024-07-23 16:45:00+00:00,long,a_room+a_vol_expansion+a_volume,a_room+a_vol_expansion+a_volume||up||long,-1.0883866314506307,0.5607883685493693,68.0,False,0.996462384418414,False,True,1195788.0
ADAUSDT,2024-07-27 12:00:00+00:00,2024-07-27 20:00:00+00:00,2024-07-27 21:00:00+00:00,short,a_room+a_score_ge13+a_trend_counter,a_room+a_score_ge13+a_trend_counter||up||short,0.1998006114130434,0.1998006114130434,812.0,False,4.315614007975119,False,False,0.0
BNBUSDT,2024-07-27 16:00:00+00:00,2024-07-27 20:00:00+00:00,2024-07-27 20:00:00+00:00,long,a_fvg_absent+a_room+a_volume,a_fvg_absent+a_room+a_volume||up||long,-1.310073514661963,-1.3293610831487874,808.0,False,1.6227227595325122,True,True,-2575446.0
DOGEUSDT,2024-07-27 16:00:00+00:00,2024-07-28 00:00:00+00:00,2024-07-27 20:15:00+00:00,long,a_fvg_absent+a_room+a_volume,a_fvg_absent+a_room+a_volume||up||long,0.2091928189856316,0.2091928189856316,808.0,False,1.6227227595325122,False,True,723120.0
BTCUSDT,2024-07-27 20:00:00+00:00,2024-07-29 16:00:00+00:00,2024-07-29 16:15:00+00:00,long,a_fvg_absent+a_room+a_volume,a_fvg_absent+a_room+a_volume||up||long,0.212534385112757,0.212534385112757,804.0,False,1.6227227595325122,False,True,725789.0
ETHUSDT,2024-07-29 20:00:00+00:00,2024-07-31 12:00:00+00:00,2024-07-31 13:30:00+00:00,short,a_room+a_score_ge13+a_volume,a_room+a_score_ge13+a_volume||up||short,0.200871354365472,0.200871354365472,756.0,False,1.274894730091847,False,True,542636.0
SOLUSDT,2024-07-29 20:00:00+00:00,2024-08-01 12:00:00+00:00,2024-08-01 14:45:00+00:00,long,a_fvg_absent+a_room+a_volume,a_fvg_absent+a_room+a_volume||up||long,-1.0099393697939438,-1.0099393697939438,756.0,False,1.6227227595325122,True,True,-3472610.0
BNBUSDT,2024-07-30 20:00:00+00:00,2024-07-31 00:00:00+00:00,2024-07-31 00:00:00+00:00,short,a_room+a_score_ge13+a_volume,a_room+a_score_ge13+a_volume||range||short,-1.038664932514312,-1.0386649325143118,732.0,False,1.274894730091847,True,True,-2805861.0
SOLUSDT,2024-08-02 12:00:00+00:00,2024-08-02 16:00:00+00:00,2024-08-02 16:00:00+00:00,long,a_fvg_absent+a_ob+a_room+a_trend_counter+a_vol_expansion,a_fvg_absent+a_ob+a_room+a_trend_counter+a_vol_expansion||down||long,-1.1111484671117475,-1.1145378615761483,668.0,False,6.000265304936625,True,True,-5992024.0
SOLUSDT,2024-08-04 16:00:00+00:00,2024-08-05 00:00:00+00:00,2024-08-05 00:30:00+00:00,long,a_fvg_absent+a_ob+a_room+a_trend_counter+a_vol_expansion,a_fvg_absent+a_ob+a_room+a_trend_counter+a_vol_expansion||down||long,0.2236554592862823,0.2236554592862823,616.0,False,6.000265304936625,False,True,2716777.0
AVAXUSDT,2024-08-05 12:00:00+00:00,2024-08-05 16:00:00+00:00,2024-08-05 16:00:00+00:00,short,a_room+a_score_ge13+a_vol_expansion+a_volume,a_room+a_score_ge13+a_vol_expansion+a_volume||down||short,-1.028583994412014,-1.028583994412014,596.0,False,0.0,True,False,0.0
XRPUSDT,2024-08-05 16:00:00+00:00,2024-08-05 20:00:00+00:00,2024-08-06 01:30:00+00:00,long,a_fvg_absent+a_room+a_vol_expansion+a_volume,a_fvg_absent+a_room+a_vol_expansion+a_volume||down||long,0.5795594169246647,2.440475758513919,592.0,False,2.0591703994912867,False,True,10310036.0
ETHUSDT,2024-08-06 00:00:00+00:00,2024-08-06 08:00:00+00:00,2024-08-06 14:00:00+00:00,short,a_room+a_score_ge13+a_vol_expansion+a_volume,a_room+a_score_ge13+a_vol_expansion+a_volume||down||short,0.1921165821707701,0.5923165821707702,584.0,False,0.0,False,False,0.0
XRPUSDT,2024-08-09 00:00:00+00:00,2024-08-09 04:00:00+00:00,2024-08-09 04:45:00+00:00,long,a_fvg_absent+a_room+a_vol_expansion,a_fvg_absent+a_room+a_vol_expansion||up||long,-1.0696370757180156,-1.0696370757180156,512.0,False,4.738254570967402,True,True,-9858200.0
SOLUSDT,2024-08-16 12:00:00+00:00,2024-08-18 12:00:00+00:00,2024-08-18 15:45:00+00:00,short,a_fvg_absent+a_ob+a_score_ge13+a_volume,a_fvg_absent+a_ob+a_score_ge13+a_volume||down||short,-0.2890167231251334,-0.2890167231251335,332.0,False,2.3594458374095173,True,True,-1402109.0
XRPUSDT,2024-08-19 08:00:00+00:00,2024-08-19 16:00:00+00:00,2024-08-19 13:00:00+00:00,short,a_fvg_absent+a_ob+a_room+a_trend_counter,a_fvg_absent+a_ob+a_room+a_trend_counter||range||short,2.03730601490104,2.290463327396859,264.0,False,1.056555032293037,False,True,4591050.0
SOLUSDT,2024-08-20 20:00:00+00:00,2024-08-23 16:00:00+00:00,2024-08-23 17:45:00+00:00,short,a_room+a_score_ge13+a_volume,a_room+a_score_ge13+a_volume||range||short,-0.7373164522516507,-0.7373164522516508,228.0,False,1.274894730091847,False,True,-1962732.0
DOGEUSDT,2024-08-21 16:00:00+00:00,2024-08-21 20:00:00+00:00,2024-08-21 20:00:00+00:00,short,a_fvg_absent+a_ob+a_room+a_trend_counter,a_fvg_absent+a_ob+a_room+a_trend_counter||range||short,-1.0505966380835716,-1.050596638083573,208.0,False,1.056555032293037,True,True,-2317720.0
LINKUSDT,2024-08-21 20:00:00+00:00,2024-08-22 04:00:00+00:00,2024-08-22 03:00:00+00:00,short,a_fvg_absent+a_ob+a_room+a_trend_counter,a_fvg_absent+a_ob+a_room+a_trend_counter||range||short,0.1882150349650344,0.1882150349650349,204.0,False,1.056555032293037,False,True,410612.0
ETHUSDT,2024-08-23 16:00:00+00:00,2024-08-25 16:00:00+00:00,2024-08-25 19:45:00+00:00,long,a_fvg_absent+a_ob+a_room+a_score_ge13+a_trend_counter,a_fvg_absent+a_ob+a_room+a_score_ge13+a_trend_counter||up||long,0.7552112774295897,0.7552112774295882,160.0,False,3.924191004535349,False,True,6073329.0
DOGEUSDT,2024-08-23 20:00:00+00:00,2024-08-25 20:00:00+00:00,2024-08-25 23:45:00+00:00,short,a_fvg_absent+a_ob+a_room+a_trend_counter,a_fvg_absent+a_ob+a_room+a_trend_counter||up||short,0.2328952072722037,0.232895207272204,156.0,False,1.056555032293037,True,True,504267.0
SOLUSDT,2024-08-24 16:00:00+00:00,2024-08-25 20:00:00+00:00,2024-08-25 21:30:00+00:00,short,a_fvg_absent+a_ob+a_room+a_trend_counter,a_fvg_absent+a_ob+a_room+a_trend_counter||up||short,0.1995797839008843,0.1995797839008843,136.0,False,1.056555032293037,False,True,432132.0
BTCUSDT,2024-08-28 16:00:00+00:00,2024-08-29 16:00:00+00:00,2024-08-29 14:15:00+00:00,long,a_room+a_score_ge13+a_trend_counter,a_room+a_score_ge13+a_trend_counter||down||long,2.037572802285064,2.1057554312756763,40.0,False,4.315614007975119,False,True,17208959.0
AVAXUSDT,2024-08-30 12:00:00+00:00,2024-08-30 16:00:00+00:00,2024-08-30 16:00:00+00:00,long,a_fvg_absent+a_room+a_vol_expansion+a_volume,a_fvg_absent+a_room+a_vol_expansion+a_volume||down||long,0.5388200448098838,-1.1103549551901164,668.0,False,2.0591703994912867,False,True,-5239308.0
BNBUSDT,2024-09-03 20:00:00+00:00,2024-09-04 04:00:00+00:00,2024-09-04 00:15:00+00:00,short,a_room+a_score_ge13+a_volume,a_room+a_score_ge13+a_volume||range||short,3.2825026437414158,2.0501949133424966,564.0,False,1.274894730091847,False,True,5852538.0
XRPUSDT,2024-09-04 00:00:00+00:00,2024-09-04 08:00:00+00:00,2024-09-04 04:45:00+00:00,short,a_room+a_score_ge13+a_volume,a_room+a_score_ge13+a_volume||range||short,2.0236236393442373,2.129250196721283,560.0,False,1.274894730091847,False,True,6078211.0
DOGEUSDT,2024-09-04 08:00:00+00:00,2024-09-07 16:00:00+00:00,2024-09-07 19:45:00+00:00,short,a_room+a_score_ge13+a_volume,a_room+a_score_ge13+a_volume||range||short,0.5483147806175731,0.5483147806175801,552.0,False,1.274894730091847,False,True,1648634.0
BTCUSDT,2024-09-04 16:00:00+00:00,2024-09-07 00:00:00+00:00,2024-09-06 19:00:00+00:00,short,a_room+a_score_ge13+a_volume,a_room+a_score_ge13+a_volume||range||short,2.277691644435805,2.208498942638908,544.0,False,1.274894730091847,False,True,6640359.0
ADAUSDT,2024-09-11 12:00:00+00:00,2024-09-12 04:00:00+00:00,2024-09-11 17:30:00+00:00,long,a_fvg_absent+a_ob+a_room+a_trend_counter,a_fvg_absent+a_ob+a_room+a_trend_counter||up||long,7.861691356857421,4.588551928057384,380.0,False,1.056555032293037,False,False,0.0
DOGEUSDT,2024-09-11 12:00:00+00:00,2024-09-12 00:00:00+00:00,2024-09-11 17:30:00+00:00,long,a_fvg_absent+a_ob+a_room+a_trend_counter,a_fvg_absent+a_ob+a_room+a_trend_counter||up||long,2.271354082767417,2.293205437477721,380.0,False,1.056555032293037,False,True,5915030.0
LINKUSDT,2024-09-13 12:00:00+00:00,2024-09-15 12:00:00+00:00,2024-09-15 15:45:00+00:00,short,a_fvg_absent+a_ob+a_room+a_trend_counter,a_fvg_absent+a_ob+a_room+a_trend_counter||up||short,0.104995649097307,0.1049956490973067,332.0,False,1.056555032293037,True,True,277385.0
BTCUSDT,2024-09-13 12:00:00+00:00,2024-09-13 20:00:00+00:00,2024-09-13 21:15:00+00:00,short,a_room+a_score_ge13+a_trend_counter,a_room+a_score_ge13+a_trend_counter||up||short,-1.0377415458482122,-1.037741545848212,332.0,False,4.315614007975119,True,True,-11198264.0
XRPUSDT,2024-09-14 00:00:00+00:00,2024-09-14 08:00:00+00:00,2024-09-14 11:15:00+00:00,short,a_fvg_absent+a_ob+a_room+a_trend_counter,a_fvg_absent+a_ob+a_room+a_trend_counter||up||short,-1.0543038850452366,-1.0543038850452366,320.0,False,1.056555032293037,True,True,-2660590.0
ADAUSDT,2024-09-14 16:00:00+00:00,2024-09-14 20:00:00+00:00,2024-09-15 03:30:00+00:00,long,a_fvg_absent+a_ob+a_room+a_trend_counter,a_fvg_absent+a_ob+a_room+a_trend_counter||up||long,0.0254367208848122,1.8717787935656964,304.0,False,1.056555032293037,False,False,0.0
SOLUSDT,2024-09-16 00:00:00+00:00,2024-09-16 12:00:00+00:00,2024-09-16 08:30:00+00:00,long,a_fvg_absent+a_ob+a_room+a_trend_counter,a_fvg_absent+a_ob+a_room+a_trend_counter||up||long,1.6697013878940798,2.226876878155412,272.0,False,1.056555032293037,False,True,5452905.0
DOGEUSDT,2024-09-17 04:00:00+00:00,2024-09-17 08:00:00+00:00,2024-09-17 10:15:00+00:00,short,a_fvg_absent+a_ob+a_room+a_trend_counter,a_fvg_absent+a_ob+a_room+a_trend_counter||range||short,0.0594048897022179,0.0242464057507691,244.0,False,1.056555032293037,False,True,61973.0
AVAXUSDT,2024-09-18 00:00:00+00:00,2024-09-18 08:00:00+00:00,2024-09-18 08:15:00+00:00,long,a_fvg_absent+a_room+a_score_ge13,a_fvg_absent+a_room+a_score_ge13||range||long,0.1559024711790804,0.151804544207788,224.0,False,0.0,False,False,0.0
BTCUSDT,2024-09-18 08:00:00+00:00,2024-09-20 08:00:00+00:00,2024-09-20 11:45:00+00:00,long,a_mss+a_room+a_score_ge13+a_trend_counter,a_mss+a_room+a_score_ge13+a_trend_counter||range||long,1.5630651987990165,1.5630651987990136,216.0,False,11.209064665009105,False,True,42395899.0
AVAXUSDT,2024-09-18 20:00:00+00:00,2024-09-19 00:00:00+00:00,2024-09-19 00:00:00+00:00,short,a_fvg_absent+a_ob+a_room+a_trend_counter,a_fvg_absent+a_ob+a_room+a_trend_counter||range||short,-1.129102942795647,-1.1400999863940977,204.0,False,1.056555032293037,True,True,-2914825.0
SOLUSDT,2024-09-19 04:00:00+00:00,2024-09-19 08:00:00+00:00,2024-09-19 09:15:00+00:00,short,a_mss+a_room+a_volume,a_mss+a_room+a_volume||up||short,-1.162567656604664,-1.1760384615384634,196.0,False,1.4024953958902748,True,True,-3943094.0
AVAXUSDT,2024-09-20 12:00:00+00:00,2024-09-20 16:00:00+00:00,2024-09-20 16:00:00+00:00,long,a_room+a_vol_expansion+a_volume,a_room+a_vol_expansion+a_volume||up||long,-1.082642871916852,-1.0826428719168528,164.0,False,0.996462384418414,True,True,-2993887.0
LINKUSDT,2024-09-20 16:00:00+00:00,2024-09-22 08:00:00+00:00,2024-09-22 10:30:00+00:00,long,a_room+a_vol_expansion+a_volume,a_room+a_vol_expansion+a_volume||up||long,-1.0470333841136847,-1.0470333841136847,160.0,False,0.996462384418414,True,True,-2864178.0
SOLUSDT,2024-09-20 16:00:00+00:00,2024-09-22 16:00:00+00:00,2024-09-22 19:45:00+00:00,long,a_room+a_vol_expansion+a_volume,a_room+a_vol_expansion+a_volume||up||long,-0.3948371831043072,-0.3948371831043072,160.0,False,0.996462384418414,True,True,-1080084.0
BTCUSDT,2024-09-21 08:00:00+00:00,2024-09-23 00:00:00+00:00,2024-09-23 11:45:00+00:00,long,a_fvg_absent+a_room+a_volume,a_fvg_absent+a_room+a_volume||up||long,0.1967042757018019,0.4413730018428973,144.0,False,1.6227227595325122,False,True,1966205.0
ETHUSDT,2024-09-22 20:00:00+00:00,2024-09-23 08:00:00+00:00,2024-09-23 00:15:00+00:00,long,a_fvg_absent+a_ob+a_room+a_trend_counter,a_fvg_absent+a_ob+a_room+a_trend_counter||up||long,6.4242230821583375,2.5787550582109584,108.0,False,1.056555032293037,False,True,7372177.0
ADAUSDT,2024-09-24 12:00:00+00:00,2024-09-26 12:00:00+00:00,2024-09-26 15:45:00+00:00,long,a_mss+a_score_ge13+a_vol_expansion,a_mss+a_score_ge13+a_vol_expansion||range||long,1.3422348809553308,1.3422348809553282,68.0,False,0.0,False,False,0.0
ADAUSDT,2024-09-27 16:00:00+00:00,2024-09-29 16:00:00+00:00,2024-09-29 19:45:00+00:00,long,a_room+a_vol_expansion+a_volume,a_room+a_vol_expansion+a_volume||up||long,0.1203488872318472,0.1203488872318472,664.0,False,0.996462384418414,True,False,0.0
XRPUSDT,2024-09-28 04:00:00+00:00,2024-09-28 16:00:00+00:00,2024-09-28 08:15:00+00:00,long,a_fvg_absent+a_room+a_volume,a_fvg_absent+a_room+a_volume||up||long,6.501717199795349,4.754321054244537,652.0,False,1.6227227595325122,False,True,12658054.0
BNBUSDT,2024-09-28 08:00:00+00:00,2024-09-29 04:00:00+00:00,2024-09-29 07:45:00+00:00,long,a_fvg_absent+a_room+a_vol_expansion,a_fvg_absent+a_room+a_vol_expansion||up||long,-1.0901134005490047,-1.0901134005490047,648.0,False,4.738254570967402,True,True,-10102523.0
DOGEUSDT,2024-09-28 08:00:00+00:00,2024-09-30 00:00:00+00:00,2024-09-30 02:30:00+00:00,long,a_room+a_vol_expansion+a_volume,a_room+a_vol_expansion+a_volume||up||long,0.6226817361851127,0.622681736185113,648.0,False,0.996462384418414,False,True,1736826.0
XRPUSDT,2024-09-30 00:00:00+00:00,2024-10-01 12:00:00+00:00,2024-10-01 15:00:00+00:00,long,a_room+a_vol_expansion+a_volume,a_room+a_vol_expansion+a_volume||up||long,-1.014147011001403,-1.014147011001403,608.0,False,0.996462384418414,True,True,-2872105.0
AVAXUSDT,2024-10-01 20:00:00+00:00,2024-10-03 08:00:00+00:00,2024-10-03 08:00:00+00:00,long,a_fvg_absent+a_room+a_vol_expansion+a_volume,a_fvg_absent+a_room+a_vol_expansion+a_volume||down||long,-1.0237966844850697,-1.0237966844850697,564.0,False,2.0591703994912867,True,True,-5931074.0
ADAUSDT,2024-10-02 00:00:00+00:00,2024-10-02 04:00:00+00:00,2024-10-02 04:00:00+00:00,short,a_sweep+a_trend_counter+a_vol_expansion+a_volume,a_sweep+a_trend_counter+a_vol_expansion+a_volume||down||short,-1.1284887115378208,-1.1363638529612017,560.0,False,3.5000000000000004,True,False,0.0
LINKUSDT,2024-10-02 00:00:00+00:00,2024-10-02 08:00:00+00:00,2024-10-02 04:45:00+00:00,short,a_sweep+a_trend_counter+a_vol_expansion+a_volume,a_sweep+a_trend_counter+a_vol_expansion+a_volume||down||short,2.766941870456729,3.2429702099620257,560.0,False,3.5000000000000004,False,True,18792666.0
ADAUSDT,2024-10-02 08:00:00+00:00,2024-10-02 12:00:00+00:00,2024-10-02 12:00:00+00:00,long,a_fvg_absent+a_ob+a_room+a_score_ge13+a_vol_expansion,a_fvg_absent+a_ob+a_room+a_score_ge13+a_vol_expansion||down||long,-1.1214534385369508,-1.1281506180871794,552.0,False,5.601351969071898,True,False,0.0
ETHUSDT,2024-10-02 16:00:00+00:00,2024-10-04 16:00:00+00:00,2024-10-04 19:45:00+00:00,short,a_sweep+a_trend_counter+a_vol_expansion+a_volume,a_sweep+a_trend_counter+a_vol_expansion+a_volume||down||short,0.9321286110293006,0.9321286110293006,544.0,False,3.5000000000000004,False,True,9791590.0
ADAUSDT,2024-10-03 08:00:00+00:00,2024-10-05 08:00:00+00:00,2024-10-05 11:45:00+00:00,short,a_fvg_absent+a_ob+a_score_ge13+a_volume,a_fvg_absent+a_ob+a_score_ge13+a_volume||down||short,-0.403273577552609,-0.4032735775526098,528.0,False,2.3594458374095173,True,False,0.0
LINKUSDT,2024-10-05 04:00:00+00:00,2024-10-05 08:00:00+00:00,2024-10-05 09:00:00+00:00,short,a_room+a_score_ge13+a_volume,a_room+a_score_ge13+a_volume||range||short,-1.1156070754164435,-1.1221635630043418,484.0,False,1.274894730091847,True,True,-4349011.0
DOGEUSDT,2024-10-05 08:00:00+00:00,2024-10-05 16:00:00+00:00,2024-10-05 15:45:00+00:00,short,a_fvg_absent+a_ob+a_room+a_trend_counter,a_fvg_absent+a_ob+a_room+a_trend_counter||range||short,0.5027271188193045,0.0848067325800388,480.0,False,1.056555032293037,False,True,268488.0
BTCUSDT,2024-10-07 00:00:00+00:00,2024-10-07 04:00:00+00:00,2024-10-07 04:00:00+00:00,short,a_fvg_absent+a_ob+a_room+a_trend_counter,a_fvg_absent+a_ob+a_room+a_trend_counter||range||short,-1.3338333333333332,-1.3338333333333332,440.0,False,1.056555032293037,True,True,-3600269.0
XRPUSDT,2024-10-07 00:00:00+00:00,2024-10-09 00:00:00+00:00,2024-10-09 03:45:00+00:00,short,a_room+a_score_ge13+a_volume,a_room+a_score_ge13+a_volume||range||short,0.1220315832216404,0.1220315832216404,440.0,False,1.274894730091847,True,True,466592.0
SOLUSDT,2024-10-08 08:00:00+00:00,2024-10-10 08:00:00+00:00,2024-10-10 11:45:00+00:00,short,a_fvg_absent+a_ob+a_room+a_trend_counter,a_fvg_absent+a_ob+a_room+a_trend_counter||up||short,1.240886946929376,1.240886946929376,408.0,False,1.056555032293037,False,True,3884814.0
BNBUSDT,2024-10-08 08:00:00+00:00,2024-10-08 12:00:00+00:00,2024-10-08 13:45:00+00:00,short,a_fvg_absent+a_ob+a_room+a_trend_counter,a_fvg_absent+a_ob+a_room+a_trend_counter||up||short,-1.041679131798073,-1.041679131798073,408.0,False,1.056555032293037,True,True,-3261159.0
BTCUSDT,2024-10-08 16:00:00+00:00,2024-10-09 16:00:00+00:00,2024-10-10 17:15:00+00:00,short,a_fvg_absent+a_ob+a_room+a_trend_counter,a_fvg_absent+a_ob+a_room+a_trend_counter||up||short,0.5661677081660631,2.108382808234615,400.0,False,1.056555032293037,False,True,6528015.0
AVAXUSDT,2024-10-08 16:00:00+00:00,2024-10-10 16:00:00+00:00,2024-10-10 19:45:00+00:00,short,a_fvg_absent+a_ob+a_room+a_trend_counter,a_fvg_absent+a_ob+a_room+a_trend_counter||up||short,1.6170859077672304,1.617085907767231,400.0,False,1.056555032293037,False,True,5006852.0
ETHUSDT,2024-10-14 00:00:00+00:00,2024-10-14 04:00:00+00:00,2024-10-14 04:00:00+00:00,short,a_fvg_absent+a_ob+a_room+a_trend_counter,a_fvg_absent+a_ob+a_room+a_trend_counter||up||short,-1.3338333333333423,-1.3338333333333423,272.0,False,1.056555032293037,False,True,-3708608.0
AVAXUSDT,2024-10-15 12:00:00+00:00,2024-10-15 20:00:00+00:00,2024-10-15 16:45:00+00:00,long,a_fvg_absent+a_room+a_volume,a_fvg_absent+a_room+a_volume||up||long,1.5506831806284542,2.0241386262403678,236.0,False,1.6227227595325122,False,True,10025508.0
BTCUSDT,2024-10-15 16:00:00+00:00,2024-10-16 04:00:00+00:00,2024-10-15 20:15:00+00:00,long,a_room+a_vol_expansion+a_volume,a_room+a_vol_expansion+a_volume||up||long,2.457898179727721,2.1058980131322707,232.0,False,0.996462384418414,False,True,6405013.0
ETHUSDT,2024-10-16 00:00:00+00:00,2024-10-19 08:00:00+00:00,2024-10-19 11:45:00+00:00,long,a_room+a_vol_expansion+a_volume,a_room+a_vol_expansion+a_volume||up||long,0.4156154760350587,0.4156154760350586,224.0,False,0.996462384418414,True,True,1305600.0
LINKUSDT,2024-10-16 04:00:00+00:00,2024-10-18 04:00:00+00:00,2024-10-18 07:45:00+00:00,long,a_room+a_vol_expansion+a_volume,a_room+a_vol_expansion+a_volume||up||long,0.3924707602339146,0.3924707602339147,220.0,False,0.996462384418414,True,True,1257943.0
XRPUSDT,2024-10-16 08:00:00+00:00,2024-10-17 04:00:00+00:00,2024-10-17 04:30:00+00:00,short,a_fvg_absent+a_ob+a_room+a_trend_counter,a_fvg_absent+a_ob+a_room+a_trend_counter||up||short,-1.0373009708737866,-1.0373009708737866,216.0,False,1.056555032293037,True,True,-3525247.0
XRPUSDT,2024-10-21 12:00:00+00:00,2024-10-22 08:00:00+00:00,2024-10-22 09:00:00+00:00,long,a_fvg_absent+a_ob+a_score_ge13+a_volume,a_fvg_absent+a_ob+a_score_ge13+a_volume||range||long,-1.0425108008784116,-1.0425108008784116,92.0,False,2.3594458374095173,True,True,-7888288.0
ETHUSDT,2024-10-22 00:00:00+00:00,2024-10-23 08:00:00+00:00,2024-10-23 08:45:00+00:00,long,a_fvg_absent+a_room+a_score_ge13,a_fvg_absent+a_room+a_score_ge13||range||long,-1.0379231821621937,-1.0379231821621937,80.0,False,0.0,True,False,0.0
DOGEUSDT,2024-10-29 20:00:00+00:00,2024-10-30 04:00:00+00:00,2024-10-30 00:30:00+00:00,long,a_fvg_absent+a_room+a_vol_expansion,a_fvg_absent+a_room+a_vol_expansion||up||long,2.653039051405618,3.120854919354731,732.0,False,4.738254570967402,False,True,27900459.0
ETHUSDT,2024-10-30 20:00:00+00:00,2024-10-31 12:00:00+00:00,2024-10-31 13:45:00+00:00,long,a_room+a_vol_expansion+a_volume,a_room+a_vol_expansion+a_volume||up||long,-1.0741107757324533,-1.0741107757324533,708.0,False,0.996462384418414,True,True,-3646626.0
DOGEUSDT,2024-10-31 12:00:00+00:00,2024-10-31 16:00:00+00:00,2024-10-31 19:45:00+00:00,long,a_room+a_vol_expansion+a_volume,a_room+a_vol_expansion+a_volume||up||long,-1.039141215613638,-1.0391412156136373,692.0,False,0.996462384418414,True,True,-3490145.0
LINKUSDT,2024-11-01 00:00:00+00:00,2024-11-01 16:00:00+00:00,2024-11-01 15:30:00+00:00,long,a_fvg_absent+a_room+a_vol_expansion,a_fvg_absent+a_room+a_vol_expansion||up||long,0.2005048546106353,0.2005048546106353,680.0,False,4.738254570967402,False,True,3169062.0
SOLUSDT,2024-11-05 04:00:00+00:00,2024-11-05 16:00:00+00:00,2024-11-05 15:00:00+00:00,long,a_fvg_absent+a_room+a_sweep+a_trend_counter+a_volume,a_fvg_absent+a_room+a_sweep+a_trend_counter+a_volume||down||long,1.9595867492236176,2.3746066325782964,580.0,False,11.51292502158163,False,True,31071755.0
SOLUSDT,2024-11-06 00:00:00+00:00,2024-11-06 04:00:00+00:00,2024-11-06 04:00:00+00:00,short,a_fvg_absent+a_ob+a_room+a_trend_counter,a_fvg_absent+a_ob+a_room+a_trend_counter||range||short,-1.1654043436309298,-1.1797751476650162,560.0,False,1.056555032293037,True,True,-4584757.0
LINKUSDT,2024-11-06 00:00:00+00:00,2024-11-06 04:00:00+00:00,2024-11-06 04:00:00+00:00,short,a_room+a_score_ge13+a_volume,a_room+a_score_ge13+a_volume||range||short,-1.0532257228947504,-1.05322572289475,560.0,False,1.274894730091847,True,True,-4938792.0
DOGEUSDT,2024-11-06 12:00:00+00:00,2024-11-06 16:00:00+00:00,2024-11-06 16:00:00+00:00,long,a_room+a_vol_expansion+a_volume,a_room+a_vol_expansion+a_volume||up||long,-1.0343490953781682,-1.0343490953781678,548.0,False,0.996462384418414,True,True,-3692835.0
XRPUSDT,2024-11-06 12:00:00+00:00,2024-11-07 04:00:00+00:00,2024-11-07 03:30:00+00:00,long,a_room+a_vol_expansion+a_volume,a_room+a_vol_expansion+a_volume||up||long,2.1001576668432285,2.5485562367584853,548.0,False,0.996462384418414,False,True,9098860.0
ETHUSDT,2024-11-06 20:00:00+00:00,2024-11-08 20:00:00+00:00,2024-11-08 23:45:00+00:00,long,a_trend_counter+a_vol_expansion+a_volume,a_trend_counter+a_vol_expansion+a_volume||up||long,1.8369190876920427,1.8369190876920427,540.0,False,2.4103622724368643,False,True,15700185.0
ADAUSDT,2024-11-07 04:00:00+00:00,2024-11-07 08:00:00+00:00,2024-11-07 09:00:00+00:00,long,a_trend_counter+a_vol_expansion+a_volume,a_trend_counter+a_vol_expansion+a_volume||up||long,0.1032959600644182,0.0914297054322904,532.0,False,2.4103622724368643,False,False,0.0
BNBUSDT,2024-11-07 04:00:00+00:00,2024-11-07 12:00:00+00:00,2024-11-07 08:45:00+00:00,short,a_fvg_absent+a_ob+a_room+a_trend_counter,a_fvg_absent+a_ob+a_room+a_trend_counter||up||short,2.011648671916871,2.0601946777532616,532.0,False,1.056555032293037,False,True,7916554.0
BNBUSDT,2024-11-07 16:00:00+00:00,2024-11-08 00:00:00+00:00,2024-11-07 22:15:00+00:00,long,a_trend_counter+a_vol_expansion+a_volume,a_trend_counter+a_vol_expansion+a_volume||up||long,0.4412542363364133,0.4412542363364133,520.0,False,2.4103622724368643,False,True,2360244.0
AVAXUSDT,2024-11-07 16:00:00+00:00,2024-11-08 08:00:00+00:00,2024-11-08 11:30:00+00:00,short,a_room+a_score_ge13+a_trend_counter,a_room+a_score_ge13+a_trend_counter||up||short,-1.0457889612216944,-1.0457889612216948,520.0,False,4.315614007975119,True,True,-16771594.0
XRPUSDT,2024-11-08 00:00:00+00:00,2024-11-08 12:00:00+00:00,2024-11-08 08:45:00+00:00,short,a_room+a_sweep+a_trend_counter+a_vol_expansion+a_volume,a_room+a_sweep+a_trend_counter+a_vol_expansion+a_volume||up||short,1.8372536534189152,2.0360693779313803,512.0,False,4.036791654039396,False,True,18871535.0
AVAXUSDT,2024-11-08 16:00:00+00:00,2024-11-09 04:00:00+00:00,2024-11-09 00:45:00+00:00,long,a_trend_counter+a_vol_expansion+a_volume,a_trend_counter+a_vol_expansion+a_volume||up||long,1.9858394031060884,2.2725418605376437,496.0,False,2.4103622724368643,False,True,20599819.0
XRPUSDT,2024-11-08 16:00:00+00:00,2024-11-10 16:00:00+00:00,2024-11-10 13:15:00+00:00,long,a_room+a_vol_expansion+a_volume,a_room+a_vol_expansion+a_volume||up||long,2.0753643674766566,2.305590067780402,496.0,False,0.996462384418414,False,True,8639969.0
ADAUSDT,2024-11-08 20:00:00+00:00,2024-11-10 16:00:00+00:00,2024-11-10 00:00:00+00:00,long,a_room+a_score_ge13+a_vol_expansion+a_volume,a_room+a_score_ge13+a_vol_expansion+a_volume||up||long,6.3381663083919015,2.577005250103343,492.0,False,0.0,False,False,0.0
AVAXUSDT,2024-11-09 08:00:00+00:00,2024-11-09 12:00:00+00:00,2024-11-09 14:45:00+00:00,short,a_room+a_sweep+a_trend_counter+a_vol_expansion+a_volume,a_room+a_sweep+a_trend_counter+a_vol_expansion+a_volume||up||short,0.9575382026370564,2.1584992435808577,480.0,False,4.036791654039396,False,True,18671913.0
LINKUSDT,2024-11-10 20:00:00+00:00,2024-11-11 04:00:00+00:00,2024-11-11 00:45:00+00:00,long,a_room+a_vol_expansion+a_volume,a_room+a_vol_expansion+a_volume||up||long,2.031517446808505,2.057183257520169,444.0,False,0.996462384418414,False,True,9099814.0
ETHUSDT,2024-11-10 20:00:00+00:00,2024-11-11 04:00:00+00:00,2024-11-11 01:00:00+00:00,long,a_room+a_vol_expansion+a_volume,a_room+a_vol_expansion+a_volume||up||long,2.3465747824558045,2.340688652544588,444.0,False,0.996462384418414,False,True,10353881.0
AVAXUSDT,2024-11-11 04:00:00+00:00,2024-11-12 00:00:00+00:00,2024-11-11 12:15:00+00:00,long,a_room+a_vol_expansion+a_volume,a_room+a_vol_expansion+a_volume||up||long,4.169990606433597,2.09051627097782,436.0,False,0.996462384418414,False,True,9652504.0
ADAUSDT,2024-11-11 16:00:00+00:00,2024-11-11 20:00:00+00:00,2024-11-11 22:00:00+00:00,long,a_room+a_vol_expansion+a_volume,a_room+a_vol_expansion+a_volume||up||long,0.5888244461594337,0.5888244461594337,424.0,False,0.996462384418414,False,True,2718769.0
SOLUSDT,2024-11-12 08:00:00+00:00,2024-11-14 08:00:00+00:00,2024-11-14 11:45:00+00:00,long,a_fvg_absent+a_mss+a_ob+a_room+a_score_ge13+a_vol_expansion+a_volume,a_fvg_absent+a_mss+a_ob+a_room+a_score_ge13+a_vol_expansion+a_volume||up||long,0.3686219799346655,0.3686219799346649,408.0,False,15.0,True,True,26305163.0
LINKUSDT,2024-11-12 08:00:00+00:00,2024-11-13 00:00:00+00:00,2024-11-13 03:15:00+00:00,long,a_room+a_vol_expansion+a_volume,a_room+a_vol_expansion+a_volume||up||long,-1.02939163025786,-1.02939163025786,408.0,False,0.996462384418414,True,True,-4879890.0
ETHUSDT,2024-11-12 08:00:00+00:00,2024-11-12 16:00:00+00:00,2024-11-12 12:45:00+00:00,long,a_room+a_vol_expansion+a_volume,a_room+a_vol_expansion+a_volume||up||long,0.1870436447578921,0.1870436447578921,408.0,False,0.996462384418414,False,True,886691.0
ADAUSDT,2024-11-13 00:00:00+00:00,2024-11-16 08:00:00+00:00,2024-11-16 11:45:00+00:00,long,a_room+a_vol_expansion+a_volume,a_room+a_vol_expansion+a_volume||up||long,2.189040740561976,2.1890407405619747,392.0,False,0.996462384418414,False,True,10290170.0
AVAXUSDT,2024-11-13 00:00:00+00:00,2024-11-13 04:00:00+00:00,2024-11-13 04:30:00+00:00,long,a_fvg_absent+a_room+a_vol_expansion,a_fvg_absent+a_room+a_vol_expansion||up||long,-1.0178233055768329,-1.0178233055768329,392.0,False,4.738254570967402,True,True,-22750900.0
BNBUSDT,2024-11-13 04:00:00+00:00,2024-11-15 04:00:00+00:00,2024-11-15 07:45:00+00:00,long,a_room+a_vol_expansion+a_volume,a_room+a_vol_expansion+a_volume||up||long,0.5069737456850355,0.5069737456850356,388.0,False,0.996462384418414,False,True,2268232.0
ETHUSDT,2024-11-13 20:00:00+00:00,2024-11-14 12:00:00+00:00,2024-11-14 14:30:00+00:00,long,a_room+a_vol_expansion+a_volume,a_room+a_vol_expansion+a_volume||up||long,0.3747145052385379,0.374714505238538,372.0,False,0.996462384418414,False,True,1676496.0
LINKUSDT,2024-11-14 00:00:00+00:00,2024-11-16 00:00:00+00:00,2024-11-16 03:45:00+00:00,long,a_room+a_vol_expansion+a_volume,a_room+a_vol_expansion+a_volume||up||long,1.0493786357639157,1.0493786357639154,368.0,False,0.996462384418414,False,True,4694986.0
AVAXUSDT,2024-11-14 08:00:00+00:00,2024-11-14 20:00:00+00:00,2024-11-14 23:00:00+00:00,long,a_room+a_vol_expansion+a_volume,a_room+a_vol_expansion+a_volume||up||long,-1.0270828163892345,-1.0270828163892345,360.0,False,0.996462384418414,True,True,-4864453.0
BNBUSDT,2024-11-17 00:00:00+00:00,2024-11-17 08:00:00+00:00,2024-11-17 05:15:00+00:00,long,a_fvg_absent+a_room+a_volume,a_fvg_absent+a_room+a_volume||up||long,3.7176051561618975,3.9384891340624497,296.0,False,1.6227227595325122,False,True,30183982.0
BTCUSDT,2024-11-18 16:00:00+00:00,2024-11-22 00:00:00+00:00,2024-11-22 03:45:00+00:00,long,a_fvg_absent+a_ob+a_score_ge13+a_volume,a_fvg_absent+a_ob+a_score_ge13+a_volume||range||long,2.214428676547243,2.214428676547243,256.0,False,2.3594458374095173,False,True,27145534.0
LINKUSDT,2024-11-19 00:00:00+00:00,2024-11-21 00:00:00+00:00,2024-11-21 03:45:00+00:00,long,a_fvg_absent+a_ob+a_score_ge13+a_volume,a_fvg_absent+a_ob+a_score_ge13+a_volume||range||long,-0.6935922420370929,-0.6935922420370938,248.0,False,2.3594458374095173,True,True,-8502388.0
BNBUSDT,2024-11-20 12:00:00+00:00,2024-11-20 20:00:00+00:00,2024-11-20 16:30:00+00:00,short,a_fvg_absent+a_ob+a_room+a_trend_counter,a_fvg_absent+a_ob+a_room+a_trend_counter||up||short,2.538743784930844,2.1269305633802964,212.0,False,1.056555032293037,False,True,11675410.0
BNBUSDT,2024-11-21 00:00:00+00:00,2024-11-21 16:00:00+00:00,2024-11-21 04:15:00+00:00,long,a_fvg_absent+a_room+a_volume,a_fvg_absent+a_room+a_volume||up||long,4.275854865402168,1.718098496166425,200.0,False,1.6227227595325122,False,True,10602367.0
LINKUSDT,2024-11-24 04:00:00+00:00,2024-11-24 08:00:00+00:00,2024-11-24 10:45:00+00:00,long,a_score_ge13+a_vol_expansion+a_volume,a_score_ge13+a_vol_expansion+a_volume||up||long,-1.0396664837175265,-1.0396664837175265,124.0,False,0.0,True,False,0.0
AVAXUSDT,2024-11-24 12:00:00+00:00,2024-11-24 16:00:00+00:00,2024-11-25 07:00:00+00:00,long,a_room+a_vol_expansion+a_volume,a_room+a_vol_expansion+a_volume||up||long,0.223202709934758,2.166648606785003,116.0,False,0.996462384418414,False,True,12100460.0
ADAUSDT,2024-11-24 12:00:00+00:00,2024-11-25 20:00:00+00:00,2024-11-25 21:45:00+00:00,long,a_room+a_vol_expansion+a_volume,a_room+a_vol_expansion+a_volume||up||long,0.2395895103269381,0.2395895103269381,116.0,False,0.996462384418414,False,True,1338077.0
LINKUSDT,2024-11-25 12:00:00+00:00,2024-11-25 20:00:00+00:00,2024-11-25 18:45:00+00:00,long,a_mss+a_score_ge13+a_vol_expansion,a_mss+a_score_ge13+a_vol_expansion||range||long,0.2300673740951991,0.2300673740951991,92.0,False,0.0,False,False,0.0
SOLUSDT,2024-11-29 00:00:00+00:00,2024-11-29 12:00:00+00:00,2024-11-29 12:00:00+00:00,short,a_fvg_absent+a_ob+a_room+a_trend_counter,a_fvg_absent+a_ob+a_room+a_trend_counter||range||short,-1.0462005522823694,-1.0462005522823687,8.0,True,1.056555032293037,True,False,0.0
LINKUSDT,2024-12-01 00:00:00+00:00,2024-12-02 04:00:00+00:00,2024-12-02 04:00:00+00:00,long,a_fvg_absent+a_room+a_volume,a_fvg_absent+a_room+a_volume||up||long,0.229576285567151,0.229576285567151,632.0,False,1.6227227595325122,False,True,2138032.0
SOLUSDT,2024-12-05 12:00:00+00:00,2024-12-06 00:00:00+00:00,2024-12-05 22:30:00+00:00,short,a_mss+a_room+a_volume,a_mss+a_room+a_volume||up||short,1.776798949098721,2.0341311865769667,524.0,False,1.4024953958902748,False,True,16433804.0
ETHUSDT,2024-12-05 16:00:00+00:00,2024-12-07 16:00:00+00:00,2024-12-07 19:45:00+00:00,long,a_fvg_absent+a_mss+a_score_ge13+a_vol_expansion+a_volume,a_fvg_absent+a_mss+a_score_ge13+a_vol_expansion+a_volume||up||long,0.4938775855858253,0.4938775855858247,520.0,False,15.0,True,True,42674483.0
DOGEUSDT,2024-12-05 20:00:00+00:00,2024-12-06 00:00:00+00:00,2024-12-06 01:45:00+00:00,long,a_fvg_absent+a_room+a_volume,a_fvg_absent+a_room+a_volume||up||long,1.014884097443499,1.9814443126982972,516.0,False,1.6227227595325122,False,True,18521830.0
BTCUSDT,2024-12-05 20:00:00+00:00,2024-12-09 04:00:00+00:00,2024-12-09 07:45:00+00:00,long,a_room+a_vol_expansion+a_volume,a_room+a_vol_expansion+a_volume||up||long,0.6777585328126403,0.6777585328126423,516.0,False,0.996462384418414,False,True,3890394.0
SOLUSDT,2024-12-06 08:00:00+00:00,2024-12-08 08:00:00+00:00,2024-12-08 09:45:00+00:00,long,a_room+a_vol_expansion+a_volume,a_room+a_vol_expansion+a_volume||up||long,0.2207372633565725,0.2207372633565724,504.0,False,0.996462384418414,False,True,1343939.0
ADAUSDT,2024-12-06 20:00:00+00:00,2024-12-07 00:00:00+00:00,2024-12-07 03:15:00+00:00,long,a_fvg_absent+a_room+a_volume,a_fvg_absent+a_room+a_volume||up||long,-1.0721407228423638,-0.7722907228423638,492.0,False,1.6227227595325122,False,True,-7657165.0
XRPUSDT,2024-12-08 00:00:00+00:00,2024-12-08 08:00:00+00:00,2024-12-08 08:15:00+00:00,long,a_fvg_absent+a_room+a_volume,a_fvg_absent+a_room+a_volume||up||long,-1.0487468857411826,-1.0487468857411824,464.0,False,1.6227227595325122,True,True,-10994127.0
ADAUSDT,2024-12-10 12:00:00+00:00,2024-12-10 16:00:00+00:00,2024-12-10 16:00:00+00:00,long,a_mss+a_room+a_score_ge13+a_trend_counter,a_mss+a_room+a_score_ge13+a_trend_counter||range||long,-1.0705621172353457,-1.0705621172353454,404.0,False,11.209064665009105,True,True,-28936850.0
BNBUSDT,2024-12-11 00:00:00+00:00,2024-12-13 00:00:00+00:00,2024-12-13 03:45:00+00:00,long,a_room+a_score_ge13+a_trend_counter,a_room+a_score_ge13+a_trend_counter||down||long,1.1916950138223508,1.191695013822351,392.0,False,4.315614007975119,False,True,31439705.0
BTCUSDT,2024-12-11 04:00:00+00:00,2024-12-11 08:00:00+00:00,2024-12-11 08:00:00+00:00,long,a_fvg_absent+a_room+a_vol_expansion+a_volume,a_fvg_absent+a_room+a_vol_expansion+a_volume||down||long,0.4633800336602513,0.0635800336602513,388.0,False,2.0591703994912867,False,True,625910.0
ETHUSDT,2024-12-12 00:00:00+00:00,2024-12-14 00:00:00+00:00,2024-12-14 03:45:00+00:00,short,a_room+a_score_ge13+a_vol_expansion+a_volume,a_room+a_score_ge13+a_vol_expansion+a_volume||range||short,-0.1964872011924345,-0.1964872011924337,368.0,False,0.0,True,False,0.0
DOGEUSDT,2024-12-12 04:00:00+00:00,2024-12-14 04:00:00+00:00,2024-12-14 07:45:00+00:00,short,a_fvg_absent+a_ob+a_room+a_trend_counter,a_fvg_absent+a_ob+a_room+a_trend_counter||range||short,0.8377883174288211,0.837788317428823,364.0,False,1.056555032293037,False,True,5416785.0
ADAUSDT,2024-12-16 00:00:00+00:00,2024-12-16 08:00:00+00:00,2024-12-16 11:30:00+00:00,long,a_fvg_absent+a_room+a_volume,a_fvg_absent+a_room+a_volume||up||long,-1.0415176232857049,-1.0415176232857049,272.0,False,1.6227227595325122,True,True,-10965424.0
ETHUSDT,2024-12-16 12:00:00+00:00,2024-12-16 20:00:00+00:00,2024-12-16 17:45:00+00:00,long,a_fvg_absent+a_room+a_volume,a_fvg_absent+a_room+a_volume||up||long,2.803146621293715,2.5699355877438057,260.0,False,1.6227227595325122,False,True,26599796.0
SOLUSDT,2024-12-18 08:00:00+00:00,2024-12-19 20:00:00+00:00,2024-12-19 18:30:00+00:00,short,a_room+a_score_ge13+a_volume,a_room+a_score_ge13+a_volume||up||short,2.22925349459802,2.4121245733062397,216.0,False,1.274894730091847,False,True,20432885.0
BTCUSDT,2024-12-19 20:00:00+00:00,2024-12-20 04:00:00+00:00,2024-12-20 00:15:00+00:00,long,a_fvg_absent+a_room+a_vol_expansion+a_volume,a_fvg_absent+a_room+a_vol_expansion+a_volume||down||long,1.2968625672997545,1.8089721260420424,180.0,False,2.0591703994912867,False,True,21249891.0
AVAXUSDT,2024-12-19 20:00:00+00:00,2024-12-20 08:00:00+00:00,2024-12-20 08:15:00+00:00,long,a_room+a_score_ge13+a_trend_counter,a_room+a_score_ge13+a_trend_counter||down||long,0.6173389663613508,0.6173389663613508,180.0,False,4.315614007975119,False,True,18246355.0
ETHUSDT,2024-12-21 00:00:00+00:00,2024-12-21 04:00:00+00:00,2024-12-21 07:15:00+00:00,short,a_mss+a_room+a_volume,a_mss+a_room+a_volume||down||short,-1.059753241711313,-1.0597532417113131,152.0,False,1.4024953958902748,True,True,-10766288.0
BTCUSDT,2024-12-21 08:00:00+00:00,2024-12-21 12:00:00+00:00,2024-12-21 12:45:00+00:00,long,a_fvg_absent+a_ob+a_room+a_trend_counter+a_vol_expansion,a_fvg_absent+a_ob+a_room+a_trend_counter+a_vol_expansion||down||long,-1.1484392171105082,-1.1484392171105116,144.0,False,6.000265304936625,True,True,-16507323.0
ETHUSDT,2024-12-27 00:00:00+00:00,2024-12-30 08:00:00+00:00,2024-12-30 11:45:00+00:00,short,a_room+a_score_ge13+a_volume,a_room+a_score_ge13+a_volume||up||short,-0.2889668463441538,-0.2889668463441538,8.0,True,1.274894730091847,True,False,0.0
LINKUSDT,2024-12-27 08:00:00+00:00,2024-12-27 12:00:00+00:00,2024-12-27 12:00:00+00:00,short,a_fvg_absent+a_ob+a_room+a_trend_counter,a_fvg_absent+a_ob+a_room+a_trend_counter||range||short,0.1898994980861463,-1.0607255019138535,0.0,True,1.056555032293037,False,False,0.0
BNBUSDT,2024-12-28 04:00:00+00:00,2024-12-29 20:00:00+00:00,2024-12-29 20:00:00+00:00,long,a_fvg_absent+a_ob+a_score_ge13+a_volume,a_fvg_absent+a_ob+a_score_ge13+a_volume||range||long,0.600857365292661,0.6008573652926609,820.0,False,2.3594458374095173,False,True,9882653.0
SOLUSDT,2024-12-31 20:00:00+00:00,2025-01-01 20:00:00+00:00,2025-01-01 21:00:00+00:00,short,a_room+a_score_ge13+a_volume,a_room+a_score_ge13+a_volume||range||short,0.5885077673869619,0.5885077673869624,732.0,False,1.274894730091847,False,True,5304353.0
ETHUSDT,2025-01-01 00:00:00+00:00,2025-01-02 08:00:00+00:00,2025-01-02 08:45:00+00:00,short,a_room+a_score_ge13+a_volume,a_room+a_score_ge13+a_volume||range||short,-1.049002920319292,-1.0490029203192917,728.0,False,1.274894730091847,True,True,-9454899.0
ETHUSDT,2025-01-03 08:00:00+00:00,2025-01-03 12:00:00+00:00,2025-01-03 15:00:00+00:00,short,a_fvg_absent+a_ob+a_room+a_trend_counter,a_fvg_absent+a_ob+a_room+a_trend_counter||up||short,-1.0398275314809708,-1.0398275314809708,672.0,False,1.056555032293037,True,True,-7721508.0
ADAUSDT,2025-01-08 04:00:00+00:00,2025-01-08 16:00:00+00:00,2025-01-08 17:30:00+00:00,long,a_fvg_absent+a_room+a_volume,a_fvg_absent+a_room+a_volume||up||long,-1.0160518652390371,-1.016051865239037,556.0,False,1.6227227595325122,True,True,-11460701.0
XRPUSDT,2025-01-08 12:00:00+00:00,2025-01-08 16:00:00+00:00,2025-01-08 17:00:00+00:00,long,a_fvg_absent+a_ob+a_score_ge13+a_volume,a_fvg_absent+a_ob+a_score_ge13+a_volume||range||long,0.1898896382266835,-1.0594853617733164,548.0,False,2.3594458374095173,False,True,-17376246.0
BTCUSDT,2025-01-09 08:00:00+00:00,2025-01-09 12:00:00+00:00,2025-01-09 13:15:00+00:00,long,a_fvg_absent+a_ob+a_room+a_trend_counter+a_vol_expansion,a_fvg_absent+a_ob+a_room+a_trend_counter+a_vol_expansion||down||long,0.8810065040770054,0.4312315040770054,528.0,False,6.000265304936625,False,True,3945865.0
XRPUSDT,2025-01-09 16:00:00+00:00,2025-01-11 16:00:00+00:00,2025-01-11 19:45:00+00:00,long,a_fvg_absent+a_ob+a_room+a_score_ge13+a_vol_expansion,a_fvg_absent+a_ob+a_room+a_score_ge13+a_vol_expansion||down||long,1.5797619942258128,1.5797619942258123,520.0,False,5.601351969071898,False,True,59305988.0
ADAUSDT,2025-01-10 12:00:00+00:00,2025-01-12 12:00:00+00:00,2025-01-12 15:45:00+00:00,long,a_fvg_absent+a_room+a_vol_expansion+a_volume,a_fvg_absent+a_room+a_vol_expansion+a_volume||down||long,1.0314969441843351,1.0314969441843351,500.0,False,2.0591703994912867,False,True,14235550.0
AVAXUSDT,2025-01-13 16:00:00+00:00,2025-01-13 20:00:00+00:00,2025-01-13 20:15:00+00:00,short,a_room+a_score_ge13+a_volume,a_room+a_score_ge13+a_volume||range||short,-1.1214413733092958,2.520421728362177,424.0,False,1.274894730091847,False,True,23898917.0
BTCUSDT,2025-01-13 20:00:00+00:00,2025-01-14 08:00:00+00:00,2025-01-14 08:00:00+00:00,short,a_room+a_score_ge13+a_volume,a_room+a_score_ge13+a_volume||range||short,-1.0395515544467135,-1.039551554446713,420.0,False,1.274894730091847,True,True,-10173880.0
LINKUSDT,2025-01-13 20:00:00+00:00,2025-01-15 04:00:00+00:00,2025-01-15 07:15:00+00:00,short,a_room+a_score_ge13+a_volume,a_room+a_score_ge13+a_volume||range||short,-1.013042983232339,-1.013042983232339,420.0,False,1.274894730091847,True,True,-9914446.0
ETHUSDT,2025-01-14 08:00:00+00:00,2025-01-15 12:00:00+00:00,2025-01-15 15:15:00+00:00,short,a_room+a_score_ge13+a_volume,a_room+a_score_ge13+a_volume||range||short,-1.0235114081607366,-1.0235114081607366,408.0,False,1.274894730091847,True,True,-9884142.0
BTCUSDT,2025-01-15 08:00:00+00:00,2025-01-15 12:00:00+00:00,2025-01-15 14:15:00+00:00,long,a_room+a_vol_expansion+a_volume,a_room+a_vol_expansion+a_volume||up||long,0.8836194175278439,2.6185908915414435,384.0,False,0.996462384418414,False,True,19506469.0
BTCUSDT,2025-01-15 20:00:00+00:00,2025-01-16 00:00:00+00:00,2025-01-16 00:00:00+00:00,short,a_fvg_absent+a_ob+a_room+a_trend_counter,a_fvg_absent+a_ob+a_room+a_trend_counter||up||short,0.4199994392444651,-1.230825560755535,372.0,False,1.056555032293037,False,True,-9846754.0
SOLUSDT,2025-01-16 12:00:00+00:00,2025-01-16 20:00:00+00:00,2025-01-16 16:15:00+00:00,short,a_mss+a_room+a_volume,a_mss+a_room+a_volume||up||short,1.835593095785822,2.316409266771264,356.0,False,1.4024953958902748,False,True,24279315.0
DOGEUSDT,2025-01-17 00:00:00+00:00,2025-01-17 12:00:00+00:00,2025-01-17 09:00:00+00:00,long,a_room+a_vol_expansion+a_volume,a_room+a_vol_expansion+a_volume||up||long,2.169449754274485,2.451721458123795,344.0,False,0.996462384418414,False,True,18851093.0
LINKUSDT,2025-01-17 16:00:00+00:00,2025-01-18 00:00:00+00:00,2025-01-17 20:45:00+00:00,long,a_trend_counter+a_vol_expansion+a_volume,a_trend_counter+a_vol_expansion+a_volume||up||long,2.272637195878548,2.381081856398557,328.0,False,2.4103622724368643,False,True,45367375.0
ETHUSDT,2025-01-17 16:00:00+00:00,2025-01-19 08:00:00+00:00,2025-01-19 09:00:00+00:00,long,a_room+a_vol_expansion+a_volume,a_room+a_vol_expansion+a_volume||up||long,-1.014926940603741,-1.0149269406037404,328.0,False,0.996462384418414,True,True,-7994341.0
DOGEUSDT,2025-01-18 16:00:00+00:00,2025-01-19 04:00:00+00:00,2025-01-18 23:15:00+00:00,long,a_room+a_vol_expansion+a_volume,a_room+a_vol_expansion+a_volume||up||long,1.7469256111040443,0.1509642111525166,304.0,False,0.996462384418414,False,True,1257356.0
ADAUSDT,2025-01-19 04:00:00+00:00,2025-01-19 08:00:00+00:00,2025-01-19 08:00:00+00:00,long,a_fvg_absent+a_room+a_volume,a_fvg_absent+a_room+a_volume||up||long,-1.0918587123663552,-1.094057591358772,292.0,False,1.6227227595325122,True,True,-14861431.0
AVAXUSDT,2025-01-19 08:00:00+00:00,2025-01-19 12:00:00+00:00,2025-01-19 21:45:00+00:00,long,a_fvg_absent+a_ob+a_room+a_trend_counter,a_fvg_absent+a_ob+a_room+a_trend_counter||up||long,0.2240293962978543,0.2240293962978543,288.0,False,1.056555032293037,False,True,1927306.0
LINKUSDT,2025-01-19 08:00:00+00:00,2025-01-19 12:00:00+00:00,2025-01-22 19:45:00+00:00,long,a_room+a_vol_expansion+a_volume,a_room+a_vol_expansion+a_volume||up||long,0.7251261896235693,2.2150216878694757,288.0,False,0.996462384418414,False,True,17971831.0
XRPUSDT,2025-01-19 20:00:00+00:00,2025-01-23 04:00:00+00:00,2025-01-23 07:45:00+00:00,long,a_fvg_absent+a_room+a_volume,a_fvg_absent+a_room+a_volume||up||long,1.2433497619496554,1.2433497619496554,276.0,False,1.6227227595325122,False,True,16829729.0
BNBUSDT,2025-01-20 00:00:00+00:00,2025-01-22 00:00:00+00:00,2025-01-22 03:45:00+00:00,long,a_room+a_vol_expansion+a_volume,a_room+a_vol_expansion+a_volume||up||long,0.3075068904396461,0.3075068904396461,272.0,False,0.996462384418414,True,True,2555967.0
BTCUSDT,2025-01-20 00:00:00+00:00,2025-01-23 08:00:00+00:00,2025-01-23 11:45:00+00:00,long,a_room+a_vol_expansion+a_volume,a_room+a_vol_expansion+a_volume||up||long,0.479045572479306,0.479045572479306,272.0,False,0.996462384418414,False,True,3981780.0
ETHUSDT,2025-01-20 08:00:00+00:00,2025-01-20 12:00:00+00:00,2025-01-20 12:15:00+00:00,long,a_room+a_vol_expansion+a_volume,a_room+a_vol_expansion+a_volume||up||long,-1.1014977065973552,0.1478772934026446,264.0,False,0.996462384418414,False,True,1229141.0
ADAUSDT,2025-01-20 12:00:00+00:00,2025-01-21 08:00:00+00:00,2025-01-21 08:30:00+00:00,long,a_room+a_vol_expansion+a_volume,a_room+a_vol_expansion+a_volume||up||long,-1.009960466405353,-1.009960466405353,260.0,False,0.996462384418414,True,True,-8407062.0
LINKUSDT,2025-01-20 16:00:00+00:00,2025-01-21 00:00:00+00:00,2025-01-20 20:15:00+00:00,long,a_fvg_absent+a_room+a_vol_expansion,a_fvg_absent+a_room+a_vol_expansion||up||long,2.192938857077728,2.400138601777982,256.0,False,4.738254570967402,False,True,95002202.0
DOGEUSDT,2025-01-21 04:00:00+00:00,2025-01-23 04:00:00+00:00,2025-01-23 07:45:00+00:00,long,a_room+a_vol_expansion+a_volume,a_room+a_vol_expansion+a_volume||up||long,0.9798496934815196,0.9798496934815196,244.0,False,0.996462384418414,False,True,9084001.0
SOLUSDT,2025-01-28 00:00:00+00:00,2025-01-30 00:00:00+00:00,2025-01-30 03:45:00+00:00,long,a_fvg_absent+a_ob+a_score_ge13+a_volume,a_fvg_absent+a_ob+a_score_ge13+a_volume||down||long,0.6143731148013352,0.6143731148013366,80.0,False,2.3594458374095173,True,True,13835036.0
LINKUSDT,2025-01-28 12:00:00+00:00,2025-01-30 12:00:00+00:00,2025-01-30 15:45:00+00:00,long,a_fvg_absent+a_ob+a_score_ge13+a_volume,a_fvg_absent+a_ob+a_score_ge13+a_volume||down||long,0.7237404370601035,0.7237404370601036,68.0,False,2.3594458374095173,True,True,16297873.0
BNBUSDT,2025-01-29 00:00:00+00:00,2025-01-31 00:00:00+00:00,2025-01-31 03:45:00+00:00,short,a_room+a_score_ge13+a_vol_expansion+a_volume,a_room+a_score_ge13+a_vol_expansion+a_volume||down||short,-0.3003779379850656,-0.3003779379850657,56.0,False,0.0,True,False,0.0
AVAXUSDT,2025-01-31 16:00:00+00:00,2025-09-19 00:00:00+00:00,2025-02-04 03:45:00+00:00,short,a_room+a_score_ge13+a_volume,a_room+a_score_ge13+a_volume||up||short,0.9027178669371524,4.624778630866998,664.0,False,1.274894730091847,False,True,58050092.0
ADAUSDT,2025-02-01 00:00:00+00:00,2025-03-02 16:00:00+00:00,2025-02-04 11:45:00+00:00,short,a_room+a_score_ge13+a_volume,a_room+a_score_ge13+a_volume||up||short,0.8512001038940562,11.301514753334237,656.0,False,1.274894730091847,False,True,141856298.0
BNBUSDT,2025-02-02 00:00:00+00:00,2025-02-03 04:00:00+00:00,2025-02-03 00:45:00+00:00,short,a_room+a_score_ge13+a_volume,a_room+a_score_ge13+a_volume||range||short,2.80137179997364,2.0948973180540964,632.0,False,1.274894730091847,False,True,26295093.0
XRPUSDT,2025-02-02 16:00:00+00:00,2025-02-03 00:00:00+00:00,2025-02-03 00:30:00+00:00,long,a_room+a_score_ge13+a_trend_counter,a_room+a_score_ge13+a_trend_counter||down||long,-1.0078980570162597,-1.0078980570162597,616.0,False,4.315614007975119,True,True,-42824948.0
LINKUSDT,2025-02-03 00:00:00+00:00,2025-02-04 00:00:00+00:00,2025-02-03 20:00:00+00:00,long,a_room+a_score_ge13+a_trend_counter,a_room+a_score_ge13+a_trend_counter||down||long,2.394814328196204,2.5046696528678325,608.0,False,4.315614007975119,False,True,101792792.0
BTCUSDT,2025-02-03 04:00:00+00:00,2025-02-03 12:00:00+00:00,2025-02-03 08:30:00+00:00,long,a_fvg_absent+a_room+a_sweep+a_trend_counter+a_volume,a_fvg_absent+a_room+a_sweep+a_trend_counter+a_volume||down||long,2.445529703260115,2.4214580207103844,604.0,False,11.51292502158163,False,True,45081453.0
ETHUSDT,2025-02-04 16:00:00+00:00,2025-02-05 00:00:00+00:00,2025-02-04 22:15:00+00:00,short,a_room+a_score_ge13+a_vol_expansion+a_volume,a_room+a_score_ge13+a_vol_expansion+a_volume||down||short,2.007630329508545,2.599303203492882,568.0,False,0.0,False,False,0.0
XRPUSDT,2025-02-04 20:00:00+00:00,2025-02-05 16:00:00+00:00,2025-02-05 16:30:00+00:00,long,a_fvg_absent+a_ob+a_room+a_trend_counter+a_vol_expansion,a_fvg_absent+a_ob+a_room+a_trend_counter+a_vol_expansion||down||long,0.6102722226248806,0.6102722226248805,564.0,False,6.000265304936625,False,True,40825138.0
ADAUSDT,2025-02-12 04:00:00+00:00,2025-02-13 20:00:00+00:00,2025-02-13 21:00:00+00:00,short,a_room+a_score_ge13+a_volume,a_room+a_score_ge13+a_volume||range||short,-1.014586103114368,-1.014586103114368,388.0,False,1.274894730091847,True,False,0.0
BNBUSDT,2025-02-12 12:00:00+00:00,2025-02-12 16:00:00+00:00,2025-02-12 16:00:00+00:00,short,a_fvg_absent+a_ob+a_room+a_trend_counter,a_fvg_absent+a_ob+a_room+a_trend_counter||range||short,-1.195611395101173,-1.195611395101173,380.0,False,1.056555032293037,True,True,-14599383.0
BTCUSDT,2025-02-12 16:00:00+00:00,2025-02-12 20:00:00+00:00,2025-02-12 22:30:00+00:00,short,a_room+a_score_ge13+a_volume,a_room+a_score_ge13+a_volume||range||short,-1.095587002112876,-1.095587002112876,376.0,False,1.274894730091847,True,True,-15938684.0
BNBUSDT,2025-02-13 16:00:00+00:00,2025-02-13 20:00:00+00:00,2025-02-13 20:00:00+00:00,long,a_fvg_absent+a_room+a_score_ge13,a_fvg_absent+a_room+a_score_ge13||range||long,-1.1275466967365342,-1.1275466967365342,352.0,False,0.0,True,False,0.0
ETHUSDT,2025-02-18 04:00:00+00:00,2025-02-20 04:00:00+00:00,2025-02-20 07:45:00+00:00,short,a_room+a_score_ge13+a_volume,a_room+a_score_ge13+a_volume||range||short,-0.0809931601044935,-0.0809931601044935,244.0,False,1.274894730091847,True,True,-1161837.0
BNBUSDT,2025-02-22 00:00:00+00:00,2025-02-22 16:00:00+00:00,2025-02-22 17:15:00+00:00,short,a_room+a_score_ge13+a_volume,a_room+a_score_ge13+a_volume||up||short,-1.0308506538750133,-1.0308506538750133,152.0,False,1.274894730091847,True,True,-14772155.0
LINKUSDT,2025-02-22 00:00:00+00:00,2025-03-06 08:00:00+00:00,2025-02-25 11:45:00+00:00,short,a_mss+a_room+a_volume,a_mss+a_room+a_volume||up||short,0.905293069693395,3.240683322962288,152.0,False,1.4024953958902748,False,True,51087166.0
AVAXUSDT,2025-02-23 20:00:00+00:00,2025-02-24 00:00:00+00:00,2025-02-24 01:00:00+00:00,short,a_fvg_absent+a_ob+a_room+a_trend_counter,a_fvg_absent+a_ob+a_room+a_trend_counter||range||short,1.0013251863266537,0.1462114652711698,108.0,False,1.056555032293037,False,False,0.0
XRPUSDT,2025-02-25 20:00:00+00:00,2025-02-27 20:00:00+00:00,2025-02-27 23:45:00+00:00,short,a_room+a_score_ge13+a_vol_expansion+a_volume,a_room+a_score_ge13+a_vol_expansion+a_volume||down||short,0.4698109309223419,0.4698109309223419,60.0,False,0.0,True,False,0.0
ADAUSDT,2025-03-02 20:00:00+00:00,2025-03-03 00:00:00+00:00,2025-03-03 00:00:00+00:00,short,a_fvg_absent+a_ob+a_room+a_trend_counter,a_fvg_absent+a_ob+a_room+a_trend_counter||up||short,1.0204156584779385,0.1692441709844573,612.0,False,1.056555032293037,False,True,2237170.0
ADAUSDT,2025-03-03 04:00:00+00:00,2025-03-05 04:00:00+00:00,2025-03-05 07:45:00+00:00,long,a_mss+a_room+a_score_ge13+a_trend_counter+a_vol_expansion+a_volume,a_mss+a_room+a_score_ge13+a_trend_counter+a_vol_expansion+a_volume||up||long,-0.1655708738406526,-0.1655708738406526,604.0,False,3.5000000000000004,True,True,-7263085.0
XRPUSDT,2025-03-03 08:00:00+00:00,2025-03-03 16:00:00+00:00,2025-03-03 12:15:00+00:00,long,a_fvg_absent+a_room+a_vol_expansion,a_fvg_absent+a_room+a_vol_expansion||up||long,2.0184838828299485,2.268726148769629,600.0,False,4.738254570967402,False,True,117570383.0
SOLUSDT,2025-03-03 08:00:00+00:00,2025-03-03 12:00:00+00:00,2025-03-03 12:00:00+00:00,long,a_room+a_vol_expansion+a_volume,a_room+a_vol_expansion+a_volume||up||long,-1.0818621669964914,0.1672379494433285,600.0,False,0.996462384418414,False,True,2088646.0
LINKUSDT,2025-03-06 08:00:00+00:00,2025-03-06 16:00:00+00:00,2025-03-06 13:45:00+00:00,long,a_trend_counter+a_vol_expansion+a_volume,a_trend_counter+a_vol_expansion+a_volume||up||long,0.2045459757747168,0.2045459757747168,528.0,False,2.4103622724368643,False,True,6985365.0
ADAUSDT,2025-03-06 12:00:00+00:00,2025-03-06 16:00:00+00:00,2025-03-06 16:45:00+00:00,long,a_fvg_absent+a_room+a_volume,a_fvg_absent+a_room+a_volume||up||long,-1.0591353591160222,-1.0591353591160226,524.0,False,1.6227227595325122,True,True,-24350709.0
AVAXUSDT,2025-03-08 12:00:00+00:00,2025-03-08 16:00:00+00:00,2025-03-08 16:00:00+00:00,short,a_room+a_score_ge13+a_volume,a_room+a_score_ge13+a_volume||range||short,-1.0806836956841772,-1.0828820716106555,476.0,False,1.274894730091847,True,False,0.0
ADAUSDT,2025-03-09 16:00:00+00:00,2025-03-11 16:00:00+00:00,2025-03-11 19:45:00+00:00,long,a_room+a_score_ge13+a_trend_counter,a_room+a_score_ge13+a_trend_counter||down||long,-0.4240800704679671,-0.4240800704679671,448.0,False,4.315614007975119,True,True,-25612410.0
BNBUSDT,2025-03-13 12:00:00+00:00,2025-03-13 20:00:00+00:00,2025-03-13 16:15:00+00:00,short,a_room+a_score_ge13+a_volume,a_room+a_score_ge13+a_volume||range||short,4.940762114026443,4.456123813083108,356.0,False,1.274894730091847,False,True,78049410.0
BTCUSDT,2025-03-13 20:00:00+00:00,2025-03-14 12:00:00+00:00,2025-03-14 15:15:00+00:00,short,a_room+a_score_ge13+a_volume,a_room+a_score_ge13+a_volume||range||short,-1.028684013967039,-1.028684013967039,348.0,False,1.274894730091847,True,True,-19041083.0
BNBUSDT,2025-03-16 04:00:00+00:00,2025-03-16 08:00:00+00:00,2025-03-16 08:00:00+00:00,long,a_fvg_absent+a_room+a_volume,a_fvg_absent+a_room+a_volume||up||long,-1.2673175744234584,-1.2811594304581084,292.0,False,1.6227227595325122,True,True,-19552494.0
LINKUSDT,2025-03-21 12:00:00+00:00,2025-03-21 16:00:00+00:00,2025-03-21 16:00:00+00:00,long,a_fvg_absent+a_ob+a_room+a_trend_counter,a_fvg_absent+a_ob+a_room+a_trend_counter||up||long,-1.119081529822835,-1.1261292541636487,164.0,False,1.056555032293037,True,True,-16815713.0
AVAXUSDT,2025-03-24 00:00:00+00:00,2025-03-24 04:00:00+00:00,2025-03-24 04:00:00+00:00,short,a_fvg_absent+a_ob+a_room+a_trend_counter,a_fvg_absent+a_ob+a_room+a_trend_counter||range||short,-1.0449650061180231,-1.0449650061180231,104.0,False,1.056555032293037,True,False,0.0
SOLUSDT,2025-03-24 04:00:00+00:00,2025-03-24 08:00:00+00:00,2025-03-24 10:30:00+00:00,short,a_fvg_absent+a_ob+a_room+a_trend_counter,a_fvg_absent+a_ob+a_room+a_trend_counter||range||short,-1.055153791645109,-1.055153791645109,100.0,False,1.056555032293037,True,True,-15568419.0
AVAXUSDT,2025-03-25 04:00:00+00:00,2025-03-27 04:00:00+00:00,2025-03-27 07:45:00+00:00,short,a_fvg_absent+a_ob+a_room+a_trend_counter,a_fvg_absent+a_ob+a_room+a_trend_counter||up||short,-0.1644503589096897,-0.1644503589096899,76.0,False,1.056555032293037,True,False,0.0
DOGEUSDT,2025-03-26 04:00:00+00:00,2025-03-26 08:00:00+00:00,2025-03-26 08:00:00+00:00,short,a_fvg_absent+a_ob+a_room+a_trend_counter,a_fvg_absent+a_ob+a_room+a_trend_counter||up||short,-1.1328354860067176,-1.1455658372213628,52.0,False,1.056555032293037,True,True,-16713983.0
AVAXUSDT,2025-04-03 04:00:00+00:00,2025-04-06 12:00:00+00:00,2025-04-06 15:45:00+00:00,short,a_mss+a_room+a_volume,a_mss+a_room+a_volume||up||short,2.159987497898808,2.1599874978988,532.0,False,1.4024953958902748,False,False,0.0
XRPUSDT,2025-04-03 16:00:00+00:00,2025-04-05 16:00:00+00:00,2025-04-05 19:45:00+00:00,short,a_room+a_score_ge13+a_vol_expansion+a_volume,a_room+a_score_ge13+a_vol_expansion+a_volume||range||short,-0.3680155723293438,-0.3680155723293438,520.0,False,0.0,True,False,0.0
BTCUSDT,2025-04-04 04:00:00+00:00,2025-04-04 08:00:00+00:00,2025-04-04 08:45:00+00:00,short,a_room+a_score_ge13+a_vol_expansion+a_volume,a_room+a_score_ge13+a_vol_expansion+a_volume||range||short,0.9829704208341076,-1.1180795791658926,508.0,False,0.0,False,False,0.0
BNBUSDT,2025-04-04 04:00:00+00:00,2025-04-06 04:00:00+00:00,2025-04-06 07:45:00+00:00,short,a_room+a_score_ge13+a_volume,a_room+a_score_ge13+a_volume||range||short,0.1432152952261317,0.1432152952261317,508.0,False,1.274894730091847,True,True,2490823.0
SOLUSDT,2025-04-04 12:00:00+00:00,2025-04-06 12:00:00+00:00,2025-04-06 15:45:00+00:00,short,a_room+a_score_ge13+a_vol_expansion+a_volume,a_room+a_score_ge13+a_vol_expansion+a_volume||range||short,0.6212043271850881,0.621204327185088,500.0,False,0.0,True,False,0.0
ADAUSDT,2025-04-04 12:00:00+00:00,2025-04-06 12:00:00+00:00,2025-04-06 15:45:00+00:00,short,a_fvg_absent+a_mss+a_ob+a_room+a_score_ge13+a_vol_expansion+a_volume,a_fvg_absent+a_mss+a_ob+a_room+a_score_ge13+a_vol_expansion+a_volume||range||short,0.3968125124206257,0.3968125124206258,500.0,False,15.0,True,True,81199965.0
LINKUSDT,2025-04-05 08:00:00+00:00,2025-04-07 08:00:00+00:00,2025-04-07 11:45:00+00:00,short,a_room+a_score_ge13+a_volume,a_room+a_score_ge13+a_volume||range||short,1.3684758049993502,1.3684758049993502,480.0,False,1.274894730091847,False,True,23800752.0
BTCUSDT,2025-04-05 20:00:00+00:00,2025-04-07 08:00:00+00:00,2025-04-07 07:00:00+00:00,short,a_room+a_score_ge13+a_volume,a_room+a_score_ge13+a_volume||range||short,2.23616466315038,2.449476088566344,468.0,False,1.274894730091847,False,True,42601683.0
XRPUSDT,2025-04-07 12:00:00+00:00,2025-04-09 12:00:00+00:00,2025-04-09 15:45:00+00:00,short,a_room+a_score_ge13+a_vol_expansion+a_volume,a_room+a_score_ge13+a_vol_expansion+a_volume||down||short,0.9944570804333832,0.9944570804333832,428.0,False,0.0,False,False,0.0
DOGEUSDT,2025-04-08 00:00:00+00:00,2025-04-08 08:00:00+00:00,2025-04-08 11:15:00+00:00,short,a_room+a_score_ge13+a_vol_expansion+a_volume,a_room+a_score_ge13+a_vol_expansion+a_volume||down||short,0.5780037162710214,0.5780037162710204,416.0,False,0.0,False,False,0.0
SOLUSDT,2025-04-10 04:00:00+00:00,2025-04-12 04:00:00+00:00,2025-04-12 07:45:00+00:00,short,a_mss+a_room+a_volume,a_mss+a_room+a_volume||down||short,-0.4028599077524979,-0.4028599077524978,364.0,False,1.4024953958902748,True,True,-8555916.0
BTCUSDT,2025-04-11 00:00:00+00:00,2025-04-11 16:00:00+00:00,2025-04-11 17:30:00+00:00,short,a_room+a_score_ge13+a_volume,a_room+a_score_ge13+a_volume||up||short,-1.0220526568428754,-1.0220526568428754,344.0,False,1.274894730091847,True,True,-19731433.0
DOGEUSDT,2025-04-12 04:00:00+00:00,2025-04-14 04:00:00+00:00,2025-04-14 07:45:00+00:00,short,a_mss+a_room+a_volume,a_mss+a_room+a_volume||up||short,-0.1091710909814599,-0.10917109098146,316.0,False,1.4024953958902748,True,True,-2275258.0
LINKUSDT,2025-04-12 16:00:00+00:00,2025-04-12 20:00:00+00:00,2025-04-12 21:15:00+00:00,short,a_fvg_absent+a_ob+a_room+a_trend_counter,a_fvg_absent+a_ob+a_room+a_trend_counter||up||short,-1.0895791976576503,-1.092126107077316,304.0,False,1.056555032293037,True,True,-17146936.0
ADAUSDT,2025-04-13 00:00:00+00:00,2025-04-13 20:00:00+00:00,2025-04-13 21:30:00+00:00,long,a_fvg_absent+a_room+a_volume,a_fvg_absent+a_room+a_volume||up||long,-1.030722731388744,-1.030722731388744,296.0,False,1.6227227595325122,True,True,-24567862.0
LINKUSDT,2025-04-13 00:00:00+00:00,2025-04-15 00:00:00+00:00,2025-04-15 03:45:00+00:00,long,a_fvg_absent+a_ob+a_room+a_trend_counter,a_fvg_absent+a_ob+a_room+a_trend_counter||up||long,-0.3657583429750324,-0.3657583429750324,296.0,False,1.056555032293037,True,False,0.0
XRPUSDT,2025-04-14 16:00:00+00:00,2025-04-14 20:00:00+00:00,2025-04-14 20:00:00+00:00,short,a_fvg_absent+a_ob+a_room+a_trend_counter,a_fvg_absent+a_ob+a_room+a_trend_counter||up||short,0.1214077897278614,-1.137012364672363,256.0,False,1.056555032293037,False,True,-17323213.0
SOLUSDT,2025-04-16 16:00:00+00:00,2025-04-18 16:00:00+00:00,2025-04-18 19:45:00+00:00,short,a_fvg_absent+a_ob+a_room+a_trend_counter,a_fvg_absent+a_ob+a_room+a_trend_counter||range||short,-0.5738420960596883,-0.5738420960596883,208.0,False,1.056555032293037,True,True,-8637873.0
BNBUSDT,2025-04-21 08:00:00+00:00,2025-04-23 08:00:00+00:00,2025-04-23 11:45:00+00:00,long,a_mss+a_room+a_score_ge13+a_trend_counter,a_mss+a_room+a_score_ge13+a_trend_counter||range||long,1.2924255457702492,1.2924255457702494,96.0,False,11.209064665009105,False,True,98750826.0
ETHUSDT,2025-04-23 12:00:00+00:00,2025-04-23 20:00:00+00:00,2025-04-23 16:30:00+00:00,short,a_fvg_absent+a_ob+a_room+a_trend_counter,a_fvg_absent+a_ob+a_room+a_trend_counter||up||short,1.788205075485593,1.935662684883326,44.0,False,1.056555032293037,False,True,30979881.0
BNBUSDT,2025-04-24 08:00:00+00:00,2025-04-24 12:00:00+00:00,2025-04-24 12:00:00+00:00,long,a_fvg_absent+a_room+a_volume,a_fvg_absent+a_room+a_volume||up||long,-1.2009413771733042,-1.2041764017108894,24.0,True,1.6227227595325122,True,False,0.0
LINKUSDT,2025-04-28 04:00:00+00:00,2025-04-28 12:00:00+00:00,2025-04-28 13:30:00+00:00,long,a_fvg_absent+a_ob+a_score_ge13+a_volume,a_fvg_absent+a_ob+a_score_ge13+a_volume||range||long,0.3506524983968394,0.3468637209071031,772.0,False,2.3594458374095173,False,True,12650834.0
ETHUSDT,2025-04-28 08:00:00+00:00,2025-04-28 12:00:00+00:00,2025-04-28 12:45:00+00:00,short,a_fvg_absent+a_ob+a_room+a_trend_counter,a_fvg_absent+a_ob+a_room+a_trend_counter||range||short,0.8624416154459754,0.0120166154459679,768.0,False,1.056555032293037,False,True,196257.0
ADAUSDT,2025-04-29 12:00:00+00:00,2025-04-29 20:00:00+00:00,2025-04-29 23:00:00+00:00,long,a_fvg_absent+a_ob+a_score_ge13+a_volume,a_fvg_absent+a_ob+a_score_ge13+a_volume||range||long,-1.0426081458711751,-1.0426081458711751,740.0,False,2.3594458374095173,True,True,-38342100.0
ETHUSDT,2025-04-29 16:00:00+00:00,2025-04-29 20:00:00+00:00,2025-05-01 09:30:00+00:00,short,a_fvg_absent+a_ob+a_room+a_trend_counter,a_fvg_absent+a_ob+a_room+a_trend_counter||range||short,0.203355329450964,0.603555329450964,736.0,False,1.056555032293037,False,True,9939258.0
SOLUSDT,2025-05-04 20:00:00+00:00,2025-05-05 04:00:00+00:00,2025-05-05 04:30:00+00:00,short,a_room+a_score_ge13+a_volume,a_room+a_score_ge13+a_volume||range||short,0.562075643778201,0.5611451270594805,612.0,False,1.274894730091847,False,True,10947304.0
LINKUSDT,2025-05-05 08:00:00+00:00,2025-05-07 08:00:00+00:00,2025-05-07 11:45:00+00:00,long,a_mss+a_room+a_score_ge13+a_trend_counter,a_mss+a_room+a_score_ge13+a_trend_counter||range||long,0.1456924315619985,0.1456924315619988,600.0,False,11.209064665009105,True,True,25168650.0
BNBUSDT,2025-05-07 00:00:00+00:00,2025-05-07 08:00:00+00:00,2025-05-07 07:15:00+00:00,short,a_room+a_score_ge13+a_volume,a_room+a_score_ge13+a_volume||range||short,0.3370137155063861,0.316991666666664,560.0,False,1.274894730091847,False,True,4396873.0
LINKUSDT,2025-05-08 12:00:00+00:00,2025-05-08 16:00:00+00:00,2025-05-08 16:00:00+00:00,short,a_fvg_absent+a_ob+a_room+a_trend_counter,a_fvg_absent+a_ob+a_room+a_trend_counter||up||short,-1.162904339143509,-1.1809005134788195,524.0,False,1.056555032293037,True,True,-19597987.0
BTCUSDT,2025-05-09 00:00:00+00:00,2025-05-12 08:00:00+00:00,2025-05-12 11:45:00+00:00,long,a_room+a_vol_expansion+a_volume,a_room+a_vol_expansion+a_volume||up||long,0.5825484086480686,0.5825484086480683,512.0,False,0.996462384418414,False,True,9004223.0
ADAUSDT,2025-05-09 12:00:00+00:00,2025-05-10 00:00:00+00:00,2025-05-10 00:45:00+00:00,long,a_room+a_vol_expansion+a_volume,a_room+a_vol_expansion+a_volume||up||long,0.1736927153570051,0.173133359872611,500.0,False,0.996462384418414,False,True,2676055.0
LINKUSDT,2025-05-09 12:00:00+00:00,2025-05-15 12:00:00+00:00,2025-05-12 23:45:00+00:00,long,a_room+a_vol_expansion+a_volume,a_room+a_vol_expansion+a_volume||up||long,0.8893978048780491,2.117320121951226,500.0,False,0.996462384418414,False,True,32726588.0
ETHUSDT,2025-05-09 12:00:00+00:00,2025-05-11 12:00:00+00:00,2025-05-11 15:45:00+00:00,long,a_room+a_vol_expansion+a_volume,a_room+a_vol_expansion+a_volume||up||long,1.2950702797404838,1.2950702797404838,500.0,False,0.996462384418414,False,True,20017394.0
BNBUSDT,2025-05-10 04:00:00+00:00,2025-05-10 08:00:00+00:00,2025-05-10 09:00:00+00:00,long,a_room+a_vol_expansion+a_volume,a_room+a_vol_expansion+a_volume||up||long,-1.1506991222111902,-1.1506991222111902,484.0,False,0.996462384418414,True,True,-17816590.0
XRPUSDT,2025-05-10 04:00:00+00:00,2025-05-10 20:00:00+00:00,2025-05-10 17:45:00+00:00,long,a_room+a_vol_expansion+a_volume,a_room+a_vol_expansion+a_volume||up||long,1.8458681203183112,2.071140910528801,484.0,False,0.996462384418414,False,True,32068043.0
ADAUSDT,2025-05-11 04:00:00+00:00,2025-05-12 00:00:00+00:00,2025-05-12 01:30:00+00:00,long,a_room+a_vol_expansion+a_volume,a_room+a_vol_expansion+a_volume||up||long,0.21113713592233,0.21113713592233,460.0,False,0.996462384418414,False,True,3299078.0
AVAXUSDT,2025-05-11 04:00:00+00:00,2025-05-11 12:00:00+00:00,2025-05-11 13:45:00+00:00,long,a_room+a_vol_expansion+a_volume,a_room+a_vol_expansion+a_volume||up||long,0.2041310397380897,0.2041310397380897,460.0,False,0.996462384418414,False,False,0.0
DOGEUSDT,2025-05-11 12:00:00+00:00,2025-05-11 16:00:00+00:00,2025-05-11 16:00:00+00:00,long,a_room+a_vol_expansion+a_volume,a_room+a_vol_expansion+a_volume||up||long,0.1719083736396611,-1.077466626360339,452.0,False,0.996462384418414,False,True,-17050641.0
SOLUSDT,2025-05-11 12:00:00+00:00,2025-05-12 16:00:00+00:00,2025-05-12 18:00:00+00:00,long,a_room+a_vol_expansion+a_volume,a_room+a_vol_expansion+a_volume||up||long,0.8673408024588827,0.6874308024588801,452.0,False,0.996462384418414,False,True,10878421.0
XRPUSDT,2025-05-11 20:00:00+00:00,2025-05-12 08:00:00+00:00,2025-05-12 13:00:00+00:00,long,a_room+a_vol_expansion+a_volume,a_room+a_vol_expansion+a_volume||up||long,0.2119450229080611,2.0717291446454644,444.0,False,0.996462384418414,False,True,32432604.0
AVAXUSDT,2025-05-12 12:00:00+00:00,2025-05-12 16:00:00+00:00,2025-05-12 18:30:00+00:00,long,a_room+a_vol_expansion+a_volume,a_room+a_vol_expansion+a_volume||up||long,-1.050285589869127,-0.750435589869127,428.0,False,0.996462384418414,False,False,0.0
ETHUSDT,2025-05-12 12:00:00+00:00,2025-05-12 16:00:00+00:00,2025-05-12 17:30:00+00:00,long,a_room+a_vol_expansion+a_volume,a_room+a_vol_expansion+a_volume||up||long,-1.0859371283735308,0.1634378716264691,428.0,False,0.996462384418414,False,True,2631452.0
DOGEUSDT,2025-05-12 16:00:00+00:00,2025-05-16 00:00:00+00:00,2025-05-16 03:45:00+00:00,long,a_room+a_vol_expansion+a_volume,a_room+a_vol_expansion+a_volume||up||long,-0.1385336550466967,-0.1385336550466964,424.0,False,0.996462384418414,True,True,-2249128.0
SOLUSDT,2025-05-14 00:00:00+00:00,2025-05-15 12:00:00+00:00,2025-05-15 14:15:00+00:00,long,a_mss+a_score_ge13+a_vol_expansion,a_mss+a_score_ge13+a_vol_expansion||range||long,-1.0200961340859658,-1.0200961340859658,392.0,False,0.0,True,False,0.0
XRPUSDT,2025-05-18 04:00:00+00:00,2025-05-18 12:00:00+00:00,2025-05-18 13:30:00+00:00,short,a_fvg_absent+a_ob+a_room+a_trend_counter,a_fvg_absent+a_ob+a_room+a_trend_counter||range||short,-1.042619159595133,-1.042619159595133,292.0,False,1.056555032293037,True,True,-18283722.0
AVAXUSDT,2025-05-19 04:00:00+00:00,2025-05-19 16:00:00+00:00,2025-05-19 17:00:00+00:00,short,a_fvg_absent+a_ob+a_room+a_trend_counter,a_fvg_absent+a_ob+a_room+a_trend_counter||range||short,0.6124795559841865,0.6124795559841865,268.0,False,1.056555032293037,False,False,0.0
XRPUSDT,2025-05-19 16:00:00+00:00,2025-05-20 00:00:00+00:00,2025-05-20 01:45:00+00:00,short,a_fvg_absent+a_ob+a_room+a_score_ge13+a_trend_counter,a_fvg_absent+a_ob+a_room+a_score_ge13+a_trend_counter||range||short,0.4944837773853681,0.4801087906182816,256.0,False,3.924191004535349,False,True,13889804.0
DOGEUSDT,2025-05-20 12:00:00+00:00,2025-05-25 08:00:00+00:00,2025-05-23 23:45:00+00:00,long,a_fvg_absent+a_room+a_score_ge13,a_fvg_absent+a_room+a_score_ge13||range||long,0.8855512155923598,1.587420660453568,236.0,False,0.0,False,False,0.0
XRPUSDT,2025-05-21 04:00:00+00:00,2025-05-21 08:00:00+00:00,2025-05-21 09:00:00+00:00,long,a_fvg_absent+a_room+a_volume,a_fvg_absent+a_room+a_volume||up||long,-1.1627913764121625,-1.1790951505244582,220.0,False,1.6227227595325122,True,True,-31672966.0
SOLUSDT,2025-05-23 16:00:00+00:00,2025-05-23 20:00:00+00:00,2025-05-23 20:00:00+00:00,long,a_fvg_absent+a_room+a_vol_expansion,a_fvg_absent+a_room+a_vol_expansion||up||long,-1.1234076958071817,-1.128657845916001,160.0,False,4.738254570967402,True,True,-42566530.0
ETHUSDT,2025-05-23 20:00:00+00:00,2025-05-24 00:00:00+00:00,2025-05-24 21:15:00+00:00,long,a_fvg_absent+a_room+a_volume,a_fvg_absent+a_room+a_volume||up||long,0.1262021961481669,0.5260021961481669,156.0,False,1.6227227595325122,False,True,13495846.0
ADAUSDT,2025-05-31 04:00:00+00:00,2025-06-01 00:00:00+00:00,2025-05-31 13:15:00+00:00,long,a_fvg_absent+a_room+a_sweep+a_trend_counter+a_volume,a_fvg_absent+a_room+a_sweep+a_trend_counter+a_volume||down||long,3.116396495022624,2.3359838906752497,652.0,False,11.51292502158163,False,True,94577246.0
LINKUSDT,2025-06-06 04:00:00+00:00,2025-06-09 12:00:00+00:00,2025-06-09 15:45:00+00:00,short,a_room+a_score_ge13+a_volume,a_room+a_score_ge13+a_volume||range||short,-0.5580410967893774,-0.5580410967893774,508.0,False,1.274894730091847,True,True,-12017745.0
ETHUSDT,2025-06-09 16:00:00+00:00,2025-06-09 20:00:00+00:00,2025-06-09 22:15:00+00:00,short,a_mss+a_room+a_volume,a_mss+a_room+a_volume||up||short,-1.0317069217649004,-1.0317069217649004,424.0,False,1.4024953958902748,True,True,-24268305.0
BTCUSDT,2025-06-10 04:00:00+00:00,2025-06-10 08:00:00+00:00,2025-06-10 12:00:00+00:00,long,a_fvg_absent+a_room+a_volume,a_fvg_absent+a_room+a_volume||up||long,-0.0329787021439983,-0.0329787021439983,412.0,False,1.6227227595325122,False,True,-578155.0
LINKUSDT,2025-06-10 16:00:00+00:00,2025-06-12 16:00:00+00:00,2025-06-12 19:45:00+00:00,short,a_fvg_absent+a_ob+a_room+a_trend_counter,a_fvg_absent+a_ob+a_room+a_trend_counter||up||short,2.104701963724652,2.104701963724652,400.0,False,1.056555032293037,False,True,36743664.0
SOLUSDT,2025-06-11 04:00:00+00:00,2025-06-11 12:00:00+00:00,2025-06-11 12:15:00+00:00,long,a_trend_counter+a_vol_expansion+a_volume,a_trend_counter+a_vol_expansion+a_volume||up||long,0.5509567287391505,0.1493131923993825,388.0,False,2.4103622724368643,False,True,5946758.0
DOGEUSDT,2025-06-11 16:00:00+00:00,2025-06-11 20:00:00+00:00,2025-06-11 20:00:00+00:00,long,a_room+a_vol_expansion+a_volume,a_room+a_vol_expansion+a_volume||up||long,-1.0888669803621132,-1.0926877841524116,376.0,False,0.996462384418414,True,True,-18055809.0
XRPUSDT,2025-06-11 20:00:00+00:00,2025-06-12 00:00:00+00:00,2025-06-12 01:30:00+00:00,long,a_fvg_absent+a_ob+a_room+a_score_ge13+a_trend_counter,a_fvg_absent+a_ob+a_room+a_score_ge13+a_trend_counter||up||long,-1.1774550299814306,0.051195830812659,372.0,False,3.924191004535349,False,True,1267970.0
AVAXUSDT,2025-06-11 20:00:00+00:00,2025-06-12 16:00:00+00:00,2025-06-12 19:45:00+00:00,long,a_room+a_vol_expansion+a_volume,a_room+a_vol_expansion+a_volume||up||long,-1.0168329637941755,-1.0168329637941758,372.0,False,0.996462384418414,True,False,0.0
ETHUSDT,2025-06-11 20:00:00+00:00,2025-06-12 20:00:00+00:00,2025-06-12 20:45:00+00:00,long,a_room+a_vol_expansion+a_volume,a_room+a_vol_expansion+a_volume||up||long,-1.0251277771761136,-1.0251277771761136,372.0,False,0.996462384418414,True,True,-16754992.0
SOLUSDT,2025-06-12 16:00:00+00:00,2025-06-13 08:00:00+00:00,2025-06-13 00:45:00+00:00,short,a_fvg_absent+a_ob+a_room+a_trend_counter+a_vol_expansion+a_volume,a_fvg_absent+a_ob+a_room+a_trend_counter+a_vol_expansion+a_volume||range||short,3.446299055991148,3.4043087606426456,352.0,False,10.669571134197419,False,True,256614522.0
SOLUSDT,2025-06-22 00:00:00+00:00,2025-06-23 12:00:00+00:00,2025-06-23 13:30:00+00:00,short,a_room+a_score_ge13+a_volume,a_room+a_score_ge13+a_volume||range||short,0.8326823564637922,0.8308134320557553,128.0,False,1.274894730091847,False,True,20316544.0
BNBUSDT,2025-06-23 20:00:00+00:00,2025-06-25 00:00:00+00:00,2025-06-25 03:30:00+00:00,short,a_room+a_score_ge13+a_vol_expansion+a_volume,a_room+a_score_ge13+a_vol_expansion+a_volume||down||short,-1.0476320421864886,-1.0476320421864886,84.0,False,0.0,True,False,0.0
LINKUSDT,2025-06-25 12:00:00+00:00,2025-06-25 16:00:00+00:00,2025-06-25 16:30:00+00:00,long,a_fvg_absent+a_ob+a_room+a_trend_counter,a_fvg_absent+a_ob+a_room+a_trend_counter||up||long,-1.0919662108014927,-1.094867531283667,44.0,False,1.056555032293037,True,True,-22423404.0
XRPUSDT,2025-06-27 00:00:00+00:00,2025-06-27 04:00:00+00:00,2025-06-27 05:30:00+00:00,long,a_fvg_absent+a_ob+a_room+a_trend_counter,a_fvg_absent+a_ob+a_room+a_trend_counter||up||long,-1.2115157352490382,0.0040562094580319,8.0,True,1.056555032293037,False,False,0.0
SOLUSDT,2025-06-27 20:00:00+00:00,2025-06-28 12:00:00+00:00,2025-06-28 15:45:00+00:00,short,a_room+a_score_ge13+a_volume,a_room+a_score_ge13+a_volume||up||short,-1.023684179115612,-1.023684179115612,660.0,False,1.274894730091847,True,True,-25005470.0
LINKUSDT,2025-06-28 00:00:00+00:00,2025-06-28 20:00:00+00:00,2025-06-28 16:15:00+00:00,long,a_fvg_absent+a_ob+a_room+a_trend_counter,a_fvg_absent+a_ob+a_room+a_trend_counter||up||long,2.439684959435338,2.5399547925162165,656.0,False,1.056555032293037,False,True,51417719.0
BNBUSDT,2025-06-30 00:00:00+00:00,2025-06-30 04:00:00+00:00,2025-06-30 15:45:00+00:00,short,a_fvg_absent+a_ob+a_room+a_trend_counter,a_fvg_absent+a_ob+a_room+a_trend_counter||range||short,-0.0643928601535174,0.316991666666667,608.0,False,1.056555032293037,False,True,5541546.0
XRPUSDT,2025-06-30 16:00:00+00:00,2025-06-30 20:00:00+00:00,2025-06-30 20:00:00+00:00,short,a_room+a_score_ge13+a_volume,a_room+a_score_ge13+a_volume||range||short,0.3816546633409952,-1.333833333333335,592.0,False,1.274894730091847,False,True,-23384169.0
ADAUSDT,2025-07-03 08:00:00+00:00,2025-07-05 08:00:00+00:00,2025-07-05 11:45:00+00:00,short,a_fvg_absent+a_ob+a_room+a_trend_counter,a_fvg_absent+a_ob+a_room+a_trend_counter||range||short,1.5972992355189597,1.5972992355189597,528.0,False,1.056555032293037,False,True,32479642.0
XRPUSDT,2025-07-04 04:00:00+00:00,2025-07-04 08:00:00+00:00,2025-07-04 08:00:00+00:00,long,a_fvg_absent+a_room+a_volume,a_fvg_absent+a_room+a_volume||up||long,-1.1970241131624524,-1.224890678423612,508.0,False,1.6227227595325122,True,True,-31377292.0
AVAXUSDT,2025-07-04 16:00:00+00:00,2025-07-05 08:00:00+00:00,2025-07-04 23:00:00+00:00,long,a_fvg_absent+a_ob+a_room+a_trend_counter,a_fvg_absent+a_ob+a_room+a_trend_counter||up||long,1.702465992217725,1.923045153846146,496.0,False,1.056555032293037,False,False,0.0
ADAUSDT,2025-07-06 20:00:00+00:00,2025-07-07 00:00:00+00:00,2025-07-07 03:15:00+00:00,short,a_fvg_absent+a_ob+a_room+a_trend_counter,a_fvg_absent+a_ob+a_room+a_trend_counter||range||short,-1.065538143674507,-1.065538143674507,444.0,False,1.056555032293037,True,True,-21679169.0
AVAXUSDT,2025-07-08 12:00:00+00:00,2025-07-08 16:00:00+00:00,2025-07-08 16:00:00+00:00,short,a_fvg_absent+a_ob+a_room+a_trend_counter,a_fvg_absent+a_ob+a_room+a_trend_counter||range||short,-1.1968400820802945,0.0195570987654303,404.0,False,1.056555032293037,False,False,0.0
DOGEUSDT,2025-07-10 16:00:00+00:00,2025-07-10 20:00:00+00:00,2025-07-10 20:00:00+00:00,short,a_fvg_absent+a_ob+a_room+a_trend_counter,a_fvg_absent+a_ob+a_room+a_trend_counter||up||short,-1.0823165980414016,-1.0851248656019754,352.0,False,1.056555032293037,True,True,-21829125.0
BNBUSDT,2025-07-10 16:00:00+00:00,2025-07-11 04:00:00+00:00,2025-07-10 20:15:00+00:00,long,a_fvg_absent+a_room+a_volume,a_fvg_absent+a_room+a_volume||up||long,4.155125652040345,2.265844805761608,352.0,False,1.6227227595325122,False,True,43131290.0
AVAXUSDT,2025-07-11 16:00:00+00:00,2025-07-12 12:00:00+00:00,2025-07-12 15:30:00+00:00,long,a_room+a_vol_expansion+a_volume,a_room+a_vol_expansion+a_volume||up||long,-1.036472707235071,-1.0364727072350712,328.0,False,0.996462384418414,True,False,0.0
ADAUSDT,2025-07-11 20:00:00+00:00,2025-07-12 00:00:00+00:00,2025-07-12 00:30:00+00:00,long,a_room+a_vol_expansion+a_volume,a_room+a_vol_expansion+a_volume||up||long,-1.0206707288899155,-1.0206707288899155,324.0,False,0.996462384418414,True,True,-19581369.0
DOGEUSDT,2025-07-11 20:00:00+00:00,2025-07-12 00:00:00+00:00,2025-07-12 00:30:00+00:00,long,a_room+a_vol_expansion+a_volume,a_room+a_vol_expansion+a_volume||up||long,1.0130015523948763,0.1634265523948767,324.0,False,0.996462384418414,False,True,3135307.0
LINKUSDT,2025-07-11 20:00:00+00:00,2025-07-12 00:00:00+00:00,2025-07-12 12:30:00+00:00,long,a_room+a_vol_expansion+a_volume,a_room+a_vol_expansion+a_volume||up||long,0.2115974012308049,0.2115974012308048,324.0,False,0.996462384418414,False,True,4059455.0
XRPUSDT,2025-07-11 20:00:00+00:00,2025-07-12 00:00:00+00:00,2025-07-12 15:00:00+00:00,long,a_room+a_vol_expansion+a_volume,a_room+a_vol_expansion+a_volume||up||long,0.595042858282796,0.5950428582827959,324.0,False,0.996462384418414,False,True,11415781.0
SOLUSDT,2025-07-12 12:00:00+00:00,2025-07-13 20:00:00+00:00,2025-07-13 22:00:00+00:00,long,a_room+a_vol_expansion+a_volume,a_room+a_vol_expansion+a_volume||up||long,0.1869579865250938,0.1869579865250938,308.0,False,0.996462384418414,False,True,3584944.0
BNBUSDT,2025-07-12 20:00:00+00:00,2025-07-14 12:00:00+00:00,2025-07-14 08:00:00+00:00,long,a_room+a_vol_expansion+a_volume,a_room+a_vol_expansion+a_volume||up||long,2.0965338802372275,2.2418506570195924,300.0,False,0.996462384418414,False,True,42987780.0
LINKUSDT,2025-07-13 12:00:00+00:00,2025-07-13 20:00:00+00:00,2025-07-13 19:15:00+00:00,long,a_room+a_vol_expansion+a_volume,a_room+a_vol_expansion+a_volume||up||long,2.009750638751568,2.353331797749267,284.0,False,0.996462384418414,False,True,45125445.0
ADAUSDT,2025-07-13 16:00:00+00:00,2025-07-17 00:00:00+00:00,2025-07-17 03:45:00+00:00,long,a_room+a_vol_expansion+a_volume,a_room+a_vol_expansion+a_volume||up||long,0.7049499840561221,0.7049499840561221,280.0,False,0.996462384418414,False,True,13517508.0
AVAXUSDT,2025-07-14 12:00:00+00:00,2025-07-16 12:00:00+00:00,2025-07-16 15:45:00+00:00,long,a_room+a_vol_expansion+a_volume,a_room+a_vol_expansion+a_volume||up||long,0.4979421002334339,0.4979421002334328,260.0,False,0.996462384418414,True,False,0.0
LINKUSDT,2025-07-14 20:00:00+00:00,2025-07-15 00:00:00+00:00,2025-07-15 00:30:00+00:00,long,a_room+a_vol_expansion+a_volume,a_room+a_vol_expansion+a_volume||up||long,-1.087935993230513,-1.0879359932305133,252.0,False,0.996462384418414,True,True,-21855403.0
XRPUSDT,2025-07-15 00:00:00+00:00,2025-07-15 20:00:00+00:00,2025-07-15 18:30:00+00:00,long,a_fvg_absent+a_room+a_volume,a_fvg_absent+a_room+a_volume||up||long,1.7916330519830213,2.0522943608881348,248.0,False,1.6227227595325122,False,True,66411718.0
ETHUSDT,2025-07-15 08:00:00+00:00,2025-07-17 00:00:00+00:00,2025-07-16 17:15:00+00:00,long,a_room+a_vol_expansion+a_volume,a_room+a_vol_expansion+a_volume||up||long,2.577974798481446,2.211724893321808,240.0,False,0.996462384418414,False,True,43949380.0
SOLUSDT,2025-07-17 00:00:00+00:00,2025-07-19 00:00:00+00:00,2025-07-19 03:45:00+00:00,long,a_mss+a_score_ge13+a_vol_expansion,a_mss+a_score_ge13+a_vol_expansion||range||long,0.3440166475164841,0.3440166475164841,200.0,False,0.0,True,False,0.0
SOLUSDT,2025-07-30 04:00:00+00:00,2025-07-30 12:00:00+00:00,2025-07-30 10:00:00+00:00,short,a_fvg_absent+a_ob+a_room+a_trend_counter,a_fvg_absent+a_ob+a_room+a_trend_counter||range||short,2.242201949879941,2.2113206361069704,724.0,False,1.056555032293037,False,True,49485550.0
BTCUSDT,2025-07-31 00:00:00+00:00,2025-07-31 12:00:00+00:00,2025-07-31 13:45:00+00:00,short,a_fvg_absent+a_ob+a_room+a_trend_counter,a_fvg_absent+a_ob+a_room+a_trend_counter||range||short,0.0444317844557346,0.0444317844557346,704.0,False,1.056555032293037,False,True,1017538.0
SOLUSDT,2025-07-31 12:00:00+00:00,2025-08-01 04:00:00+00:00,2025-07-31 23:45:00+00:00,short,a_fvg_absent+a_ob+a_room+a_trend_counter,a_fvg_absent+a_ob+a_room+a_trend_counter||range||short,2.462572738074859,2.168408733055752,692.0,False,1.056555032293037,False,True,49682303.0
LINKUSDT,2025-08-01 00:00:00+00:00,2025-08-03 00:00:00+00:00,2025-08-03 03:45:00+00:00,long,a_mss+a_room+a_score_ge13+a_trend_counter,a_mss+a_room+a_score_ge13+a_trend_counter||range||long,-0.5189413075780086,-0.5189413075780087,680.0,False,11.209064665009105,True,True,-126140941.0
AVAXUSDT,2025-08-05 12:00:00+00:00,2025-08-07 12:00:00+00:00,2025-08-07 15:45:00+00:00,long,a_mss+a_room+a_score_ge13+a_trend_counter,a_mss+a_room+a_score_ge13+a_trend_counter||range||long,0.0931625396955772,0.0931625396955774,572.0,False,11.209064665009105,True,False,0.0
DOGEUSDT,2025-08-06 04:00:00+00:00,2025-08-06 12:00:00+00:00,2025-08-06 09:00:00+00:00,short,a_room+a_score_ge13+a_volume,a_room+a_score_ge13+a_volume||range||short,2.015396224606541,2.5119647890551606,556.0,False,1.274894730091847,False,True,66998872.0
LINKUSDT,2025-08-06 04:00:00+00:00,2025-08-06 12:00:00+00:00,2025-08-06 09:00:00+00:00,short,a_fvg_absent+a_ob+a_room+a_trend_counter,a_fvg_absent+a_ob+a_room+a_trend_counter||range||short,2.020211224672107,2.497799145315848,556.0,False,1.056555032293037,False,True,55211463.0
BTCUSDT,2025-08-07 08:00:00+00:00,2025-08-07 12:00:00+00:00,2025-08-07 13:30:00+00:00,short,a_fvg_absent+a_ob+a_room+a_trend_counter,a_fvg_absent+a_ob+a_room+a_trend_counter||range||short,-1.1292024540520793,-1.1292024540520773,528.0,False,1.056555032293037,True,True,-26417989.0
BNBUSDT,2025-08-07 16:00:00+00:00,2025-08-09 08:00:00+00:00,2025-08-09 09:30:00+00:00,short,a_fvg_absent+a_ob+a_room+a_trend_counter,a_fvg_absent+a_ob+a_room+a_trend_counter||range||short,-1.0230209465973583,-1.0230209465973583,520.0,False,1.056555032293037,True,True,-23648299.0
LINKUSDT,2025-08-07 20:00:00+00:00,2025-08-08 00:00:00+00:00,2025-08-08 00:00:00+00:00,short,a_fvg_absent+a_ob+a_room+a_trend_counter,a_fvg_absent+a_ob+a_room+a_trend_counter||range||short,-1.1517889050027297,-1.166384663083922,516.0,False,1.056555032293037,False,True,-26962315.0
DOGEUSDT,2025-08-08 08:00:00+00:00,2025-08-09 00:00:00+00:00,2025-08-09 01:45:00+00:00,short,a_fvg_absent+a_ob+a_room+a_trend_counter,a_fvg_absent+a_ob+a_room+a_trend_counter||up||short,-1.0279187407878283,-1.0279187407878283,504.0,False,1.056555032293037,True,True,-23468692.0
BTCUSDT,2025-08-09 16:00:00+00:00,2025-08-10 00:00:00+00:00,2025-08-09 21:15:00+00:00,long,a_fvg_absent+a_room+a_volume,a_fvg_absent+a_room+a_volume||up||long,0.8860566666666775,-0.0834583333333447,472.0,False,1.6227227595325122,False,True,-1587728.0
AVAXUSDT,2025-08-10 04:00:00+00:00,2025-08-12 04:00:00+00:00,2025-08-12 07:45:00+00:00,long,a_fvg_absent+a_room+a_score_ge13,a_fvg_absent+a_room+a_score_ge13||range||long,-0.4273307929407448,-0.4273307929407448,460.0,False,0.0,True,False,0.0
LINKUSDT,2025-08-11 08:00:00+00:00,2025-08-12 12:00:00+00:00,2025-08-13 11:45:00+00:00,long,a_room+a_vol_expansion+a_volume,a_room+a_vol_expansion+a_volume||up||long,0.2362523519859198,1.5856254109738182,432.0,False,0.996462384418414,False,True,33373285.0
ADAUSDT,2025-08-11 20:00:00+00:00,2025-08-14 08:00:00+00:00,2025-08-13 23:15:00+00:00,long,a_room+a_vol_expansion+a_volume,a_room+a_vol_expansion+a_volume||up||long,3.245857058108789,2.400293345722253,420.0,False,0.996462384418414,False,True,50519923.0
BTCUSDT,2025-08-11 20:00:00+00:00,2025-08-12 04:00:00+00:00,2025-08-12 05:30:00+00:00,long,a_room+a_vol_expansion+a_volume,a_room+a_vol_expansion+a_volume||up||long,-0.0222181041955258,-0.0222181041955258,420.0,False,0.996462384418414,False,True,-467633.0
SOLUSDT,2025-08-11 20:00:00+00:00,2025-08-12 12:00:00+00:00,2025-08-12 17:30:00+00:00,long,a_room+a_vol_expansion+a_volume,a_room+a_vol_expansion+a_volume||up||long,0.5874769698222738,2.4682257776521115,420.0,False,0.996462384418414,False,True,51949724.0
DOGEUSDT,2025-08-14 08:00:00+00:00,2025-08-14 12:00:00+00:00,2025-08-14 12:30:00+00:00,long,a_room+a_vol_expansion+a_volume,a_room+a_vol_expansion+a_volume||up||long,-1.0372375604310524,-1.037237560431052,360.0,False,0.996462384418414,True,True,-23230345.0
BTCUSDT,2025-08-14 12:00:00+00:00,2025-08-14 16:00:00+00:00,2025-08-14 16:00:00+00:00,long,a_room+a_vol_expansion+a_volume,a_room+a_vol_expansion+a_volume||up||long,-1.3328333333333338,-1.3328333333333338,356.0,False,0.996462384418414,True,True,-26682271.0
SOLUSDT,2025-08-14 12:00:00+00:00,2025-08-14 20:00:00+00:00,2025-08-14 21:15:00+00:00,long,a_room+a_vol_expansion+a_volume,a_room+a_vol_expansion+a_volume||up||long,-1.028056978505527,-1.0280569785055271,356.0,False,0.996462384418414,True,True,-22786757.0
BNBUSDT,2025-08-14 16:00:00+00:00,2025-08-14 20:00:00+00:00,2025-08-14 20:00:00+00:00,long,a_room+a_vol_expansion+a_volume,a_room+a_vol_expansion+a_volume||up||long,-1.1575952737062525,-1.1575952737062525,352.0,False,0.996462384418414,True,True,-25350178.0
AVAXUSDT,2025-08-14 16:00:00+00:00,2025-08-15 12:00:00+00:00,2025-08-15 13:45:00+00:00,long,a_room+a_score_ge13+a_vol_expansion+a_volume,a_room+a_score_ge13+a_vol_expansion+a_volume||up||long,0.2285733151195453,0.2285733151195453,352.0,False,0.0,False,False,0.0
SOLUSDT,2025-08-19 04:00:00+00:00,2025-08-19 16:00:00+00:00,2025-08-19 16:45:00+00:00,long,a_room+a_score_ge13+a_trend_counter,a_room+a_score_ge13+a_trend_counter||down||long,-1.0463735175521818,-1.0463735175521818,244.0,False,4.315614007975119,True,True,-97067614.0
AVAXUSDT,2025-08-19 16:00:00+00:00,2025-08-20 12:00:00+00:00,2025-08-21 19:45:00+00:00,long,a_fvg_absent+a_ob+a_room+a_trend_counter+a_vol_expansion,a_fvg_absent+a_ob+a_room+a_trend_counter+a_vol_expansion||down||long,0.2049154826162884,0.459292913557713,232.0,False,6.000265304936625,False,False,0.0
ADAUSDT,2025-08-22 16:00:00+00:00,2025-08-24 16:00:00+00:00,2025-08-24 19:45:00+00:00,short,a_room+a_score_ge13+a_volume,a_room+a_score_ge13+a_volume||range||short,0.1183153363143375,0.1183153363143378,160.0,False,1.274894730091847,True,True,3095937.0
DOGEUSDT,2025-08-23 04:00:00+00:00,2025-08-23 08:00:00+00:00,2025-08-23 12:15:00+00:00,short,a_fvg_absent+a_ob+a_room+a_trend_counter,a_fvg_absent+a_ob+a_room+a_trend_counter||range||short,0.1232243733387057,0.5121654299297208,148.0,False,1.056555032293037,False,True,11106550.0
LINKUSDT,2025-08-23 16:00:00+00:00,2025-08-25 16:00:00+00:00,2025-08-25 19:15:00+00:00,long,a_fvg_absent+a_room+a_score_ge13,a_fvg_absent+a_room+a_score_ge13||range||long,-1.0138393683810007,-1.0138393683810007,136.0,False,0.0,True,False,0.0
AVAXUSDT,2025-08-24 04:00:00+00:00,2025-08-25 20:00:00+00:00,2025-08-25 20:30:00+00:00,long,a_room+a_vol_expansion+a_volume,a_room+a_vol_expansion+a_volume||up||long,-1.0098336056331547,-1.0098336056331545,124.0,False,0.996462384418414,True,False,0.0
XRPUSDT,2025-08-25 12:00:00+00:00,2025-08-28 20:00:00+00:00,2025-08-28 23:45:00+00:00,short,a_room+a_score_ge13+a_volume,a_room+a_score_ge13+a_volume||range||short,-0.0034314082174329,-0.0034314082174329,92.0,False,1.274894730091847,True,True,-90410.0
LINKUSDT,2025-08-28 08:00:00+00:00,2025-08-28 12:00:00+00:00,2025-08-28 13:30:00+00:00,short,a_fvg_absent+a_ob+a_room+a_trend_counter,a_fvg_absent+a_ob+a_room+a_trend_counter||range||short,-1.137656268323159,0.5026997409750276,24.0,True,1.056555032293037,False,False,0.0
DOGEUSDT,2025-08-28 08:00:00+00:00,2025-08-29 00:00:00+00:00,2025-08-29 00:15:00+00:00,short,a_room+a_score_ge13+a_volume,a_room+a_score_ge13+a_volume||range||short,0.1795428488456804,0.1782895742606717,24.0,True,1.274894730091847,False,False,0.0
BTCUSDT,2025-09-01 08:00:00+00:00,2025-09-02 00:00:00+00:00,2025-09-02 02:45:00+00:00,short,a_mss+a_room+a_volume,a_mss+a_room+a_volume||down||short,0.5188778085503969,0.5188778085503968,600.0,False,1.4024953958902748,False,True,15039007.0
SOLUSDT,2025-09-01 20:00:00+00:00,2025-09-02 00:00:00+00:00,2025-09-02 00:00:00+00:00,long,a_fvg_absent+a_room+a_score_ge13,a_fvg_absent+a_room+a_score_ge13||range||long,0.94508803308616,-1.164404485839192,588.0,False,0.0,False,False,0.0
BNBUSDT,2025-09-02 08:00:00+00:00,2025-09-03 12:00:00+00:00,2025-09-03 13:30:00+00:00,short,a_fvg_absent+a_ob+a_room+a_score_ge13+a_trend_counter,a_fvg_absent+a_ob+a_room+a_score_ge13+a_trend_counter||range||short,0.1764739054034805,0.1764739054034805,576.0,False,3.924191004535349,False,True,14415585.0
AVAXUSDT,2025-09-02 08:00:00+00:00,2025-09-02 12:00:00+00:00,2025-09-02 12:30:00+00:00,short,a_fvg_absent+a_ob+a_room+a_trend_counter,a_fvg_absent+a_ob+a_room+a_trend_counter||range||short,0.9330821390982256,1.7939293665410931,576.0,False,1.056555032293037,False,False,0.0
AVAXUSDT,2025-09-03 20:00:00+00:00,2025-09-04 04:00:00+00:00,2025-09-04 04:30:00+00:00,long,a_fvg_absent+a_room+a_volume,a_fvg_absent+a_room+a_volume||up||long,-1.151386205265354,-1.1680558478832803,540.0,False,1.6227227595325122,True,False,0.0
LINKUSDT,2025-09-04 12:00:00+00:00,2025-09-04 16:00:00+00:00,2025-09-04 16:00:00+00:00,long,a_fvg_absent+a_ob+a_room+a_trend_counter,a_fvg_absent+a_ob+a_room+a_trend_counter||up||long,-1.191603305319319,-1.2186692677070832,524.0,False,1.056555032293037,True,True,-26988381.0
BTCUSDT,2025-09-04 20:00:00+00:00,2025-09-05 04:00:00+00:00,2025-09-05 07:15:00+00:00,short,a_room+a_score_ge13+a_volume,a_room+a_score_ge13+a_volume||range||short,-1.044855830578388,-1.0448558305783875,516.0,False,1.274894730091847,True,True,-27561401.0
DOGEUSDT,2025-09-07 20:00:00+00:00,2025-09-08 00:00:00+00:00,2025-09-08 00:00:00+00:00,short,a_room+a_score_ge13+a_volume,a_room+a_score_ge13+a_volume||range||short,-1.083126053445748,-1.0856553398058255,444.0,False,1.274894730091847,True,True,-28256142.0
AVAXUSDT,2025-09-11 12:00:00+00:00,2025-09-13 12:00:00+00:00,2025-09-13 15:45:00+00:00,long,a_room+a_vol_expansion+a_volume,a_room+a_vol_expansion+a_volume||up||long,0.7199215705822027,0.7199215705822027,356.0,False,0.996462384418414,False,False,0.0
AVAXUSDT,2025-09-14 12:00:00+00:00,2025-09-14 16:00:00+00:00,2025-09-14 16:00:00+00:00,long,a_room+a_vol_expansion+a_volume,a_room+a_vol_expansion+a_volume||up||long,-1.0592950727561743,-1.0593691060538457,284.0,False,0.996462384418414,True,False,0.0
ETHUSDT,2025-09-17 20:00:00+00:00,2025-09-18 04:00:00+00:00,2025-09-18 00:15:00+00:00,long,a_fvg_absent+a_room+a_score_ge13,a_fvg_absent+a_room+a_score_ge13||range||long,2.416776403771585,2.258510911085777,204.0,False,0.0,False,False,0.0
SOLUSDT,2025-09-23 04:00:00+00:00,2025-09-25 04:00:00+00:00,2025-09-25 07:45:00+00:00,short,a_sweep+a_trend_counter+a_vol_expansion+a_volume,a_sweep+a_trend_counter+a_vol_expansion+a_volume||down||short,1.664946253823698,1.6649462538236983,76.0,False,3.5000000000000004,False,True,120699987.0
BTCUSDT,2025-09-24 04:00:00+00:00,2025-09-25 08:00:00+00:00,2025-09-25 11:45:00+00:00,long,a_room+a_score_ge13+a_trend_counter,a_room+a_score_ge13+a_trend_counter||down||long,0.5461348575087167,0.5461348575087167,52.0,False,4.315614007975119,False,True,32775653.0
BTCUSDT,2025-09-27 20:00:00+00:00,2025-09-29 12:00:00+00:00,2025-09-29 14:30:00+00:00,short,a_mss+a_room+a_volume,a_mss+a_room+a_volume||down||short,-1.0258122152025315,-1.0258122152025315,804.0,False,1.4024953958902748,True,True,-32007501.0
AVAXUSDT,2025-09-30 12:00:00+00:00,2025-09-30 16:00:00+00:00,2025-09-30 21:15:00+00:00,long,a_fvg_absent+a_ob+a_room+a_trend_counter,a_fvg_absent+a_ob+a_room+a_trend_counter||up||long,0.5836907022199774,2.1615017540630093,740.0,False,1.056555032293037,False,True,50076804.0
BTCUSDT,2025-10-01 20:00:00+00:00,2025-10-02 00:00:00+00:00,2025-10-02 00:00:00+00:00,short,a_room+a_sweep+a_trend_counter+a_vol_expansion+a_volume,a_room+a_sweep+a_trend_counter+a_vol_expansion+a_volume||up||short,-1.167419318942733,-1.167419318942733,708.0,False,4.036791654039396,True,True,-47058387.0
DOGEUSDT,2025-10-02 04:00:00+00:00,2025-10-02 08:00:00+00:00,2025-10-02 08:00:00+00:00,short,a_fvg_absent+a_ob+a_room+a_trend_counter,a_fvg_absent+a_ob+a_room+a_trend_counter||up||short,-1.1077568170397984,-1.114378989873096,700.0,False,1.056555032293037,True,True,-25853024.0
DOGEUSDT,2025-10-03 04:00:00+00:00,2025-10-03 08:00:00+00:00,2025-10-03 13:00:00+00:00,long,a_fvg_absent+a_room+a_volume,a_fvg_absent+a_room+a_volume||up||long,0.0898805382977596,0.0690699270767353,676.0,False,1.6227227595325122,False,True,2432069.0
BTCUSDT,2025-10-07 04:00:00+00:00,2025-10-07 08:00:00+00:00,2025-10-07 08:15:00+00:00,long,a_room+a_vol_expansion+a_volume,a_room+a_vol_expansion+a_volume||up||long,0.3166711781793086,-1.3325038218206915,580.0,False,0.996462384418414,False,True,-26077716.0
LINKUSDT,2025-10-07 08:00:00+00:00,2025-10-09 08:00:00+00:00,2025-10-09 11:45:00+00:00,long,a_room+a_vol_expansion+a_volume,a_room+a_vol_expansion+a_volume||up||long,-0.8026413328617329,-0.8026413328617327,576.0,False,0.996462384418414,True,True,-17165897.0
DOGEUSDT,2025-10-07 16:00:00+00:00,2025-10-08 00:00:00+00:00,2025-10-08 03:15:00+00:00,long,a_room+a_score_ge13+a_vol_expansion+a_volume,a_room+a_score_ge13+a_vol_expansion+a_volume||up||long,-1.023443011033388,-1.0234430110333876,568.0,False,0.0,True,False,0.0
BTCUSDT,2025-10-10 20:00:00+00:00,2025-10-11 00:00:00+00:00,2025-10-11 00:15:00+00:00,long,a_fvg_absent+a_room+a_vol_expansion+a_volume,a_fvg_absent+a_room+a_vol_expansion+a_volume||down||long,-1.2485122181795096,0.4006627818204903,492.0,False,2.0591703994912867,False,True,10277233.0
BNBUSDT,2025-10-10 20:00:00+00:00,2025-10-11 04:00:00+00:00,2025-10-11 00:15:00+00:00,long,a_fvg_absent+a_room+a_vol_expansion+a_volume,a_fvg_absent+a_room+a_vol_expansion+a_volume||down||long,10.843046620233885,10.798786211308547,492.0,False,2.0591703994912867,False,True,473438791.0
DOGEUSDT,2025-10-10 20:00:00+00:00,2025-10-11 04:00:00+00:00,2025-10-11 00:15:00+00:00,long,a_fvg_absent+a_ob+a_room+a_score_ge13+a_vol_expansion,a_fvg_absent+a_ob+a_room+a_score_ge13+a_vol_expansion||down||long,7.615702978840735,7.792966632743971,492.0,False,5.601351969071898,False,True,912318852.0
SOLUSDT,2025-10-10 20:00:00+00:00,2025-10-11 20:00:00+00:00,2025-10-11 20:30:00+00:00,long,a_room+a_score_ge13+a_trend_counter,a_room+a_score_ge13+a_trend_counter||down||long,0.6170448790687764,0.6170448790687764,492.0,False,4.315614007975119,False,True,56696462.0
SOLUSDT,2025-10-14 12:00:00+00:00,2025-10-16 12:00:00+00:00,2025-10-16 12:00:00+00:00,short,a_room+a_score_ge13+a_vol_expansion+a_volume,a_room+a_score_ge13+a_vol_expansion+a_volume||range||short,0.234175589962331,0.234175589962331,404.0,False,0.0,False,False,0.0
XRPUSDT,2025-10-14 12:00:00+00:00,2025-10-16 12:00:00+00:00,2025-10-16 15:45:00+00:00,short,a_room+a_score_ge13+a_volume,a_room+a_score_ge13+a_volume||range||short,1.0912173408088677,1.0912173408088677,404.0,False,1.274894730091847,False,True,49830018.0
ADAUSDT,2025-10-14 12:00:00+00:00,2025-10-16 12:00:00+00:00,2025-10-16 15:45:00+00:00,short,a_room+a_score_ge13+a_volume,a_room+a_score_ge13+a_volume||range||short,0.7030803113239821,0.703080311323982,404.0,False,1.274894730091847,True,True,32105891.0
ETHUSDT,2025-10-14 12:00:00+00:00,2025-10-16 12:00:00+00:00,2025-10-16 15:45:00+00:00,short,a_room+a_score_ge13+a_vol_expansion+a_volume,a_room+a_score_ge13+a_vol_expansion+a_volume||range||short,0.4169639223374818,0.4169639223374817,404.0,False,0.0,True,False,0.0
LINKUSDT,2025-10-14 12:00:00+00:00,2025-10-17 20:00:00+00:00,2025-10-17 23:45:00+00:00,short,a_room+a_score_ge13+a_volume,a_room+a_score_ge13+a_volume||range||short,2.5268502029713518,2.5268502029713518,404.0,False,1.274894730091847,False,True,115387637.0
BTCUSDT,2025-10-14 16:00:00+00:00,2025-10-15 08:00:00+00:00,2025-10-15 04:15:00+00:00,short,a_fvg_absent+a_ob+a_room+a_trend_counter,a_fvg_absent+a_ob+a_room+a_trend_counter||range||short,1.810313552362516,2.009278009096534,400.0,False,1.056555032293037,False,True,76039213.0
BNBUSDT,2025-10-16 00:00:00+00:00,2025-10-16 04:00:00+00:00,2025-10-16 04:00:00+00:00,short,a_fvg_absent+a_ob+a_room+a_trend_counter,a_fvg_absent+a_ob+a_room+a_trend_counter||range||short,-1.1128414341742447,-1.112841434174245,368.0,False,1.056555032293037,True,True,-43008477.0
LINKUSDT,2025-10-21 12:00:00+00:00,2025-10-24 20:00:00+00:00,2025-10-24 23:45:00+00:00,short,a_room+a_score_ge13+a_volume,a_room+a_score_ge13+a_volume||up||short,0.903458327226086,0.9034583272260855,236.0,False,1.274894730091847,False,True,43909329.0
XRPUSDT,2025-10-22 04:00:00+00:00,2025-10-24 04:00:00+00:00,2025-10-24 05:15:00+00:00,short,a_room+a_score_ge13+a_volume,a_room+a_score_ge13+a_volume||up||short,0.6024629120446854,0.6024629120446857,220.0,False,1.274894730091847,False,True,29280534.0
BTCUSDT,2025-10-22 12:00:00+00:00,2025-10-23 04:00:00+00:00,2025-10-23 06:15:00+00:00,short,a_room+a_score_ge13+a_volume,a_room+a_score_ge13+a_volume||range||short,0.2052024616564506,0.2052024616564506,212.0,False,1.274894730091847,False,True,9973124.0
ETHUSDT,2025-10-23 04:00:00+00:00,2025-10-25 04:00:00+00:00,2025-10-25 07:45:00+00:00,short,a_room+a_score_ge13+a_volume,a_room+a_score_ge13+a_volume||range||short,-0.2734338552982304,-0.2734338552982319,196.0,False,1.274894730091847,True,True,-13324031.0
SOLUSDT,2025-10-23 04:00:00+00:00,2025-10-25 04:00:00+00:00,2025-10-25 07:45:00+00:00,short,a_room+a_score_ge13+a_volume,a_room+a_score_ge13+a_volume||range||short,-0.6231043557506327,-0.6231043557506328,196.0,False,1.274894730091847,True,True,-30362962.0
LINKUSDT,2025-10-26 20:00:00+00:00,2025-10-27 04:00:00+00:00,2025-10-27 00:45:00+00:00,long,a_fvg_absent+a_room+a_volume,a_fvg_absent+a_room+a_volume||up||long,3.7618828037516576,3.737060194902596,108.0,False,1.6227227595325122,False,True,170343875.0
LINKUSDT,2025-10-28 04:00:00+00:00,2025-10-28 16:00:00+00:00,2025-10-29 18:00:00+00:00,short,a_fvg_absent+a_ob+a_room+a_trend_counter,a_fvg_absent+a_ob+a_room+a_trend_counter||up||short,0.211504223820676,0.6117042238206758,76.0,False,1.056555032293037,False,True,25994206.0
XRPUSDT,2025-10-29 16:00:00+00:00,2025-10-30 08:00:00+00:00,2025-10-30 04:30:00+00:00,short,a_fvg_absent+a_ob+a_room+a_trend_counter,a_fvg_absent+a_ob+a_room+a_trend_counter||range||short,2.034861471362738,2.2821572401101204,40.0,False,1.056555032293037,False,True,97606434.0
LINKUSDT,2025-10-30 12:00:00+00:00,2025-11-01 12:00:00+00:00,2025-11-01 15:45:00+00:00,long,a_room+a_score_ge13+a_trend_counter,a_room+a_score_ge13+a_trend_counter||down||long,-0.0717269760847352,-0.0717269760847352,20.0,True,4.315614007975119,True,False,0.0
BTCUSDT,2025-11-03 12:00:00+00:00,2025-11-05 12:00:00+00:00,2025-11-05 15:45:00+00:00,short,a_room+a_score_ge13+a_volume,a_room+a_score_ge13+a_volume||range||short,1.3757066717959483,1.375706671795952,596.0,False,1.274894730091847,False,True,72709053.0
LINKUSDT,2025-11-10 20:00:00+00:00,2025-11-12 20:00:00+00:00,2025-11-12 23:45:00+00:00,short,a_mss+a_room+a_volume,a_mss+a_room+a_volume||up||short,0.7507156369963293,0.7507156369963293,420.0,False,1.4024953958902748,True,True,44413624.0
SOLUSDT,2025-11-11 00:00:00+00:00,2025-11-14 08:00:00+00:00,2025-11-14 11:45:00+00:00,short,a_mss+a_room+a_volume,a_mss+a_room+a_volume||up||short,1.5304877161300907,1.5304877161300905,416.0,False,1.4024953958902748,False,True,90546276.0
AVAXUSDT,2025-11-11 16:00:00+00:00,2025-11-11 20:00:00+00:00,2025-11-11 20:00:00+00:00,long,a_fvg_absent+a_ob+a_room+a_trend_counter,a_fvg_absent+a_ob+a_room+a_trend_counter||up||long,-1.141719114219113,-1.141719114219113,400.0,False,1.056555032293037,True,True,-50885108.0
BTCUSDT,2025-11-12 08:00:00+00:00,2025-11-15 16:00:00+00:00,2025-11-15 19:45:00+00:00,short,a_room+a_score_ge13+a_volume,a_room+a_score_ge13+a_volume||range||short,1.8168706054355923,1.8168706054355868,384.0,False,1.274894730091847,False,True,96531027.0
BTCUSDT,2025-11-17 00:00:00+00:00,2025-11-17 08:00:00+00:00,2025-11-17 07:15:00+00:00,short,a_mss+a_room+a_volume,a_mss+a_room+a_volume||down||short,0.3657098444245993,0.3657098444245992,272.0,False,1.4024953958902748,False,True,16956894.0
AVAXUSDT,2025-11-18 08:00:00+00:00,2025-11-21 16:00:00+00:00,2025-11-21 19:45:00+00:00,short,a_mss+a_room+a_volume,a_mss+a_room+a_volume||down||short,1.4977761480939968,1.4977761480939966,240.0,False,1.4024953958902748,False,True,92761054.0
AVAXUSDT,2025-11-28 16:00:00+00:00,2025-11-28 20:00:00+00:00,2025-11-28 20:00:00+00:00,long,a_fvg_absent+a_ob+a_room+a_trend_counter,a_fvg_absent+a_ob+a_room+a_trend_counter||up||long,-1.2001654138222002,-1.2001654138222002,664.0,False,1.056555032293037,True,True,-57171416.0
BNBUSDT,2025-11-29 04:00:00+00:00,2025-11-29 12:00:00+00:00,2025-11-29 12:00:00+00:00,long,a_fvg_absent+a_ob+a_room+a_trend_counter,a_fvg_absent+a_ob+a_room+a_trend_counter||up||long,-1.277356951482634,-1.293044139532117,652.0,False,1.056555032293037,True,True,-58825369.0
ETHUSDT,2025-11-29 12:00:00+00:00,2025-11-29 16:00:00+00:00,2025-11-30 01:00:00+00:00,short,a_fvg_absent+a_ob+a_room+a_trend_counter,a_fvg_absent+a_ob+a_room+a_trend_counter||up||short,0.1250334177058288,0.1250334177058288,644.0,False,1.056555032293037,False,True,5802890.0
BNBUSDT,2025-11-30 12:00:00+00:00,2025-11-30 20:00:00+00:00,2025-12-01 01:00:00+00:00,short,a_fvg_absent+a_ob+a_room+a_trend_counter,a_fvg_absent+a_ob+a_room+a_trend_counter||range||short,0.1855462078471599,2.531002149572521,620.0,False,1.056555032293037,False,True,117620785.0
BTCUSDT,2025-12-03 04:00:00+00:00,2025-12-03 20:00:00+00:00,2025-12-03 22:00:00+00:00,short,a_fvg_absent+a_ob+a_score_ge13+a_volume,a_fvg_absent+a_ob+a_score_ge13+a_volume||down||short,0.5218980688379771,0.5218980688379796,556.0,False,2.3594458374095173,False,True,55056850.0
ETHUSDT,2025-12-03 20:00:00+00:00,2025-12-05 20:00:00+00:00,2025-12-05 23:45:00+00:00,short,a_room+a_score_ge13+a_trend_counter,a_room+a_score_ge13+a_trend_counter||up||short,0.4936462701538323,0.4936462701538323,540.0,False,4.315614007975119,True,True,97382650.0
BNBUSDT,2025-12-03 20:00:00+00:00,2025-12-05 20:00:00+00:00,2025-12-05 23:45:00+00:00,short,a_room+a_score_ge13+a_trend_counter,a_room+a_score_ge13+a_trend_counter||up||short,1.2584844047141726,1.258484404714168,540.0,False,4.315614007975119,False,True,248263895.0
SOLUSDT,2025-12-04 16:00:00+00:00,2025-12-04 20:00:00+00:00,2025-12-04 20:00:00+00:00,long,a_fvg_absent+a_ob+a_room+a_trend_counter,a_fvg_absent+a_ob+a_room+a_trend_counter||up||long,-1.138418712469115,-1.146673209302323,520.0,False,1.056555032293037,True,True,-55380251.0
LINKUSDT,2025-12-04 20:00:00+00:00,2025-12-05 16:00:00+00:00,2025-12-05 16:30:00+00:00,long,a_trend_counter+a_vol_expansion+a_volume,a_trend_counter+a_vol_expansion+a_volume||up||long,-1.0149185116718973,-1.0149185116718973,516.0,False,2.4103622724368643,True,True,-110469634.0
ADAUSDT,2025-12-05 16:00:00+00:00,2025-12-05 20:00:00+00:00,2025-12-05 20:00:00+00:00,long,a_fvg_absent+a_ob+a_room+a_trend_counter,a_fvg_absent+a_ob+a_room+a_trend_counter||up||long,-1.1439284222483792,-1.1552245033112567,496.0,False,1.056555032293037,True,True,-53768954.0
BNBUSDT,2025-12-08 12:00:00+00:00,2025-12-09 16:00:00+00:00,2025-12-09 16:00:00+00:00,short,a_fvg_absent+a_ob+a_room+a_trend_counter,a_fvg_absent+a_ob+a_room+a_trend_counter||range||short,0.1869761105115736,0.1869761105115735,428.0,False,1.056555032293037,False,True,9279252.0
ADAUSDT,2025-12-08 16:00:00+00:00,2025-12-09 08:00:00+00:00,2025-12-09 11:45:00+00:00,short,a_fvg_absent+a_ob+a_room+a_trend_counter,a_fvg_absent+a_ob+a_room+a_trend_counter||range||short,0.1965592948717944,0.1965592948717944,424.0,False,1.056555032293037,False,True,9754846.0
ETHUSDT,2025-12-09 12:00:00+00:00,2025-12-09 16:00:00+00:00,2025-12-09 16:00:00+00:00,short,a_fvg_absent+a_ob+a_room+a_trend_counter,a_fvg_absent+a_ob+a_room+a_trend_counter||range||short,-1.0532632496595289,-1.0532632496595289,404.0,False,1.056555032293037,True,True,-52379911.0
ADAUSDT,2025-12-10 08:00:00+00:00,2025-12-11 00:00:00+00:00,2025-12-10 20:45:00+00:00,long,a_room+a_vol_expansion+a_volume,a_room+a_vol_expansion+a_volume||up||long,0.2084342395203443,0.2084342395203443,384.0,False,0.996462384418414,False,True,9686582.0
ETHUSDT,2025-12-10 20:00:00+00:00,2025-12-11 00:00:00+00:00,2025-12-11 03:00:00+00:00,long,a_trend_counter+a_vol_expansion+a_volume,a_trend_counter+a_vol_expansion+a_volume||up||long,-1.020962646833337,-1.020962646833337,372.0,False,2.4103622724368643,True,True,-114771160.0
DOGEUSDT,2025-12-11 00:00:00+00:00,2025-12-11 04:00:00+00:00,2025-12-11 04:00:00+00:00,long,a_fvg_absent+a_ob+a_room+a_trend_counter,a_fvg_absent+a_ob+a_room+a_trend_counter||up||long,-1.0526795187799474,-1.0527100667693872,368.0,False,1.056555032293037,True,True,-50704216.0
LINKUSDT,2025-12-11 00:00:00+00:00,2025-12-11 04:00:00+00:00,2025-12-11 04:00:00+00:00,long,a_room+a_vol_expansion+a_volume,a_room+a_vol_expansion+a_volume||up||long,-1.0876095645006345,-1.0899067039525543,368.0,False,0.996462384418414,True,True,-49510055.0
AVAXUSDT,2025-12-11 00:00:00+00:00,2025-12-13 00:00:00+00:00,2025-12-13 03:45:00+00:00,long,a_room+a_vol_expansion+a_volume,a_room+a_vol_expansion+a_volume||up||long,-0.0613233307999627,-0.0613233307999626,368.0,False,0.996462384418414,True,True,-2785671.0
SOLUSDT,2025-12-16 20:00:00+00:00,2025-12-18 12:00:00+00:00,2025-12-18 15:30:00+00:00,short,a_fvg_absent+a_mss+a_ob+a_room+a_score_ge13+a_volume,a_fvg_absent+a_mss+a_ob+a_room+a_score_ge13+a_volume||down||short,0.2320143629009539,0.2320143629009539,228.0,False,0.0,False,False,0.0
ETHUSDT,2025-12-18 08:00:00+00:00,2025-12-20 08:00:00+00:00,2025-12-20 11:45:00+00:00,short,a_mss+a_room+a_volume,a_mss+a_room+a_volume||down||short,-0.7077898555996737,-0.7077898555996738,192.0,False,1.4024953958902748,True,True,-44230713.0
ADAUSDT,2025-12-18 12:00:00+00:00,2025-12-20 12:00:00+00:00,2025-12-20 15:45:00+00:00,short,a_mss+a_room+a_volume,a_mss+a_room+a_volume||down||short,-0.2037625857216474,-0.2037625857216478,188.0,False,1.4024953958902748,True,True,-12733390.0
DOGEUSDT,2025-12-18 12:00:00+00:00,2025-12-21 20:00:00+00:00,2025-12-21 23:45:00+00:00,short,a_mss+a_room+a_volume,a_mss+a_room+a_volume||down||short,-0.3902840556009815,-0.3902840556009853,188.0,False,1.4024953958902748,True,True,-24389361.0
LINKUSDT,2025-12-23 08:00:00+00:00,2025-12-25 08:00:00+00:00,2025-12-25 11:45:00+00:00,short,a_room+a_score_ge13+a_volume,a_room+a_score_ge13+a_volume||range||short,0.2073176662941337,0.2073176662941337,72.0,False,1.274894730091847,True,True,11561817.0
DOGEUSDT,2025-12-23 16:00:00+00:00,2025-12-27 00:00:00+00:00,2025-12-27 03:45:00+00:00,short,a_room+a_score_ge13+a_volume,a_room+a_score_ge13+a_volume||range||short,1.6908703879951996,1.690870387995208,64.0,False,1.274894730091847,False,True,94297480.0
AVAXUSDT,2025-12-24 04:00:00+00:00,2025-12-26 00:00:00+00:00,2025-12-26 02:15:00+00:00,short,a_room+a_score_ge13+a_volume,a_room+a_score_ge13+a_volume||range||short,-1.0272083328083066,-1.0272083328083064,52.0,False,1.274894730091847,True,True,-57285974.0
AVAXUSDT,2025-12-27 00:00:00+00:00,2025-12-27 08:00:00+00:00,2025-12-27 08:15:00+00:00,short,a_room+a_score_ge13+a_volume,a_room+a_score_ge13+a_volume||range||short,-1.1810755924459222,-1.2080412186379912,824.0,False,1.274894730091847,True,True,-68118862.0
SOLUSDT,2025-12-27 00:00:00+00:00,2025-12-27 20:00:00+00:00,2025-12-27 22:00:00+00:00,short,a_room+a_score_ge13+a_volume,a_room+a_score_ge13+a_volume||range||short,-1.0639679636911974,-1.0639679636911976,824.0,False,1.274894730091847,True,True,-59994879.0
BTCUSDT,2025-12-29 00:00:00+00:00,2025-12-29 04:00:00+00:00,2025-12-29 04:00:00+00:00,short,a_room+a_score_ge13+a_volume,a_room+a_score_ge13+a_volume||range||short,-1.3338333333333343,-1.3338333333333343,776.0,False,1.274894730091847,True,True,-51557273.0
AVAXUSDT,2025-12-31 20:00:00+00:00,2026-01-01 08:00:00+00:00,2026-01-01 09:00:00+00:00,short,a_fvg_absent+a_ob+a_room+a_trend_counter,a_fvg_absent+a_ob+a_room+a_trend_counter||range||short,0.0209100952811868,0.3712304163298258,708.0,False,1.056555032293037,False,True,16643187.0
SOLUSDT,2026-01-01 08:00:00+00:00,2026-01-01 16:00:00+00:00,2026-01-01 17:15:00+00:00,short,a_fvg_absent+a_ob+a_room+a_trend_counter,a_fvg_absent+a_ob+a_room+a_trend_counter||range||short,-1.2108071671611045,0.0124549227168911,696.0,False,1.056555032293037,True,True,560575.0
XRPUSDT,2026-01-03 00:00:00+00:00,2026-01-03 04:00:00+00:00,2026-01-03 04:00:00+00:00,short,a_fvg_absent+a_ob+a_room+a_trend_counter,a_fvg_absent+a_ob+a_room+a_trend_counter||range||short,0.87954019342415,-1.2583250742178649,656.0,False,1.056555032293037,False,True,-56642581.0
BNBUSDT,2026-01-03 00:00:00+00:00,2026-01-05 00:00:00+00:00,2026-01-05 03:45:00+00:00,long,a_mss+a_room+a_score_ge13+a_trend_counter,a_mss+a_room+a_score_ge13+a_trend_counter||range||long,0.9528287438142352,0.952828743814235,656.0,False,11.209064665009105,False,True,312912854.0
ADAUSDT,2026-01-03 08:00:00+00:00,2026-01-05 08:00:00+00:00,2026-01-05 11:45:00+00:00,long,a_room+a_vol_expansion+a_volume,a_room+a_vol_expansion+a_volume||up||long,1.5476998640128643,1.547699864012864,648.0,False,0.996462384418414,False,True,64832547.0
DOGEUSDT,2026-01-03 16:00:00+00:00,2026-01-05 16:00:00+00:00,2026-01-05 19:45:00+00:00,long,a_trend_counter+a_vol_expansion+a_volume,a_trend_counter+a_vol_expansion+a_volume||up||long,1.2255971412992348,1.2255971412992277,640.0,False,2.4103622724368643,False,True,124186816.0
LINKUSDT,2026-01-05 00:00:00+00:00,2026-01-05 04:00:00+00:00,2026-01-05 04:45:00+00:00,short,a_fvg_absent+a_ob+a_room+a_trend_counter,a_fvg_absent+a_ob+a_room+a_trend_counter||up||short,0.8741818269625498,2.1763814754649315,608.0,False,1.056555032293037,False,True,103861066.0
LINKUSDT,2026-01-06 04:00:00+00:00,2026-01-06 08:00:00+00:00,2026-01-06 08:00:00+00:00,long,a_trend_counter+a_vol_expansion+a_volume,a_trend_counter+a_vol_expansion+a_volume||up||long,0.0667082866121395,-1.2065512476522684,580.0,False,2.4103622724368643,False,True,-84081507.0
SOLUSDT,2026-01-06 04:00:00+00:00,2026-01-08 04:00:00+00:00,2026-01-08 07:45:00+00:00,long,a_room+a_vol_expansion+a_volume,a_room+a_vol_expansion+a_volume||up||long,-0.0385322537778124,-0.0385322537778124,580.0,False,0.996462384418414,True,True,-1846701.0
ADAUSDT,2026-01-06 08:00:00+00:00,2026-01-06 16:00:00+00:00,2026-01-06 15:30:00+00:00,long,a_trend_counter+a_vol_expansion+a_volume,a_trend_counter+a_vol_expansion+a_volume||up||long,0.2113289473684209,0.2113289473684212,576.0,False,2.4103622724368643,False,True,24070947.0
DOGEUSDT,2026-01-06 16:00:00+00:00,2026-01-08 08:00:00+00:00,2026-01-08 11:15:00+00:00,long,a_room+a_vol_expansion+a_volume,a_room+a_vol_expansion+a_volume||up||long,-1.013582042225255,-1.0135820422252546,568.0,False,0.996462384418414,True,True,-47970945.0
BNBUSDT,2026-01-06 16:00:00+00:00,2026-01-07 12:00:00+00:00,2026-01-07 14:00:00+00:00,long,a_room+a_vol_expansion+a_volume,a_room+a_vol_expansion+a_volume||up||long,-1.074108227457291,-1.074108227457291,568.0,False,0.996462384418414,True,True,-50835536.0
XRPUSDT,2026-01-06 16:00:00+00:00,2026-01-07 12:00:00+00:00,2026-01-07 14:15:00+00:00,long,a_room+a_vol_expansion+a_volume,a_room+a_vol_expansion+a_volume||up||long,0.2149283488464382,0.2149283488464382,568.0,False,0.996462384418414,False,True,10172157.0
ETHUSDT,2026-01-06 16:00:00+00:00,2026-01-07 00:00:00+00:00,2026-01-06 21:45:00+00:00,long,a_room+a_vol_expansion+a_volume,a_room+a_vol_expansion+a_volume||up||long,1.760577379892278,2.477543344075508,568.0,False,0.996462384418414,False,True,117257498.0
BTCUSDT,2026-01-07 08:00:00+00:00,2026-01-08 04:00:00+00:00,2026-01-08 06:15:00+00:00,long,a_room+a_vol_expansion+a_volume,a_room+a_vol_expansion+a_volume||up||long,-1.0616683035323962,-1.0616683035323966,552.0,False,0.996462384418414,True,True,-51487259.0
LINKUSDT,2026-01-07 08:00:00+00:00,2026-01-08 04:00:00+00:00,2026-01-08 06:45:00+00:00,long,a_room+a_vol_expansion+a_volume,a_room+a_vol_expansion+a_volume||up||long,-1.027301282648168,-1.027301282648168,552.0,False,0.996462384418414,True,True,-49820577.0
AVAXUSDT,2026-01-07 16:00:00+00:00,2026-01-08 04:00:00+00:00,2026-01-08 06:45:00+00:00,long,a_room+a_vol_expansion+a_volume,a_room+a_vol_expansion+a_volume||up||long,-1.0361390971915896,-1.0361390971915896,544.0,False,0.996462384418414,True,True,-49829342.0
AVAXUSDT,2026-01-12 16:00:00+00:00,2026-01-13 12:00:00+00:00,2026-01-13 16:45:00+00:00,long,a_fvg_absent+a_ob+a_score_ge13+a_volume,a_fvg_absent+a_ob+a_score_ge13+a_volume||range||long,0.5989567912970005,2.2341337241233608,424.0,False,2.3594458374095173,False,True,243811866.0
BTCUSDT,2026-01-14 04:00:00+00:00,2026-01-14 12:00:00+00:00,2026-01-15 19:30:00+00:00,long,a_fvg_absent+a_room+a_vol_expansion,a_fvg_absent+a_room+a_vol_expansion||up||long,0.5762215245228121,0.7561315245228124,388.0,False,4.738254570967402,False,True,63695173.0
ETHUSDT,2026-01-14 04:00:00+00:00,2026-01-16 04:00:00+00:00,2026-01-16 07:45:00+00:00,long,a_room+a_vol_expansion+a_volume,a_room+a_vol_expansion+a_volume||up||long,-0.0371280011111208,-0.0371280011111208,388.0,False,0.996462384418414,True,True,-1801392.0
BNBUSDT,2026-01-14 08:00:00+00:00,2026-01-16 08:00:00+00:00,2026-01-16 11:45:00+00:00,long,a_room+a_score_ge13+a_vol_expansion+a_volume,a_room+a_score_ge13+a_vol_expansion+a_volume||up||long,-0.0987797121102314,-0.0987797121102314,384.0,False,0.0,True,False,0.0
SOLUSDT,2026-01-14 08:00:00+00:00,2026-01-17 16:00:00+00:00,2026-01-17 19:45:00+00:00,long,a_room+a_vol_expansion+a_volume,a_room+a_vol_expansion+a_volume||up||long,0.0457280687816674,0.0457280687816674,384.0,False,0.996462384418414,True,True,2218654.0
BTCUSDT,2026-01-15 12:00:00+00:00,2026-01-17 12:00:00+00:00,2026-01-17 15:45:00+00:00,long,a_room+a_vol_expansion+a_volume,a_room+a_vol_expansion+a_volume||up||long,-0.2456953942932498,-0.2456953942932498,356.0,False,0.996462384418414,True,True,-12076694.0
XRPUSDT,2026-01-15 16:00:00+00:00,2026-01-16 12:00:00+00:00,2026-01-16 13:30:00+00:00,long,a_fvg_absent+a_room+a_volume,a_fvg_absent+a_room+a_volume||up||long,0.1532097569781786,0.1509803906723212,352.0,False,1.6227227595325122,False,True,12085233.0
LINKUSDT,2026-01-15 16:00:00+00:00,2026-01-17 16:00:00+00:00,2026-01-17 19:45:00+00:00,long,a_room+a_vol_expansion+a_volume,a_room+a_vol_expansion+a_volume||up||long,-0.1337480946701786,-0.1337480946701789,352.0,False,0.996462384418414,True,True,-6574136.0
ADAUSDT,2026-01-15 20:00:00+00:00,2026-01-17 20:00:00+00:00,2026-01-17 23:45:00+00:00,long,a_room+a_vol_expansion+a_volume,a_room+a_vol_expansion+a_volume||up||long,0.6434904352540247,0.6434904352540247,348.0,False,0.996462384418414,False,True,31629560.0
AVAXUSDT,2026-01-17 12:00:00+00:00,2026-01-19 04:00:00+00:00,2026-01-19 00:15:00+00:00,short,a_room+a_score_ge13+a_volume,a_room+a_score_ge13+a_volume||range||short,2.0878628826836283,2.0878628826836283,308.0,False,1.274894730091847,False,True,131252798.0
LINKUSDT,2026-01-20 20:00:00+00:00,2026-01-21 12:00:00+00:00,2026-01-21 12:00:00+00:00,long,a_room+a_score_ge13+a_trend_counter,a_room+a_score_ge13+a_trend_counter||down||long,0.197485995490808,0.1974859954908084,228.0,False,4.315614007975119,False,True,43376416.0
ETHUSDT,2026-01-21 20:00:00+00:00,2026-01-23 12:00:00+00:00,2026-01-23 14:30:00+00:00,long,a_fvg_absent+a_room+a_sweep+a_trend_counter+a_volume,a_fvg_absent+a_room+a_sweep+a_trend_counter+a_volume||down||long,-1.042306796709374,-1.0423067967093742,204.0,False,11.51292502158163,True,True,-374942397.0
BNBUSDT,2026-01-22 04:00:00+00:00,2026-01-22 08:00:00+00:00,2026-01-22 13:30:00+00:00,long,a_fvg_absent+a_ob+a_room+a_trend_counter+a_vol_expansion,a_fvg_absent+a_ob+a_room+a_trend_counter+a_vol_expansion||down||long,0.0205400792697794,0.4131986739728613,196.0,False,6.000265304936625,False,True,26906237.0
AVAXUSDT,2026-01-27 20:00:00+00:00,2026-01-31 04:00:00+00:00,2026-01-31 07:45:00+00:00,short,a_room+a_score_ge13+a_volume,a_room+a_score_ge13+a_volume||range||short,1.776959270260468,1.7769592702604675,60.0,False,1.274894730091847,False,True,108397400.0
BNBUSDT,2026-02-02 12:00:00+00:00,2026-02-03 04:00:00+00:00,2026-02-03 04:30:00+00:00,short,a_mss+a_room+a_volume,a_mss+a_room+a_volume||down||short,0.1778139743671595,0.1778139743671595,596.0,False,1.4024953958902748,False,True,12202906.0
AVAXUSDT,2026-02-05 00:00:00+00:00,2026-02-06 04:00:00+00:00,2026-02-06 00:30:00+00:00,short,a_fvg_absent+a_ob+a_score_ge13+a_volume,a_fvg_absent+a_ob+a_score_ge13+a_volume||down||short,2.0898362432967152,2.2478437405633334,536.0,False,2.3594458374095173,False,True,260167942.0
BTCUSDT,2026-02-06 04:00:00+00:00,2026-02-06 08:00:00+00:00,2026-02-06 08:00:00+00:00,short,a_room+a_score_ge13+a_vol_expansion+a_volume,a_room+a_score_ge13+a_vol_expansion+a_volume||down||short,-1.1019669445864626,-1.1019669445864628,508.0,False,0.0,True,False,0.0
LINKUSDT,2026-02-06 04:00:00+00:00,2026-02-06 12:00:00+00:00,2026-02-06 09:15:00+00:00,short,a_room+a_score_ge13+a_vol_expansion+a_volume,a_room+a_score_ge13+a_vol_expansion+a_volume||down||short,1.4879166510247903,2.0231442194357347,508.0,False,0.0,False,False,0.0
AVAXUSDT,2026-02-23 08:00:00+00:00,2026-02-25 12:00:00+00:00,2026-02-25 13:15:00+00:00,short,a_room+a_score_ge13+a_volume,a_room+a_score_ge13+a_volume||range||short,-1.0104982731251786,-1.0104982731251784,96.0,False,1.274894730091847,True,True,-66547392.0
ADAUSDT,2026-02-26 16:00:00+00:00,2026-02-26 20:00:00+00:00,2026-02-26 20:15:00+00:00,long,a_room+a_vol_expansion+a_volume,a_room+a_vol_expansion+a_volume||up||long,-1.041312138021046,-1.041312138021046,16.0,True,0.996462384418414,True,False,0.0
ETHUSDT,2026-02-26 16:00:00+00:00,2026-02-27 00:00:00+00:00,2026-02-27 01:00:00+00:00,long,a_room+a_vol_expansion+a_volume,a_room+a_vol_expansion+a_volume||up||long,-1.0566096650548888,-1.056609665054889,16.0,True,0.996462384418414,True,False,0.0
LINKUSDT,2026-02-26 16:00:00+00:00,2026-02-27 08:00:00+00:00,2026-02-27 10:00:00+00:00,long,a_room+a_vol_expansion+a_volume,a_room+a_vol_expansion+a_volume||up||long,0.1960829177587906,0.1960829177587906,16.0,True,0.996462384418414,False,False,0.0
AVAXUSDT,2026-02-27 04:00:00+00:00,2026-02-27 08:00:00+00:00,2026-02-27 09:30:00+00:00,long,a_room+a_vol_expansion+a_volume,a_room+a_vol_expansion+a_volume||up||long,-1.1240544436122195,0.1160612971516567,4.0,True,0.996462384418414,False,False,0.0
SOLUSDT,2026-02-27 08:00:00+00:00,2026-02-27 12:00:00+00:00,2026-02-27 12:00:00+00:00,long,a_room+a_vol_expansion+a_volume,a_room+a_vol_expansion+a_volume||up||long,-1.058571641791045,-1.058571641791045,0.0,True,0.996462384418414,True,False,0.0
BNBUSDT,2026-02-27 16:00:00+00:00,2026-02-27 20:00:00+00:00,2026-02-27 22:30:00+00:00,long,a_fvg_absent+a_ob+a_room+a_trend_counter,a_fvg_absent+a_ob+a_room+a_trend_counter||up||long,0.0271360318995044,-1.2263124460956671,664.0,False,1.056555032293037,False,True,-66066777.0
ETHUSDT,2026-02-28 04:00:00+00:00,2026-02-28 08:00:00+00:00,2026-02-28 08:15:00+00:00,long,a_fvg_absent+a_ob+a_room+a_trend_counter,a_fvg_absent+a_ob+a_room+a_trend_counter||up||long,-1.0485969511254554,-1.0485969511254558,652.0,False,1.056555032293037,True,True,-55760518.0
SOLUSDT,2026-03-03 12:00:00+00:00,2026-03-04 20:00:00+00:00,2026-03-04 20:00:00+00:00,long,a_room+a_vol_expansion+a_volume,a_room+a_vol_expansion+a_volume||up||long,2.0677479971225203,2.1827139595638343,572.0,False,0.996462384418414,False,True,108254365.0
BTCUSDT,2026-03-03 12:00:00+00:00,2026-03-04 00:00:00+00:00,2026-03-04 03:30:00+00:00,long,a_room+a_vol_expansion+a_volume,a_room+a_vol_expansion+a_volume||up||long,0.1945377007951127,0.1945377007951127,572.0,False,0.996462384418414,False,True,9648335.0
BNBUSDT,2026-03-03 12:00:00+00:00,2026-03-04 20:00:00+00:00,2026-03-04 08:15:00+00:00,long,a_room+a_vol_expansion+a_volume,a_room+a_vol_expansion+a_volume||up||long,3.5775353816830684,2.20967111320208,572.0,False,0.996462384418414,False,True,109591338.0
AVAXUSDT,2026-03-03 12:00:00+00:00,2026-03-03 20:00:00+00:00,2026-03-03 16:30:00+00:00,long,a_fvg_absent+a_room+a_volume,a_fvg_absent+a_room+a_volume||up||long,2.5627930954522213,3.3540179155673058,572.0,False,1.6227227595325122,False,True,270892753.0
ETHUSDT,2026-03-03 12:00:00+00:00,2026-03-03 16:00:00+00:00,2026-03-03 16:00:00+00:00,long,a_room+a_vol_expansion+a_volume,a_room+a_vol_expansion+a_volume||up||long,0.5467824515893035,0.1469824515893034,572.0,False,0.996462384418414,False,True,7289774.0
BTCUSDT,2026-03-04 04:00:00+00:00,2026-03-04 08:00:00+00:00,2026-03-04 08:00:00+00:00,short,a_fvg_absent+a_ob+a_room+a_trend_counter,a_fvg_absent+a_ob+a_room+a_trend_counter||up||short,-1.1318231491525028,-1.1318231491525028,556.0,False,1.056555032293037,True,True,-62961355.0
BTCUSDT,2026-03-05 00:00:00+00:00,2026-03-05 12:00:00+00:00,2026-03-05 15:15:00+00:00,long,a_trend_counter+a_vol_expansion+a_volume,a_trend_counter+a_vol_expansion+a_volume||up||long,-1.0570164371116264,-1.0570164371116264,536.0,False,2.4103622724368643,True,True,-138088952.0
ETHUSDT,2026-03-05 08:00:00+00:00,2026-03-05 12:00:00+00:00,2026-03-05 14:30:00+00:00,long,a_room+a_vol_expansion+a_volume,a_room+a_vol_expansion+a_volume||up||long,-1.136081259286776,0.5130937407132242,528.0,False,0.996462384418414,False,True,27711019.0
DOGEUSDT,2026-03-05 12:00:00+00:00,2026-03-05 16:00:00+00:00,2026-03-05 16:00:00+00:00,long,a_room+a_vol_expansion+a_volume,a_room+a_vol_expansion+a_volume||up||long,-1.0660916358868795,-1.0669122614826887,524.0,False,0.996462384418414,True,True,-56448021.0
LINKUSDT,2026-03-05 20:00:00+00:00,2026-03-06 00:00:00+00:00,2026-03-06 04:30:00+00:00,long,a_room+a_vol_expansion+a_volume,a_room+a_vol_expansion+a_volume||up||long,0.1193798978510372,0.1106723962571211,516.0,False,0.996462384418414,False,True,5793186.0
SOLUSDT,2026-03-05 20:00:00+00:00,2026-03-06 04:00:00+00:00,2026-03-06 04:30:00+00:00,long,a_room+a_vol_expansion+a_volume,a_room+a_vol_expansion+a_volume||up||long,-1.06558188996434,-1.06558188996434,516.0,False,0.996462384418414,True,True,-55778261.0
AVAXUSDT,2026-03-06 12:00:00+00:00,2026-03-06 16:00:00+00:00,2026-03-06 17:30:00+00:00,long,a_fvg_absent+a_room+a_volume,a_fvg_absent+a_room+a_volume||up||long,-1.1370591789444795,-1.149255910787786,500.0,False,1.6227227595325122,True,True,-97034478.0
XRPUSDT,2026-03-06 12:00:00+00:00,2026-03-08 12:00:00+00:00,2026-03-08 15:45:00+00:00,long,a_fvg_absent+a_ob+a_room+a_trend_counter,a_fvg_absent+a_ob+a_room+a_trend_counter||up||long,-0.277590401799818,-0.277590401799818,500.0,False,1.056555032293037,True,True,-15260247.0
AVAXUSDT,2026-03-10 20:00:00+00:00,2026-03-11 00:00:00+00:00,2026-03-11 00:00:00+00:00,long,a_trend_counter+a_vol_expansion+a_volume,a_trend_counter+a_vol_expansion+a_volume||up||long,-1.1326858387849317,-1.1436647940074929,396.0,False,2.4103622724368643,True,True,-121157461.0
LINKUSDT,2026-03-10 20:00:00+00:00,2026-03-11 04:00:00+00:00,2026-03-11 02:30:00+00:00,long,a_fvg_absent+a_room+a_volume,a_fvg_absent+a_room+a_volume||up||long,-1.1531418510273408,0.0822309718969581,396.0,False,1.6227227595325122,False,True,6793117.0
BTCUSDT,2026-03-11 12:00:00+00:00,2026-03-13 12:00:00+00:00,2026-03-13 15:45:00+00:00,long,a_fvg_absent+a_ob+a_room+a_score_ge13+a_trend_counter,a_fvg_absent+a_ob+a_room+a_score_ge13+a_trend_counter||up||long,1.2907107753459193,1.2907107753459193,380.0,False,3.924191004535349,False,True,252058230.0
XRPUSDT,2026-03-12 00:00:00+00:00,2026-03-14 00:00:00+00:00,2026-03-14 03:45:00+00:00,long,a_fvg_absent+a_ob+a_room+a_score_ge13+a_trend_counter,a_fvg_absent+a_ob+a_room+a_score_ge13+a_trend_counter||up||long,0.5046175790730829,0.5046175790730829,368.0,False,3.924191004535349,False,True,98544938.0
BNBUSDT,2026-03-13 12:00:00+00:00,2026-03-14 00:00:00+00:00,2026-03-13 16:30:00+00:00,short,a_room+a_score_ge13+a_trend_counter,a_room+a_score_ge13+a_trend_counter||up||short,4.638190797945751,4.128758317526157,332.0,False,4.315614007975119,False,True,213526128.0
XRPUSDT,2026-03-18 00:00:00+00:00,2026-03-18 08:00:00+00:00,2026-03-18 11:30:00+00:00,long,a_room+a_vol_expansion+a_volume,a_room+a_vol_expansion+a_volume||up||long,-1.0614302293064877,-1.061430229306488,224.0,False,0.996462384418414,True,True,-58601601.0
XRPUSDT,2026-03-18 20:00:00+00:00,2026-03-20 20:00:00+00:00,2026-03-20 23:45:00+00:00,short,a_room+a_sweep+a_trend_counter+a_vol_expansion+a_volume,a_room+a_sweep+a_trend_counter+a_vol_expansion+a_volume||up||short,0.3343963378411448,0.3343963378411458,204.0,False,4.036791654039396,True,True,74000913.0
AVAXUSDT,2026-03-22 00:00:00+00:00,2026-03-23 08:00:00+00:00,2026-03-23 11:00:00+00:00,long,a_room+a_score_ge13+a_trend_counter,a_room+a_score_ge13+a_trend_counter||down||long,0.6109900721604324,0.6109900721604324,128.0,False,4.315614007975119,False,True,146500548.0
ETHUSDT,2026-03-25 20:00:00+00:00,2026-03-26 00:00:00+00:00,2026-03-26 02:15:00+00:00,long,a_fvg_absent+a_room+a_volume,a_fvg_absent+a_room+a_volume||up||long,-1.2054739509925478,-1.205473950992548,36.0,True,1.6227227595325122,True,False,0.0
BNBUSDT,2026-04-04 16:00:00+00:00,2026-04-06 16:00:00+00:00,2026-04-06 19:45:00+00:00,short,a_room+a_score_ge13+a_volume,a_room+a_score_ge13+a_volume||range||short,-0.491264683586898,-0.4912646835868981,472.0,False,1.274894730091847,True,True,-35715396.0
ADAUSDT,2026-04-06 12:00:00+00:00,2026-04-07 04:00:00+00:00,2026-04-06 22:15:00+00:00,short,a_fvg_absent+a_ob+a_room+a_trend_counter,a_fvg_absent+a_ob+a_room+a_trend_counter||range||short,3.16539152390194,2.0728698863636152,428.0,False,1.056555032293037,False,True,124890602.0
ADAUSDT,2026-04-08 00:00:00+00:00,2026-04-08 12:00:00+00:00,2026-04-08 14:00:00+00:00,long,a_trend_counter+a_vol_expansion+a_volume,a_trend_counter+a_vol_expansion+a_volume||up||long,-1.0375352697095437,-1.0375352697095432,392.0,False,2.4103622724368643,True,True,-144840390.0
BTCUSDT,2026-04-08 00:00:00+00:00,2026-04-10 00:00:00+00:00,2026-04-10 03:45:00+00:00,short,a_room+a_sweep+a_trend_counter+a_vol_expansion+a_volume,a_room+a_sweep+a_trend_counter+a_vol_expansion+a_volume||up||short,0.0173277267962106,0.0173277267962106,392.0,False,4.036791654039396,True,True,4051188.0
AVAXUSDT,2026-04-08 08:00:00+00:00,2026-04-10 08:00:00+00:00,2026-04-10 11:45:00+00:00,long,a_trend_counter+a_vol_expansion+a_volume,a_trend_counter+a_vol_expansion+a_volume||up||long,-0.0397440267549922,-0.0397440267549923,384.0,False,2.4103622724368643,True,True,-5548284.0
XRPUSDT,2026-04-08 16:00:00+00:00,2026-04-10 16:00:00+00:00,2026-04-10 19:45:00+00:00,long,a_room+a_vol_expansion+a_volume,a_room+a_vol_expansion+a_volume||up||long,0.025818954181832,0.025818954181832,376.0,False,0.996462384418414,True,True,1452797.0
SOLUSDT,2026-04-08 20:00:00+00:00,2026-04-09 00:00:00+00:00,2026-04-09 00:30:00+00:00,long,a_fvg_absent+a_ob+a_room+a_trend_counter,a_fvg_absent+a_ob+a_room+a_trend_counter||up||long,-1.1644206191630062,-1.1777792452830171,372.0,False,1.056555032293037,True,True,-70268617.0
ETHUSDT,2026-04-09 00:00:00+00:00,2026-04-09 04:00:00+00:00,2026-04-09 04:00:00+00:00,long,a_room+a_vol_expansion+a_volume,a_room+a_vol_expansion+a_volume||up||long,-1.174248245876209,-1.174248245876209,368.0,False,0.996462384418414,True,True,-65251124.0
LINKUSDT,2026-04-09 00:00:00+00:00,2026-04-11 00:00:00+00:00,2026-04-11 03:45:00+00:00,long,a_room+a_vol_expansion+a_volume,a_room+a_vol_expansion+a_volume||up||long,0.4830063639408602,0.4830063639408601,368.0,False,0.996462384418414,True,True,26839902.0
ADAUSDT,2026-04-10 00:00:00+00:00,2026-04-12 00:00:00+00:00,2026-04-12 03:45:00+00:00,long,a_room+a_vol_expansion+a_volume,a_room+a_vol_expansion+a_volume||up||long,-0.7668246695415771,-0.7668246695415737,344.0,False,0.996462384418414,True,True,-42143602.0
SOLUSDT,2026-04-10 00:00:00+00:00,2026-04-10 04:00:00+00:00,2026-04-10 04:00:00+00:00,long,a_fvg_absent+a_ob+a_room+a_trend_counter,a_fvg_absent+a_ob+a_room+a_trend_counter||up||long,-1.1583969782252,-1.1698894967177251,344.0,False,1.056555032293037,True,True,-68172879.0
DOGEUSDT,2026-04-10 00:00:00+00:00,2026-04-10 12:00:00+00:00,2026-04-10 19:30:00+00:00,long,a_room+a_vol_expansion+a_volume,a_room+a_vol_expansion+a_volume||up||long,0.5258617122172887,2.305334944237899,344.0,False,0.996462384418414,False,True,126697957.0
XRPUSDT,2026-04-12 00:00:00+00:00,2026-04-12 04:00:00+00:00,2026-04-12 04:15:00+00:00,long,a_fvg_absent+a_ob+a_room+a_trend_counter,a_fvg_absent+a_ob+a_room+a_trend_counter||up||long,-1.2696851540242384,-1.3328333333333338,296.0,False,1.056555032293037,True,True,-66628958.0
AVAXUSDT,2026-04-12 20:00:00+00:00,2026-04-13 00:00:00+00:00,2026-04-13 01:45:00+00:00,long,a_fvg_absent+a_room+a_score_ge13,a_fvg_absent+a_room+a_score_ge13||range||long,0.471763088235216,1.8634804257028028,276.0,False,0.0,False,False,0.0
BNBUSDT,2026-04-14 12:00:00+00:00,2026-04-14 16:00:00+00:00,2026-04-14 16:00:00+00:00,short,a_fvg_absent+a_ob+a_room+a_trend_counter,a_fvg_absent+a_ob+a_room+a_trend_counter||range||short,0.8059967025005242,-1.3069681030840654,236.0,False,1.056555032293037,False,True,-70210902.0
DOGEUSDT,2026-04-15 16:00:00+00:00,2026-04-16 00:00:00+00:00,2026-04-15 20:15:00+00:00,long,a_room+a_vol_expansion+a_volume,a_room+a_vol_expansion+a_volume||up||long,2.0063706828478254,2.622289183805068,208.0,False,0.996462384418414,False,True,141564037.0
BNBUSDT,2026-04-16 12:00:00+00:00,2026-04-17 00:00:00+00:00,2026-04-16 16:30:00+00:00,long,a_fvg_absent+a_ob+a_room+a_trend_counter,a_fvg_absent+a_ob+a_room+a_trend_counter||up||long,3.3254176989466586,2.253376818488797,188.0,False,1.056555032293037,False,True,132354840.0
ADAUSDT,2026-04-17 08:00:00+00:00,2026-04-17 16:00:00+00:00,2026-04-17 14:45:00+00:00,long,a_fvg_absent+a_room+a_volume,a_fvg_absent+a_room+a_volume||up||long,1.678464898206816,2.04163767695832,168.0,False,1.6227227595325122,False,True,188562562.0
XRPUSDT,2026-04-17 08:00:00+00:00,2026-04-19 08:00:00+00:00,2026-04-19 11:45:00+00:00,long,a_trend_counter+a_vol_expansion+a_volume,a_trend_counter+a_vol_expansion+a_volume||up||long,-0.0748990578734856,-0.0748990578734856,168.0,False,2.4103622724368643,True,True,-10275220.0
DOGEUSDT,2026-04-18 00:00:00+00:00,2026-04-18 04:00:00+00:00,2026-04-18 04:30:00+00:00,long,a_room+a_vol_expansion+a_volume,a_room+a_vol_expansion+a_volume||up||long,-1.1471768902662245,-1.1644557945041645,152.0,False,0.996462384418414,True,True,-68229378.0
ADAUSDT,2026-04-18 04:00:00+00:00,2026-04-18 08:00:00+00:00,2026-04-18 08:15:00+00:00,short,a_room+a_sweep+a_trend_counter+a_vol_expansion+a_volume,a_room+a_sweep+a_trend_counter+a_vol_expansion+a_volume||up||short,0.944420549469912,0.0798054733727833,148.0,False,4.036791654039396,False,True,8169740.0
AVAXUSDT,2026-04-18 12:00:00+00:00,2026-04-19 20:00:00+00:00,2026-04-19 22:00:00+00:00,long,a_room+a_vol_expansion+a_volume,a_room+a_vol_expansion+a_volume||up||long,-1.0307986888697482,-1.0307986888697482,140.0,False,0.996462384418414,True,True,-59781055.0
LINKUSDT,2026-04-18 12:00:00+00:00,2026-04-21 20:00:00+00:00,2026-04-21 23:45:00+00:00,long,a_room+a_vol_expansion+a_volume,a_room+a_vol_expansion+a_volume||up||long,-0.0439792374925667,-0.0439792374925667,140.0,False,0.996462384418414,True,True,-2550571.0
ADAUSDT,2026-04-18 16:00:00+00:00,2026-04-19 00:00:00+00:00,2026-04-19 02:15:00+00:00,long,a_room+a_vol_expansion+a_volume,a_room+a_vol_expansion+a_volume||up||long,-1.0799298919021716,-1.0807036350148365,136.0,False,0.996462384418414,True,True,-62675287.0
BNBUSDT,2026-04-18 20:00:00+00:00,2026-04-19 00:00:00+00:00,2026-04-19 02:30:00+00:00,long,a_room+a_vol_expansion+a_volume,a_room+a_vol_expansion+a_volume||up||long,-1.062602931814565,-1.062602931814565,132.0,False,0.996462384418414,True,True,-61625538.0
BTCUSDT,2026-04-21 12:00:00+00:00,2026-04-23 12:00:00+00:00,2026-04-23 15:45:00+00:00,long,a_fvg_absent+a_ob+a_score_ge13+a_volume,a_fvg_absent+a_ob+a_score_ge13+a_volume||range||long,1.6491956398949827,1.6491956398949827,68.0,False,2.3594458374095173,False,True,218907366.0
ADAUSDT,2026-04-23 00:00:00+00:00,2026-04-23 04:00:00+00:00,2026-04-23 04:00:00+00:00,long,a_fvg_absent+a_ob+a_room+a_trend_counter,a_fvg_absent+a_ob+a_room+a_trend_counter||up||long,-1.1583813509684442,-1.172822683706063,32.0,True,1.056555032293037,True,False,0.0
XRPUSDT,2026-04-24 00:00:00+00:00,2026-04-27 08:00:00+00:00,2026-04-27 11:45:00+00:00,long,a_fvg_absent+a_room+a_volume,a_fvg_absent+a_room+a_volume||up||long,-0.8069691201353608,-0.8069691201353608,8.0,True,1.6227227595325122,True,False,0.0
BNBUSDT,2026-04-27 04:00:00+00:00,2026-04-27 08:00:00+00:00,2026-04-27 08:00:00+00:00,long,a_fvg_absent+a_room+a_score_ge13,a_fvg_absent+a_room+a_score_ge13||range||long,-1.067458053824414,-1.0674580538244138,772.0,False,0.0,True,False,0.0
XRPUSDT,2026-04-29 20:00:00+00:00,2026-05-01 12:00:00+00:00,2026-05-01 12:15:00+00:00,short,a_mss+a_room+a_volume,a_mss+a_room+a_volume||down||short,0.1922256051618147,0.1922256051618147,708.0,False,1.4024953958902748,False,True,15749980.0
BTCUSDT,2026-04-30 12:00:00+00:00,2026-05-01 00:00:00+00:00,2026-05-01 03:15:00+00:00,short,a_room+a_score_ge13+a_volume,a_room+a_score_ge13+a_volume||range||short,-1.1197282123241534,-1.1197282123241532,692.0,False,1.274894730091847,True,True,-83397739.0
ADAUSDT,2026-05-05 00:00:00+00:00,2026-05-05 04:00:00+00:00,2026-05-05 05:15:00+00:00,short,a_fvg_absent+a_ob+a_room+a_trend_counter,a_fvg_absent+a_ob+a_room+a_trend_counter||up||short,-1.0957519296502294,-1.0977869507323583,584.0,False,1.056555032293037,True,True,-66976015.0
ETHUSDT,2026-05-06 00:00:00+00:00,2026-05-06 12:00:00+00:00,2026-05-06 14:00:00+00:00,long,a_room+a_vol_expansion+a_volume,a_room+a_vol_expansion+a_volume||up||long,0.1824679231895996,0.1824679231895996,560.0,False,0.996462384418414,False,True,10377431.0
ADAUSDT,2026-05-06 12:00:00+00:00,2026-05-08 12:00:00+00:00,2026-05-08 15:45:00+00:00,long,a_room+a_vol_expansion+a_volume,a_room+a_vol_expansion+a_volume||up||long,0.3652286433125943,0.3652286433125923,548.0,False,0.996462384418414,True,True,20809281.0
BNBUSDT,2026-05-06 20:00:00+00:00,2026-05-07 00:00:00+00:00,2026-05-07 01:00:00+00:00,long,a_room+a_vol_expansion+a_volume,a_room+a_vol_expansion+a_volume||up||long,-1.108479232782672,-1.1084792327826722,540.0,False,0.996462384418414,True,True,-63156756.0
LINKUSDT,2026-05-07 00:00:00+00:00,2026-05-07 04:00:00+00:00,2026-05-07 07:15:00+00:00,long,a_room+a_vol_expansion+a_volume,a_room+a_vol_expansion+a_volume||up||long,0.9765971238222516,1.9590881697772629,536.0,False,0.996462384418414,False,True,110388165.0
AVAXUSDT,2026-05-07 16:00:00+00:00,2026-05-15 12:00:00+00:00,2026-05-11 03:45:00+00:00,long,a_room+a_vol_expansion+a_volume,a_room+a_vol_expansion+a_volume||up||long,0.8575368602646164,3.1441616748703964,520.0,False,0.996462384418414,False,True,180621657.0
XRPUSDT,2026-05-07 20:00:00+00:00,2026-05-09 20:00:00+00:00,2026-05-09 23:45:00+00:00,long,a_room+a_vol_expansion+a_volume,a_room+a_vol_expansion+a_volume||up||long,0.7971001474304958,0.797100147430496,516.0,False,0.996462384418414,False,True,45790759.0
ETHUSDT,2026-05-10 16:00:00+00:00,2026-05-11 00:00:00+00:00,2026-05-10 22:15:00+00:00,short,a_fvg_absent+a_ob+a_room+a_trend_counter,a_fvg_absent+a_ob+a_room+a_trend_counter||range||short,0.1842299330856144,0.1842299330856144,448.0,False,1.056555032293037,False,True,11351277.0
LINKUSDT,2026-05-12 08:00:00+00:00,2026-05-13 12:00:00+00:00,2026-05-13 12:30:00+00:00,long,a_mss+a_score_ge13+a_vol_expansion,a_mss+a_score_ge13+a_vol_expansion||range||long,0.2302727551621453,0.2302727551621454,408.0,False,0.0,False,False,0.0
DOGEUSDT,2026-05-15 12:00:00+00:00,2026-05-17 12:00:00+00:00,2026-05-17 15:45:00+00:00,long,a_fvg_absent+a_room+a_score_ge13,a_fvg_absent+a_room+a_score_ge13||range||long,-0.4313922076548944,-0.4313922076548889,332.0,False,0.0,True,False,0.0
BTCUSDT,2026-05-17 00:00:00+00:00,2026-05-17 20:00:00+00:00,2026-05-17 23:30:00+00:00,long,a_room+a_score_ge13+a_trend_counter,a_room+a_score_ge13+a_trend_counter||down||long,-1.0926685935227018,-1.0926685935227018,296.0,False,4.315614007975119,True,True,-211933143.0
XRPUSDT,2026-05-18 00:00:00+00:00,2026-05-18 04:00:00+00:00,2026-05-18 06:00:00+00:00,long,a_fvg_absent+a_room+a_sweep+a_trend_counter+a_volume,a_fvg_absent+a_room+a_sweep+a_trend_counter+a_volume||down||long,-1.2520228593884235,0.3445707923712287,272.0,False,11.51292502158163,False,True,19690417.0
DOGEUSDT,2026-05-23 12:00:00+00:00,2026-05-23 20:00:00+00:00,2026-05-23 16:30:00+00:00,short,a_fvg_absent+a_ob+a_room+a_trend_counter,a_fvg_absent+a_ob+a_room+a_trend_counter||range||short,0.4704114165211652,1.8432512381646804,140.0,False,1.056555032293037,False,True,113566168.0
ADAUSDT,2026-05-23 20:00:00+00:00,2026-05-27 04:00:00+00:00,2026-05-27 07:45:00+00:00,short,a_mss+a_room+a_volume,a_mss+a_room+a_volume||down||short,0.9920811383928616,0.9920811383928616,132.0,False,1.4024953958902748,False,True,82717522.0
BNBUSDT,2026-06-02 12:00:00+00:00,2026-06-02 16:00:00+00:00,2026-06-02 16:00:00+00:00,long,a_fvg_absent+a_room+a_vol_expansion+a_volume,a_fvg_absent+a_room+a_vol_expansion+a_volume||down||long,-1.0755245901639343,-1.0755245901639343,572.0,False,2.0591703994912867,True,True,-133494258.0
ETHUSDT,2026-06-15 12:00:00+00:00,2026-06-15 16:00:00+00:00,2026-06-15 16:00:00+00:00,short,a_room+a_score_ge13+a_volume,a_room+a_score_ge13+a_volume||up||short,-1.1079975834355178,-1.1079975834355176,260.0,False,1.274894730091847,True,True,-83260059.0
SOLUSDT,2026-06-15 12:00:00+00:00,2026-06-17 12:00:00+00:00,2026-06-17 15:45:00+00:00,short,a_fvg_absent+a_ob+a_room+a_trend_counter,a_fvg_absent+a_ob+a_room+a_trend_counter||up||short,0.279805534008075,0.279805534008075,260.0,False,1.056555032293037,True,True,17424968.0
XRPUSDT,2026-06-15 16:00:00+00:00,2026-06-16 04:00:00+00:00,2026-06-15 22:00:00+00:00,short,a_fvg_absent+a_ob+a_room+a_trend_counter,a_fvg_absent+a_ob+a_room+a_trend_counter||up||short,3.8474760620382096,2.885511372692527,256.0,False,1.056555032293037,False,True,177157683.0
DOGEUSDT,2026-06-17 08:00:00+00:00,2026-06-19 08:00:00+00:00,2026-06-19 11:45:00+00:00,long,a_fvg_absent+a_ob+a_room+a_trend_counter,a_fvg_absent+a_ob+a_room+a_trend_counter||up||long,-0.4301551225567084,-0.430155122556707,216.0,False,1.056555032293037,True,True,-27214780.0
BTCUSDT,2026-06-22 20:00:00+00:00,2026-06-23 12:00:00+00:00,2026-06-23 00:30:00+00:00,short,a_room+a_score_ge13+a_volume,a_room+a_score_ge13+a_volume||range||short,5.458308236440523,2.3969820522154914,84.0,False,1.274894730091847,False,True,128968691.0
SOLUSDT,2026-06-27 20:00:00+00:00,2026-06-29 20:00:00+00:00,2026-06-29 23:45:00+00:00,long,a_fvg_absent+a_ob+a_room+a_score_ge13+a_vol_expansion,a_fvg_absent+a_ob+a_room+a_score_ge13+a_vol_expansion||down||long,0.6232614569153989,0.623261456915399,804.0,False,5.601351969071898,True,True,213210933.0
AVAXUSDT,2026-06-28 20:00:00+00:00,2026-06-29 00:00:00+00:00,2026-06-29 00:30:00+00:00,short,a_fvg_absent+a_ob+a_room+a_trend_counter,a_fvg_absent+a_ob+a_room+a_trend_counter||range||short,-1.0675913330606337,-1.0684040895813052,780.0,False,1.056555032293037,True,True,-68940432.0
