scenario_name,execution_model,strategy_variant,risk_multiplier,effective_notional_cap,sa_cap_tag,symbol,entry_time,exit_time,side,entry,fill_entry,fill_vs_refined_pct,avg_entry_exec,sl,qty,notional,requested_notional,risk_pct_requested,risk_pct_base,actual_risk_amount,risk_per_unit_exec,r_multiple,net_pnl,result,exit_reason,hold_bars,score,grade,run_potential,rp_action,tier,tier_mult,pre_entry_total,pre_entry_sweep,wick_ratio_5,tp_plan_name,expansion_state,a_sweep,a_volume,a_pre_total_ge4,a_sweep_count_2_4,a_score_ge13,a_wick_le_q1,a_pre_total_ge1,a_trend_align,a_mss,a_fvg,a_ob,a_overlap,zone_has_ob,zone_has_fvg,h1_refined,h1_overlap_frac,zone_low_pre,zone_high_pre,ob_mode,sweep_recent_n,disp_atr_mult,disp_body_ratio,mss_mode,n_combos_matched,a_room,a_efficiency,a_bb_squeeze,a_vol_expansion,n_atoms_true,atoms_true,tag_sweep,tag_volume,pass_vol,pass_sweep,pass_d1,pass_pull,pass_atr,pass_combo,pass_count,filter_groups_active,entry_refined,entry_improved_by,max_rr_seen,runner_max_rr_seen,runner_candidate_2of3,post_2of3_apply_ok,runner_protected,proxy_runner,balance_at_entry,phase_at_entry,entry_cost_mode,slippage_applied_pct,split_tranches_used,balance_after_exit,phase_at_exit,month,btc_match_ts,btc_dist,btc_zone,a_fvg_absent,a_trend_counter,matched_rule,n_rules_matched,rule_natoms
BTC+ETH+SOL+XRP+DOGE+AVAX+LINK+BNB+ADA v19b norefine rpboost (9coins),orderbook_split_proxy,v19b_norefine_rpboost_9coins,1.0,3.0,capFixed,BTCUSDT,2023-08-01 20:00:00+00:00,2023-08-02 00:00:00+00:00,short,29363.8,29363.8,0.0,29363.8,29463.505714285715,0.22703691847331292,6666.666666666666,6666.666666666666,0.022,0.022,22.636878125609456,99.70571428571566,-1.2950046852164903,-29.314863231338926,loss,stop,1,11.0,B,1,rp_boost_rp1_x1.5,B,1.0,0,0,0.18596129623267335,base,False,False,True,False,False,True,True,False,True,False,False,True,False,True,False,False,0.0,29363.8,29395.9,engulf,10,1.3,0.45,legacy,1,True,False,False,False,5,"a_volume,a_score_ge13,a_wick_le_q1,a_trend_align,a_room",False,True,True,False,False,False,False,VOLUME,1,False,False,0.0,0.0,,False,False,False,False,2222.222222222222,A,direct_under_threshold,0.0,1,2192.907358990883,A,2023-08,2023-08-01 16:00:00,-0.3841611777673473,range,True,False,a_room+a_score_ge13+a_volume||range||short,1,3
BTC+ETH+SOL+XRP+DOGE+AVAX+LINK+BNB+ADA v19b norefine rpboost (9coins),orderbook_split_proxy,v19b_norefine_rpboost_9coins,1.0,3.0,capFixed,BNBUSDT,2023-08-04 08:00:00+00:00,2023-08-05 16:00:00+00:00,short,242.3,242.3,0.0,242.3,244.488,12.02691421750034,2914.1213149003324,2914.1213149003324,0.012,0.012,26.314888307890598,2.187999999999988,0.1393845978062151,3.667890123110803,win,stop,8,10.25,B,1,tier_d_skip,D,1.0,0,0,0.3107344632768242,base,False,False,True,False,False,True,True,False,False,False,True,False,False,False,True,False,0.0,242.3,244.28,engulf,10,1.3,0.45,legacy,1,True,False,False,False,4,"a_volume,a_score_ge13,a_wick_le_q1,a_fvg,a_room",False,True,True,False,False,False,False,VOLUME,1,False,False,0.0,1.074040219378444,,False,False,False,False,2192.907358990883,A,direct_under_threshold,0.0,1,2196.575249113994,A,2023-08,2023-08-04 04:00:00,-0.23228252870329072,range,False,True,a_room+a_score_ge13+a_volume||range||short,1,3
BTC+ETH+SOL+XRP+DOGE+AVAX+LINK+BNB+ADA v19b norefine rpboost (9coins),orderbook_split_proxy,v19b_norefine_rpboost_9coins,1.0,3.0,capFixed,ADAUSDT,2023-08-08 04:00:00+00:00,2023-08-08 12:00:00+00:00,short,0.2923,0.2923,0.0,0.2923,0.29639714285714286,4288.989328813938,1253.6715808123142,1253.6715808123142,0.008,0.008,17.572601992911952,0.004097142857142855,-1.07184239888424,-18.835059874720724,loss,stop,2,11.0,B,1,tier_d_skip,D,1.0,0,0,0.24324324324324587,expansion,True,False,True,False,False,True,True,False,True,False,False,True,False,True,False,True,1.0,0.2923,0.293,engulf,10,1.3,0.45,legacy,1,True,False,True,False,5,"a_volume,a_score_ge13,a_wick_le_q1,a_trend_align,a_room",False,True,True,False,False,False,False,VOLUME,1,False,True,1.0,0.5613668061366869,,False,False,False,False,2196.575249113994,A,direct_under_threshold,0.0,1,2177.740189239273,A,2023-08,2023-08-08 00:00:00,-0.06267196996144024,range,True,False,a_room+a_score_ge13+a_volume||range||short,1,3
BTC+ETH+SOL+XRP+DOGE+AVAX+LINK+BNB+ADA v19b norefine rpboost (9coins),orderbook_split_proxy,v19b_norefine_rpboost_9coins,1.0,3.0,capFixed,BNBUSDT,2023-08-09 12:00:00+00:00,2023-08-09 16:00:00+00:00,long,243.51,243.51,0.0,243.51,242.77947,26.82937278845969,6533.220567717819,6533.220567717819,0.012,0.012,19.59966170315312,0.7305299999999875,-1.332833333333339,-26.123082440019363,loss,stop,1,8.0,B,1,tier_d_skip,D,1.0,0,0,0.48540145985401223,base,False,False,True,False,False,False,False,False,True,False,False,False,False,True,False,False,0.0,243.49,243.51,engulf,10,1.3,0.45,legacy,1,True,False,False,False,3,"a_volume,a_trend_align,a_room",False,True,True,False,False,False,False,VOLUME,1,False,False,0.0,0.5612363626408273,,False,False,False,False,2177.740189239273,A,direct_under_threshold,0.0,1,2151.6171067992536,A,2023-08,2023-08-09 08:00:00,1.1055655061189895,up,True,False,a_fvg_absent+a_room+a_volume||up||long,1,3
BTC+ETH+SOL+XRP+DOGE+AVAX+LINK+BNB+ADA v19b norefine rpboost (9coins),orderbook_split_proxy,v19b_norefine_rpboost_9coins,1.0,3.0,capFixed,LINKUSDT,2023-08-11 16:00:00+00:00,2023-08-13 16:00:00+00:00,long,7.454,7.454,0.0,7.454,7.089182857142857,47.18236845885936,351.69737449233764,351.69737449233764,0.008,0.008,17.21293685439403,0.3648171428571425,0.2097050577197203,3.609639916576601,time_exit_non_runner,time_exit_non_runner,12,10.5,B,1,rp_boost_rp1_x1.5,B,1.0,0,0,0.20744680851063327,base,False,False,True,False,False,True,True,False,True,False,False,True,False,True,False,False,0.0,7.388,7.454,engulf,10,1.3,0.45,legacy,1,True,True,False,False,5,"a_volume,a_score_ge13,a_wick_le_q1,a_trend_align,a_room",False,True,False,True,False,False,False,SWEEP,1,False,False,0.0,0.2741099259120046,,False,False,False,False,2151.6171067992536,A,direct_under_threshold,0.0,1,2155.2267467158304,A,2023-08,2023-08-11 12:00:00,0.14910817330415738,range,True,False,a_fvg_absent+a_ob+a_score_ge13+a_volume||range||long,2,4
BTC+ETH+SOL+XRP+DOGE+AVAX+LINK+BNB+ADA v19b norefine rpboost (9coins),orderbook_split_proxy,v19b_norefine_rpboost_9coins,1.0,3.0,capFixed,ETHUSDT,2023-08-31 20:00:00+00:00,2023-09-01 16:00:00+00:00,long,1704.54,1704.54,0.0,1704.54,1615.8602285714285,0.3645521484770275,621.3937191650324,621.3937191650324,0.015,0.015,32.32840120073745,88.67977142857148,-1.018721294468186,-32.933630719302116,loss,stop,5,8.75,B,1,rp_boost_rp1_x1.5,A,1.0,5,2,0.3803095542883731,base,False,False,True,True,True,False,False,True,False,False,True,False,False,False,True,True,0.015306122448980643,1647.24,1708.0,engulf,10,1.3,0.45,legacy,1,True,True,False,True,4,"a_volume,a_pre_total_ge4,a_sweep_count_2_4,a_pre_total_ge1,a_fvg,a_room",False,True,True,True,False,False,False,SWEEP+VOLUME,2,False,True,0.015306122448980643,0.0,,False,False,False,False,2155.2267467158304,A,direct_under_threshold,0.0,1,3603.7745974780096,A,2023-09,2023-08-31 16:00:00,1.9522912208357988,up,False,True,a_room+a_vol_expansion+a_volume||up||long,2,3
BTC+ETH+SOL+XRP+DOGE+AVAX+LINK+BNB+ADA v19b norefine rpboost (9coins),orderbook_split_proxy,v19b_norefine_rpboost_9coins,1.0,3.0,capFixed,BTCUSDT,2023-08-31 16:00:00+00:00,2023-09-02 16:00:00+00:00,long,26113.7,26113.7,0.0,26113.7,25245.52742857143,0.05461470448176826,1426.1920084255519,1426.1920084255519,0.022,0.022,47.41498842774826,868.1725714285712,-0.36636454602179414,-17.371170709960616,time_exit_non_runner,time_exit_non_runner,12,8.25,B,1,rp_boost_rp1_x1.5,B,1.0,0,0,0.08426234255103088,base,False,False,True,False,False,False,True,False,False,False,True,False,False,False,True,False,0.0,26085.6,26113.7,engulf,10,1.3,0.45,legacy,1,True,True,False,True,4,"a_volume,a_wick_le_q1,a_fvg,a_room",False,True,True,False,False,False,False,VOLUME,1,False,False,0.0,0.07636730551266223,,False,False,False,False,2155.2267467158304,A,direct_under_threshold,0.0,1,3586.403426768049,A,2023-09,2023-08-31 12:00:00,2.4310325358769043,up,False,True,a_room+a_vol_expansion+a_volume||up||long,2,3
BTC+ETH+SOL+XRP+DOGE+AVAX+LINK+BNB+ADA v19b norefine rpboost (9coins),orderbook_split_proxy,v19b_norefine_rpboost_9coins,1.0,3.0,capFixed,AVAXUSDT,2023-09-05 20:00:00+00:00,2023-09-06 16:00:00+00:00,short,9.862,9.862,0.0,9.862,10.053257142857142,168.7656228610612,1664.3665726557854,1664.3665726557854,0.009,0.009,32.27763084091244,0.19125714285714146,-1.0520640872423068,-33.95813622898868,loss,stop,5,10.0,B,1,rp_boost_rp1_x1.5,C,1.0,2,1,0.267029972752045,base,False,False,True,False,False,True,True,True,True,False,False,True,False,True,False,True,0.4374999999999792,9.862,9.91,engulf,10,1.3,0.45,legacy,1,True,False,True,False,5,"a_volume,a_score_ge13,a_wick_le_q1,a_pre_total_ge1,a_trend_align,a_room",False,True,False,False,False,False,False,none,0,False,True,0.4374999999999792,0.6326561099492152,,False,False,False,False,3586.403426768049,A,direct_under_threshold,0.0,1,3552.4452905390604,A,2023-09,2023-09-05 16:00:00,-0.23555741044659523,range,True,False,a_room+a_score_ge13+a_volume||range||short,1,3
BTC+ETH+SOL+XRP+DOGE+AVAX+LINK+BNB+ADA v19b norefine rpboost (9coins),orderbook_split_proxy,v19b_norefine_rpboost_9coins,1.0,3.0,capFixed,DOGEUSDT,2023-09-07 20:00:00+00:00,2023-09-08 08:00:00+00:00,short,0.06364,0.06364,0.0,0.06364,0.06466148571428572,27821.791266249016,1770.5787961840874,1770.5787961840874,0.008,0.008,28.419562324312484,0.0010214857142857164,0.1878235902886553,5.3378642301845725,win,stop,3,10.0,B,1,tier_d_skip,D,1.0,0,0,0.40372670807452926,base,False,False,True,False,False,True,False,False,True,False,False,True,False,True,False,True,0.7999999999999815,0.06361,0.06376,engulf,10,1.3,0.45,legacy,1,True,True,False,False,5,"a_volume,a_score_ge13,a_trend_align,a_room",False,True,False,False,False,False,False,none,0,False,True,0.7999999999999815,1.302025061535021,,False,False,False,False,3552.4452905390604,A,direct_under_threshold,0.0,1,3557.783154769245,A,2023-09,2023-09-07 16:00:00,-0.2784712613628169,range,True,False,a_room+a_score_ge13+a_volume||range||short,1,3
BTC+ETH+SOL+XRP+DOGE+AVAX+LINK+BNB+ADA v19b norefine rpboost (9coins),orderbook_split_proxy,v19b_norefine_rpboost_9coins,1.0,3.0,capFixed,ETHUSDT,2023-09-16 00:00:00+00:00,2023-09-16 04:00:00+00:00,short,1641.6,1641.6,0.0,1641.6,1646.5248,6.501796700967188,10673.349464307736,10673.349464307736,0.015,0.015,32.020048392923236,4.924800000000005,-0.08320833333333302,-2.664334860027811,loss,stop,1,9.0,B,0,tier_d_skip,D,1.0,0,0,0.28056984566681104,base,False,False,True,False,False,False,True,False,False,False,False,True,False,True,False,False,0.0,1641.6,1644.53,engulf,10,1.3,0.45,legacy,1,True,False,False,False,5,"a_volume,a_wick_le_q1,a_room",False,True,True,True,False,False,False,SWEEP+VOLUME,2,False,False,0.0,1.6122482131253695,,False,False,False,False,3557.783154769245,A,direct_under_threshold,0.0,1,3555.118819909217,A,2023-09,2023-09-15 20:00:00,1.6717706936777186,up,True,True,a_fvg_absent+a_ob+a_room+a_trend_counter||up||short,1,4
BTC+ETH+SOL+XRP+DOGE+AVAX+LINK+BNB+ADA v19b norefine rpboost (9coins),orderbook_split_proxy,v19b_norefine_rpboost_9coins,1.0,3.0,capFixed,ETHUSDT,2023-09-16 08:00:00+00:00,2023-09-16 12:00:00+00:00,long,1636.03,1636.03,0.0,1636.03,1631.12191,6.519046997749217,10665.35645972765,10665.35645972765,0.015,0.015,31.996069379182316,4.908089999999902,-1.33283333333334,-42.645427804220375,loss,stop,1,8.5,B,0,rp_boost_rp0_x1.5,B,1.0,0,0,0.15307101727448,base,False,False,True,False,False,False,True,False,False,False,False,False,False,True,False,False,0.0,1634.64,1636.03,engulf,10,1.3,0.45,legacy,1,True,False,False,False,4,"a_volume,a_wick_le_q1,a_room",False,True,False,False,False,False,False,none,0,False,False,0.0,0.5256627323459796,,False,False,False,False,3555.118819909217,A,direct_under_threshold,0.0,1,3512.473392104997,A,2023-09,2023-09-16 04:00:00,1.4606798332167714,up,True,True,a_fvg_absent+a_room+a_volume||up||long,1,3
BTC+ETH+SOL+XRP+DOGE+AVAX+LINK+BNB+ADA v19b norefine rpboost (9coins),orderbook_split_proxy,v19b_norefine_rpboost_9coins,1.0,3.0,capFixed,LINKUSDT,2023-09-18 08:00:00+00:00,2023-09-18 16:00:00+00:00,long,6.252,6.252,0.0,6.252,6.143805714285714,259.71600026127476,1623.7444336334897,1623.7444336334897,0.008,0.008,28.09978713683997,0.10819428571428613,2.8478809707404618,80.02484906886416,win,stop,2,12.25,A,2,rp_pass_rp2,B,1.0,2,0,0.11042944785276096,base,False,False,True,False,False,True,True,True,False,True,True,False,False,False,True,True,0.23834196891191609,6.148,6.534,engulf,10,1.3,0.45,legacy,1,True,True,False,True,6,"a_volume,a_score_ge13,a_wick_le_q1,a_pre_total_ge1,a_mss,a_fvg,a_room",False,True,True,True,False,False,False,SWEEP+VOLUME,2,False,True,0.23834196891191609,5.425425161085863,4.390250343297759,True,True,True,True,3512.473392104997,A,direct_under_threshold,0.0,1,3592.498241173861,A,2023-09,2023-09-18 04:00:00,0.30740995121184195,range,False,True,a_mss+a_room+a_score_ge13+a_trend_counter+a_vol_expansion+a_volume||range||long,3,6
BTC+ETH+SOL+XRP+DOGE+AVAX+LINK+BNB+ADA v19b norefine rpboost (9coins),orderbook_split_proxy,v19b_norefine_rpboost_9coins,1.0,3.0,capFixed,BTCUSDT,2023-09-18 16:00:00+00:00,2023-09-20 16:00:00+00:00,long,27083.1,27083.1,0.0,27083.1,26362.460000000003,0.10967329222056145,2970.2927405386877,2970.2927405386877,0.022,0.022,79.03496130582494,720.6399999999958,-0.268511115119895,-21.221765593684808,time_exit_non_runner,time_exit_non_runner,12,12.25,A,2,rp_pass_rp2,B,1.0,2,1,0.07257472469848004,base,False,False,True,False,False,True,True,True,False,True,True,False,False,False,True,True,0.44702194357366315,26796.0,27115.0,engulf,10,1.3,0.45,legacy,1,True,True,False,False,5,"a_volume,a_score_ge13,a_wick_le_q1,a_pre_total_ge1,a_mss,a_fvg,a_room",False,True,True,True,False,False,False,SWEEP+VOLUME,2,False,True,0.44702194357366315,0.5507604351687442,,False,False,False,False,3592.498241173861,A,direct_under_threshold,0.0,1,3571.2764755801763,A,2023-09,2023-09-18 12:00:00,0.5688367736406272,range,False,True,a_mss+a_room+a_score_ge13+a_trend_counter||range||long,1,4
BTC+ETH+SOL+XRP+DOGE+AVAX+LINK+BNB+ADA v19b norefine rpboost (9coins),orderbook_split_proxy,v19b_norefine_rpboost_9coins,1.0,3.0,capFixed,LINKUSDT,2023-09-26 16:00:00+00:00,2023-09-30 00:00:00+00:00,long,7.273,7.273,0.0,7.273,6.891159999999999,74.82246963293888,544.1838216403644,544.1838216403644,0.008,0.008,28.57021180464141,0.3818400000000004,1.7958001676094706,51.306391147413116,time_exit_non_runner,time_exit_non_runner,20,10.5,A,2,tier_d_skip,D,1.0,0,0,0.33226837060703124,expansion,True,False,True,False,False,True,True,False,True,True,False,True,False,True,False,False,0.0,7.252,7.273,engulf,10,1.3,0.45,legacy,1,True,True,False,False,6,"a_volume,a_score_ge13,a_wick_le_q1,a_trend_align,a_mss,a_room",False,True,True,False,False,False,False,VOLUME,1,False,False,0.0,2.1082128640268145,,False,False,False,False,3571.2764755801763,A,direct_under_threshold,0.0,1,3622.5828667275896,A,2023-09,2023-09-26 12:00:00,-0.8403036130824237,range,True,False,a_fvg_absent+a_ob+a_score_ge13+a_volume||range||long,2,4
BTC+ETH+SOL+XRP+DOGE+AVAX+LINK+BNB+ADA v19b norefine rpboost (9coins),orderbook_split_proxy,v19b_norefine_rpboost_9coins,1.0,3.0,capFixed,AVAXUSDT,2023-09-29 20:00:00+00:00,2023-09-30 04:00:00+00:00,long,9.066,9.066,0.0,9.066,9.027548571428571,835.8984171553989,7578.255049930847,7578.255049930847,0.009,0.009,32.14148828022159,0.03845142857142925,1.67497667558329,53.83624318790483,win,stop,2,9.0,B,0,tier_d_skip,D,1.0,0,0,0.41647597254004554,base,False,False,False,False,False,False,False,False,False,False,False,True,False,True,False,False,0.0,9.039,9.066,engulf,10,1.3,0.45,legacy,1,True,False,False,False,4,a_room,False,False,False,False,False,False,False,none,0,False,False,0.0,3.536929707237249,3.2768613464109846,False,False,False,False,3571.2764755801763,A,direct_under_threshold,0.0,1,3676.4191099154946,A,2023-09,2023-09-29 16:00:00,1.5550202639608934,up,True,True,a_fvg_absent+a_ob+a_room+a_trend_counter||up||long,1,4
BTC+ETH+SOL+XRP+DOGE+AVAX+LINK+BNB+ADA v19b norefine rpboost (9coins),orderbook_split_proxy,v19b_norefine_rpboost_9coins,1.0,3.0,capFixed,ADAUSDT,2023-09-29 16:00:00+00:00,2023-10-01 16:00:00+00:00,long,0.249,0.249,0.0,0.249,0.24223542857142857,4223.506560071169,1051.653133457721,1051.653133457721,0.008,0.008,28.570211804641414,0.006764571428571425,1.5067839922284192,43.049137801809096,time_exit_non_runner,time_exit_non_runner,12,9.0,B,0,rp_boost_rp0_x1.5,B,1.0,0,0,0.13636363636364668,base,False,False,True,False,False,False,True,False,False,False,False,False,False,True,False,True,0.5,0.2489,0.2491,engulf,10,1.3,0.45,legacy,1,True,True,False,False,4,"a_volume,a_wick_le_q1,a_room",False,True,False,False,False,False,False,none,0,False,True,0.5,2.1139550599763455,,False,False,False,False,3571.2764755801763,A,direct_under_threshold,0.0,1,5200.949729198785,A,2023-10,2023-09-29 12:00:00,1.4090117341430028,up,True,True,a_fvg_absent+a_room+a_volume||up||long,1,3
BTC+ETH+SOL+XRP+DOGE+AVAX+LINK+BNB+ADA v19b norefine rpboost (9coins),orderbook_split_proxy,v19b_norefine_rpboost_9coins,1.0,3.0,capFixed,BTCUSDT,2023-09-29 16:00:00+00:00,2023-10-01 16:00:00+00:00,long,26837.3,26837.3,0.0,26837.3,26020.634857142857,0.09620599477025511,2581.9091434477673,2581.9091434477673,0.022,0.022,78.56808246276387,816.6651428571422,0.2777586407158304,21.822963788506566,time_exit_non_runner,time_exit_non_runner,12,9.25,B,1,rp_boost_rp1_x1.5,B,1.0,0,0,0.18937610359034773,base,False,False,True,False,False,False,True,False,False,False,True,False,False,False,True,False,0.0,26620.0,26837.3,engulf,10,1.3,0.45,legacy,1,True,True,False,True,4,"a_volume,a_wick_le_q1,a_fvg,a_room",False,True,True,False,False,False,False,VOLUME,1,False,False,0.0,0.5414703980788782,,False,False,False,False,3571.2764755801763,A,direct_under_threshold,0.0,1,5222.7726929872915,A,2023-10,2023-09-29 12:00:00,1.4090117341430028,up,False,True,a_room+a_vol_expansion+a_volume||up||long,2,3
BTC+ETH+SOL+XRP+DOGE+AVAX+LINK+BNB+ADA v19b norefine rpboost (9coins),orderbook_split_proxy,v19b_norefine_rpboost_9coins,1.0,3.0,capFixed,DOGEUSDT,2023-10-02 08:00:00+00:00,2023-10-02 12:00:00+00:00,short,0.06374,0.06374,0.0,0.06374,0.06402,149222.07694250013,9511.41518431496,9511.41518431496,0.008,0.008,41.78218154389833,0.0002799999999999886,0.8729071428571338,36.47196471382236,win,stop,1,8.5,B,0,tier_d_skip,D,1.0,0,0,0.2901785714285697,base,False,False,True,False,False,False,True,False,False,False,False,True,False,True,False,False,0.0,0.06374,0.06397,engulf,10,1.3,0.45,legacy,1,True,True,False,False,5,"a_volume,a_wick_le_q1,a_room",False,True,False,True,False,False,False,SWEEP,1,False,False,0.0,5.071428571428794,,True,True,False,True,5222.7726929872915,A,direct_under_threshold,0.0,1,5259.244657701114,A,2023-10,2023-10-02 04:00:00,1.511395914072999,up,True,True,a_fvg_absent+a_ob+a_room+a_trend_counter||up||short,1,4
BTC+ETH+SOL+XRP+DOGE+AVAX+LINK+BNB+ADA v19b norefine rpboost (9coins),orderbook_split_proxy,v19b_norefine_rpboost_9coins,1.0,3.0,capFixed,DOGEUSDT,2023-10-02 16:00:00+00:00,2023-10-02 20:00:00+00:00,long,0.06285,0.06285,0.0,0.06285,0.06256034285714285,145254.34051649718,9129.235301461847,9129.235301461847,0.008,0.008,42.07395726160892,0.0002896571428571554,-1.2164806667981756,-51.18215558443996,loss,stop,1,9.25,B,1,rp_boost_rp1_x1.5,B,1.0,0,0,0.20526315789473773,base,False,False,True,False,False,False,True,False,False,False,True,False,False,False,True,False,0.0,0.06262,0.06285,engulf,10,1.3,0.45,legacy,1,True,False,False,True,4,"a_volume,a_wick_le_q1,a_fvg,a_room",False,True,True,True,False,False,False,SWEEP+VOLUME,2,False,False,0.0,0.0,,False,False,False,False,5259.244657701114,A,direct_under_threshold,0.0,1,5208.062502116674,A,2023-10,2023-10-02 12:00:00,1.9435706354053535,up,False,True,a_room+a_vol_expansion+a_volume||up||long,2,3
BTC+ETH+SOL+XRP+DOGE+AVAX+LINK+BNB+ADA v19b norefine rpboost (9coins),orderbook_split_proxy,v19b_norefine_rpboost_9coins,1.0,3.0,capFixed,ETHUSDT,2023-10-02 16:00:00+00:00,2023-10-02 20:00:00+00:00,long,1647.06,1647.06,0.0,1647.06,1640.9305357142857,9.579331641290143,15777.733973103343,15777.733973103343,0.015,0.015,58.716171176300115,6.129464285714221,-1.2682119009468344,-74.4645470638153,loss,stop,1,9.25,B,2,rp_pass_rp2,B,1.0,0,0,0.21127879269261723,expansion,True,False,True,False,False,False,True,False,True,False,True,False,False,False,True,False,0.0,1642.91,1647.06,engulf,10,1.3,0.45,legacy,1,True,False,False,True,3,"a_volume,a_wick_le_q1,a_trend_align,a_fvg,a_room",False,True,True,False,False,False,False,VOLUME,1,False,False,0.0,4.328273852876953,,False,False,False,False,5259.244657701114,A,direct_under_threshold,0.0,1,5133.597955052859,A,2023-10,2023-10-02 12:00:00,1.9435706354053535,up,False,False,a_room+a_vol_expansion+a_volume||up||long,1,3
BTC+ETH+SOL+XRP+DOGE+AVAX+LINK+BNB+ADA v19b norefine rpboost (9coins),orderbook_split_proxy,v19b_norefine_rpboost_9coins,1.0,3.0,capFixed,LINKUSDT,2023-10-02 16:00:00+00:00,2023-10-02 20:00:00+00:00,long,7.572,7.572,0.0,7.572,7.49876,574.4669205571929,4349.863522459064,4349.863522459064,0.008,0.008,42.07395726160892,0.0732400000000002,-1.1028861277990165,-46.402783805437174,loss,stop,1,7.75,B,2,tier_d_skip,D,1.0,0,0,0.4756944444444441,base,False,False,True,False,False,False,False,False,True,False,True,False,False,False,True,False,0.0,7.516,7.572,engulf,10,1.3,0.45,legacy,1,True,True,False,True,3,"a_volume,a_trend_align,a_fvg,a_room",False,True,True,False,False,False,False,VOLUME,1,False,False,0.0,0.47788093937739007,,False,False,False,False,5259.244657701114,A,direct_under_threshold,0.0,1,5087.195171247422,A,2023-10,2023-10-02 12:00:00,1.9435706354053535,up,False,False,a_room+a_vol_expansion+a_volume||up||long,1,3
BTC+ETH+SOL+XRP+DOGE+AVAX+LINK+BNB+ADA v19b norefine rpboost (9coins),orderbook_split_proxy,v19b_norefine_rpboost_9coins,1.0,3.0,capFixed,BNBUSDT,2023-10-02 12:00:00+00:00,2023-10-03 00:00:00+00:00,short,219.24,219.24,0.0,219.24,219.89772000000002,71.96558097565837,15777.73397310334,15777.73397310334,0.012,0.012,47.33320191931087,0.6577200000000119,3.677420748299297,174.0640988215139,win,stop,3,9.5,B,0,rp_boost_rp0_x1.5,C,1.0,1,0,0.27768313458262117,base,False,False,True,False,False,False,True,True,False,False,False,True,False,True,False,False,0.0,219.24,219.98,engulf,10,1.3,0.45,legacy,1,True,False,False,False,5,"a_volume,a_wick_le_q1,a_pre_total_ge1,a_room",False,True,True,True,False,False,False,SWEEP+VOLUME,2,False,False,0.0,9.198443106488934,9.137626953718772,True,True,True,True,5259.244657701114,A,direct_under_threshold,0.0,1,5261.259270068936,A,2023-10,2023-10-02 08:00:00,1.7663185071074454,up,True,True,a_fvg_absent+a_ob+a_room+a_trend_counter||up||short,1,4
BTC+ETH+SOL+XRP+DOGE+AVAX+LINK+BNB+ADA v19b norefine rpboost (9coins),orderbook_split_proxy,v19b_norefine_rpboost_9coins,1.0,3.0,capFixed,DOGEUSDT,2023-10-03 12:00:00+00:00,2023-10-03 20:00:00+00:00,short,0.06212,0.06212,0.0,0.06212,0.06235017857142857,182858.35166725458,11359.160805569854,11359.160805569854,0.008,0.008,42.09007416055149,0.00023017857142856868,1.9553308223429129,82.30001932082533,win,stop,2,8.75,B,1,rp_boost_rp1_x1.5,S,1.0,5,1,0.14782608695652588,base,False,True,True,True,False,False,True,True,False,False,True,False,False,False,True,True,0.40740740740740455,0.06197,0.06224,engulf,10,1.3,0.45,legacy,1,True,False,False,True,5,"a_sweep,a_volume,a_pre_total_ge4,a_wick_le_q1,a_pre_total_ge1,a_fvg,a_room",True,True,True,True,False,False,False,SWEEP+VOLUME,2,False,True,0.40740740740740455,4.73545384018625,4.73545384018625,False,False,False,False,5261.259270068936,A,direct_under_threshold,0.0,1,5343.559289389761,A,2023-10,2023-10-03 08:00:00,2.1126931723569258,up,False,True,a_room+a_sweep+a_trend_counter+a_vol_expansion+a_volume||up||short,1,5
BTC+ETH+SOL+XRP+DOGE+AVAX+LINK+BNB+ADA v19b norefine rpboost (9coins),orderbook_split_proxy,v19b_norefine_rpboost_9coins,1.0,3.0,capFixed,SOLUSDT,2023-10-02 12:00:00+00:00,2023-10-04 12:00:00+00:00,long,23.698,23.698,0.0,23.698,22.567354285714288,46.51540788816991,1102.3221361338506,1102.3221361338506,0.01,0.01,52.592446577011145,1.1306457142857127,-0.9173439450528909,-48.24536242293881,time_exit_non_runner,time_exit_non_runner,12,8.75,B,2,tier_d_skip,D,1.0,0,0,0.29269574356279504,base,False,False,True,False,False,False,True,False,True,False,True,False,False,False,True,True,1.0,23.378,23.698,engulf,10,1.3,0.45,legacy,1,True,True,False,True,3,"a_volume,a_wick_le_q1,a_trend_align,a_fvg,a_room",False,True,True,False,False,False,False,VOLUME,1,False,True,1.0,0.95432192982013,,False,False,False,False,5259.244657701114,A,direct_under_threshold,0.0,1,5295.313926966822,A,2023-10,2023-10-02 08:00:00,1.7663185071074454,up,False,False,a_room+a_vol_expansion+a_volume||up||long,1,3
BTC+ETH+SOL+XRP+DOGE+AVAX+LINK+BNB+ADA v19b norefine rpboost (9coins),orderbook_split_proxy,v19b_norefine_rpboost_9coins,1.0,3.0,capFixed,ADAUSDT,2023-10-02 16:00:00+00:00,2023-10-04 16:00:00+00:00,long,0.2638,0.2638,0.0,0.2638,0.248988,2840.5318162036824,749.3322931145314,749.3322931145314,0.008,0.008,42.07395726160892,0.014811999999999992,-0.5036591952470962,-21.190935455242666,time_exit_non_runner,time_exit_non_runner,12,8.75,B,1,rp_boost_rp1_x1.5,B,1.0,2,0,0.17968750000000655,base,False,False,True,False,False,False,True,True,False,False,True,False,False,False,True,True,0.4374999999999892,0.2631,0.2647,engulf,10,1.3,0.45,legacy,1,True,True,False,True,4,"a_volume,a_wick_le_q1,a_pre_total_ge1,a_fvg,a_room",False,True,False,False,False,False,False,none,0,False,True,0.4374999999999892,0.04725897920605147,,False,False,False,False,5259.244657701114,A,direct_under_threshold,0.0,1,5274.122991511579,A,2023-10,2023-10-02 12:00:00,1.9435706354053535,up,False,True,a_room+a_vol_expansion+a_volume||up||long,2,3
BTC+ETH+SOL+XRP+DOGE+AVAX+LINK+BNB+ADA v19b norefine rpboost (9coins),orderbook_split_proxy,v19b_norefine_rpboost_9coins,1.0,3.0,capFixed,AVAXUSDT,2023-10-02 16:00:00+00:00,2023-10-05 00:00:00+00:00,long,9.254,9.254,0.0,9.254,8.973017142857143,168.45583535099823,1558.8903003381374,1558.8903003381374,0.009,0.009,47.33320191931002,0.2809828571428561,2.28698616895795,108.25037812195592,win,stop,14,8.25,B,1,rp_boost_rp1_x1.5,B,1.0,0,0,0.15288220551378398,base,False,False,True,False,False,False,True,False,False,False,True,False,False,False,True,False,0.0,9.238,9.254,engulf,10,1.3,0.45,legacy,1,True,False,False,True,4,"a_volume,a_wick_le_q1,a_fvg,a_room",False,True,False,False,False,False,False,none,0,False,False,0.0,3.7938257544944447,3.7938257544944447,False,False,False,False,5259.244657701114,A,direct_under_threshold,0.0,1,5382.373369633535,A,2023-10,2023-10-02 12:00:00,1.9435706354053535,up,False,True,a_room+a_vol_expansion+a_volume||up||long,2,3
BTC+ETH+SOL+XRP+DOGE+AVAX+LINK+BNB+ADA v19b norefine rpboost (9coins),orderbook_split_proxy,v19b_norefine_rpboost_9coins,1.0,3.0,capFixed,ETHUSDT,2023-10-03 20:00:00+00:00,2023-10-05 12:00:00+00:00,long,1649.65,1649.65,0.0,1649.65,1614.2085714285715,2.261573321721654,3730.804430178127,3730.804430178127,0.015,0.015,80.15338934084642,35.44142857142856,-1.0460458099883108,-83.84411707635412,loss,stop,10,8.75,B,2,rp_pass_rp2,A,1.0,4,3,0.47402376910016825,base,False,False,True,True,True,False,False,True,True,False,True,False,False,False,True,False,0.0,1638.0,1649.65,engulf,10,1.3,0.45,legacy,1,True,True,False,True,3,"a_volume,a_pre_total_ge4,a_sweep_count_2_4,a_pre_total_ge1,a_trend_align,a_fvg,a_room",False,True,True,False,False,False,False,VOLUME,1,False,False,0.0,0.20879519529202734,,False,False,False,False,5343.559289389761,A,direct_under_threshold,0.0,1,5298.52925255718,A,2023-10,2023-10-03 16:00:00,1.5015774503271357,up,False,False,a_room+a_vol_expansion+a_volume||up||long,1,3
BTC+ETH+SOL+XRP+DOGE+AVAX+LINK+BNB+ADA v19b norefine rpboost (9coins),orderbook_split_proxy,v19b_norefine_rpboost_9coins,1.0,3.0,capFixed,DOGEUSDT,2023-10-04 00:00:00+00:00,2023-10-06 00:00:00+00:00,long,0.06048,0.06048,0.0,0.06048,0.058865942857142854,26485.10587391367,1601.8192032542988,1601.8192032542988,0.008,0.008,42.74847431511809,0.0016140571428571449,0.2907301033774707,12.428268356863432,time_exit_non_runner,time_exit_non_runner,12,9.0,B,0,tier_d_skip,D,1.0,0,0,0.3208955223880575,base,False,False,False,False,False,False,True,False,False,False,False,False,False,True,False,False,0.0,0.06043,0.06048,engulf,10,1.3,0.45,legacy,1,True,True,False,True,4,"a_wick_le_q1,a_room",False,False,False,False,False,False,False,none,0,False,False,0.0,0.7062946965942085,,False,False,False,False,5343.559289389761,A,direct_under_threshold,0.0,1,5310.957520914044,A,2023-10,2023-10-03 20:00:00,1.1273381952365424,up,True,True,a_fvg_absent+a_room+a_vol_expansion||up||long,1,3
BTC+ETH+SOL+XRP+DOGE+AVAX+LINK+BNB+ADA v19b norefine rpboost (9coins),orderbook_split_proxy,v19b_norefine_rpboost_9coins,1.0,3.0,capFixed,LINKUSDT,2023-10-04 00:00:00+00:00,2023-10-06 00:00:00+00:00,long,7.285,7.285,0.0,7.285,6.905434285714286,112.6246989814775,820.4709320800636,820.4709320800636,0.008,0.008,42.74847431511809,0.3795657142857145,0.7046710827411781,30.123613681167704,time_exit_non_runner,time_exit_non_runner,12,8.75,B,2,rp_pass_rp2,B,1.0,0,0,0.21416234887737398,base,False,False,True,False,False,False,True,False,True,False,True,False,False,False,True,False,0.0,7.189,7.285,engulf,10,1.3,0.45,legacy,1,True,True,False,True,3,"a_volume,a_wick_le_q1,a_trend_align,a_fvg,a_room",False,True,True,False,False,False,False,VOLUME,1,False,False,0.0,1.3251987233530045,,False,False,False,False,5343.559289389761,A,direct_under_threshold,0.0,1,5341.081134595212,A,2023-10,2023-10-03 20:00:00,1.1273381952365424,up,False,False,a_room+a_vol_expansion+a_volume||up||long,1,3
BTC+ETH+SOL+XRP+DOGE+AVAX+LINK+BNB+ADA v19b norefine rpboost (9coins),orderbook_split_proxy,v19b_norefine_rpboost_9coins,1.0,3.0,capFixed,BTCUSDT,2023-10-05 12:00:00+00:00,2023-10-07 12:00:00+00:00,long,27638.0,27638.0,0.0,27638.0,27102.767428571427,0.21778877030060204,6019.246033568039,6019.246033568039,0.022,0.022,116.56764355625796,535.2325714285726,0.6021589604038632,70.19225106056437,time_exit_non_runner,time_exit_non_runner,12,10.5,B,1,rp_boost_rp1_x1.5,C,1.0,1,0,0.33270013568520307,base,False,False,False,False,False,True,True,True,True,False,False,False,False,True,False,True,0.2857142857142979,27595.3,27638.0,engulf,10,1.3,0.45,legacy,1,True,True,False,False,3,"a_score_ge13,a_wick_le_q1,a_pre_total_ge1,a_trend_align,a_room",False,False,False,False,False,False,False,none,0,False,True,0.2857142857142979,1.517097507411995,,False,False,False,False,5298.52925255718,A,direct_under_threshold,0.0,1,5411.273385655776,A,2023-10,2023-10-05 08:00:00,0.1571693569797186,range,True,False,a_fvg_absent+a_room+a_score_ge13||range||long,1,3
BTC+ETH+SOL+XRP+DOGE+AVAX+LINK+BNB+ADA v19b norefine rpboost (9coins),orderbook_split_proxy,v19b_norefine_rpboost_9coins,1.0,3.0,capFixed,BNBUSDT,2023-10-17 12:00:00+00:00,2023-10-17 16:00:00+00:00,long,211.79,211.79,0.0,211.79,211.15463,76.6505508143318,16233.82015696733,16233.82015696733,0.012,0.012,48.70146047090158,0.6353699999999947,-1.332833333333336,-64.91092989763345,loss,stop,1,8.5,B,0,tier_d_skip,D,1.0,0,0,0.2707774798927597,base,False,False,True,False,False,False,True,False,False,False,False,False,False,True,False,False,0.0,211.58,211.79,engulf,10,1.3,0.45,legacy,1,True,True,False,False,4,"a_volume,a_wick_le_q1,a_room",False,True,False,False,False,False,False,none,0,False,False,0.0,1.259108865700329,,False,False,False,False,5411.273385655776,A,direct_under_threshold,0.0,1,5346.3624557581425,A,2023-10,2023-10-17 08:00:00,2.8663994363132743,up,True,True,a_fvg_absent+a_room+a_volume||up||long,1,3
BTC+ETH+SOL+XRP+DOGE+AVAX+LINK+BNB+ADA v19b norefine rpboost (9coins),orderbook_split_proxy,v19b_norefine_rpboost_9coins,1.0,3.0,capFixed,DOGEUSDT,2023-10-21 12:00:00+00:00,2023-10-21 16:00:00+00:00,short,0.0609,0.0609,0.0,0.0609,0.061082700000000004,234104.54102936466,14256.966548688308,14256.966548688308,0.008,0.008,42.77089964606514,0.00018270000000000092,-1.3338333333333316,-57.04925164457648,loss,stop,1,8.0,B,0,rp_boost_rp0_x1.5,B,1.0,0,0,0.08270676691728739,base,False,False,True,False,False,False,True,False,False,False,False,True,False,True,False,False,0.0,0.0609,0.06097,engulf,10,1.3,0.45,legacy,1,True,True,False,False,5,"a_volume,a_wick_le_q1,a_room",False,True,False,True,False,False,False,SWEEP,1,False,False,0.0,0.8210180623973922,,False,False,False,False,5346.3624557581425,A,direct_under_threshold,0.0,1,5289.313204113566,A,2023-10,2023-10-21 08:00:00,2.5145635637220596,up,True,True,a_fvg_absent+a_ob+a_room+a_trend_counter||up||short,1,4
BTC+ETH+SOL+XRP+DOGE+AVAX+LINK+BNB+ADA v19b norefine rpboost (9coins),orderbook_split_proxy,v19b_norefine_rpboost_9coins,1.0,3.0,capFixed,DOGEUSDT,2023-10-21 20:00:00+00:00,2023-10-22 04:00:00+00:00,long,0.06086,0.06086,0.0,0.06086,0.060677419999999996,231758.7119778078,14104.835210969382,14104.835210969382,0.008,0.008,42.31450563290853,0.00018258000000000163,1.6947164976605218,71.71109078643916,win,stop,2,8.5,B,0,tier_d_skip,D,1.0,0,0,0.30731707317072926,base,False,False,True,False,False,False,True,False,False,False,False,False,False,True,False,False,0.0,0.06081,0.06086,engulf,10,1.3,0.45,legacy,1,True,True,False,False,4,"a_volume,a_wick_le_q1,a_room",False,True,False,False,False,False,False,none,0,False,False,0.0,4.545952459195952,4.272099901413057,False,False,False,False,5289.313204113566,A,direct_under_threshold,0.0,1,5361.024294900005,A,2023-10,2023-10-21 16:00:00,2.8325447740181064,up,True,True,a_fvg_absent+a_room+a_volume||up||long,1,3
BTC+ETH+SOL+XRP+DOGE+AVAX+LINK+BNB+ADA v19b norefine rpboost (9coins),orderbook_split_proxy,v19b_norefine_rpboost_9coins,1.0,3.0,capFixed,ADAUSDT,2023-10-22 08:00:00+00:00,2023-10-22 16:00:00+00:00,long,0.2567,0.2567,0.0,0.2567,0.254704,21487.071322244534,5515.731208420171,5515.731208420171,0.008,0.008,42.88819435920004,0.0019959999999999978,0.5210677855711422,22.347656461893116,win,stop,2,9.25,B,1,tier_d_skip,D,1.0,0,0,0.39772727272726544,base,False,False,True,False,False,False,False,False,False,False,True,False,False,False,True,False,0.0,0.255,0.2567,engulf,10,1.3,0.45,legacy,1,True,True,False,True,4,"a_volume,a_fvg,a_room",False,True,False,False,False,False,False,none,0,False,False,0.0,2.7054108216432975,,False,False,False,False,5361.024294900005,A,direct_under_threshold,0.0,1,5383.371951361898,A,2023-10,2023-10-22 04:00:00,2.651456373684374,up,False,True,a_room+a_vol_expansion+a_volume||up||long,2,3
BTC+ETH+SOL+XRP+DOGE+AVAX+LINK+BNB+ADA v19b norefine rpboost (9coins),orderbook_split_proxy,v19b_norefine_rpboost_9coins,1.0,3.0,capFixed,XRPUSDT,2023-10-20 20:00:00+00:00,2023-10-22 20:00:00+00:00,long,0.5173,0.5173,0.0,0.5173,0.49464114285714283,1887.6018051752446,976.456413817154,976.456413817154,0.008,0.008,42.77089964606514,0.022658857142857147,0.20654616296370934,8.834165208400629,time_exit_non_runner,time_exit_non_runner,12,8.75,B,1,rp_boost_rp1_x1.5,B,1.0,0,0,0.21403508771929272,base,False,False,True,False,False,False,True,False,False,False,True,False,False,False,True,True,0.1874999999999805,0.5141,0.5173,engulf,10,1.3,0.45,legacy,1,False,True,False,True,3,"a_volume,a_wick_le_q1,a_fvg",False,True,True,False,False,False,False,VOLUME,1,False,True,0.1874999999999805,0.781151489168539,,False,False,False,False,5346.3624557581425,A,direct_under_threshold,0.0,1,5392.206116570299,A,2023-10,2023-10-20 16:00:00,1.9619917171254095,up,False,True,a_trend_counter+a_vol_expansion+a_volume||up||long,1,3
BTC+ETH+SOL+XRP+DOGE+AVAX+LINK+BNB+ADA v19b norefine rpboost (9coins),orderbook_split_proxy,v19b_norefine_rpboost_9coins,1.0,3.0,capFixed,ADAUSDT,2023-10-22 20:00:00+00:00,2023-10-23 00:00:00+00:00,short,0.2604,0.2604,0.0,0.2604,0.26348914285714287,13964.277771362276,3636.297931662737,3636.297931662737,0.008,0.008,43.13764893256239,0.003089142857142846,-1.0847952275249726,-46.79551568869141,loss,stop,1,8.75,B,1,rp_boost_rp1_x1.5,B,1.0,0,0,0.15789473684211103,base,False,True,True,False,False,False,True,False,False,False,True,False,False,False,True,True,0.17857142857143068,0.2604,0.2632,engulf,10,1.3,0.45,legacy,1,True,True,False,True,5,"a_sweep,a_volume,a_wick_le_q1,a_fvg,a_room",True,True,True,True,False,False,False,SWEEP+VOLUME,2,False,True,0.17857142857143068,0.0,,False,False,False,False,5392.206116570299,A,direct_under_threshold,0.0,1,5345.410600881608,A,2023-10,2023-10-22 16:00:00,2.416388811444924,up,False,True,a_room+a_sweep+a_trend_counter+a_vol_expansion+a_volume||up||short,1,5
BTC+ETH+SOL+XRP+DOGE+AVAX+LINK+BNB+ADA v19b norefine rpboost (9coins),orderbook_split_proxy,v19b_norefine_rpboost_9coins,1.0,3.0,capFixed,DOGEUSDT,2023-10-23 08:00:00+00:00,2023-10-23 16:00:00+00:00,long,0.06239,0.06239,0.0,0.06239,0.06169257142857143,61315.64802322208,3825.4832801688253,3825.4832801688253,0.008,0.008,42.76328480705286,0.0006974285714285711,2.1008440802949604,89.83899374086442,win,stop,2,7.75,B,1,tier_d_skip,D,1.0,0,0,0.3108504398826964,base,False,False,True,False,False,False,True,False,False,False,True,False,False,False,True,False,0.0,0.06176,0.06239,engulf,10,1.3,0.45,legacy,1,False,True,False,True,3,"a_volume,a_wick_le_q1,a_fvg",False,True,True,False,False,False,False,VOLUME,1,False,False,0.0,4.444899631298658,2.93936911102007,False,False,False,False,5345.410600881608,A,direct_under_threshold,0.0,1,5435.249594622473,A,2023-10,2023-10-23 04:00:00,2.3566706704155975,up,False,True,a_trend_counter+a_vol_expansion+a_volume||up||long,1,3
BTC+ETH+SOL+XRP+DOGE+AVAX+LINK+BNB+ADA v19b norefine rpboost (9coins),orderbook_split_proxy,v19b_norefine_rpboost_9coins,1.0,3.0,capFixed,ETHUSDT,2023-10-23 08:00:00+00:00,2023-10-24 04:00:00+00:00,long,1665.91,1665.91,0.0,1665.91,1654.9357142857143,7.3062758798824,12171.59805105489,12171.59805105489,0.015,0.015,80.18115901322412,10.97428571428577,5.843983555063762,468.57737469923427,win,stop,5,7.75,B,1,rp_boost_rp1_x1.5,C,1.0,2,0,0.2594206311822847,base,False,False,True,False,False,False,True,True,False,False,True,False,False,False,True,True,0.1771132834962724,1656.66,1674.05,engulf,10,1.3,0.45,legacy,1,True,True,False,True,4,"a_volume,a_wick_le_q1,a_pre_total_ge1,a_fvg,a_room",False,True,False,False,False,False,False,none,0,False,True,0.1771132834962724,16.774668055193867,16.774668055193867,True,True,True,True,5345.410600881608,A,direct_under_threshold,0.0,1,5903.826969321707,A,2023-10,2023-10-23 04:00:00,2.3566706704155975,up,False,True,a_room+a_vol_expansion+a_volume||up||long,2,3
BTC+ETH+SOL+XRP+DOGE+AVAX+LINK+BNB+ADA v19b norefine rpboost (9coins),orderbook_split_proxy,v19b_norefine_rpboost_9coins,1.0,3.0,capFixed,XRPUSDT,2023-10-24 04:00:00+00:00,2023-10-24 12:00:00+00:00,long,0.5407,0.5407,0.0,0.5407,0.5089382857142858,1487.0298035461237,804.037014777389,804.037014777389,0.008,0.008,47.230615754573655,0.03176171428571417,0.23285135967831885,10.997713096896703,win,stop,2,10.0,A,2,rp_pass_rp2,A,1.0,4,3,0.26806526806526737,base,False,False,True,True,True,True,True,True,True,False,True,False,False,False,True,True,0.15714285714285806,0.5358,0.5428,engulf,10,1.3,0.45,legacy,1,True,True,False,True,4,"a_volume,a_pre_total_ge4,a_sweep_count_2_4,a_score_ge13,a_wick_le_q1,a_pre_total_ge1,a_trend_align,a_fvg,a_room",False,True,True,False,False,False,False,VOLUME,1,False,True,0.15714285714285806,1.4514329921019078,,False,False,False,False,5903.826969321707,A,direct_under_threshold,0.0,1,5914.8246824186035,A,2023-10,2023-10-24 00:00:00,3.6960233972881023,up,False,False,a_room+a_score_ge13+a_vol_expansion+a_volume||up||long,3,4
BTC+ETH+SOL+XRP+DOGE+AVAX+LINK+BNB+ADA v19b norefine rpboost (9coins),orderbook_split_proxy,v19b_norefine_rpboost_9coins,1.0,3.0,capFixed,AVAXUSDT,2023-10-24 12:00:00+00:00,2023-10-24 20:00:00+00:00,long,10.021,10.021,0.0,10.021,9.940885714285713,664.4685360063521,6658.639199319655,6658.639199319655,0.009,0.009,53.23342214176743,0.0801142857142878,1.8429046005705896,98.10411856917948,win,stop,2,9.25,B,2,tier_d_skip,D,1.0,0,0,0.23794549266246925,base,False,False,True,False,False,False,True,False,True,False,True,False,False,False,True,False,0.0,9.966,10.021,engulf,10,1.3,0.45,legacy,1,True,True,False,True,3,"a_volume,a_wick_le_q1,a_trend_align,a_fvg,a_room",False,True,False,False,False,False,False,none,0,False,False,0.0,4.905492154065479,4.905492154065479,False,False,False,False,5914.8246824186035,A,direct_under_threshold,0.0,1,6012.928800987783,A,2023-10,2023-10-24 08:00:00,5.290707450028681,up,False,False,a_room+a_vol_expansion+a_volume||up||long,1,3
BTC+ETH+SOL+XRP+DOGE+AVAX+LINK+BNB+ADA v19b norefine rpboost (9coins),orderbook_split_proxy,v19b_norefine_rpboost_9coins,1.0,3.0,capFixed,DOGEUSDT,2023-10-24 16:00:00+00:00,2023-10-24 20:00:00+00:00,long,0.06603,0.06603,0.0,0.06603,0.06530445714285714,65218.19764815264,4306.357590707519,4306.357590707519,0.008,0.008,47.31859745934883,0.0007255428571428663,0.15886728164133374,7.517376949447269,win,stop,1,7.75,B,2,tier_d_skip,D,1.0,0,0,0.3379501385041546,base,False,False,True,False,False,False,True,False,True,False,True,False,False,False,True,False,0.0,0.06547,0.06603,engulf,10,1.3,0.45,legacy,1,True,True,False,True,3,"a_volume,a_wick_le_q1,a_trend_align,a_fvg,a_room",False,True,True,False,False,False,False,VOLUME,1,False,False,0.0,1.5298889501456843,,False,False,False,False,5914.8246824186035,A,direct_under_threshold,0.0,1,6020.4461779372305,A,2023-10,2023-10-24 12:00:00,5.923535183314044,up,False,False,a_room+a_vol_expansion+a_volume||up||long,1,3
BTC+ETH+SOL+XRP+DOGE+AVAX+LINK+BNB+ADA v19b norefine rpboost (9coins),orderbook_split_proxy,v19b_norefine_rpboost_9coins,1.0,3.0,capFixed,BNBUSDT,2023-10-26 16:00:00+00:00,2023-10-27 00:00:00+00:00,long,220.29,220.29,0.0,220.29,219.0273214285714,57.21595010003947,12604.101647537695,12604.101647537695,0.012,0.012,72.24535413524677,1.2626785714285802,0.27531254773016667,19.89005250864292,win,stop,2,7.5,B,1,tier_d_skip,D,1.0,0,0,0.2956919060052216,expansion,True,False,True,False,False,False,True,False,True,False,False,True,False,True,False,False,0.0,219.6,220.29,engulf,10,1.3,0.45,legacy,1,True,False,False,True,5,"a_volume,a_wick_le_q1,a_trend_align,a_room",False,True,True,False,False,False,False,VOLUME,1,False,False,0.0,2.906519587045672,,False,False,False,False,6020.4461779372305,A,direct_under_threshold,0.0,1,6040.336230445873,A,2023-10,2023-10-26 12:00:00,5.848405862592909,up,True,False,a_fvg_absent+a_room+a_vol_expansion||up||long,3,3
BTC+ETH+SOL+XRP+DOGE+AVAX+LINK+BNB+ADA v19b norefine rpboost (9coins),orderbook_split_proxy,v19b_norefine_rpboost_9coins,1.0,3.0,capFixed,AVAXUSDT,2023-10-27 00:00:00+00:00,2023-10-27 08:00:00+00:00,long,10.648,10.648,0.0,10.648,10.544464285714286,525.0654467307221,5590.896876788729,5590.896876788729,0.009,0.009,54.363026074012865,0.10353571428571406,0.546831260779579,29.72740208784558,win,stop,2,9.25,B,2,rp_pass_rp2,C,1.0,2,0,0.2436028659160695,base,False,False,True,False,False,False,True,True,True,False,True,False,False,False,True,True,0.41818181818181466,10.602,10.712,engulf,10,1.3,0.45,legacy,1,True,True,False,True,3,"a_volume,a_wick_le_q1,a_pre_total_ge1,a_trend_align,a_fvg,a_room",False,True,True,False,False,False,False,VOLUME,1,False,True,0.41818181818181466,2.2600896860986595,,False,False,False,False,6040.336230445873,A,direct_under_threshold,0.0,1,6070.063632533719,A,2023-10,2023-10-26 20:00:00,5.0733744425261875,up,False,False,a_room+a_vol_expansion+a_volume||up||long,1,3
BTC+ETH+SOL+XRP+DOGE+AVAX+LINK+BNB+ADA v19b norefine rpboost (9coins),orderbook_split_proxy,v19b_norefine_rpboost_9coins,1.0,3.0,capFixed,AVAXUSDT,2023-11-02 04:00:00+00:00,2023-11-05 12:00:00+00:00,long,11.795,11.795,0.0,11.795,10.945091428571429,79.96613790104443,943.2005965428191,943.2005965428191,0.009,0.009,67.9639060261368,0.8499085714285712,0.6168582541651539,41.92409641752733,time_exit_non_runner,time_exit_non_runner,20,13.75,S,3,rp_pass_rp3,S,1.0,2,0,0.14319248826290923,expansion,True,False,True,False,False,True,True,True,True,True,True,False,False,False,True,True,0.7235294117647049,11.303,11.983,engulf,10,1.3,0.45,legacy,1,True,True,False,True,5,"a_volume,a_score_ge13,a_wick_le_q1,a_pre_total_ge1,a_trend_align,a_mss,a_fvg,a_room",False,True,True,True,False,False,False,SWEEP+VOLUME,2,False,True,0.7235294117647049,1.056584237632283,,False,False,False,False,7551.545114015201,A,direct_under_threshold,0.0,1,7593.469210432728,A,2023-11,2023-11-02 00:00:00,0.7077837917598776,range,False,False,a_mss+a_score_ge13+a_vol_expansion||range||long,1,3
BTC+ETH+SOL+XRP+DOGE+AVAX+LINK+BNB+ADA v19b norefine rpboost (9coins),orderbook_split_proxy,v19b_norefine_rpboost_9coins,1.0,3.0,capFixed,BNBUSDT,2023-11-02 12:00:00+00:00,2023-11-05 20:00:00+00:00,long,230.78,230.78,0.0,230.78,222.1654857142857,10.519286214250952,2427.640872524835,2427.640872524835,0.012,0.012,90.6185413681824,8.614514285714307,1.4269095327487133,129.30446052204312,time_exit_non_runner,time_exit_non_runner,20,11.0,B,1,rp_boost_rp1_x1.5,B,1.0,1,0,0.13530655391120508,expansion,True,False,True,False,False,True,True,True,True,False,False,True,False,True,False,True,0.9204545454545527,229.97,230.85,engulf,10,1.3,0.45,legacy,1,True,True,False,False,5,"a_volume,a_score_ge13,a_wick_le_q1,a_pre_total_ge1,a_trend_align,a_room",False,True,False,True,False,False,False,SWEEP,1,False,True,0.9204545454545527,1.7249956883399384,,False,False,False,False,7551.545114015201,A,direct_under_threshold,0.0,1,7722.773670954771,A,2023-11,2023-11-02 08:00:00,0.9983347724606023,range,True,False,a_fvg_absent+a_ob+a_score_ge13+a_volume||range||long,2,4
BTC+ETH+SOL+XRP+DOGE+AVAX+LINK+BNB+ADA v19b norefine rpboost (9coins),orderbook_split_proxy,v19b_norefine_rpboost_9coins,1.0,3.0,capFixed,XRPUSDT,2023-11-09 08:00:00+00:00,2023-11-09 12:00:00+00:00,long,0.6896,0.6896,0.0,0.6896,0.6836732142857143,10424.232011412254,7188.55039506989,7188.55039506989,0.008,0.008,61.78218936763817,0.005926785714285732,-1.1158531184091591,-68.93984866802424,loss,stop,1,8.0,B,1,rp_boost_rp1_x1.5,C,1.0,1,0,0.4166666666666655,base,False,False,True,False,False,False,False,True,True,False,False,False,False,True,False,True,0.28000000000001957,0.6874,0.6899,engulf,10,1.3,0.45,legacy,1,True,True,False,True,4,"a_volume,a_pre_total_ge1,a_trend_align,a_room",False,True,True,False,False,False,False,VOLUME,1,False,True,0.28000000000001957,2.5983730039168296,,False,False,False,False,7722.773670954771,A,direct_under_threshold,0.0,1,7653.833822286747,A,2023-11,2023-11-09 04:00:00,1.2453251636056544,up,True,False,a_fvg_absent+a_room+a_vol_expansion||up||long,3,3
BTC+ETH+SOL+XRP+DOGE+AVAX+LINK+BNB+ADA v19b norefine rpboost (9coins),orderbook_split_proxy,v19b_norefine_rpboost_9coins,1.0,3.0,capFixed,BNBUSDT,2023-11-09 16:00:00+00:00,2023-11-10 04:00:00+00:00,long,240.35,240.35,0.0,240.35,239.25142857142856,83.60494682341802,20094.44896900852,20094.44896900852,0.012,0.012,91.84600586744097,1.0985714285714323,5.947727945383604,546.2750557696451,win,stop,3,9.0,B,1,tier_d_skip,D,1.0,0,0,0.26238532110091595,base,False,False,True,False,False,False,True,False,True,False,False,False,False,True,False,False,0.0,240.06,240.35,engulf,10,1.3,0.45,legacy,1,True,True,False,False,3,"a_volume,a_wick_le_q1,a_trend_align,a_room",False,True,False,False,False,False,False,none,0,False,False,0.0,16.348504551365362,16.348504551365362,True,True,True,True,7653.833822286747,A,direct_under_threshold,0.0,1,8200.108878056391,A,2023-11,2023-11-09 12:00:00,1.6826867975814883,up,True,False,a_fvg_absent+a_room+a_volume||up||long,1,3
BTC+ETH+SOL+XRP+DOGE+AVAX+LINK+BNB+ADA v19b norefine rpboost (9coins),orderbook_split_proxy,v19b_norefine_rpboost_9coins,1.0,3.0,capFixed,AVAXUSDT,2023-11-09 20:00:00+00:00,2023-11-10 04:00:00+00:00,long,12.629,12.629,0.0,12.629,12.460799999999999,409.5392651639744,5172.071379755833,5172.071379755833,0.009,0.009,68.88450440058072,0.16820000000000057,2.378216426023434,163.8222598639446,win,stop,2,9.25,B,2,tier_d_skip,D,1.0,0,0,0.4046511627906981,base,False,False,True,False,False,False,False,False,True,False,True,False,False,False,True,False,0.0,12.498,12.629,engulf,10,1.3,0.45,legacy,1,True,False,False,True,3,"a_volume,a_trend_align,a_fvg,a_room",False,True,True,True,False,False,False,SWEEP+VOLUME,2,False,False,0.0,5.796670630202119,5.172413793103437,True,True,True,True,7653.833822286747,A,direct_under_threshold,0.0,1,8363.931137920335,A,2023-11,2023-11-09 16:00:00,1.8360651291156458,up,False,False,a_room+a_vol_expansion+a_volume||up||long,1,3
BTC+ETH+SOL+XRP+DOGE+AVAX+LINK+BNB+ADA v19b norefine rpboost (9coins),orderbook_split_proxy,v19b_norefine_rpboost_9coins,1.0,3.0,capFixed,SOLUSDT,2023-11-10 08:00:00+00:00,2023-11-11 16:00:00+00:00,long,46.433,46.433,0.0,46.433,40.743674285714285,14.701093869382047,682.6158916370166,682.6158916370166,0.01,0.01,83.63931137920336,5.689325714285715,1.9855061397182896,166.06636626521808,win,stop,8,10.75,A,2,rp_pass_rp2,C,1.0,2,0,0.2387814666180225,base,False,False,True,False,False,True,True,True,True,False,True,False,False,False,True,True,0.125,45.759,46.831,engulf,10,1.3,0.45,legacy,1,False,True,False,True,3,"a_volume,a_score_ge13,a_wick_le_q1,a_pre_total_ge1,a_trend_align,a_fvg",False,True,False,True,False,False,False,SWEEP,1,False,True,0.125,3.094039765696562,2.845855697687499,False,False,False,False,8363.931137920335,A,direct_under_threshold,0.0,1,8529.997504185554,A,2023-11,2023-11-10 04:00:00,2.580992971552112,up,False,False,a_score_ge13+a_vol_expansion+a_volume||up||long,1,3
BTC+ETH+SOL+XRP+DOGE+AVAX+LINK+BNB+ADA v19b norefine rpboost (9coins),orderbook_split_proxy,v19b_norefine_rpboost_9coins,1.0,3.0,capFixed,XRPUSDT,2023-11-10 12:00:00+00:00,2023-11-12 12:00:00+00:00,long,0.6351,0.6351,0.0,0.6351,0.5930759999999999,1592.2199006130447,1011.2188588793447,1011.2188588793447,0.008,0.008,66.91144910336268,0.04202400000000006,0.7645514348943443,51.15724442283583,time_exit_non_runner,time_exit_non_runner,12,8.75,B,2,tier_d_skip,D,1.0,0,0,0.30434782608695765,base,False,False,True,False,False,False,True,False,True,False,True,False,False,False,True,False,0.0,0.6312,0.6351,engulf,10,1.3,0.45,legacy,1,True,True,False,True,3,"a_volume,a_wick_le_q1,a_trend_align,a_fvg,a_room",False,True,True,True,False,False,False,SWEEP+VOLUME,2,False,False,0.0,1.265943270512087,,False,False,False,False,8363.931137920335,A,direct_under_threshold,0.0,1,8581.15474860839,A,2023-11,2023-11-10 08:00:00,2.801652716163508,up,False,False,a_room+a_vol_expansion+a_volume||up||long,1,3
BTC+ETH+SOL+XRP+DOGE+AVAX+LINK+BNB+ADA v19b norefine rpboost (9coins),orderbook_split_proxy,v19b_norefine_rpboost_9coins,1.0,3.0,capFixed,DOGEUSDT,2023-11-11 20:00:00+00:00,2023-11-13 20:00:00+00:00,long,0.07748,0.07748,0.0,0.07748,0.06388142857142858,5018.1727096794975,388.80802154596745,388.80802154596745,0.008,0.008,68.23998003348443,0.013598571428571418,-0.22105373463599046,-15.084702437887154,time_exit_non_runner,time_exit_non_runner,12,13.75,S,3,rp_pass_rp3,S,1.0,0,0,0.15555555555555545,base,False,False,True,False,False,True,True,False,True,True,True,False,False,False,True,False,0.0,0.07701,0.07748,engulf,10,1.3,0.45,legacy,1,False,True,False,True,4,"a_volume,a_score_ge13,a_wick_le_q1,a_trend_align,a_mss,a_fvg",False,True,True,False,False,False,False,VOLUME,1,False,False,0.0,0.2191406660363493,,False,False,False,False,8529.997504185554,A,direct_under_threshold,0.0,1,8566.070046170502,A,2023-11,2023-11-11 16:00:00,2.480116990702282,up,False,False,a_score_ge13+a_vol_expansion+a_volume||up||long,1,3
BTC+ETH+SOL+XRP+DOGE+AVAX+LINK+BNB+ADA v19b norefine rpboost (9coins),orderbook_split_proxy,v19b_norefine_rpboost_9coins,1.0,3.0,capFixed,SOLUSDT,2023-11-15 00:00:00+00:00,2023-11-17 12:00:00+00:00,long,55.58,55.58,0.0,55.58,53.895582857142855,50.85480210466487,2826.5099009772734,2826.5099009772734,0.01,0.01,85.66070046170502,1.6844171428571428,0.8965384229729327,76.79810930269379,win,stop,15,11.0,B,1,rp_boost_rp1_x1.5,C,1.0,1,1,0.3746694870438924,expansion,True,False,True,False,False,True,False,True,True,False,False,True,False,True,False,True,0.39295154185021913,55.134,56.269,engulf,10,1.3,0.45,legacy,1,True,False,False,False,5,"a_volume,a_score_ge13,a_pre_total_ge1,a_trend_align,a_room",False,True,False,True,False,False,False,SWEEP,1,False,True,0.39295154185021913,7.584819505178559,,True,True,True,True,8566.070046170502,A,direct_under_threshold,0.0,1,8642.868155473196,A,2023-11,2023-11-14 20:00:00,-1.266131817981018,down,True,False,a_fvg_absent+a_ob+a_score_ge13+a_volume||down||long,1,4
BTC+ETH+SOL+XRP+DOGE+AVAX+LINK+BNB+ADA v19b norefine rpboost (9coins),orderbook_split_proxy,v19b_norefine_rpboost_9coins,1.0,3.0,capFixed,ETHUSDT,2023-11-17 16:00:00+00:00,2023-11-19 16:00:00+00:00,long,1910.01,1910.01,0.0,1910.01,1846.8374285714285,2.0522042937366236,3919.7307230798883,3919.7307230798883,0.015,0.015,129.64302233209793,63.17257142857147,1.0979840968503498,142.34597678825827,time_exit_non_runner,time_exit_non_runner,12,13.25,A,2,rp_pass_rp2,A,1.0,0,0,0.3615766188497095,base,False,False,True,False,False,True,False,False,False,True,True,False,False,False,True,False,0.0,1906.01,1910.01,engulf,10,1.3,0.45,legacy,1,True,True,False,False,5,"a_volume,a_score_ge13,a_mss,a_fvg,a_room",False,True,True,False,False,False,False,VOLUME,1,False,False,0.0,1.1983048701063752,,False,False,False,False,8642.868155473196,A,direct_under_threshold,0.0,1,8785.214132261453,A,2023-11,2023-11-17 12:00:00,0.09800842932668913,range,False,True,a_mss+a_room+a_score_ge13+a_trend_counter||range||long,1,4
BTC+ETH+SOL+XRP+DOGE+AVAX+LINK+BNB+ADA v19b norefine rpboost (9coins),orderbook_split_proxy,v19b_norefine_rpboost_9coins,1.0,3.0,capFixed,BNBUSDT,2023-11-20 00:00:00+00:00,2023-11-20 16:00:00+00:00,short,247.33,247.33,0.0,247.33,251.42479999999998,25.74547464763563,6367.62824459972,6367.62824459972,0.012,0.012,105.42256958713745,4.094799999999964,-1.0609009963856604,-111.84290911653073,loss,stop,4,10.25,B,1,tier_d_skip,D,1.0,0,0,0.33333333333334053,base,False,False,True,False,False,True,True,False,False,False,True,False,False,False,True,False,0.0,247.33,251.2,engulf,10,1.3,0.45,legacy,1,True,True,True,False,4,"a_volume,a_score_ge13,a_wick_le_q1,a_fvg,a_room",False,True,True,False,False,False,False,VOLUME,1,False,False,0.0,3.387222819185339,,False,False,False,False,8785.214132261453,A,direct_under_threshold,0.0,1,8673.371223144923,A,2023-11,2023-11-19 20:00:00,0.2703342135851757,range,False,True,a_room+a_score_ge13+a_volume||range||short,1,3
BTC+ETH+SOL+XRP+DOGE+AVAX+LINK+BNB+ADA v19b norefine rpboost (9coins),orderbook_split_proxy,v19b_norefine_rpboost_9coins,1.0,3.0,capFixed,BNBUSDT,2023-11-21 12:00:00+00:00,2023-11-21 16:00:00+00:00,long,250.65,250.65,0.0,250.65,248.0786285714286,40.47663185538449,10145.467774552122,10145.467774552122,0.012,0.012,104.08045467773907,2.5713714285714104,-1.0969771661592487,-114.17388222495232,loss,stop,1,7.75,B,2,rp_pass_rp2,B,1.0,0,0,0.1591954022988492,base,False,False,True,False,False,False,True,False,True,False,True,False,False,False,True,False,0.0,248.61,250.65,engulf,10,1.3,0.45,legacy,1,True,True,False,True,3,"a_volume,a_wick_le_q1,a_trend_align,a_fvg,a_room",False,True,True,True,False,False,False,SWEEP+VOLUME,2,False,False,0.0,6.319584879664026,,True,True,False,False,8673.371223144923,A,direct_under_threshold,0.0,1,8559.19734091997,A,2023-11,2023-11-21 08:00:00,1.618572235620926,up,False,False,a_room+a_vol_expansion+a_volume||up||long,1,3
BTC+ETH+SOL+XRP+DOGE+AVAX+LINK+BNB+ADA v19b norefine rpboost (9coins),orderbook_split_proxy,v19b_norefine_rpboost_9coins,1.0,3.0,capFixed,DOGEUSDT,2023-11-21 12:00:00+00:00,2023-11-21 16:00:00+00:00,long,0.07406,0.07406,0.0,0.07406,0.07324622857142858,85265.92031741473,6314.794058707735,6314.794058707735,0.008,0.008,69.38696978515938,0.0008137714285714193,-1.0905083561547655,-75.66707035897454,loss,stop,1,8.5,B,1,tier_d_skip,D,1.0,0,0,0.44282238442822447,base,False,False,True,False,False,False,False,False,True,False,False,True,False,True,False,False,0.0,0.0734,0.07406,engulf,10,1.3,0.45,legacy,1,True,True,False,False,4,"a_volume,a_trend_align,a_room",False,True,True,True,False,False,False,SWEEP+VOLUME,2,False,False,0.0,2.8632118531002346,,False,False,False,False,8673.371223144923,A,direct_under_threshold,0.0,1,8483.530270560996,A,2023-11,2023-11-21 08:00:00,1.618572235620926,up,True,False,a_fvg_absent+a_room+a_volume||up||long,1,3
BTC+ETH+SOL+XRP+DOGE+AVAX+LINK+BNB+ADA v19b norefine rpboost (9coins),orderbook_split_proxy,v19b_norefine_rpboost_9coins,1.0,3.0,capFixed,XRPUSDT,2023-11-21 12:00:00+00:00,2023-11-21 16:00:00+00:00,long,0.6029,0.6029,0.0,0.6029,0.6003839285714285,27577.50396003456,16626.477137504837,16626.477137504837,0.008,0.008,69.38696978515938,0.0025160714285714647,-1.239119588360536,-85.97875343777163,loss,stop,1,8.0,B,0,tier_d_skip,D,1.0,0,0,0.2588832487309578,base,False,False,False,False,False,False,True,False,False,False,False,True,False,True,False,False,0.0,0.6009,0.6029,engulf,10,1.3,0.45,legacy,1,True,True,True,False,4,"a_wick_le_q1,a_room",False,False,False,True,False,False,False,SWEEP,1,False,False,0.0,1.4308019872249806,,False,False,False,False,8673.371223144923,A,direct_under_threshold,0.0,1,8397.551517123224,A,2023-11,2023-11-21 08:00:00,1.618572235620926,up,True,True,a_fvg_absent+a_ob+a_room+a_trend_counter||up||long,1,4
BTC+ETH+SOL+XRP+DOGE+AVAX+LINK+BNB+ADA v19b norefine rpboost (9coins),orderbook_split_proxy,v19b_norefine_rpboost_9coins,1.0,3.0,capFixed,LINKUSDT,2023-11-21 16:00:00+00:00,2023-11-21 20:00:00+00:00,long,13.704,13.704,0.0,13.704,13.498759999999999,327.32611643434643,4485.677099616284,4485.677099616284,0.008,0.008,67.1804121369858,0.20524000000000164,-1.0662706100175399,-71.63249903053358,loss,stop,1,7.5,B,1,rp_boost_rp1_x1.5,B,1.0,0,0,0.16891064871481012,base,False,False,True,False,False,False,True,False,True,False,False,True,False,True,False,False,0.0,13.536,13.704,engulf,10,1.3,0.45,legacy,1,True,True,True,False,4,"a_volume,a_wick_le_q1,a_trend_align,a_room",False,True,False,True,False,False,False,SWEEP,1,False,False,0.0,2.5238744884037945,,False,False,False,False,8397.551517123224,A,direct_under_threshold,0.0,1,8325.91901809269,A,2023-11,2023-11-21 12:00:00,1.4588462613868682,up,True,False,a_fvg_absent+a_room+a_volume||up||long,1,3
BTC+ETH+SOL+XRP+DOGE+AVAX+LINK+BNB+ADA v19b norefine rpboost (9coins),orderbook_split_proxy,v19b_norefine_rpboost_9coins,1.0,3.0,capFixed,DOGEUSDT,2023-11-22 08:00:00+00:00,2023-11-22 12:00:00+00:00,short,0.07465,0.07465,0.0,0.07465,0.07526517857142856,108273.19942251273,8082.594336890575,8082.594336890575,0.008,0.008,66.60735214474153,0.0006151785714285651,0.12877812046444,8.5775696183129,win,stop,1,8.5,B,0,rp_boost_rp0_x1.5,C,1.0,1,0,0.27808471454880224,base,False,True,True,False,False,False,True,True,False,False,False,True,False,True,False,True,0.7619047619047572,0.07465,0.07549,engulf,10,1.3,0.45,legacy,1,True,True,False,False,6,"a_sweep,a_volume,a_wick_le_q1,a_pre_total_ge1,a_room",True,True,True,True,False,False,False,SWEEP+VOLUME,2,False,True,0.7619047619047572,1.3492017416545814,,False,False,False,False,8325.91901809269,A,direct_under_threshold,0.0,1,8334.496587711004,A,2023-11,2023-11-22 04:00:00,0.4473128474415077,range,True,True,a_fvg_absent+a_ob+a_room+a_trend_counter||range||short,1,4
BTC+ETH+SOL+XRP+DOGE+AVAX+LINK+BNB+ADA v19b norefine rpboost (9coins),orderbook_split_proxy,v19b_norefine_rpboost_9coins,1.0,3.0,capFixed,SOLUSDT,2023-11-22 12:00:00+00:00,2023-11-24 12:00:00+00:00,short,55.399,55.399,0.0,55.399,61.99700571428571,12.63184202715302,699.7914164622501,699.7914164622501,0.01,0.01,83.34496587711004,6.598005714285712,-0.42676205840552706,-35.56846919545389,time_exit_non_runner,time_exit_non_runner,12,8.5,B,0,tier_d_skip,D,1.0,0,0,0.3810709838107094,base,False,False,True,False,False,False,False,False,False,False,False,True,False,True,False,False,0.0,55.399,56.299,engulf,10,1.3,0.45,legacy,1,True,False,False,False,5,"a_volume,a_room",False,True,True,False,False,False,False,VOLUME,1,False,False,0.0,0.14989377742711937,,False,False,False,False,8334.496587711004,A,direct_under_threshold,0.0,1,8298.92811851555,A,2023-11,2023-11-22 08:00:00,0.13580200830053082,range,True,True,a_fvg_absent+a_ob+a_room+a_trend_counter||range||short,1,4
BTC+ETH+SOL+XRP+DOGE+AVAX+LINK+BNB+ADA v19b norefine rpboost (9coins),orderbook_split_proxy,v19b_norefine_rpboost_9coins,1.0,3.0,capFixed,LINKUSDT,2023-11-23 00:00:00+00:00,2023-11-25 00:00:00+00:00,short,14.227,14.227,0.0,14.227,15.442782857142856,54.84200760848002,780.2372422458452,780.2372422458452,0.008,0.008,66.67597270168804,1.2157828571428553,-0.4503217797351033,-30.025642692593323,time_exit_non_runner,time_exit_non_runner,12,8.5,B,0,rp_boost_rp0_x1.5,A,1.0,6,4,0.4581358609794609,base,False,False,False,True,True,False,False,True,False,False,False,True,False,True,False,True,0.2753036437246949,14.227,14.474,engulf,10,1.3,0.45,legacy,1,True,False,True,False,4,"a_pre_total_ge4,a_sweep_count_2_4,a_pre_total_ge1,a_room",False,False,False,True,False,False,False,SWEEP,1,False,True,0.2753036437246949,0.08471907577480935,,False,False,False,False,8334.496587711004,A,direct_under_threshold,0.0,1,8268.902475822957,A,2023-11,2023-11-22 20:00:00,-0.34697123553119313,range,True,True,a_fvg_absent+a_ob+a_room+a_trend_counter||range||short,1,4
BTC+ETH+SOL+XRP+DOGE+AVAX+LINK+BNB+ADA v19b norefine rpboost (9coins),orderbook_split_proxy,v19b_norefine_rpboost_9coins,1.0,3.0,capFixed,BNBUSDT,2023-11-26 12:00:00+00:00,2023-11-27 04:00:00+00:00,long,231.9,231.9,0.0,231.9,227.63942857142857,23.289559011840357,5400.848734845779,5400.848734845779,0.012,0.012,99.22682970987549,4.2605714285714384,-1.0539293186695278,-104.57806502986632,loss,stop,4,8.5,B,0,tier_d_skip,D,1.0,0,0,0.30769230769230643,base,False,False,True,False,False,False,True,False,False,False,False,True,False,True,False,False,0.0,227.81,231.9,engulf,10,1.3,0.45,legacy,1,True,False,True,False,5,"a_volume,a_wick_le_q1,a_room",False,True,True,True,False,False,False,SWEEP+VOLUME,2,False,False,0.0,0.28165236051501813,,False,False,False,False,8268.902475822957,A,direct_under_threshold,0.0,1,8164.3244107930905,A,2023-11,2023-11-26 08:00:00,1.1067130206212854,up,True,True,a_fvg_absent+a_ob+a_room+a_trend_counter||up||long,2,4
BTC+ETH+SOL+XRP+DOGE+AVAX+LINK+BNB+ADA v19b norefine rpboost (9coins),orderbook_split_proxy,v19b_norefine_rpboost_9coins,1.0,3.0,capFixed,ETHUSDT,2023-11-28 12:00:00+00:00,2023-11-28 20:00:00+00:00,long,2023.2,2023.2,0.0,2023.2,2015.6991071428572,12.106056362385958,24492.97323237927,24492.97323237927,0.015,0.015,90.80623169678952,7.500892857142844,2.3754961526008804,215.70985402790765,win,stop,2,11.0,B,1,rp_boost_rp1_x1.5,C,1.0,3,0,0.24702790639469674,base,False,False,True,True,False,True,True,True,True,False,False,True,False,True,False,True,0.23012232415902198,2014.17,2027.25,engulf,10,1.3,0.45,legacy,1,True,False,False,False,5,"a_volume,a_pre_total_ge4,a_score_ge13,a_wick_le_q1,a_pre_total_ge1,a_trend_align,a_room",False,True,False,False,False,False,False,none,0,False,True,0.23012232415902198,7.021830734436368,5.625996905130357,True,True,True,True,8164.3244107930905,A,direct_under_threshold,0.0,1,8380.034264820999,A,2023-11,2023-11-28 08:00:00,-0.8525897697949745,range,True,False,a_fvg_absent+a_ob+a_score_ge13+a_volume||range||long,2,4
BTC+ETH+SOL+XRP+DOGE+AVAX+LINK+BNB+ADA v19b norefine rpboost (9coins),orderbook_split_proxy,v19b_norefine_rpboost_9coins,1.0,3.0,capFixed,SOLUSDT,2023-11-28 16:00:00+00:00,2023-11-30 16:00:00+00:00,short,57.576,57.576,0.0,57.576,67.34257714285714,8.359453154746372,481.30387483767714,481.30387483767714,0.01,0.01,81.64324410793091,9.766577142857138,-0.25257364621382217,-20.620931853065265,time_exit_non_runner,time_exit_non_runner,12,7.5,B,0,rp_boost_rp0_x1.5,B,1.0,0,0,0.2160751565762001,base,False,False,False,False,False,False,True,False,False,False,False,True,False,True,False,False,0.0,57.576,58.49,engulf,10,1.3,0.45,legacy,1,True,False,True,False,4,"a_wick_le_q1,a_room",False,False,False,False,False,False,False,none,0,False,False,0.0,0.0008191201362550578,,False,False,False,False,8164.3244107930905,A,direct_under_threshold,0.0,1,8359.413332967933,A,2023-11,2023-11-28 12:00:00,-0.8837719797659552,range,True,True,a_fvg_absent+a_ob+a_room+a_trend_counter||range||short,1,4
BTC+ETH+SOL+XRP+DOGE+AVAX+LINK+BNB+ADA v19b norefine rpboost (9coins),orderbook_split_proxy,v19b_norefine_rpboost_9coins,1.0,3.0,capFixed,AVAXUSDT,2023-11-29 04:00:00+00:00,2023-12-01 04:00:00+00:00,short,21.194,21.194,0.0,21.194,24.16705142857143,25.36797973240204,537.6489624485289,537.6489624485289,0.009,0.009,75.42030838338898,2.9730514285714307,-0.3725926128806579,-28.10104976483189,time_exit_non_runner,time_exit_non_runner,12,7.5,B,0,tier_d_skip,D,1.0,0,0,0.38159156279961515,base,False,False,False,False,False,False,False,False,False,False,False,True,False,True,False,False,0.0,21.194,21.928,engulf,10,1.3,0.45,legacy,1,True,False,True,False,4,a_room,False,False,False,True,False,False,False,SWEEP,1,False,False,0.0,0.14934151348109836,,False,False,False,False,8380.034264820999,A,direct_under_threshold,0.0,1,9812.793764684584,A,2023-12,2023-11-29 00:00:00,-0.4535430313081872,range,True,True,a_fvg_absent+a_ob+a_room+a_trend_counter||range||short,1,4
BTC+ETH+SOL+XRP+DOGE+AVAX+LINK+BNB+ADA v19b norefine rpboost (9coins),orderbook_split_proxy,v19b_norefine_rpboost_9coins,1.0,3.0,capFixed,DOGEUSDT,2023-12-03 12:00:00+00:00,2023-12-03 20:00:00+00:00,long,0.08483,0.08483,0.0,0.08483,0.0834729142857143,57846.27256119618,4907.099301366272,4907.099301366272,0.008,0.008,78.50235011747667,0.001357085714285708,0.1873660522548315,14.70867543423821,win,stop,2,8.5,B,1,tier_d_skip,D,1.0,0,0,0.3953488372093031,base,False,False,True,False,False,False,False,False,True,False,False,True,False,True,False,False,0.0,0.08357,0.08483,engulf,10,1.3,0.45,legacy,1,True,False,True,False,4,"a_volume,a_trend_align,a_room",False,True,True,False,False,False,False,VOLUME,1,False,False,0.0,1.1421533538254265,,False,False,False,False,9812.793764684584,A,direct_under_threshold,0.0,1,9827.502440118822,A,2023-12,2023-12-03 08:00:00,1.8916021766405042,up,True,False,a_fvg_absent+a_room+a_volume||up||long,1,3
BTC+ETH+SOL+XRP+DOGE+AVAX+LINK+BNB+ADA v19b norefine rpboost (9coins),orderbook_split_proxy,v19b_norefine_rpboost_9coins,1.0,3.0,capFixed,SOLUSDT,2023-12-04 08:00:00+00:00,2023-12-04 16:00:00+00:00,long,59.984,59.984,0.0,59.984,59.46201714285714,188.27251327583684,11293.338436337797,11293.338436337797,0.01,0.01,98.27502440118822,0.5219828571428593,1.7011452226126733,167.18008826222524,win,stop,2,7.5,B,1,rp_boost_rp1_x1.5,B,1.0,0,0,0.20768352985926067,base,False,False,True,False,False,False,True,False,True,False,False,True,False,True,False,False,0.0,59.578,59.984,engulf,10,1.3,0.45,legacy,1,True,True,True,False,4,"a_volume,a_wick_le_q1,a_trend_align,a_room",False,True,False,False,False,False,False,none,0,False,False,0.0,4.413938060363202,2.6590911578924175,False,False,False,False,9827.502440118822,A,direct_under_threshold,0.0,1,9994.682528381047,A,2023-12,2023-12-04 04:00:00,2.866417236485608,up,True,False,a_fvg_absent+a_room+a_volume||up||long,1,3
BTC+ETH+SOL+XRP+DOGE+AVAX+LINK+BNB+ADA v19b norefine rpboost (9coins),orderbook_split_proxy,v19b_norefine_rpboost_9coins,1.0,3.0,capFixed,XRPUSDT,2023-12-05 04:00:00+00:00,2023-12-05 08:00:00+00:00,long,0.6152,0.6152,0.0,0.6152,0.6103594285714287,16518.18621146715,10161.98815729459,10161.98815729459,0.008,0.008,79.95746022704837,0.004840571428571305,-1.126592433006732,-90.07946965422944,loss,stop,1,7.75,B,2,tier_d_skip,D,1.0,0,0,0.33980582524271413,base,False,True,True,False,False,False,True,False,True,False,True,False,False,False,True,False,0.0,0.6115,0.6152,engulf,10,1.3,0.45,legacy,1,True,False,True,True,4,"a_sweep,a_volume,a_wick_le_q1,a_trend_align,a_fvg,a_room",True,True,True,True,False,False,False,SWEEP+VOLUME,2,False,False,0.0,0.0,,False,False,False,False,9994.682528381047,A,direct_under_threshold,0.0,1,9904.603058726818,A,2023-12,2023-12-05 00:00:00,4.136551156756308,up,False,False,a_room+a_vol_expansion+a_volume||up||long,1,3
BTC+ETH+SOL+XRP+DOGE+AVAX+LINK+BNB+ADA v19b norefine rpboost (9coins),orderbook_split_proxy,v19b_norefine_rpboost_9coins,1.0,3.0,capFixed,ETHUSDT,2023-12-06 20:00:00+00:00,2023-12-07 00:00:00+00:00,long,2243.66,2243.66,0.0,2243.66,2231.5189714285716,12.236940635370306,27455.53422595494,27455.53422595494,0.015,0.015,148.56904588090225,12.14102857142825,-1.1842998286800883,-175.95029558391673,loss,stop,1,7.5,B,1,tier_d_skip,D,1.0,0,0,0.34559956494153754,base,False,False,True,False,False,False,True,False,True,False,False,True,False,True,False,False,0.0,2234.81,2243.66,engulf,10,1.3,0.45,legacy,1,True,False,False,True,5,"a_volume,a_wick_le_q1,a_trend_align,a_room",False,True,False,False,False,False,False,none,0,False,False,0.0,0.5823229851083745,,False,False,False,False,9904.603058726818,A,direct_under_threshold,0.0,1,9728.652763142902,A,2023-12,2023-12-06 16:00:00,5.19853026117657,up,True,False,a_fvg_absent+a_room+a_vol_expansion||up||long,3,3
BTC+ETH+SOL+XRP+DOGE+AVAX+LINK+BNB+ADA v19b norefine rpboost (9coins),orderbook_split_proxy,v19b_norefine_rpboost_9coins,1.0,3.0,capFixed,XRPUSDT,2023-12-07 08:00:00+00:00,2023-12-09 00:00:00+00:00,long,0.6333,0.6333,0.0,0.6333,0.627108,12569.318815430157,7960.149605811918,7960.149605811918,0.008,0.008,77.82922210514322,0.006191999999999975,3.3783183554817358,262.9318896306702,win,stop,10,8.5,B,1,rp_boost_rp1_x1.5,C,1.0,1,0,0.3130699088145875,base,False,False,True,False,False,False,True,True,True,False,False,False,False,True,False,True,0.20754716981131996,0.6282,0.6335,engulf,10,1.3,0.45,legacy,1,True,True,False,False,3,"a_volume,a_wick_le_q1,a_pre_total_ge1,a_trend_align,a_room",False,True,True,False,False,False,False,VOLUME,1,False,True,0.20754716981131996,7.541989664082729,7.541989664082729,True,True,True,True,9728.652763142902,A,direct_under_threshold,0.0,1,9991.584652773572,A,2023-12,2023-12-07 04:00:00,5.35392871708138,up,True,False,a_fvg_absent+a_room+a_volume||up||long,1,3
BTC+ETH+SOL+XRP+DOGE+AVAX+LINK+BNB+ADA v19b norefine rpboost (9coins),orderbook_split_proxy,v19b_norefine_rpboost_9coins,1.0,3.0,capFixed,SOLUSDT,2023-12-06 12:00:00+00:00,2023-12-09 20:00:00+00:00,long,62.611,62.611,0.0,62.611,58.80997142857143,26.05769168160791,1631.4981338771527,1631.4981338771527,0.01,0.01,99.04603058726818,3.801028571428567,2.272544860037886,225.08654771825155,time_exit_non_runner,time_exit_non_runner,20,10.75,A,2,rp_pass_rp2,C,1.0,1,0,0.3889075067024135,expansion,True,False,True,False,False,True,False,True,True,False,True,False,False,False,True,True,1.0,61.7,62.611,engulf,10,1.3,0.45,legacy,1,True,False,False,True,4,"a_volume,a_score_ge13,a_pre_total_ge1,a_trend_align,a_fvg,a_room",False,True,True,False,False,False,False,VOLUME,1,False,True,1.0,4.016807480681927,,False,False,False,False,9904.603058726818,A,direct_under_threshold,0.0,1,10216.671200491824,A,2023-12,2023-12-06 08:00:00,5.138776678387415,up,False,False,a_room+a_score_ge13+a_vol_expansion+a_volume||up||long,3,4
BTC+ETH+SOL+XRP+DOGE+AVAX+LINK+BNB+ADA v19b norefine rpboost (9coins),orderbook_split_proxy,v19b_norefine_rpboost_9coins,1.0,3.0,capFixed,LINKUSDT,2023-12-07 20:00:00+00:00,2023-12-09 20:00:00+00:00,long,15.036,15.036,0.0,15.036,14.242805714285714,98.12125920077274,1475.3512533428188,1475.3512533428188,0.008,0.008,77.82922210514322,0.7931942857142857,1.443668900791736,112.359627526008,time_exit_non_runner,time_exit_non_runner,12,10.25,A,2,rp_pass_rp2,A,1.0,5,3,0.3154235145385601,base,False,False,True,True,True,True,True,True,True,False,True,False,False,False,True,True,0.016949152542371095,15.012,15.248,engulf,10,1.3,0.45,legacy,1,True,False,True,True,4,"a_volume,a_pre_total_ge4,a_sweep_count_2_4,a_score_ge13,a_wick_le_q1,a_pre_total_ge1,a_trend_align,a_fvg,a_room",False,True,True,True,False,False,False,SWEEP+VOLUME,2,False,True,0.016949152542371095,2.9299252930285498,,False,False,False,False,9728.652763142902,A,direct_under_threshold,0.0,1,10329.030828017832,A,2023-12,2023-12-07 16:00:00,3.884347372378874,up,False,False,a_room+a_score_ge13+a_vol_expansion+a_volume||up||long,3,4
BTC+ETH+SOL+XRP+DOGE+AVAX+LINK+BNB+ADA v19b norefine rpboost (9coins),orderbook_split_proxy,v19b_norefine_rpboost_9coins,1.0,3.0,capFixed,BNBUSDT,2023-12-09 20:00:00+00:00,2023-12-10 08:00:00+00:00,long,236.33,236.33,0.0,236.33,234.96897142857145,91.06963111444115,21522.48592127588,21522.48592127588,0.012,0.012,123.948369936214,1.3610285714285624,2.013056117222267,249.51502431982414,win,stop,3,10.25,A,2,tier_d_skip,D,1.0,0,0,0.6148023549201018,base,False,False,True,False,False,True,False,False,False,True,True,False,False,False,True,False,0.0,235.3,236.33,engulf,10,1.3,0.45,legacy,1,True,False,False,True,6,"a_volume,a_score_ge13,a_mss,a_fvg,a_room",False,True,True,False,False,False,False,VOLUME,1,False,False,0.0,3.8059450835502657,3.8059450835502657,True,True,True,False,10329.030828017832,A,direct_under_threshold,0.0,1,10578.545852337656,A,2023-12,2023-12-09 16:00:00,1.0264135628285078,up,False,True,a_mss+a_room+a_score_ge13+a_trend_counter+a_vol_expansion+a_volume||up||long,5,6
BTC+ETH+SOL+XRP+DOGE+AVAX+LINK+BNB+ADA v19b norefine rpboost (9coins),orderbook_split_proxy,v19b_norefine_rpboost_9coins,1.0,3.0,capFixed,LINKUSDT,2023-12-12 00:00:00+00:00,2023-12-12 08:00:00+00:00,short,14.948,14.948,0.0,14.948,15.09319642857143,582.854328108135,8712.506496560402,8712.506496560402,0.008,0.008,84.62836681870125,0.14519642857142934,0.14717480937154154,12.455163753967248,win,stop,2,7.75,B,1,rp_boost_rp1_x1.5,B,1.0,1,0,0.05932809149392567,base,False,True,True,False,False,False,True,True,False,False,True,False,False,False,True,True,0.38690476190475653,14.899,15.067,engulf,10,1.3,0.45,legacy,1,True,True,False,True,5,"a_sweep,a_volume,a_wick_le_q1,a_pre_total_ge1,a_fvg,a_room",True,True,True,True,False,False,False,SWEEP+VOLUME,2,False,True,0.38690476190475653,1.7975648751691033,,False,False,False,False,10578.545852337656,A,direct_under_threshold,0.0,1,10591.001016091624,A,2023-12,2023-12-11 20:00:00,-1.7930711326290052,down,False,True,a_sweep+a_trend_counter+a_vol_expansion+a_volume||down||short,1,4
BTC+ETH+SOL+XRP+DOGE+AVAX+LINK+BNB+ADA v19b norefine rpboost (9coins),orderbook_split_proxy,v19b_norefine_rpboost_9coins,1.0,3.0,capFixed,DOGEUSDT,2023-12-16 20:00:00+00:00,2023-12-18 20:00:00+00:00,short,0.09703,0.09703,0.0,0.09703,0.1077576,7898.132679139143,766.3558138568711,766.3558138568711,0.008,0.008,84.728008128733,0.01072759999999999,0.4460839330325528,37.79580310407932,time_exit_non_runner,time_exit_non_runner,12,7.5,B,0,rp_boost_rp0_x1.5,B,1.0,0,0,0.16136919315403628,base,False,False,True,False,False,False,True,False,False,False,False,True,False,True,False,False,0.0,0.09703,0.09891,engulf,10,1.3,0.45,legacy,1,True,True,True,False,5,"a_volume,a_wick_le_q1,a_room",False,True,True,False,False,False,False,VOLUME,1,False,False,0.0,0.9936984973339809,,False,False,False,False,10591.001016091624,A,direct_under_threshold,0.0,1,10628.796819195704,A,2023-12,2023-12-16 16:00:00,0.42900796414011716,range,True,True,a_fvg_absent+a_ob+a_room+a_trend_counter||range||short,1,4
BTC+ETH+SOL+XRP+DOGE+AVAX+LINK+BNB+ADA v19b norefine rpboost (9coins),orderbook_split_proxy,v19b_norefine_rpboost_9coins,1.0,3.0,capFixed,LINKUSDT,2024-01-01 04:00:00+00:00,2024-01-01 16:00:00+00:00,short,15.026,15.026,0.0,15.026,15.421719999999999,244.82519560653427,3678.7433891837836,3678.7433891837836,0.008,0.008,96.88222640541748,0.39571999999999896,-1.0384712928333166,-100.60941090780398,loss,stop,3,10.25,B,1,rp_boost_rp1_x1.5,C,1.0,3,0,0.26033834586466303,base,False,False,True,True,False,True,True,True,False,False,True,False,False,False,True,True,0.22448979591837012,15.003,15.395,engulf,10,1.3,0.45,legacy,1,True,False,False,False,4,"a_volume,a_pre_total_ge4,a_score_ge13,a_wick_le_q1,a_pre_total_ge1,a_fvg,a_room",False,True,True,False,False,False,False,VOLUME,1,False,True,0.22448979591837012,0.0,,False,False,False,False,12110.278300677186,A,direct_under_threshold,0.0,1,12009.668889769382,A,2024-01,2024-01-01 00:00:00,-0.37056472128018186,range,False,True,a_room+a_score_ge13+a_volume||range||short,1,3
BTC+ETH+SOL+XRP+DOGE+AVAX+LINK+BNB+ADA v19b norefine rpboost (9coins),orderbook_split_proxy,v19b_norefine_rpboost_9coins,1.0,3.0,capFixed,XRPUSDT,2024-01-02 00:00:00+00:00,2024-01-03 08:00:00+00:00,short,0.6325,0.6325,0.0,0.6325,0.6435194285714286,8718.905022649331,5514.707426825701,5514.707426825701,0.008,0.008,96.07735111815506,0.01101942857142868,0.5929263793818715,56.966795939088485,win,stop,8,7.5,B,0,tier_d_skip,D,1.0,0,0,0.2794117647058831,base,False,False,True,False,False,False,True,False,False,False,False,True,False,True,False,False,0.0,0.6325,0.6352,engulf,10,1.3,0.45,legacy,1,True,False,True,False,5,"a_volume,a_wick_le_q1,a_room",False,True,False,False,False,False,False,none,0,False,False,0.0,2.0236984028209704,,False,False,False,False,12009.668889769382,A,direct_under_threshold,0.0,1,12066.63568570847,A,2024-01,2024-01-01 20:00:00,0.5415378720832881,range,True,True,a_fvg_absent+a_ob+a_room+a_trend_counter||range||short,1,4
BTC+ETH+SOL+XRP+DOGE+AVAX+LINK+BNB+ADA v19b norefine rpboost (9coins),orderbook_split_proxy,v19b_norefine_rpboost_9coins,1.0,3.0,capFixed,LINKUSDT,2024-01-03 08:00:00+00:00,2024-01-03 12:00:00+00:00,long,15.016,15.016,0.0,15.016,13.83028,81.41305323825843,1222.4984074256886,1222.4984074256886,0.008,0.008,96.53308548566777,1.1857199999999999,-1.0121640353540464,-97.70731735035062,loss,stop,1,8.5,B,0,tier_d_skip,D,1.0,0,0,0.3588785046728962,base,False,False,False,False,False,False,False,False,False,False,False,True,False,True,False,False,0.0,14.898,15.016,engulf,10,1.3,0.45,legacy,1,True,False,True,False,4,a_room,False,False,False,False,False,False,False,none,0,False,False,0.0,0.0,,False,False,False,False,12066.63568570847,A,direct_under_threshold,0.0,1,11968.92836835812,A,2024-01,2024-01-03 04:00:00,4.006606047260215,up,True,True,a_fvg_absent+a_ob+a_room+a_trend_counter||up||long,1,4
BTC+ETH+SOL+XRP+DOGE+AVAX+LINK+BNB+ADA v19b norefine rpboost (9coins),orderbook_split_proxy,v19b_norefine_rpboost_9coins,1.0,3.0,capFixed,AVAXUSDT,2024-01-04 00:00:00+00:00,2024-01-04 12:00:00+00:00,short,37.697,37.697,0.0,37.697,38.15088,237.33223608712333,8946.713303776289,8946.713303776289,0.009,0.009,107.72035531522307,0.45387999999999806,1.8296698932379922,197.0926910091628,win,stop,3,10.25,B,1,rp_boost_rp1_x1.5,B,1.0,0,0,0.1971134020618548,base,False,False,True,False,False,True,True,False,False,False,True,False,False,False,True,True,0.2563472563472532,36.789,38.01,engulf,10,1.3,0.45,legacy,1,True,True,False,False,4,"a_volume,a_score_ge13,a_wick_le_q1,a_fvg,a_room",False,True,False,False,False,False,False,none,0,False,True,0.2563472563472532,3.6265092094827,1.9674803912928627,False,False,False,False,11968.92836835812,A,direct_under_threshold,0.0,1,12166.021059367282,A,2024-01,2024-01-03 20:00:00,2.2824798060103175,up,False,True,a_room+a_score_ge13+a_trend_counter||up||short,2,3
BTC+ETH+SOL+XRP+DOGE+AVAX+LINK+BNB+ADA v19b norefine rpboost (9coins),orderbook_split_proxy,v19b_norefine_rpboost_9coins,1.0,3.0,capFixed,BTCUSDT,2024-01-03 12:00:00+00:00,2024-01-05 00:00:00+00:00,long,42595.1,42595.1,0.0,42595.1,41433.77485714286,0.22673789999591074,9657.923524115817,9657.923524115817,0.022,0.022,263.3164241038786,1161.3251428571384,0.21319698586934419,56.13826794884085,win,stop,9,8.75,B,2,tier_d_skip,D,1.0,0,0,0.2694056238424032,base,False,False,True,False,False,False,True,False,True,False,True,False,False,False,True,False,0.0,41750.0,42595.1,engulf,10,1.3,0.45,legacy,1,True,False,False,True,3,"a_volume,a_wick_le_q1,a_trend_align,a_fvg,a_room",False,True,True,False,False,False,False,VOLUME,1,False,False,0.0,1.9337392407392848,,False,False,False,False,11968.92836835812,A,direct_under_threshold,0.0,1,12222.159327316123,A,2024-01,2024-01-03 08:00:00,3.9808207636616055,up,False,False,a_room+a_vol_expansion+a_volume||up||long,1,3
BTC+ETH+SOL+XRP+DOGE+AVAX+LINK+BNB+ADA v19b norefine rpboost (9coins),orderbook_split_proxy,v19b_norefine_rpboost_9coins,1.0,3.0,capFixed,SOLUSDT,2024-01-04 08:00:00+00:00,2024-01-05 00:00:00+00:00,long,97.962,97.962,0.0,97.962,96.49053714285715,81.34033632081102,7968.262026659289,7968.262026659289,0.01,0.01,119.6892836835812,1.4714628571428534,3.1636705094250277,378.65745708395195,win,stop,4,7.5,B,0,tier_d_skip,D,1.0,0,0,0.26939027618459527,base,False,False,False,False,False,False,True,False,False,False,False,True,False,True,False,False,0.0,96.935,97.962,engulf,10,1.3,0.45,legacy,1,True,True,False,False,4,"a_wick_le_q1,a_room",False,False,False,False,False,False,False,none,0,False,False,0.0,7.025661537983595,7.025661537983595,True,True,True,True,11968.92836835812,A,direct_under_threshold,0.0,1,12600.816784400075,A,2024-01,2024-01-04 04:00:00,1.0261784447459452,up,True,True,a_fvg_absent+a_ob+a_room+a_trend_counter||up||long,1,4
BTC+ETH+SOL+XRP+DOGE+AVAX+LINK+BNB+ADA v19b norefine rpboost (9coins),orderbook_split_proxy,v19b_norefine_rpboost_9coins,1.0,3.0,capFixed,ETHUSDT,2024-01-03 16:00:00+00:00,2024-01-05 16:00:00+00:00,long,2202.27,2202.27,0.0,2202.27,2141.6534857142856,2.961798903169245,6522.6808704825335,6522.6808704825335,0.015,0.015,179.53392552537179,60.6165142857144,0.609648553576632,109.45259801447767,time_exit_non_runner,time_exit_non_runner,12,8.75,B,2,rp_pass_rp2,B,1.0,0,0,0.15087568188344005,base,False,True,True,False,False,False,True,False,True,False,True,False,False,False,True,False,0.0,2187.89,2202.27,engulf,10,1.3,0.45,legacy,1,True,True,False,True,4,"a_sweep,a_volume,a_wick_le_q1,a_trend_align,a_fvg,a_room",True,True,True,True,False,False,False,SWEEP+VOLUME,2,False,False,0.0,1.5388545695703861,,False,False,False,False,11968.92836835812,A,direct_under_threshold,0.0,1,12710.269382414552,A,2024-01,2024-01-03 12:00:00,3.642904725256103,up,False,False,a_room+a_vol_expansion+a_volume||up||long,1,3
BTC+ETH+SOL+XRP+DOGE+AVAX+LINK+BNB+ADA v19b norefine rpboost (9coins),orderbook_split_proxy,v19b_norefine_rpboost_9coins,1.0,3.0,capFixed,ETHUSDT,2024-01-09 20:00:00+00:00,2024-01-10 00:00:00+00:00,short,2354.95,2354.95,0.0,2354.95,2379.392,7.800263511014574,18369.23055526377,18369.23055526377,0.015,0.015,190.65404073621826,24.442000000000007,-1.0968484984862121,-209.11859831185012,loss,stop,1,10.25,B,1,rp_boost_rp1_x1.5,B,1.0,0,0,0.20616840900816308,base,False,False,True,False,False,True,True,False,False,False,True,False,False,False,True,False,0.0,2354.95,2375.66,engulf,10,1.3,0.45,legacy,1,True,False,False,False,4,"a_volume,a_score_ge13,a_wick_le_q1,a_fvg,a_room",False,True,False,False,False,False,False,none,0,False,False,0.0,0.6116520742983313,,False,False,False,False,12710.269382414552,A,direct_under_threshold,0.0,1,12501.150784102701,A,2024-01,2024-01-09 16:00:00,3.4569477539800024,up,False,True,a_room+a_score_ge13+a_trend_counter||up||short,2,3
BTC+ETH+SOL+XRP+DOGE+AVAX+LINK+BNB+ADA v19b norefine rpboost (9coins),orderbook_split_proxy,v19b_norefine_rpboost_9coins,1.0,3.0,capFixed,BTCUSDT,2024-01-10 08:00:00+00:00,2024-01-10 20:00:00+00:00,long,44960.0,44960.0,0.0,44960.0,43648.032,0.20962806810094398,9424.87794181844,9424.87794181844,0.022,0.022,275.02531725025943,1311.9680000000008,0.6154058714846703,169.25219504274384,win,stop,3,7.75,B,2,rp_pass_rp2,C,1.0,1,1,0.36049774307673504,base,False,False,True,False,False,False,False,True,True,False,True,False,False,False,True,False,0.0,43738.8,44960.0,engulf,10,1.3,0.45,legacy,1,True,False,False,True,3,"a_volume,a_pre_total_ge1,a_trend_align,a_fvg,a_room",False,True,True,False,False,False,False,VOLUME,1,False,False,0.0,2.0879320227322626,,False,False,False,False,12501.150784102701,A,direct_under_threshold,0.0,1,12670.402979145445,A,2024-01,2024-01-10 04:00:00,3.9364082983429167,up,False,False,a_room+a_vol_expansion+a_volume||up||long,1,3
BTC+ETH+SOL+XRP+DOGE+AVAX+LINK+BNB+ADA v19b norefine rpboost (9coins),orderbook_split_proxy,v19b_norefine_rpboost_9coins,1.0,3.0,capFixed,XRPUSDT,2024-01-11 20:00:00+00:00,2024-01-12 00:00:00+00:00,long,0.6036,0.6036,0.0,0.6036,0.5983553571428571,19327.002160902746,11665.778504320899,11665.778504320899,0.008,0.008,101.36322383316356,0.005244642857142878,-1.1145888661899894,-112.97832072556788,loss,stop,1,8.75,B,1,rp_boost_rp1_x1.5,C,1.0,1,0,0.39583333333333315,base,False,False,True,False,False,False,False,True,False,False,True,False,False,False,True,True,0.5925925925926018,0.6009,0.6036,engulf,10,1.3,0.45,legacy,1,True,True,False,True,4,"a_volume,a_pre_total_ge1,a_fvg,a_room",False,True,False,False,False,False,False,none,0,False,True,0.5925925925926018,0.05720122574054505,,False,False,False,False,12670.402979145445,A,direct_under_threshold,0.0,1,12557.424658419877,A,2024-01,2024-01-11 16:00:00,1.5163027696353781,up,False,True,a_room+a_vol_expansion+a_volume||up||long,2,3
BTC+ETH+SOL+XRP+DOGE+AVAX+LINK+BNB+ADA v19b norefine rpboost (9coins),orderbook_split_proxy,v19b_norefine_rpboost_9coins,1.0,3.0,capFixed,BTCUSDT,2024-01-11 20:00:00+00:00,2024-01-12 16:00:00+00:00,long,46296.4,46296.4,0.0,46296.4,44173.704,0.13131831667897773,6079.565316296625,6079.565316296625,0.022,0.022,278.7488655411998,2122.6960000000036,-1.0213101885526708,-284.68905642472583,loss,stop,5,10.0,B,1,rp_boost_rp1_x1.5,B,1.0,2,0,0.2287365231484746,base,False,False,True,False,False,True,True,True,True,False,False,True,False,True,False,True,0.487444608567203,46096.1,46502.3,engulf,10,1.3,0.45,legacy,1,True,False,False,True,6,"a_volume,a_score_ge13,a_wick_le_q1,a_pre_total_ge1,a_trend_align,a_room",False,True,False,False,False,False,False,none,0,False,True,0.487444608567203,0.11296954439071598,,False,False,False,False,12670.402979145445,A,direct_under_threshold,0.0,1,12272.735601995151,A,2024-01,2024-01-11 16:00:00,1.5163027696353781,up,True,False,a_room+a_score_ge13+a_vol_expansion+a_volume||up||long,5,4
BTC+ETH+SOL+XRP+DOGE+AVAX+LINK+BNB+ADA v19b norefine rpboost (9coins),orderbook_split_proxy,v19b_norefine_rpboost_9coins,1.0,3.0,capFixed,SOLUSDT,2024-01-17 00:00:00+00:00,2024-01-19 00:00:00+00:00,short,100.825,100.825,0.0,100.825,108.23637714285714,16.559318687247284,1669.5933066417074,1669.5933066417074,0.01,0.01,122.72735601995153,7.411377142857134,1.0197628001080976,125.15279222476916,time_exit_non_runner,time_exit_non_runner,12,8.0,B,0,tier_d_skip,D,1.0,0,0,0.2787909490037186,base,False,False,True,False,False,False,True,False,False,False,False,True,False,True,False,False,0.0,100.825,101.378,engulf,10,1.3,0.45,legacy,1,True,False,True,False,5,"a_volume,a_wick_le_q1,a_room",False,True,False,True,False,False,False,SWEEP,1,False,False,0.0,1.277225516599578,,False,False,False,False,12272.735601995151,A,direct_under_threshold,0.0,1,12397.88839421992,A,2024-01,2024-01-16 20:00:00,-0.7533037644966729,range,True,True,a_fvg_absent+a_ob+a_room+a_trend_counter||range||short,1,4
BTC+ETH+SOL+XRP+DOGE+AVAX+LINK+BNB+ADA v19b norefine rpboost (9coins),orderbook_split_proxy,v19b_norefine_rpboost_9coins,1.0,3.0,capFixed,LINKUSDT,2024-01-19 20:00:00+00:00,2024-01-20 04:00:00+00:00,long,15.358,15.358,0.0,15.358,15.0254,298.2053732824986,4579.838122872614,4579.838122872614,0.008,0.008,99.18310715375937,0.3326000000000011,1.8847801090971559,186.93834752185748,win,stop,2,12.0,B,1,rp_boost_rp1_x1.5,A,1.0,4,0,0.32710978342046204,base,False,False,True,True,False,True,True,True,True,False,False,True,False,True,False,True,0.5577464788732399,15.16,15.515,engulf,10,1.3,0.45,legacy,1,True,False,False,False,5,"a_volume,a_pre_total_ge4,a_score_ge13,a_wick_le_q1,a_pre_total_ge1,a_trend_align,a_room",False,True,True,False,False,False,False,VOLUME,1,False,True,0.5577464788732399,3.535778713168955,3.535778713168955,False,False,False,False,12397.88839421992,A,direct_under_threshold,0.0,1,12584.82674174178,A,2024-01,2024-01-19 16:00:00,-1.6077467113181378,down,True,False,a_fvg_absent+a_ob+a_score_ge13+a_volume||down||long,1,4
BTC+ETH+SOL+XRP+DOGE+AVAX+LINK+BNB+ADA v19b norefine rpboost (9coins),orderbook_split_proxy,v19b_norefine_rpboost_9coins,1.0,3.0,capFixed,ADAUSDT,2024-01-22 12:00:00+00:00,2024-01-25 20:00:00+00:00,short,0.4975,0.4975,0.0,0.4975,0.52132,4226.64206271764,2102.754426202026,2102.754426202026,0.008,0.008,100.67861393393423,0.023820000000000008,1.3378536733837103,134.6932534826943,time_exit_non_runner,time_exit_non_runner,20,10.5,B,1,rp_boost_rp1_x1.5,B,1.0,1,0,0.22745098039215556,expansion,True,False,True,False,False,True,True,True,True,False,False,False,False,True,False,True,0.3999999999999926,0.4966,0.4981,engulf,10,1.3,0.45,legacy,1,True,True,True,False,4,"a_volume,a_score_ge13,a_wick_le_q1,a_pre_total_ge1,a_trend_align,a_room",False,True,True,False,False,False,False,VOLUME,1,False,True,0.3999999999999926,2.1032745591939532,,False,False,False,False,12584.82674174178,A,direct_under_threshold,0.0,1,12719.519995224473,A,2024-01,2024-01-22 08:00:00,-0.6121115980969194,range,True,False,a_room+a_score_ge13+a_volume||range||short,1,3
BTC+ETH+SOL+XRP+DOGE+AVAX+LINK+BNB+ADA v19b norefine rpboost (9coins),orderbook_split_proxy,v19b_norefine_rpboost_9coins,1.0,3.0,capFixed,AVAXUSDT,2024-01-23 20:00:00+00:00,2024-01-25 20:00:00+00:00,short,29.535,29.535,0.0,29.535,33.59180571428571,27.919365296895535,824.5984540438096,824.5984540438096,0.009,0.009,113.26344067567601,4.056805714285712,-0.24773740000929703,-28.05959030909923,time_exit_non_runner,time_exit_non_runner,12,10.0,B,1,rp_boost_rp1_x1.5,B,1.0,1,0,0.12088226869091968,base,False,False,True,False,False,True,True,True,True,False,False,True,False,True,False,True,1.0,29.535,29.94,engulf,10,1.3,0.45,legacy,1,True,True,False,False,5,"a_volume,a_score_ge13,a_wick_le_q1,a_pre_total_ge1,a_trend_align,a_room",False,True,False,False,False,False,False,none,0,False,True,1.0,0.010599472350519092,,False,False,False,False,12584.82674174178,A,direct_under_threshold,0.0,1,12691.460404915373,A,2024-01,2024-01-23 16:00:00,-2.6470191356748924,down,True,False,a_fvg_absent+a_ob+a_score_ge13+a_volume||down||short,1,4
BTC+ETH+SOL+XRP+DOGE+AVAX+LINK+BNB+ADA v19b norefine rpboost (9coins),orderbook_split_proxy,v19b_norefine_rpboost_9coins,1.0,3.0,capFixed,BNBUSDT,2024-01-28 08:00:00+00:00,2024-01-28 20:00:00+00:00,short,308.9,308.9,0.0,308.9,310.68165714285715,85.48082635851652,26405.02726214575,26405.02726214575,0.012,0.012,152.29752485898447,1.7816571428571706,1.7679976891497389,269.26167201390945,win,stop,3,7.5,B,0,tier_d_skip,D,1.0,0,0,0.24050632911391243,base,False,False,False,False,False,False,True,False,False,False,False,True,False,True,False,False,0.0,308.9,310.65,engulf,10,1.3,0.45,legacy,1,True,False,False,False,4,"a_wick_le_q1,a_room",False,False,False,True,False,False,False,SWEEP,1,False,False,0.0,3.2497835081304016,3.2497835081304016,True,False,False,False,12691.460404915373,A,direct_under_threshold,0.0,1,12960.722076929284,A,2024-01,2024-01-28 04:00:00,3.237653880419978,up,True,True,a_fvg_absent+a_ob+a_room+a_trend_counter||up||short,1,4
BTC+ETH+SOL+XRP+DOGE+AVAX+LINK+BNB+ADA v19b norefine rpboost (9coins),orderbook_split_proxy,v19b_norefine_rpboost_9coins,1.0,3.0,capFixed,LINKUSDT,2024-01-30 12:00:00+00:00,2024-01-30 16:00:00+00:00,short,15.349,15.349,0.0,15.349,15.75544,255.10721537111084,3915.64064873118,3915.64064873118,0.008,0.008,103.68577661543426,0.4064399999999999,-1.0382644916838892,-107.65326015247315,loss,stop,1,10.25,B,1,tier_d_skip,D,1.0,0,0,0.4340344168260081,base,False,False,True,False,False,True,False,False,False,False,True,False,False,False,True,False,0.0,15.349,15.732,engulf,10,1.3,0.45,legacy,1,True,True,True,False,4,"a_volume,a_score_ge13,a_fvg,a_room",False,True,True,True,False,False,False,SWEEP+VOLUME,2,False,False,0.0,0.0,,False,False,False,False,12960.722076929284,A,direct_under_threshold,0.0,1,12853.068816776811,A,2024-01,2024-01-30 08:00:00,2.1778901072658208,up,False,True,a_room+a_score_ge13+a_trend_counter||up||short,2,3
BTC+ETH+SOL+XRP+DOGE+AVAX+LINK+BNB+ADA v19b norefine rpboost (9coins),orderbook_split_proxy,v19b_norefine_rpboost_9coins,1.0,3.0,capFixed,DOGEUSDT,2024-01-31 12:00:00+00:00,2024-01-31 20:00:00+00:00,long,0.07895,0.07895,0.0,0.07895,0.07851097142857143,234209.2456525735,18490.81994427068,18490.81994427068,0.008,0.008,102.8245505342145,0.0004390285714285791,0.4698461571000943,48.31171992404513,win,stop,2,7.5,B,0,tier_d_skip,D,1.0,0,0,0.385416666666668,base,False,False,False,False,False,False,False,False,False,False,False,True,False,True,False,False,0.0,0.07864,0.07895,engulf,10,1.3,0.45,legacy,1,True,True,False,False,4,a_room,False,False,False,True,False,False,False,SWEEP,1,False,False,0.0,2.551086815046152,,False,False,False,False,12853.068816776811,A,direct_under_threshold,0.0,1,12901.380536700857,A,2024-01,2024-01-31 08:00:00,1.766582607621677,up,True,True,a_fvg_absent+a_ob+a_room+a_trend_counter||up||long,1,4
BTC+ETH+SOL+XRP+DOGE+AVAX+LINK+BNB+ADA v19b norefine rpboost (9coins),orderbook_split_proxy,v19b_norefine_rpboost_9coins,1.0,3.0,capFixed,ADAUSDT,2024-02-01 00:00:00+00:00,2024-02-01 04:00:00+00:00,long,0.4938,0.4938,0.0,0.4938,0.48915085714285717,22200.01567278911,10962.367739223264,10962.367739223264,0.008,0.008,103.21104429360686,0.004649142857142852,-1.105713126843658,-114.12180651068331,loss,stop,1,9.0,B,0,tier_d_skip,D,1.0,0,0,0.385245901639344,base,False,False,False,False,False,False,False,False,False,False,False,True,False,True,False,False,0.0,0.4902,0.4938,engulf,10,1.3,0.45,legacy,1,True,True,False,True,5,a_room,False,False,False,True,False,False,False,SWEEP,1,False,False,0.0,0.0,,False,False,False,False,12901.380536700857,A,direct_under_threshold,0.0,1,12787.258730190173,A,2024-02,2024-01-31 20:00:00,1.2349366610637817,up,True,True,a_fvg_absent+a_ob+a_room+a_trend_counter||up||long,2,4
BTC+ETH+SOL+XRP+DOGE+AVAX+LINK+BNB+ADA v19b norefine rpboost (9coins),orderbook_split_proxy,v19b_norefine_rpboost_9coins,1.0,3.0,capFixed,AVAXUSDT,2024-02-03 08:00:00+00:00,2024-02-05 08:00:00+00:00,short,36.136,36.136,0.0,36.136,37.35288571428571,94.57365405860207,3417.5135630616446,3417.5135630616446,0.009,0.009,115.08532857171154,1.2168857142857092,0.53244711617478,61.27685131203483,time_exit_non_runner,time_exit_non_runner,12,8.5,B,0,rp_boost_rp0_x1.5,C,1.0,1,0,0.38985560903368854,base,False,False,False,False,False,False,False,True,False,False,False,True,False,True,False,True,0.3623978201634713,35.98,36.347,engulf,10,1.3,0.45,legacy,1,True,True,False,False,4,"a_pre_total_ge1,a_room",False,False,False,True,False,False,False,SWEEP,1,False,True,0.3623978201634713,1.5079476884787935,,False,False,False,False,12787.258730190173,A,direct_under_threshold,0.0,1,12848.535581502209,A,2024-02,2024-02-03 04:00:00,0.3456171325554582,range,True,True,a_fvg_absent+a_ob+a_room+a_trend_counter||range||short,1,4
BTC+ETH+SOL+XRP+DOGE+AVAX+LINK+BNB+ADA v19b norefine rpboost (9coins),orderbook_split_proxy,v19b_norefine_rpboost_9coins,1.0,3.0,capFixed,BTCUSDT,2024-02-04 20:00:00+00:00,2024-02-05 12:00:00+00:00,long,42182.3,42182.3,0.0,42182.3,42055.7531,0.9094282718242134,38361.77619057052,38361.77619057052,0.022,0.022,115.08532857171262,126.54690000000119,3.5563859908686175,409.28785028695063,win,stop,4,10.0,B,1,rp_boost_rp1_x1.5,B,1.0,0,0,0.16409537166900587,base,False,False,True,False,False,True,True,False,True,False,False,True,False,True,False,False,0.0,42075.9,42182.3,engulf,10,1.3,0.45,legacy,1,True,True,True,False,5,"a_volume,a_score_ge13,a_wick_le_q1,a_trend_align,a_room",False,True,True,False,False,False,False,VOLUME,1,False,False,0.0,11.044916943836506,11.044916943836506,True,True,True,True,12787.258730190173,A,direct_under_threshold,0.0,1,13257.823431789158,A,2024-02,2024-02-04 16:00:00,0.1225867981965963,range,True,False,a_fvg_absent+a_ob+a_score_ge13+a_volume||range||long,2,4
BTC+ETH+SOL+XRP+DOGE+AVAX+LINK+BNB+ADA v19b norefine rpboost (9coins),orderbook_split_proxy,v19b_norefine_rpboost_9coins,1.0,3.0,capFixed,ETHUSDT,2024-02-05 16:00:00+00:00,2024-02-06 00:00:00+00:00,short,2311.96,2311.96,0.0,2311.96,2332.410742857143,9.724211627226008,22481.988313681442,22481.988313681442,0.015,0.015,198.8673514768374,20.450742857142814,0.1370748278791128,27.259707974462515,win,stop,2,11.0,B,1,rp_boost_rp1_x1.5,C,1.0,3,1,0.3308307491431417,base,False,False,True,True,False,True,True,True,True,False,False,False,False,True,False,True,0.10839532412327024,2309.74,2328.56,engulf,10,1.3,0.45,legacy,1,True,False,True,False,4,"a_volume,a_pre_total_ge4,a_score_ge13,a_wick_le_q1,a_pre_total_ge1,a_trend_align,a_room",False,True,True,True,False,False,False,SWEEP+VOLUME,2,False,True,0.10839532412327024,1.464983458512165,,False,False,False,False,13257.823431789158,A,direct_under_threshold,0.0,1,13285.083139763621,A,2024-02,2024-02-05 12:00:00,-0.057653553987540025,range,True,False,a_room+a_score_ge13+a_volume||range||short,1,3
BTC+ETH+SOL+XRP+DOGE+AVAX+LINK+BNB+ADA v19b norefine rpboost (9coins),orderbook_split_proxy,v19b_norefine_rpboost_9coins,1.0,3.0,capFixed,ETHUSDT,2024-02-07 00:00:00+00:00,2024-02-07 08:00:00+00:00,short,2383.06,2383.06,0.0,2383.06,2390.8335714285713,16.724400316941605,39855.249419290856,39855.249419290856,0.015,0.015,130.00832046376703,7.773571428571358,1.7329071221170766,225.29234446614117,win,stop,2,8.5,B,0,tier_d_skip,D,1.0,0,0,0.3494895328452093,base,False,False,True,False,False,False,True,False,False,False,False,True,False,True,False,False,0.0,2383.06,2403.92,engulf,10,1.3,0.45,legacy,1,True,True,False,False,5,"a_volume,a_wick_le_q1,a_room",False,True,True,True,False,False,False,SWEEP+VOLUME,2,False,False,0.0,3.987870991454598,3.987870991454598,False,False,False,False,13285.083139763621,A,direct_under_threshold,0.0,1,13510.375484229762,A,2024-02,2024-02-06 20:00:00,-0.0821967093855108,range,True,True,a_fvg_absent+a_ob+a_room+a_trend_counter||range||short,1,4
BTC+ETH+SOL+XRP+DOGE+AVAX+LINK+BNB+ADA v19b norefine rpboost (9coins),orderbook_split_proxy,v19b_norefine_rpboost_9coins,1.0,3.0,capFixed,DOGEUSDT,2024-02-06 08:00:00+00:00,2024-02-07 20:00:00+00:00,short,0.0787,0.0787,0.0,0.0787,0.08004108571428571,79249.71833341509,6236.952832839768,6236.952832839768,0.008,0.008,106.28066511810897,0.0013410857142857058,-1.0591837956453196,-112.57075828350779,loss,stop,9,10.5,B,1,rp_boost_rp1_x1.5,C,1.0,1,0,0.28402366863905393,expansion,True,False,True,False,False,True,True,True,True,False,False,False,False,True,False,True,0.466666666666679,0.0787,0.07885,engulf,10,1.3,0.45,legacy,1,True,False,True,False,4,"a_volume,a_score_ge13,a_wick_le_q1,a_pre_total_ge1,a_trend_align,a_room",False,True,True,True,False,False,False,SWEEP+VOLUME,2,False,True,0.466666666666679,0.7605777834590411,,False,False,False,False,13285.083139763621,A,direct_under_threshold,0.0,1,13397.804725946255,A,2024-02,2024-02-06 04:00:00,-0.29552556539623215,range,True,False,a_room+a_score_ge13+a_volume||range||short,1,3
BTC+ETH+SOL+XRP+DOGE+AVAX+LINK+BNB+ADA v19b norefine rpboost (9coins),orderbook_split_proxy,v19b_norefine_rpboost_9coins,1.0,3.0,capFixed,XRPUSDT,2024-02-13 12:00:00+00:00,2024-02-15 00:00:00+00:00,long,0.5133,0.5133,0.0,0.5133,0.5048062857142857,12619.030285471385,6477.348245532461,6477.348245532461,0.008,0.008,107.18243780757004,0.008493714285714327,2.2584016953713624,242.0609992586518,win,stop,9,9.5,B,0,tier_d_skip,D,1.0,0,0,0.23741007194244346,base,False,False,False,False,False,False,True,False,False,False,False,True,False,True,False,False,0.0,0.5114,0.5133,engulf,10,1.3,0.45,legacy,1,True,False,True,False,4,"a_wick_le_q1,a_room",False,False,False,False,False,False,False,none,0,False,False,0.0,5.451089881593085,5.451089881593085,True,True,True,True,13397.804725946255,A,direct_under_threshold,0.0,1,13639.865725204907,A,2024-02,2024-02-13 08:00:00,2.8443045529198576,up,True,True,a_fvg_absent+a_ob+a_room+a_trend_counter||up||long,1,4
BTC+ETH+SOL+XRP+DOGE+AVAX+LINK+BNB+ADA v19b norefine rpboost (9coins),orderbook_split_proxy,v19b_norefine_rpboost_9coins,1.0,3.0,capFixed,DOGEUSDT,2024-02-13 16:00:00+00:00,2024-02-15 00:00:00+00:00,long,0.081,0.081,0.0,0.081,0.07973725714285715,84880.65262161645,6875.332862350932,6875.332862350932,0.008,0.008,107.18243780757003,0.001262742857142854,2.6457527083899017,283.5782251212106,win,stop,8,9.25,B,1,tier_d_skip,D,1.0,0,0,0.3404255319149023,base,False,False,True,False,False,False,True,False,False,False,True,False,False,False,True,False,0.0,0.08046,0.081,engulf,10,1.3,0.45,legacy,1,True,False,False,True,4,"a_volume,a_wick_le_q1,a_fvg,a_room",False,True,True,False,False,False,False,VOLUME,1,False,False,0.0,5.788985428545582,5.788985428545582,True,True,True,True,13397.804725946255,A,direct_under_threshold,0.0,1,13923.443950326118,A,2024-02,2024-02-13 12:00:00,2.6987608052450085,up,False,True,a_room+a_vol_expansion+a_volume||up||long,2,3
BTC+ETH+SOL+XRP+DOGE+AVAX+LINK+BNB+ADA v19b norefine rpboost (9coins),orderbook_split_proxy,v19b_norefine_rpboost_9coins,1.0,3.0,capFixed,AVAXUSDT,2024-02-15 12:00:00+00:00,2024-02-15 16:00:00+00:00,long,41.73,41.73,0.0,41.73,41.41945142857143,403.5149637832369,16838.679438674473,16838.679438674473,0.009,0.009,125.31099555293505,0.3105485714285692,-1.1338751150038653,-142.08701949383308,loss,stop,1,7.75,B,2,rp_pass_rp2,B,1.0,2,1,0.13094483195941573,base,False,False,True,False,False,False,True,True,True,False,True,False,False,False,True,True,0.09259259259258748,41.509,42.049,engulf,10,1.3,0.45,legacy,1,True,True,False,True,3,"a_volume,a_wick_le_q1,a_pre_total_ge1,a_trend_align,a_fvg,a_room",False,True,False,False,False,False,False,none,0,False,True,0.09259259259258748,1.8419018879034557,,False,False,False,False,13923.443950326118,A,direct_under_threshold,0.0,1,13781.356930832286,A,2024-02,2024-02-15 08:00:00,3.432574737232405,up,False,False,a_room+a_vol_expansion+a_volume||up||long,1,3
BTC+ETH+SOL+XRP+DOGE+AVAX+LINK+BNB+ADA v19b norefine rpboost (9coins),orderbook_split_proxy,v19b_norefine_rpboost_9coins,1.0,3.0,capFixed,XRPUSDT,2024-02-15 20:00:00+00:00,2024-02-16 00:00:00+00:00,short,0.5697,0.5697,0.0,0.5697,0.5751445714285714,20249.684826999444,11536.245445941584,11536.245445941584,0.008,0.008,110.25085544665829,0.005444571428571465,-1.1051363350125938,-121.8422263203232,loss,stop,1,8.75,B,1,rp_boost_rp1_x1.5,B,1.0,0,0,0.16828478964400917,base,False,True,True,False,False,False,True,False,False,False,True,False,False,False,True,False,0.0,0.5697,0.5743,engulf,10,1.3,0.45,legacy,1,True,True,False,True,5,"a_sweep,a_volume,a_wick_le_q1,a_fvg,a_room",True,True,False,True,False,False,False,SWEEP,1,False,False,0.0,2.1305625524768854,,False,False,False,False,13781.356930832286,A,direct_under_threshold,0.0,1,13659.514704511963,A,2024-02,2024-02-15 16:00:00,3.7568251556309433,up,False,True,a_room+a_sweep+a_trend_counter+a_vol_expansion+a_volume||up||short,1,5
BTC+ETH+SOL+XRP+DOGE+AVAX+LINK+BNB+ADA v19b norefine rpboost (9coins),orderbook_split_proxy,v19b_norefine_rpboost_9coins,1.0,3.0,capFixed,ADAUSDT,2024-02-13 00:00:00+00:00,2024-02-16 08:00:00+00:00,long,0.5516,0.5516,0.0,0.5516,0.529714857142857,4897.497745717823,2701.459756537951,2701.459756537951,0.008,0.008,107.18243780757004,0.021885142857142936,1.9590911701349867,209.98016750235283,time_exit_non_runner,time_exit_non_runner,20,10.75,A,2,rp_pass_rp2,B,1.0,1,0,0.12175648702594818,expansion,True,False,True,False,False,True,True,True,True,False,True,False,False,False,True,True,0.6055045871559566,0.5407,0.5516,engulf,10,1.3,0.45,legacy,1,False,False,False,True,3,"a_volume,a_score_ge13,a_wick_le_q1,a_pre_total_ge1,a_trend_align,a_fvg",False,True,True,True,False,False,False,SWEEP+VOLUME,2,False,True,0.6055045871559566,2.8238335204574416,,False,False,False,False,13397.804725946255,A,direct_under_threshold,0.0,1,13869.494872014317,A,2024-02,2024-02-12 20:00:00,2.9544166372929075,up,False,False,a_score_ge13+a_vol_expansion+a_volume||up||long,1,3
BTC+ETH+SOL+XRP+DOGE+AVAX+LINK+BNB+ADA v19b norefine rpboost (9coins),orderbook_split_proxy,v19b_norefine_rpboost_9coins,1.0,3.0,capFixed,BNBUSDT,2024-02-13 12:00:00+00:00,2026-05-30 20:00:00+00:00,long,320.72,320.72,0.0,320.72,317.18777142857147,45.516209797921526,14597.958806389393,14597.958806389393,0.012,0.012,160.77365671135504,3.5322285714285613,68.2803037701817,10977.674118494235,close_at_end,close_at_end,5024,10.75,A,2,tier_d_skip,D,1.0,0,0,0.2419659735349737,expansion,True,False,True,False,False,True,True,False,True,False,True,False,False,False,True,False,0.0,318.43,320.72,engulf,10,1.3,0.45,legacy,1,True,False,False,True,4,"a_volume,a_score_ge13,a_wick_le_q1,a_trend_align,a_fvg,a_room",False,True,True,False,False,False,False,VOLUME,1,False,False,0.0,298.36404374413644,,True,True,True,True,13397.804725946255,A,direct_under_threshold,0.0,1,24847.16899050855,A,2026-05,2024-02-13 08:00:00,2.8443045529198576,up,False,False,a_room+a_score_ge13+a_vol_expansion+a_volume||up||long,3,4
BTC+ETH+SOL+XRP+DOGE+AVAX+LINK+BNB+ADA v19b norefine rpboost (9coins),orderbook_split_proxy,v19b_norefine_rpboost_9coins,1.0,3.0,capFixed,AVAXUSDT,2024-02-16 16:00:00+00:00,2024-02-16 20:00:00+00:00,long,40.73,40.73,0.0,40.73,39.871091428571425,145.33031570579635,5919.303758697085,5919.303758697085,0.009,0.009,124.82545384812884,0.8589085714285716,-1.0469206468009236,-130.68234487990188,loss,stop,1,7.75,B,2,rp_pass_rp2,A,1.0,3,2,0.26851159311891903,base,False,False,True,True,True,False,True,True,True,False,True,False,False,False,True,True,0.38221153846153555,39.971,40.803,engulf,10,1.3,0.45,legacy,1,True,True,False,True,3,"a_volume,a_pre_total_ge4,a_sweep_count_2_4,a_wick_le_q1,a_pre_total_ge1,a_trend_align,a_fvg,a_room",False,True,False,True,False,False,False,SWEEP,1,False,True,0.38221153846153555,0.0,,False,False,False,False,13869.494872014317,A,direct_under_threshold,0.0,1,24716.48664562865,A,2024-02,2024-02-16 12:00:00,3.1462598622517253,up,False,False,a_room+a_vol_expansion+a_volume||up||long,1,3
BTC+ETH+SOL+XRP+DOGE+AVAX+LINK+BNB+ADA v19b norefine rpboost (9coins),orderbook_split_proxy,v19b_norefine_rpboost_9coins,1.0,3.0,capFixed,XRPUSDT,2024-02-17 12:00:00+00:00,2024-02-17 16:00:00+00:00,long,0.5451,0.5451,0.0,0.5451,0.54112,49681.3801922186,27081.320342778363,27081.320342778363,0.008,0.008,197.73189316502922,0.0039799999999999836,0.11291520100502454,22.326936461833313,win,stop,1,9.25,B,2,tier_d_skip,D,1.0,0,0,0.4411764705882356,base,False,False,True,False,False,False,False,False,True,False,True,False,False,False,True,False,0.0,0.5422,0.5451,engulf,10,1.3,0.45,legacy,1,True,False,False,True,3,"a_volume,a_trend_align,a_fvg,a_room",False,True,True,False,False,False,False,VOLUME,1,False,False,0.0,1.5829145728643212,,False,False,False,False,24716.48664562865,A,direct_under_threshold,0.0,1,24738.813582090483,A,2024-02,2024-02-17 08:00:00,1.6993820452644952,up,False,False,a_room+a_vol_expansion+a_volume||up||long,1,3
BTC+ETH+SOL+XRP+DOGE+AVAX+LINK+BNB+ADA v19b norefine rpboost (9coins),orderbook_split_proxy,v19b_norefine_rpboost_9coins,1.0,3.0,capFixed,DOGEUSDT,2024-02-17 12:00:00+00:00,2024-02-19 12:00:00+00:00,long,0.08192,0.08192,0.0,0.08192,0.07619039999999999,34510.592914868175,2827.107771586001,2827.107771586001,0.008,0.008,197.73189316502922,0.005729600000000015,0.9787129642557912,193.52276728745517,time_exit_non_runner,time_exit_non_runner,12,8.75,B,2,tier_d_skip,D,1.0,0,0,0.2608695652173904,base,False,False,True,False,False,False,True,False,True,False,True,False,False,False,True,False,0.0,0.07963,0.08192,engulf,10,1.3,0.45,legacy,1,True,False,False,True,3,"a_volume,a_wick_le_q1,a_trend_align,a_fvg,a_room",False,True,True,True,False,False,False,SWEEP+VOLUME,2,False,False,0.0,1.062901424183186,,False,False,False,False,24716.48664562865,A,direct_under_threshold,0.0,1,24932.336349377936,A,2024-02,2024-02-17 08:00:00,1.6993820452644952,up,False,False,a_room+a_vol_expansion+a_volume||up||long,1,3
BTC+ETH+SOL+XRP+DOGE+AVAX+LINK+BNB+ADA v19b norefine rpboost (9coins),orderbook_split_proxy,v19b_norefine_rpboost_9coins,1.0,3.0,capFixed,ADAUSDT,2024-02-24 08:00:00+00:00,2024-02-26 08:00:00+00:00,short,0.5917,0.5917,0.0,0.5917,0.611344,10153.669863318242,6007.926458125404,6007.926458125404,0.008,0.008,199.4586907950235,0.019643999999999995,0.5606851964976612,111.83353524157401,time_exit_non_runner,time_exit_non_runner,12,10.25,B,1,rp_boost_rp1_x1.5,A,1.0,3,2,0.24120603015075542,base,False,False,True,True,True,True,True,True,False,False,True,False,False,False,True,True,0.0783410138248866,0.5884,0.6101,engulf,10,1.3,0.45,legacy,1,True,False,True,False,4,"a_volume,a_pre_total_ge4,a_sweep_count_2_4,a_score_ge13,a_wick_le_q1,a_pre_total_ge1,a_fvg,a_room",False,True,True,False,False,False,False,VOLUME,1,False,True,0.0783410138248866,0.9315821624923635,,False,False,False,False,24932.336349377936,A,direct_under_threshold,0.0,1,25044.16988461951,A,2024-02,2024-02-24 04:00:00,-0.8820074235516994,range,False,True,a_room+a_score_ge13+a_volume||range||short,1,3
BTC+ETH+SOL+XRP+DOGE+AVAX+LINK+BNB+ADA v19b norefine rpboost (9coins),orderbook_split_proxy,v19b_norefine_rpboost_9coins,1.0,3.0,capFixed,ADAUSDT,2024-02-26 12:00:00+00:00,2024-02-27 00:00:00+00:00,long,0.5829,0.5829,0.0,0.5829,0.5768314285714286,33014.9132188958,19244.392915294364,19244.392915294364,0.008,0.008,200.35335907695605,0.006068571428571423,3.279801341807918,657.119215936324,win,stop,3,10.0,B,0,rp_boost_rp0_x1.5,B,1.0,0,0,0.21641791044777012,base,False,False,False,False,False,True,True,False,False,False,False,True,False,True,False,False,0.0,0.5762,0.5829,engulf,10,1.3,0.45,legacy,1,True,True,True,False,5,"a_score_ge13,a_wick_le_q1,a_room",False,False,False,False,False,False,False,none,0,False,False,0.0,8.107344632768372,8.107344632768372,True,True,True,True,25044.16988461951,A,direct_under_threshold,0.0,1,25701.289100555834,A,2024-02,2024-02-26 08:00:00,0.3711401598524063,range,True,True,a_fvg_absent+a_room+a_score_ge13||range||long,1,3
BTC+ETH+SOL+XRP+DOGE+AVAX+LINK+BNB+ADA v19b norefine rpboost (9coins),orderbook_split_proxy,v19b_norefine_rpboost_9coins,1.0,3.0,capFixed,XRPUSDT,2024-02-27 00:00:00+00:00,2024-02-27 08:00:00+00:00,short,0.5616,0.5616,0.0,0.5616,0.5632848,122038.40978421271,68536.77093481386,68536.77093481386,0.008,0.008,205.61031280444666,0.0016848000000000418,2.392299592999583,491.88146763859476,win,stop,2,7.5,B,0,rp_boost_rp0_x1.5,B,1.0,0,0,0.17241379310345056,base,False,False,True,False,False,False,True,False,False,False,False,True,False,True,False,False,0.0,0.5616,0.5646,engulf,10,1.3,0.45,legacy,1,True,False,False,False,5,"a_volume,a_wick_le_q1,a_room",False,True,False,False,False,False,False,none,0,False,False,0.0,6.647673314339809,5.579297245963753,True,True,True,True,25701.289100555834,A,direct_under_threshold,0.0,1,26193.17056819443,A,2024-02,2024-02-26 20:00:00,1.204135727529787,up,True,True,a_fvg_absent+a_ob+a_room+a_trend_counter||up||short,1,4
BTC+ETH+SOL+XRP+DOGE+AVAX+LINK+BNB+ADA v19b norefine rpboost (9coins),orderbook_split_proxy,v19b_norefine_rpboost_9coins,1.0,3.0,capFixed,AVAXUSDT,2024-02-26 12:00:00+00:00,2024-02-28 12:00:00+00:00,short,38.352,38.352,0.0,38.352,40.72349142857143,95.04463151163627,3645.1517077342737,3645.1517077342737,0.009,0.009,225.39752896157557,2.3714914285714315,-0.6625020782581674,-149.3263313712993,time_exit_non_runner,time_exit_non_runner,12,8.0,B,0,rp_boost_rp0_x1.5,B,1.0,0,0,0.0728395061728406,base,False,False,True,False,False,False,True,False,False,False,False,True,False,True,False,False,0.0,38.352,38.523,engulf,10,1.3,0.45,legacy,1,True,False,True,False,5,"a_volume,a_wick_le_q1,a_room",False,True,False,True,False,False,False,SWEEP,1,False,False,0.0,0.04722766384505245,,False,False,False,False,25044.16988461951,A,direct_under_threshold,0.0,1,26043.84423682313,A,2024-02,2024-02-26 08:00:00,0.3711401598524063,range,True,True,a_fvg_absent+a_ob+a_room+a_trend_counter||range||short,1,4
BTC+ETH+SOL+XRP+DOGE+AVAX+LINK+BNB+ADA v19b norefine rpboost (9coins),orderbook_split_proxy,v19b_norefine_rpboost_9coins,1.0,3.0,capFixed,XRPUSDT,2024-02-28 16:00:00+00:00,2024-02-29 08:00:00+00:00,long,0.5306,0.5306,0.0,0.5306,0.527075,59106.59684952767,31361.96028835938,31361.96028835938,0.008,0.008,208.35075389458504,0.0035250000000000004,8.086914680851072,1684.9147704365084,win,stop,4,9.25,B,2,tier_d_skip,D,1.0,0,0,0.3495575221238936,base,False,False,True,False,False,False,True,False,True,False,True,False,False,False,True,False,0.0,0.5291,0.5306,engulf,10,1.3,0.45,legacy,1,True,True,False,True,3,"a_volume,a_wick_le_q1,a_trend_align,a_fvg,a_room",False,True,True,False,False,False,False,VOLUME,1,False,False,0.0,22.382978723404275,22.382978723404275,True,True,True,True,26043.84423682313,A,direct_under_threshold,0.0,1,27728.75900725964,A,2024-02,2024-02-28 12:00:00,7.109802292670543,up,False,False,a_room+a_vol_expansion+a_volume||up||long,1,3
BTC+ETH+SOL+XRP+DOGE+AVAX+LINK+BNB+ADA v19b norefine rpboost (9coins),orderbook_split_proxy,v19b_norefine_rpboost_9coins,1.0,3.0,capFixed,ADAUSDT,2024-02-29 12:00:00+00:00,2024-03-02 12:00:00+00:00,long,0.6804,0.6804,0.0,0.6804,0.5931228571428571,2541.6743123818023,1729.3552021445782,1729.3552021445782,0.008,0.008,221.83007205807712,0.08727714285714294,0.571676596719808,126.8150606442713,time_exit_non_runner,time_exit_non_runner,12,13.75,S,3,rp_pass_rp3,S,1.0,2,0,0.18599033816424929,base,False,False,True,False,False,True,True,True,True,True,True,False,False,False,True,True,0.3753753753753741,0.6504,0.6837,engulf,10,1.3,0.45,legacy,1,False,True,False,True,4,"a_volume,a_score_ge13,a_wick_le_q1,a_pre_total_ge1,a_trend_align,a_mss,a_fvg",False,True,True,True,False,False,False,SWEEP+VOLUME,2,False,True,0.3753753753753741,0.9693259567224269,,False,False,False,False,27728.75900725964,A,direct_under_threshold,0.0,1,27855.57406790391,A,2024-03,2024-02-29 08:00:00,8.614640573381553,up,False,False,a_score_ge13+a_vol_expansion+a_volume||up||long,1,3
BTC+ETH+SOL+XRP+DOGE+AVAX+LINK+BNB+ADA v19b norefine rpboost (9coins),orderbook_split_proxy,v19b_norefine_rpboost_9coins,1.0,3.0,capFixed,AVAXUSDT,2024-02-29 20:00:00+00:00,2024-03-02 20:00:00+00:00,long,41.028,41.028,0.0,41.028,35.20374857142857,42.84822420974165,1757.9769428772804,1757.9769428772804,0.009,0.009,249.5588310653367,5.824251428571429,0.5778026655050215,144.1957577898689,time_exit_non_runner,time_exit_non_runner,12,10.75,A,2,rp_pass_rp2,B,1.0,0,0,0.17462087421944583,base,False,False,True,False,False,True,True,False,True,False,True,False,False,False,True,False,0.0,40.804,41.028,engulf,10,1.3,0.45,legacy,1,True,True,False,True,4,"a_volume,a_score_ge13,a_wick_le_q1,a_trend_align,a_fvg,a_room",False,True,False,False,False,False,False,none,0,False,False,0.0,0.6344162928601983,,False,False,False,False,27728.75900725964,A,direct_under_threshold,0.0,1,27999.76982569378,A,2024-03,2024-02-29 16:00:00,9.071203300073444,up,False,False,a_room+a_score_ge13+a_vol_expansion+a_volume||up||long,3,4
BTC+ETH+SOL+XRP+DOGE+AVAX+LINK+BNB+ADA v19b norefine rpboost (9coins),orderbook_split_proxy,v19b_norefine_rpboost_9coins,1.0,3.0,capFixed,LINKUSDT,2024-02-28 16:00:00+00:00,2024-03-05 16:00:00+00:00,long,18.158,18.158,0.0,18.158,17.793834285714286,572.1317129023258,10388.767642880433,10388.767642880433,0.008,0.008,208.35075389458504,0.36416571428571487,0.8796730847024101,183.28055037852232,win,stop,36,8.5,B,1,tier_d_skip,D,1.0,0,0,0.3736559139784942,expansion,True,False,True,False,False,False,False,False,True,False,False,True,False,True,False,False,0.0,17.954,18.158,engulf,10,1.3,0.45,legacy,1,True,True,False,False,4,"a_volume,a_trend_align,a_room",False,True,False,False,False,False,False,none,0,False,False,0.0,9.792245288644084,,True,True,True,True,26043.84423682313,A,direct_under_threshold,0.0,1,28183.050376072304,A,2024-03,2024-02-28 12:00:00,7.109802292670543,up,True,False,a_fvg_absent+a_room+a_volume||up||long,1,3
BTC+ETH+SOL+XRP+DOGE+AVAX+LINK+BNB+ADA v19b norefine rpboost (9coins),orderbook_split_proxy,v19b_norefine_rpboost_9coins,1.0,3.0,capFixed,SOLUSDT,2024-02-28 16:00:00+00:00,2024-03-05 16:00:00+00:00,long,108.132,108.132,0.0,108.132,100.07089714285713,32.308041093590454,3493.5330995321233,3493.5330995321233,0.01,0.01,260.4384423682313,8.06110285714287,0.9161209545627574,238.59311442722174,win,stop,36,8.75,B,2,rp_pass_rp2,C,1.0,2,0,0.32509881422924963,expansion,True,False,True,False,False,False,True,True,True,False,True,False,False,False,True,True,0.1395839614109162,105.183,108.5,engulf,10,1.3,0.45,legacy,1,True,False,False,True,3,"a_volume,a_wick_le_q1,a_pre_total_ge1,a_trend_align,a_fvg,a_room",False,True,True,False,False,False,False,VOLUME,1,False,True,0.1395839614109162,4.343202241735082,,True,True,True,False,26043.84423682313,A,direct_under_threshold,0.0,1,28421.643490499526,A,2024-03,2024-02-28 12:00:00,7.109802292670543,up,False,False,a_room+a_vol_expansion+a_volume||up||long,1,3
BTC+ETH+SOL+XRP+DOGE+AVAX+LINK+BNB+ADA v19b norefine rpboost (9coins),orderbook_split_proxy,v19b_norefine_rpboost_9coins,1.0,3.0,capFixed,ETHUSDT,2024-02-29 16:00:00+00:00,2024-03-04 00:00:00+00:00,long,3401.48,3401.48,0.0,3401.48,3145.271485714286,1.6234096913932519,5521.9955970803185,5521.9955970803185,0.015,0.015,415.9313851088946,256.20851428571405,0.2754456275457774,114.56648138730387,time_exit_non_runner,time_exit_non_runner,20,10.25,A,2,tier_d_skip,D,1.0,0,0,0.3555526624137458,expansion,True,False,True,False,False,True,False,False,True,False,True,False,False,False,True,True,1.0,3388.4,3401.48,engulf,10,1.3,0.45,legacy,1,False,True,False,True,3,"a_volume,a_score_ge13,a_trend_align,a_fvg",False,True,False,True,False,False,False,SWEEP,1,False,True,1.0,0.5335888246381469,,False,False,False,False,27728.75900725964,A,direct_under_threshold,0.0,1,28536.20997188683,A,2024-03,2024-02-29 12:00:00,8.883580350419162,up,False,False,a_score_ge13+a_vol_expansion+a_volume||up||long,1,3
BTC+ETH+SOL+XRP+DOGE+AVAX+LINK+BNB+ADA v19b norefine rpboost (9coins),orderbook_split_proxy,v19b_norefine_rpboost_9coins,1.0,3.0,capFixed,BTCUSDT,2024-03-05 16:00:00+00:00,2024-03-05 20:00:00+00:00,long,61927.7,61927.7,0.0,61927.7,61357.04514285715,1.1001336648999307,68128.74755982343,68128.74755982343,0.022,0.022,627.7966193815103,570.6548571428502,0.9909295883626416,622.1022456191779,win,stop,1,7.5,B,1,tier_d_skip,D,1.0,0,0,0.2625346703648381,base,False,False,False,False,False,False,True,False,True,False,False,True,False,True,False,False,0.0,61485.9,61927.7,engulf,10,1.3,0.45,legacy,1,True,True,False,True,4,"a_wick_le_q1,a_trend_align,a_room",False,False,False,False,False,False,False,none,0,False,False,0.0,4.321701583944721,,False,False,False,False,28536.20997188683,A,direct_under_threshold,0.0,1,29158.31221750601,A,2024-03,2024-03-05 12:00:00,4.565328651101285,up,True,False,a_fvg_absent+a_room+a_vol_expansion||up||long,1,3
BTC+ETH+SOL+XRP+DOGE+AVAX+LINK+BNB+ADA v19b norefine rpboost (9coins),orderbook_split_proxy,v19b_norefine_rpboost_9coins,1.0,3.0,capFixed,XRPUSDT,2024-03-05 16:00:00+00:00,2024-03-05 20:00:00+00:00,long,0.5922,0.5922,0.0,0.5922,0.5854508571428572,33824.988536653946,20031.158211406466,20031.158211406466,0.008,0.008,228.28967977509464,0.006749142857142787,-1.0872444754889519,-248.20669314661356,loss,stop,1,7.5,B,1,tier_d_skip,D,1.0,0,0,0.3166666666666667,base,False,False,True,False,False,False,True,False,True,False,False,True,False,True,False,False,0.0,0.5872,0.5922,engulf,10,1.3,0.45,legacy,1,True,False,False,False,4,"a_volume,a_wick_le_q1,a_trend_align,a_room",False,True,False,False,False,False,False,none,0,False,False,0.0,0.47413428160191506,,False,False,False,False,28536.20997188683,A,direct_under_threshold,0.0,1,28910.105524359395,A,2024-03,2024-03-05 12:00:00,4.565328651101285,up,True,False,a_fvg_absent+a_room+a_volume||up||long,1,3
BTC+ETH+SOL+XRP+DOGE+AVAX+LINK+BNB+ADA v19b norefine rpboost (9coins),orderbook_split_proxy,v19b_norefine_rpboost_9coins,1.0,3.0,capFixed,ADAUSDT,2024-03-05 16:00:00+00:00,2024-03-07 16:00:00+00:00,long,0.5608,0.5608,0.0,0.5608,0.48473714285714287,3001.3292735813675,1683.1454566244308,1683.1454566244308,0.008,0.008,228.2896797750946,0.0760628571428571,2.029933432875067,463.41285335580756,time_exit_non_runner,time_exit_non_runner,12,8.75,B,2,rp_pass_rp2,B,1.0,0,0,0.18351063829787148,base,False,False,True,False,False,False,True,False,True,False,True,False,False,False,True,False,0.0,0.5217,0.5608,engulf,10,1.3,0.45,legacy,1,True,False,False,True,3,"a_volume,a_wick_le_q1,a_trend_align,a_fvg,a_room",False,True,True,False,False,False,False,VOLUME,1,False,False,0.0,2.5939072947186554,,True,False,False,False,28536.20997188683,A,direct_under_threshold,0.0,1,29373.5183777152,A,2024-03,2024-03-05 12:00:00,4.565328651101285,up,False,False,a_room+a_vol_expansion+a_volume||up||long,1,3
BTC+ETH+SOL+XRP+DOGE+AVAX+LINK+BNB+ADA v19b norefine rpboost (9coins),orderbook_split_proxy,v19b_norefine_rpboost_9coins,1.0,3.0,capFixed,DOGEUSDT,2024-03-05 16:00:00+00:00,2024-03-07 16:00:00+00:00,long,0.14158,0.14158,0.0,0.14158,0.11866074285714287,9960.60554459296,1410.2225330034714,1410.2225330034714,0.008,0.008,228.28967977509464,0.02291925714285714,0.7182793066092892,163.97575289491164,time_exit_non_runner,time_exit_non_runner,12,11.5,B,1,rp_boost_rp1_x1.5,B,1.0,0,0,0.18755256518082436,base,False,False,False,False,False,True,True,False,True,False,False,False,False,True,False,False,0.0,0.14039,0.14158,engulf,10,1.3,0.45,legacy,1,True,False,False,True,4,"a_score_ge13,a_wick_le_q1,a_trend_align,a_room",False,False,True,False,False,False,False,VOLUME,1,False,False,0.0,1.6750106585354292,,False,False,False,False,28536.20997188683,A,direct_under_threshold,0.0,1,29537.494130610114,A,2024-03,2024-03-05 12:00:00,4.565328651101285,up,True,False,a_fvg_absent+a_room+a_vol_expansion||up||long,1,3
BTC+ETH+SOL+XRP+DOGE+AVAX+LINK+BNB+ADA v19b norefine rpboost (9coins),orderbook_split_proxy,v19b_norefine_rpboost_9coins,1.0,3.0,capFixed,AVAXUSDT,2024-03-05 20:00:00+00:00,2024-03-09 04:00:00+00:00,long,38.0,38.0,0.0,38.0,33.48775428571428,57.66329366671521,2191.205159335178,2191.205159335178,0.009,0.009,260.19094971923454,4.512245714285719,1.0987295578824858,285.87948715003864,time_exit_non_runner,time_exit_non_runner,20,8.75,B,2,tier_d_skip,D,1.0,0,0,0.38557173237363107,expansion,True,True,True,False,False,False,False,False,True,False,True,False,False,False,True,False,0.0,36.0,38.0,engulf,10,1.3,0.45,legacy,1,True,True,False,True,4,"a_sweep,a_volume,a_trend_align,a_fvg,a_room",True,True,False,True,False,False,False,SWEEP,1,False,False,0.0,1.4626863025443133,,False,False,False,False,28910.105524359395,A,direct_under_threshold,0.0,1,29823.373617760153,A,2024-03,2024-03-05 16:00:00,4.257263938265801,up,False,False,a_room+a_vol_expansion+a_volume||up||long,1,3
BTC+ETH+SOL+XRP+DOGE+AVAX+LINK+BNB+ADA v19b norefine rpboost (9coins),orderbook_split_proxy,v19b_norefine_rpboost_9coins,1.0,3.0,capFixed,SOLUSDT,2024-03-06 12:00:00+00:00,2024-04-13 16:00:00+00:00,long,130.4,130.4,0.0,130.4,126.76512,79.53524057014074,10371.395370346354,10371.395370346354,0.01,0.01,289.101055243594,3.6348800000000097,0.8936603631481637,258.3581540155075,win,stop,229,7.75,B,2,rp_pass_rp2,B,1.0,2,0,0.1478086508163863,expansion,True,False,True,False,False,False,True,True,True,False,True,False,False,False,True,True,0.8534258456201207,127.448,130.907,engulf,10,1.3,0.45,legacy,1,True,False,False,True,3,"a_volume,a_wick_le_q1,a_pre_total_ge1,a_trend_align,a_fvg,a_room",False,True,True,False,False,False,False,VOLUME,1,False,True,0.8534258456201207,22.015857469847642,,True,True,True,True,28910.105524359395,A,direct_under_threshold,0.0,1,30081.73177177566,A,2024-04,2024-03-06 08:00:00,3.0739890037945985,up,False,False,a_room+a_vol_expansion+a_volume||up||long,1,3
BTC+ETH+SOL+XRP+DOGE+AVAX+LINK+BNB+ADA v19b norefine rpboost (9coins),orderbook_split_proxy,v19b_norefine_rpboost_9coins,1.0,3.0,capFixed,ETHUSDT,2024-03-07 04:00:00+00:00,2024-03-10 12:00:00+00:00,long,3737.06,3737.06,0.0,3737.06,3570.2293714285715,2.5993523286386426,9713.935613262325,9713.935613262325,0.015,0.015,433.6515828653909,166.8306285714284,0.8859927206069741,384.21214569842834,time_exit_non_runner,time_exit_non_runner,20,7.75,B,2,tier_d_skip,D,1.0,0,0,0.32106845064960376,expansion,True,False,True,False,False,False,True,False,True,False,True,False,False,False,True,False,0.0,3583.26,3737.06,engulf,10,1.3,0.45,legacy,1,True,False,False,True,3,"a_volume,a_wick_le_q1,a_trend_align,a_fvg,a_room",False,True,True,False,False,False,False,VOLUME,1,False,False,0.0,1.596049851757267,,False,False,False,False,28910.105524359395,A,direct_under_threshold,0.0,1,30465.943917474087,A,2024-03,2024-03-07 00:00:00,1.5363879744081352,up,False,False,a_room+a_vol_expansion+a_volume||up||long,1,3
BTC+ETH+SOL+XRP+DOGE+AVAX+LINK+BNB+ADA v19b norefine rpboost (9coins),orderbook_split_proxy,v19b_norefine_rpboost_9coins,1.0,3.0,capFixed,DOGEUSDT,2024-03-14 08:00:00+00:00,2024-03-14 12:00:00+00:00,long,0.18116,0.18116,0.0,0.18116,0.17770822857142857,70609.41211876937,12791.601099436257,12791.601099436257,0.008,0.008,243.7275513397927,0.0034517714285714207,-1.0519831970334075,-256.3972886635591,loss,stop,1,8.0,B,1,rp_boost_rp1_x1.5,B,1.0,0,0,0.14832214765100793,base,False,False,True,False,False,False,True,False,True,False,False,True,False,True,False,False,0.0,0.17835,0.18116,engulf,10,1.3,0.45,legacy,1,True,True,True,False,4,"a_volume,a_wick_le_q1,a_trend_align,a_room",False,True,True,False,False,False,False,VOLUME,1,False,False,0.0,2.4567095983842764,,False,False,False,False,30465.943917474087,A,direct_under_threshold,0.0,1,30209.546628810527,A,2024-03,2024-03-14 04:00:00,2.307831343980716,up,True,False,a_fvg_absent+a_room+a_volume||up||long,1,3
BTC+ETH+SOL+XRP+DOGE+AVAX+LINK+BNB+ADA v19b norefine rpboost (9coins),orderbook_split_proxy,v19b_norefine_rpboost_9coins,1.0,3.0,capFixed,LINKUSDT,2024-03-12 20:00:00+00:00,2024-03-14 16:00:00+00:00,long,20.632,20.632,0.0,20.632,19.3156,185.14703079595293,3819.953539382101,3819.953539382101,0.008,0.008,243.72755133979274,1.3164000000000016,0.23420195229413554,57.08146835164861,win,stop,11,10.25,A,2,rp_pass_rp2,A,1.0,5,1,0.3338675213675195,base,False,False,True,True,False,True,True,True,True,False,True,False,False,False,True,True,0.06842105263158296,19.874,20.634,engulf,10,1.3,0.45,legacy,1,True,True,False,True,4,"a_volume,a_pre_total_ge4,a_score_ge13,a_wick_le_q1,a_pre_total_ge1,a_trend_align,a_fvg,a_room",False,True,True,True,False,False,False,SWEEP+VOLUME,2,False,True,0.06842105263158296,1.0240048617441486,,False,False,False,False,30465.943917474087,A,direct_under_threshold,0.0,1,30266.628097162175,A,2024-03,2024-03-12 16:00:00,3.2452949972160354,up,False,False,a_room+a_score_ge13+a_vol_expansion+a_volume||up||long,3,4
BTC+ETH+SOL+XRP+DOGE+AVAX+LINK+BNB+ADA v19b norefine rpboost (9coins),orderbook_split_proxy,v19b_norefine_rpboost_9coins,1.0,3.0,capFixed,LINKUSDT,2024-03-16 00:00:00+00:00,2024-03-16 04:00:00+00:00,long,19.417,19.417,0.0,19.417,19.188160714285715,1058.092031800905,20544.972981478175,20544.972981478175,0.008,0.008,242.13302477729744,0.2288392857142867,-1.0843499414748339,-262.55693124638697,loss,stop,1,10.5,B,0,tier_d_skip,D,1.0,0,0,0.24630541871921266,base,False,False,True,False,False,True,True,False,False,False,False,False,False,True,False,True,1.0,19.394,19.417,engulf,10,1.3,0.45,legacy,1,True,False,False,True,6,"a_volume,a_score_ge13,a_wick_le_q1,a_room",False,True,False,True,False,False,False,SWEEP,1,False,True,1.0,0.9570035115099349,,False,False,False,False,30266.628097162175,A,direct_under_threshold,0.0,1,30004.071165915786,A,2024-03,2024-03-15 20:00:00,-2.344569018329391,down,True,True,a_fvg_absent+a_room+a_vol_expansion+a_volume||down||long,2,4
BTC+ETH+SOL+XRP+DOGE+AVAX+LINK+BNB+ADA v19b norefine rpboost (9coins),orderbook_split_proxy,v19b_norefine_rpboost_9coins,1.0,3.0,capFixed,ADAUSDT,2024-03-16 04:00:00+00:00,2024-03-16 12:00:00+00:00,short,0.7201,0.7201,0.0,0.7201,0.7367622857142857,14405.740811510008,10373.573958368355,10373.573958368355,0.008,0.008,240.03256932732629,0.01666228571428574,0.2069076400082308,49.66457244462913,win,stop,2,10.25,B,1,rp_boost_rp1_x1.5,B,1.0,1,0,0.1135831381733014,base,False,False,True,False,False,True,True,True,False,False,True,False,False,False,True,False,0.0,0.7201,0.7338,engulf,10,1.3,0.45,legacy,1,True,True,False,True,5,"a_volume,a_score_ge13,a_wick_le_q1,a_pre_total_ge1,a_fvg,a_room",False,True,True,False,False,False,False,VOLUME,1,False,False,0.0,1.66243698343564,,False,False,False,False,30004.071165915786,A,direct_under_threshold,0.0,1,30053.735738360414,A,2024-03,2024-03-16 00:00:00,-2.889271218750201,down,False,True,a_room+a_score_ge13+a_vol_expansion+a_volume||down||short,1,4
BTC+ETH+SOL+XRP+DOGE+AVAX+LINK+BNB+ADA v19b norefine rpboost (9coins),orderbook_split_proxy,v19b_norefine_rpboost_9coins,1.0,3.0,capFixed,XRPUSDT,2024-03-16 16:00:00+00:00,2024-03-16 20:00:00+00:00,long,0.6204,0.6204,0.0,0.6204,0.5944285714285714,9257.476355050527,5743.338330673347,5743.338330673347,0.008,0.008,240.42988590688333,0.025971428571428534,-1.023387788778878,-246.05300929460324,loss,stop,1,10.25,B,1,tier_d_skip,D,1.0,0,0,0.3929712460063856,base,False,False,True,False,False,True,False,False,False,False,True,False,False,False,True,False,0.0,0.6101,0.6204,engulf,10,1.3,0.45,legacy,1,True,True,False,False,4,"a_volume,a_score_ge13,a_fvg,a_room",False,True,True,False,False,False,False,VOLUME,1,False,False,0.0,0.0,,False,False,False,False,30053.735738360414,A,direct_under_threshold,0.0,1,29807.68272906581,A,2024-03,2024-03-16 12:00:00,-3.290227033729245,down,False,True,a_room+a_score_ge13+a_trend_counter||down||long,1,3
BTC+ETH+SOL+XRP+DOGE+AVAX+LINK+BNB+ADA v19b norefine rpboost (9coins),orderbook_split_proxy,v19b_norefine_rpboost_9coins,1.0,3.0,capFixed,LINKUSDT,2024-03-18 12:00:00+00:00,2024-03-19 00:00:00+00:00,long,18.695,18.695,0.0,18.695,17.75958285714286,254.9252637215619,4765.8278052746,4765.8278052746,0.008,0.008,238.46146183252648,0.9354171428571405,-1.019485735928356,-243.10805890688482,loss,stop,3,10.0,B,0,rp_boost_rp0_x1.5,C,1.0,1,1,0.36661211129295646,base,False,False,True,False,False,True,False,True,False,False,False,False,False,True,False,True,1.0,18.68,18.695,engulf,10,1.3,0.45,legacy,1,True,True,False,False,5,"a_volume,a_score_ge13,a_pre_total_ge1,a_room",False,True,True,False,False,False,False,VOLUME,1,False,True,1.0,0.19242751896785562,,False,False,False,False,29807.68272906581,A,direct_under_threshold,0.0,1,29564.574670158927,A,2024-03,2024-03-18 08:00:00,-2.686824206540036,down,True,True,a_room+a_score_ge13+a_trend_counter||down||long,1,3
BTC+ETH+SOL+XRP+DOGE+AVAX+LINK+BNB+ADA v19b norefine rpboost (9coins),orderbook_split_proxy,v19b_norefine_rpboost_9coins,1.0,3.0,capFixed,SOLUSDT,2024-03-19 08:00:00+00:00,2024-03-19 12:00:00+00:00,long,176.253,176.253,0.0,176.253,173.67576785714283,114.71444181734915,20218.76451363324,20218.76451363324,0.01,0.01,295.6457467015893,2.577232142857156,1.0310615156764251,304.82895169742915,win,stop,1,8.0,B,1,tier_d_skip,D,1.0,0,0,0.25285512639548396,base,False,False,True,False,False,False,True,False,True,False,False,False,False,True,False,False,0.0,176.196,176.253,engulf,10,1.3,0.45,legacy,1,True,False,False,True,4,"a_volume,a_wick_le_q1,a_trend_align,a_room",False,True,True,True,False,False,False,SWEEP+VOLUME,2,False,False,0.0,3.7990368958946727,,False,False,False,False,29564.574670158927,A,direct_under_threshold,0.0,1,29869.403621856356,A,2024-03,2024-03-19 04:00:00,-1.088985795605789,down,True,False,a_fvg_absent+a_room+a_vol_expansion+a_volume||down||long,1,4
BTC+ETH+SOL+XRP+DOGE+AVAX+LINK+BNB+ADA v19b norefine rpboost (9coins),orderbook_split_proxy,v19b_norefine_rpboost_9coins,1.0,3.0,capFixed,ADAUSDT,2024-03-19 08:00:00+00:00,2024-03-19 20:00:00+00:00,long,0.5964,0.5964,0.0,0.5964,0.5832211428571429,17946.669790670097,10703.393863155647,10703.393863155647,0.008,0.008,236.5165973612714,0.013178857142857159,0.6044206965702641,142.95552652752835,win,stop,3,10.25,B,1,tier_d_skip,D,1.0,0,0,0.265678449258839,base,False,False,False,False,False,True,True,False,False,False,True,False,False,False,True,False,0.0,0.58,0.5964,engulf,10,1.3,0.45,legacy,1,True,True,False,False,3,"a_score_ge13,a_wick_le_q1,a_fvg,a_room",False,False,True,True,False,False,False,SWEEP+VOLUME,2,False,False,0.0,2.5571261327667627,,False,False,False,False,29564.574670158927,A,direct_under_threshold,0.0,1,30012.359148383883,A,2024-03,2024-03-19 04:00:00,-1.088985795605789,down,False,True,a_room+a_score_ge13+a_trend_counter||down||long,1,3
BTC+ETH+SOL+XRP+DOGE+AVAX+LINK+BNB+ADA v19b norefine rpboost (9coins),orderbook_split_proxy,v19b_norefine_rpboost_9coins,1.0,3.0,capFixed,BTCUSDT,2024-03-18 04:00:00+00:00,2024-03-20 00:00:00+00:00,short,69016.3,69016.3,0.0,69016.3,71341.91657142858,0.28197641352229597,19460.968748578834,19460.968748578834,0.022,0.022,655.7690200394478,2325.6165714285744,2.063875151683276,1353.4253857031085,win,stop,11,13.25,A,2,rp_pass_rp2,A,1.0,0,0,0.46997342144961146,base,False,False,True,False,False,True,False,False,False,True,True,False,False,False,True,False,0.0,69016.3,71211.5,engulf,10,1.3,0.45,legacy,1,True,False,False,False,5,"a_volume,a_score_ge13,a_mss,a_fvg,a_room",False,True,True,False,False,False,False,VOLUME,1,False,False,0.0,3.19635665282251,3.1624301659848593,False,False,False,False,29807.68272906581,A,direct_under_threshold,0.0,1,31365.78453408699,A,2024-03,2024-03-18 00:00:00,-3.2996051304310887,down,False,True,a_mss+a_room+a_volume||down||short,1,3
BTC+ETH+SOL+XRP+DOGE+AVAX+LINK+BNB+ADA v19b norefine rpboost (9coins),orderbook_split_proxy,v19b_norefine_rpboost_9coins,1.0,3.0,capFixed,LINKUSDT,2024-03-21 12:00:00+00:00,2024-03-21 20:00:00+00:00,short,18.627,18.627,0.0,18.627,19.034417142857144,615.8952333546736,11472.280511697503,11472.280511697503,0.008,0.008,250.92627627269593,0.40741714285714536,0.20440527434149655,51.290654341010566,win,stop,2,10.0,B,1,tier_d_skip,D,1.0,0,0,0.34785992217898765,base,False,False,True,False,False,True,True,False,True,False,False,True,False,True,False,False,0.0,18.627,18.978,engulf,10,1.3,0.45,legacy,1,True,False,False,False,5,"a_volume,a_score_ge13,a_wick_le_q1,a_trend_align,a_room",False,True,False,True,False,False,False,SWEEP,1,False,False,0.0,1.3303318466156004,,False,False,False,False,31365.78453408699,A,direct_under_threshold,0.0,1,31417.075188428,A,2024-03,2024-03-21 08:00:00,-1.8772297910499935,down,True,False,a_fvg_absent+a_ob+a_score_ge13+a_volume||down||short,1,4
BTC+ETH+SOL+XRP+DOGE+AVAX+LINK+BNB+ADA v19b norefine rpboost (9coins),orderbook_split_proxy,v19b_norefine_rpboost_9coins,1.0,3.0,capFixed,DOGEUSDT,2024-03-23 00:00:00+00:00,2024-03-23 04:00:00+00:00,short,0.1578,0.1578,0.0,0.1578,0.16008839285714285,109831.05489204639,17331.34046196492,17331.34046196492,0.008,0.008,251.33660150742398,0.002288392857142857,-1.0694566913772923,-268.7936102701426,loss,stop,1,8.5,B,0,tier_d_skip,D,1.0,0,0,0.3647686832740183,base,False,False,False,False,False,False,False,False,False,False,False,True,False,True,False,False,0.0,0.1578,0.16332,engulf,10,1.3,0.45,legacy,1,True,False,False,False,4,a_room,False,False,False,True,False,False,False,SWEEP,1,False,False,0.0,0.0,,False,False,False,False,31417.075188428,A,direct_under_threshold,0.0,1,31148.281578157857,A,2024-03,2024-03-22 20:00:00,-0.26236068790101463,range,True,True,a_fvg_absent+a_ob+a_room+a_trend_counter||range||short,1,4
BTC+ETH+SOL+XRP+DOGE+AVAX+LINK+BNB+ADA v19b norefine rpboost (9coins),orderbook_split_proxy,v19b_norefine_rpboost_9coins,1.0,3.0,capFixed,ADAUSDT,2024-03-26 20:00:00+00:00,2024-03-27 00:00:00+00:00,short,0.6675,0.6675,0.0,0.6675,0.6711785714285714,67739.95216997452,45216.41807345799,45216.41807345799,0.008,0.008,249.18625262526285,0.00367857142857142,0.06866868932038794,17.11129336443588,win,stop,1,10.75,A,2,rp_pass_rp2,B,1.0,0,0,0.10834813499111887,base,False,False,True,False,False,True,True,False,False,False,True,False,False,False,True,True,0.4857142857143029,0.6663,0.6698,engulf,10,1.3,0.45,legacy,1,True,False,False,False,4,"a_volume,a_score_ge13,a_wick_le_q1,a_fvg,a_room",False,True,True,True,False,False,False,SWEEP+VOLUME,2,False,True,0.4857142857143029,1.4679611650485365,,False,False,False,False,31148.281578157857,A,direct_under_threshold,0.0,1,31165.392871522294,A,2024-03,2024-03-26 16:00:00,4.567885692893844,up,False,True,a_room+a_score_ge13+a_trend_counter||up||short,2,3
BTC+ETH+SOL+XRP+DOGE+AVAX+LINK+BNB+ADA v19b norefine rpboost (9coins),orderbook_split_proxy,v19b_norefine_rpboost_9coins,1.0,3.0,capFixed,LINKUSDT,2024-03-26 16:00:00+00:00,2024-03-27 12:00:00+00:00,short,20.306,20.306,0.0,20.306,20.62118857142857,790.5941877773221,16053.805577006302,16053.805577006302,0.008,0.008,249.18625262526285,0.3151885714285676,1.9541116682983515,486.93776383456685,win,stop,5,11.0,B,1,rp_boost_rp1_x1.5,C,1.0,1,0,0.23809523809523722,base,False,False,True,False,False,True,True,True,False,False,False,True,False,True,False,True,0.3856209150326783,20.28,20.586,engulf,10,1.3,0.45,legacy,1,True,True,False,False,6,"a_volume,a_score_ge13,a_wick_le_q1,a_pre_total_ge1,a_room",False,True,True,True,False,False,False,SWEEP+VOLUME,2,False,True,0.3856209150326783,3.9690525399761207,3.9690525399761207,True,True,True,False,31148.281578157857,A,direct_under_threshold,0.0,1,31652.330635356862,A,2024-03,2024-03-26 12:00:00,4.4722808103221485,up,True,True,a_fvg_absent+a_ob+a_room+a_trend_counter||up||short,3,4
BTC+ETH+SOL+XRP+DOGE+AVAX+LINK+BNB+ADA v19b norefine rpboost (9coins),orderbook_split_proxy,v19b_norefine_rpboost_9coins,1.0,3.0,capFixed,AVAXUSDT,2024-03-28 12:00:00+00:00,2024-03-29 00:00:00+00:00,long,54.146,54.146,0.0,54.146,53.80376785714286,832.39105871223,45070.64626503241,45070.64626503241,0.009,0.009,284.87097571821175,0.3422321428571422,0.4914607552830678,140.00290488469682,win,stop,3,8.0,B,1,tier_d_skip,D,1.0,0,0,0.34074344023323444,base,False,False,True,False,False,False,True,False,False,False,False,False,False,True,False,True,0.07758620689655489,53.914,54.146,engulf,10,1.3,0.45,legacy,1,True,False,True,False,4,"a_volume,a_wick_le_q1,a_room",False,True,False,False,False,False,False,none,0,False,True,0.07758620689655489,2.6239499086877056,,False,False,False,False,31652.330635356862,A,direct_under_threshold,0.0,1,31792.333540241558,A,2024-03,2024-03-28 08:00:00,2.248475739969637,up,True,True,a_fvg_absent+a_room+a_volume||up||long,1,3
BTC+ETH+SOL+XRP+DOGE+AVAX+LINK+BNB+ADA v19b norefine rpboost (9coins),orderbook_split_proxy,v19b_norefine_rpboost_9coins,1.0,3.0,capFixed,SOLUSDT,2024-03-28 16:00:00+00:00,2024-03-29 04:00:00+00:00,long,186.073,186.073,0.0,186.073,182.40102285714286,86.19969407197442,16039.435675054498,16039.435675054498,0.01,0.01,316.5233063535686,3.671977142857145,0.19920120962470977,63.051825500043456,win,stop,3,9.5,B,2,rp_pass_rp2,C,1.0,3,0,0.3185023853972175,base,False,False,True,True,False,False,True,True,True,False,False,True,False,True,False,True,0.36703601108033573,182.838,186.448,engulf,10,1.3,0.45,legacy,1,True,False,True,False,4,"a_volume,a_pre_total_ge4,a_wick_le_q1,a_pre_total_ge1,a_trend_align,a_room",False,True,False,True,False,False,False,SWEEP,1,False,True,0.36703601108033573,1.3908038643253295,,False,False,False,False,31652.330635356862,A,direct_under_threshold,0.0,1,31855.3853657416,A,2024-03,2024-03-28 12:00:00,2.129066392276832,up,True,False,a_fvg_absent+a_room+a_volume||up||long,1,3
BTC+ETH+SOL+XRP+DOGE+AVAX+LINK+BNB+ADA v19b norefine rpboost (9coins),orderbook_split_proxy,v19b_norefine_rpboost_9coins,1.0,3.0,capFixed,BTCUSDT,2024-04-02 20:00:00+00:00,2024-04-03 00:00:00+00:00,long,65684.2,65684.2,0.0,65684.2,65329.23035714286,1.4549336993862267,95566.1560972248,95566.1560972248,0.022,0.022,516.4572956519472,354.96964285714057,0.06483326101829003,33.48361065380288,win,stop,1,10.0,B,1,rp_boost_rp1_x1.5,A,1.0,5,3,0.33169068952084174,base,False,False,True,True,True,True,True,True,False,False,False,True,False,True,False,True,0.5494112977907115,64928.3,65684.2,engulf,10,1.3,0.45,legacy,1,True,True,False,False,6,"a_volume,a_pre_total_ge4,a_sweep_count_2_4,a_score_ge13,a_wick_le_q1,a_pre_total_ge1,a_room",False,True,True,True,False,False,False,SWEEP+VOLUME,2,False,True,0.5494112977907115,1.8525527836887743,,False,False,False,False,31855.3853657416,A,direct_under_threshold,0.0,1,31888.868976395403,A,2024-04,2024-04-02 16:00:00,-2.4513368387741648,down,True,True,a_fvg_absent+a_ob+a_score_ge13+a_volume||down||long,2,4
BTC+ETH+SOL+XRP+DOGE+AVAX+LINK+BNB+ADA v19b norefine rpboost (9coins),orderbook_split_proxy,v19b_norefine_rpboost_9coins,1.0,3.0,capFixed,SOLUSDT,2024-04-03 16:00:00+00:00,2024-04-03 20:00:00+00:00,long,184.506,184.506,0.0,184.506,182.80230357142858,187.1745954361999,34534.835905551496,34534.835905551496,0.01,0.01,318.888689763954,1.7036964285714191,-1.1077974624503448,-353.26408132462353,loss,stop,1,11.0,A,2,tier_d_skip,D,1.0,0,0,0.371071653048398,expansion,True,False,True,False,False,True,False,False,True,False,False,True,False,True,False,True,0.4353258206761366,181.679,185.761,engulf,10,1.3,0.45,legacy,1,True,False,False,False,5,"a_volume,a_score_ge13,a_trend_align,a_room",False,True,True,False,False,False,False,VOLUME,1,False,True,0.4353258206761366,1.2660706237487949,,False,False,False,False,31888.868976395403,A,direct_under_threshold,0.0,1,31535.604895070777,A,2024-04,2024-04-03 12:00:00,-3.9340522489971836,down,True,False,a_fvg_absent+a_ob+a_score_ge13+a_volume||down||long,1,4
BTC+ETH+SOL+XRP+DOGE+AVAX+LINK+BNB+ADA v19b norefine rpboost (9coins),orderbook_split_proxy,v19b_norefine_rpboost_9coins,1.0,3.0,capFixed,SOLUSDT,2024-04-04 20:00:00+00:00,2024-04-05 00:00:00+00:00,long,181.863,181.863,0.0,181.863,178.73056571428572,100.67443406200547,18308.954601818503,18308.954601818503,0.01,0.01,315.35604895070776,3.1324342857142824,-1.0575580415778874,-333.5073255280509,loss,stop,1,10.25,A,2,tier_d_skip,D,1.0,0,0,0.2496393884027293,base,False,False,False,False,False,True,True,False,False,False,True,False,False,False,True,False,0.0,176.961,181.863,engulf,10,1.3,0.45,legacy,1,True,False,True,False,3,"a_score_ge13,a_wick_le_q1,a_fvg,a_room",False,False,False,False,False,False,False,none,0,False,False,0.0,1.1048914947024366,,False,False,False,False,31535.604895070777,A,direct_under_threshold,0.0,1,31202.097569542726,A,2024-04,2024-04-04 16:00:00,-2.1665418471443045,down,False,True,a_room+a_score_ge13+a_trend_counter||down||long,1,3
BTC+ETH+SOL+XRP+DOGE+AVAX+LINK+BNB+ADA v19b norefine rpboost (9coins),orderbook_split_proxy,v19b_norefine_rpboost_9coins,1.0,3.0,capFixed,DOGEUSDT,2024-04-03 16:00:00+00:00,2024-04-05 16:00:00+00:00,long,0.17441,0.17441,0.0,0.17441,0.15886017142857142,16406.02985681184,2861.3756673265534,2861.3756673265534,0.008,0.008,255.1109518111632,0.015549828571428587,0.14369193780730657,36.65738702161245,time_exit_non_runner,time_exit_non_runner,12,10.25,A,2,tier_d_skip,D,1.0,0,0,0.3526598924088464,base,False,False,False,False,False,True,False,False,False,False,True,False,False,False,True,False,0.0,0.17016,0.17441,engulf,10,1.3,0.45,legacy,1,True,True,False,False,3,"a_score_ge13,a_fvg,a_room",False,False,False,True,False,False,False,SWEEP,1,False,False,0.0,0.903546938505521,,False,False,False,False,31888.868976395403,A,direct_under_threshold,0.0,1,31238.75495656434,A,2024-04,2024-04-03 12:00:00,-3.9340522489971836,down,False,True,a_room+a_score_ge13+a_trend_counter||down||long,1,3
BTC+ETH+SOL+XRP+DOGE+AVAX+LINK+BNB+ADA v19b norefine rpboost (9coins),orderbook_split_proxy,v19b_norefine_rpboost_9coins,1.0,3.0,capFixed,AVAXUSDT,2024-04-05 00:00:00+00:00,2024-04-07 00:00:00+00:00,long,46.508,46.508,0.0,46.508,43.23042285714286,85.67880049379652,3984.7496533654885,3984.7496533654885,0.009,0.009,280.8188781258845,3.2775771428571403,0.6759140680572409,189.80943030133713,time_exit_non_runner,time_exit_non_runner,12,10.25,A,2,rp_pass_rp2,B,1.0,0,0,0.1986906710310959,base,False,False,False,False,False,True,True,False,False,False,True,False,False,False,True,False,0.0,45.948,46.508,engulf,10,1.3,0.45,legacy,1,True,False,False,False,3,"a_score_ge13,a_wick_le_q1,a_fvg,a_room",False,False,True,False,False,False,False,VOLUME,1,False,False,0.0,0.7899127578559775,,False,False,False,False,31202.097569542726,A,direct_under_threshold,0.0,1,31428.564386865677,A,2024-04,2024-04-04 20:00:00,-1.7708612047569314,down,False,True,a_room+a_score_ge13+a_trend_counter||down||long,1,3
BTC+ETH+SOL+XRP+DOGE+AVAX+LINK+BNB+ADA v19b norefine rpboost (9coins),orderbook_split_proxy,v19b_norefine_rpboost_9coins,1.0,3.0,capFixed,XRPUSDT,2024-04-09 16:00:00+00:00,2024-04-09 20:00:00+00:00,short,0.623,0.623,0.0,0.623,0.6271668571428571,60340.08521888644,37591.87309136625,37591.87309136625,0.008,0.008,251.42851509492542,0.004166857142857139,0.5008118348875479,125.91837598774111,win,stop,1,8.5,B,1,rp_boost_rp1_x1.5,B,1.0,0,0,0.14316702819956303,base,False,False,False,False,False,False,True,False,False,False,False,True,False,True,False,False,0.0,0.623,0.6261,engulf,10,1.3,0.45,legacy,1,True,True,False,False,4,"a_wick_le_q1,a_room",False,False,False,True,False,False,False,SWEEP,1,False,False,0.0,2.903867251782778,,False,False,False,False,31428.564386865677,A,direct_under_threshold,0.0,1,31554.48276285342,A,2024-04,2024-04-09 12:00:00,2.5699148718377294,up,True,True,a_fvg_absent+a_ob+a_room+a_trend_counter||up||short,1,4
BTC+ETH+SOL+XRP+DOGE+AVAX+LINK+BNB+ADA v19b norefine rpboost (9coins),orderbook_split_proxy,v19b_norefine_rpboost_9coins,1.0,3.0,capFixed,XRPUSDT,2024-04-10 00:00:00+00:00,2024-04-12 00:00:00+00:00,long,0.6048,0.6048,0.0,0.6048,0.576724,8991.161921314555,5437.854730011043,5437.854730011043,0.008,0.008,252.43586210282734,0.02807599999999999,0.24189699387376995,61.06347618860746,time_exit_non_runner,time_exit_non_runner,12,8.25,B,2,tier_d_skip,D,1.0,0,0,0.41523341523341356,base,False,False,True,False,False,False,False,False,False,False,True,False,False,False,True,False,0.0,0.6009,0.6048,engulf,10,1.3,0.45,legacy,1,True,False,False,True,4,"a_volume,a_fvg,a_room",False,True,False,False,False,False,False,none,0,False,False,0.0,0.6090611198176382,,False,False,False,False,31554.48276285342,A,direct_under_threshold,0.0,1,31615.546239042025,A,2024-04,2024-04-09 20:00:00,2.219953588515805,up,False,True,a_room+a_vol_expansion+a_volume||up||long,2,3
BTC+ETH+SOL+XRP+DOGE+AVAX+LINK+BNB+ADA v19b norefine rpboost (9coins),orderbook_split_proxy,v19b_norefine_rpboost_9coins,1.0,3.0,capFixed,BNBUSDT,2024-04-13 16:00:00+00:00,2024-04-13 20:00:00+00:00,long,533.84,533.84,0.0,533.84,529.7708928571429,93.23582337576912,49773.01195092059,49773.01195092059,0.012,0.012,379.38655486850433,4.069107142857092,0.6184316002545294,234.62463424238194,win,stop,1,10.5,A,2,tier_d_skip,D,1.0,0,0,0.28853267570900115,expansion,True,False,False,False,False,True,True,False,True,False,False,True,False,True,False,False,0.0,516.95,533.84,engulf,10,1.3,0.45,legacy,1,True,False,False,True,5,"a_score_ge13,a_wick_le_q1,a_trend_align,a_room",False,False,True,False,False,False,False,VOLUME,1,False,False,0.0,7.510247070698285,,True,True,False,True,31615.546239042025,A,direct_under_threshold,0.0,1,31850.170873284405,A,2024-04,2024-04-13 12:00:00,-1.5014754831604198,down,True,False,a_fvg_absent+a_ob+a_room+a_score_ge13+a_vol_expansion||down||long,1,5
BTC+ETH+SOL+XRP+DOGE+AVAX+LINK+BNB+ADA v19b norefine rpboost (9coins),orderbook_split_proxy,v19b_norefine_rpboost_9coins,1.0,3.0,capFixed,SOLUSDT,2024-04-13 16:00:00+00:00,2024-04-13 20:00:00+00:00,long,147.4,147.4,0.0,147.4,140.00274857142858,42.73958583715155,6299.814952396139,6299.814952396139,0.01,0.01,316.15546239042027,7.397251428571423,-1.0194263201235363,-322.2971996116212,loss,stop,1,10.25,A,2,rp_pass_rp2,B,1.0,0,0,0.18203497615261877,base,False,False,True,False,False,True,True,False,False,False,True,False,False,False,True,False,0.0,144.645,147.4,engulf,10,1.3,0.45,legacy,1,True,True,False,True,5,"a_volume,a_score_ge13,a_wick_le_q1,a_fvg,a_room",False,True,True,False,False,False,False,VOLUME,1,False,False,0.0,0.0,,False,False,False,False,31615.546239042025,A,direct_under_threshold,0.0,1,31527.873673672784,A,2024-04,2024-04-13 12:00:00,-1.5014754831604198,down,False,True,a_room+a_score_ge13+a_trend_counter||down||long,1,3
BTC+ETH+SOL+XRP+DOGE+AVAX+LINK+BNB+ADA v19b norefine rpboost (9coins),orderbook_split_proxy,v19b_norefine_rpboost_9coins,1.0,3.0,capFixed,ADAUSDT,2024-04-11 00:00:00+00:00,2024-11-10 04:00:00+00:00,short,0.5904,0.5904,0.0,0.5904,0.6183342857142857,9036.775261940233,5335.312114649514,5335.312114649514,0.008,0.008,252.43586210282737,0.02793428571428569,0.9093296824179201,229.54742231685788,win,stop,1279,10.25,S,3,rp_pass_rp3,B,1.0,0,0,0.15885416666666854,expansion,True,False,True,False,False,True,True,False,True,False,True,False,False,False,True,False,0.0,0.5904,0.5905,engulf,10,1.3,0.45,legacy,1,True,False,False,False,3,"a_volume,a_score_ge13,a_wick_le_q1,a_trend_align,a_fvg,a_room",False,True,False,False,False,False,False,none,0,False,False,0.0,11.290784494221143,,True,True,True,True,31554.48276285342,A,direct_under_threshold,0.0,1,31757.42109598964,A,2024-11,2024-04-10 20:00:00,-0.16608842385790987,range,False,False,a_room+a_score_ge13+a_volume||range||short,1,3
BTC+ETH+SOL+XRP+DOGE+AVAX+LINK+BNB+ADA v19b norefine rpboost (9coins),orderbook_split_proxy,v19b_norefine_rpboost_9coins,1.0,3.0,capFixed,DOGEUSDT,2024-04-13 20:00:00+00:00,2024-04-15 04:00:00+00:00,long,0.13449,0.13449,0.0,0.13449,0.12518645714285714,27110.42376676284,3646.0808923919344,3646.0808923919344,0.008,0.008,252.22298938938232,0.009303542857142855,2.103027804461588,530.4319596102911,win,stop,8,10.5,B,1,tier_d_skip,D,1.0,0,0,0.26352201257861635,base,False,True,True,False,False,True,True,False,False,False,False,True,False,True,False,False,0.0,0.13241,0.13449,engulf,10,1.3,0.45,legacy,1,True,True,False,True,8,"a_sweep,a_volume,a_score_ge13,a_wick_le_q1,a_room",True,True,True,True,False,False,False,SWEEP+VOLUME,2,False,False,0.0,3.70181559098838,3.70181559098838,True,True,True,False,31527.873673672784,A,direct_under_threshold,0.0,1,32287.85305559993,A,2024-04,2024-04-13 16:00:00,-2.0702910011347933,down,True,True,a_fvg_absent+a_ob+a_room+a_score_ge13+a_sweep+a_trend_counter+a_vol_expansion+a_volume||down||long,7,8
BTC+ETH+SOL+XRP+DOGE+AVAX+LINK+BNB+ADA v19b norefine rpboost (9coins),orderbook_split_proxy,v19b_norefine_rpboost_9coins,1.0,3.0,capFixed,BNBUSDT,2024-04-19 00:00:00+00:00,2024-04-19 12:00:00+00:00,long,528.41,528.41,0.0,528.41,522.1450285714285,61.84453370373086,32679.27005438842,32679.27005438842,0.012,0.012,387.4542366671992,6.264971428571471,2.813982174357194,1090.2893153606722,win,stop,3,7.5,B,1,tier_d_skip,D,1.0,0,0,0.33790965456156646,base,False,True,True,False,False,False,True,False,False,False,False,True,False,True,False,False,0.0,523.28,528.41,engulf,10,1.3,0.45,legacy,1,True,False,True,False,6,"a_sweep,a_volume,a_wick_le_q1,a_room",True,True,False,True,False,False,False,SWEEP,1,False,False,0.0,5.671215009531429,5.671215009531429,True,True,True,True,32287.85305559993,A,direct_under_threshold,0.0,1,33378.1423709606,A,2024-04,2024-04-18 20:00:00,-1.9395007455894164,down,True,True,a_fvg_absent+a_room+a_sweep+a_trend_counter+a_volume||down||long,1,5
BTC+ETH+SOL+XRP+DOGE+AVAX+LINK+BNB+ADA v19b norefine rpboost (9coins),orderbook_split_proxy,v19b_norefine_rpboost_9coins,1.0,3.0,capFixed,ADAUSDT,2024-04-23 16:00:00+00:00,2024-04-23 20:00:00+00:00,long,0.5036,0.5036,0.0,0.5036,0.5008357142857144,96598.24148701954,48646.87441286304,48646.87441286304,0.008,0.008,267.0251389676848,0.0027642857142856636,-1.181680878552975,-315.53850081106407,loss,stop,1,8.5,B,1,tier_d_skip,D,1.0,0,0,0.31652661064425747,base,False,False,True,False,False,False,True,False,False,False,False,True,False,True,False,False,0.0,0.5018,0.5036,engulf,10,1.3,0.45,legacy,1,True,False,True,False,5,"a_volume,a_wick_le_q1,a_room",False,True,True,False,False,False,False,VOLUME,1,False,False,0.0,0.7235142118863188,,False,False,False,False,33378.1423709606,A,direct_under_threshold,0.0,1,33062.60387014954,A,2024-04,2024-04-23 12:00:00,1.8888937997153803,up,True,True,a_fvg_absent+a_ob+a_room+a_trend_counter||up||long,2,4
BTC+ETH+SOL+XRP+DOGE+AVAX+LINK+BNB+ADA v19b norefine rpboost (9coins),orderbook_split_proxy,v19b_norefine_rpboost_9coins,1.0,3.0,capFixed,DOGEUSDT,2024-05-04 00:00:00+00:00,2024-05-04 04:00:00+00:00,short,0.14803,0.14803,0.0,0.14803,0.1514672,76952.41212649722,11391.265567085384,11391.265567085384,0.008,0.008,264.50083096119636,0.0034372000000000014,-1.0435670313045502,-276.02434694376234,loss,stop,1,10.75,S,3,tier_d_skip,D,1.0,0,0,0.32585751978891314,base,False,False,True,False,False,True,True,False,True,False,True,False,False,False,True,False,0.0,0.14803,0.14971,engulf,10,1.3,0.45,legacy,1,True,True,False,False,3,"a_volume,a_score_ge13,a_wick_le_q1,a_trend_align,a_fvg,a_room",False,True,True,False,False,False,False,VOLUME,1,False,False,0.0,0.0,,False,False,False,False,33062.60387014954,A,direct_under_threshold,0.0,1,32786.57952320578,A,2024-05,2024-05-03 20:00:00,-0.3544412297121892,range,False,False,a_room+a_score_ge13+a_volume||range||short,1,3
BTC+ETH+SOL+XRP+DOGE+AVAX+LINK+BNB+ADA v19b norefine rpboost (9coins),orderbook_split_proxy,v19b_norefine_rpboost_9coins,1.0,3.0,capFixed,BNBUSDT,2024-05-04 00:00:00+00:00,2024-05-04 08:00:00+00:00,short,587.89,587.89,0.0,587.89,591.7623428571428,102.45767512810939,60233.842631064224,60233.842631064224,0.012,0.012,396.75124644179454,3.872342857142826,0.09830734808015698,39.00356288518964,win,stop,2,8.5,B,1,rp_boost_rp1_x1.5,B,1.0,0,0,0.21428571428571191,base,False,False,True,False,False,False,True,False,False,False,False,True,False,True,False,False,0.0,587.89,589.4,engulf,10,1.3,0.45,legacy,1,True,True,False,False,5,"a_volume,a_wick_le_q1,a_room",False,True,False,True,False,False,False,SWEEP,1,False,False,0.0,1.3919222028746057,,False,False,False,False,33062.60387014954,A,direct_under_threshold,0.0,1,32825.58308609097,A,2024-05,2024-05-03 20:00:00,-0.3544412297121892,range,True,True,a_fvg_absent+a_ob+a_room+a_trend_counter||range||short,1,4
BTC+ETH+SOL+XRP+DOGE+AVAX+LINK+BNB+ADA v19b norefine rpboost (9coins),orderbook_split_proxy,v19b_norefine_rpboost_9coins,1.0,3.0,capFixed,BTCUSDT,2024-05-04 00:00:00+00:00,2024-05-04 08:00:00+00:00,short,61598.1,61598.1,0.0,61598.1,64309.85257142857,0.268231435569397,16522.54679134727,16522.54679134727,0.022,0.022,727.3772851432899,2711.752571428573,-1.023215236135113,-744.2635205772087,loss,stop,2,10.25,S,3,rp_pass_rp3,C,1.0,3,1,0.41942028985507357,base,False,False,True,True,False,True,False,True,True,False,True,False,False,False,True,True,0.0379265893208504,61576.1,63050.0,engulf,10,1.3,0.45,legacy,1,True,True,False,False,3,"a_volume,a_pre_total_ge4,a_score_ge13,a_pre_total_ge1,a_trend_align,a_fvg,a_room",False,True,True,False,False,False,False,VOLUME,1,False,True,0.0379265893208504,0.0,,False,False,False,False,33062.60387014954,A,direct_under_threshold,0.0,1,32081.31956551376,A,2024-05,2024-05-03 20:00:00,-0.3544412297121892,range,False,False,a_room+a_score_ge13+a_volume||range||short,1,3
BTC+ETH+SOL+XRP+DOGE+AVAX+LINK+BNB+ADA v19b norefine rpboost (9coins),orderbook_split_proxy,v19b_norefine_rpboost_9coins,1.0,3.0,capFixed,DOGEUSDT,2024-05-05 08:00:00+00:00,2024-05-06 08:00:00+00:00,long,0.16005,0.16005,0.0,0.16005,0.15507468571428573,51584.792796112735,8256.146087017843,8256.146087017843,0.008,0.008,256.6505565241101,0.004975314285714266,0.21770617792989377,55.874411724444165,win,stop,6,10.25,A,2,rp_pass_rp2,C,1.0,2,1,0.3132678132678114,base,False,False,True,False,False,True,True,True,False,False,True,False,False,False,True,True,0.08559498956158552,0.15557,0.16036,engulf,10,1.3,0.45,legacy,1,True,True,False,True,5,"a_volume,a_score_ge13,a_wick_le_q1,a_pre_total_ge1,a_fvg,a_room",False,True,True,False,False,False,False,VOLUME,1,False,True,0.08559498956158552,1.8189805669132249,,False,False,False,False,32081.31956551376,A,direct_under_threshold,0.0,1,32137.193977238207,A,2024-05,2024-05-05 04:00:00,4.672693539679005,up,False,True,a_room+a_score_ge13+a_vol_expansion+a_volume||up||long,4,4
BTC+ETH+SOL+XRP+DOGE+AVAX+LINK+BNB+ADA v19b norefine rpboost (9coins),orderbook_split_proxy,v19b_norefine_rpboost_9coins,1.0,3.0,capFixed,BTCUSDT,2024-05-05 04:00:00+00:00,2024-05-07 04:00:00+00:00,long,63445.0,63445.0,0.0,63445.0,59533.239428571425,0.1804274616387241,11447.220303668852,11447.220303668852,0.022,0.022,705.7890304413027,3911.7605714285746,0.035879764989999,25.32354454475319,time_exit_non_runner,time_exit_non_runner,12,8.5,B,1,tier_d_skip,D,1.0,0,0,0.2383177570093492,base,False,False,True,False,False,False,True,False,False,False,False,True,False,True,False,False,0.0,61757.1,63445.0,engulf,10,1.3,0.45,legacy,1,True,True,False,False,5,"a_volume,a_wick_le_q1,a_room",False,True,True,False,False,False,False,VOLUME,1,False,False,0.0,0.5253389011100733,,False,False,False,False,32081.31956551376,A,direct_under_threshold,0.0,1,32162.51752178296,A,2024-05,2024-05-05 00:00:00,4.368980889463714,up,True,True,a_fvg_absent+a_ob+a_room+a_trend_counter||up||long,2,4
BTC+ETH+SOL+XRP+DOGE+AVAX+LINK+BNB+ADA v19b norefine rpboost (9coins),orderbook_split_proxy,v19b_norefine_rpboost_9coins,1.0,3.0,capFixed,BTCUSDT,2024-05-07 12:00:00+00:00,2024-05-07 16:00:00+00:00,short,63590.0,63590.0,0.0,63590.0,63925.20628571429,1.5173384583322675,96487.55256534889,96487.55256534889,0.022,0.022,508.62138878900373,335.20628571428824,0.46062092012424055,234.28165209885998,win,stop,1,7.5,B,1,rp_boost_rp1_x1.5,B,1.0,0,0,0.20505385252692146,base,False,False,False,False,False,False,True,False,False,False,False,True,False,True,False,False,0.0,63590.0,63850.0,engulf,10,1.3,0.45,legacy,1,True,False,True,False,4,"a_wick_le_q1,a_room",False,False,False,False,False,False,False,none,0,False,False,0.0,2.4817553711062215,,False,False,False,False,32162.51752178296,A,direct_under_threshold,0.0,1,32396.79917388182,A,2024-05,2024-05-07 08:00:00,1.6757766496208446,up,True,True,a_fvg_absent+a_ob+a_room+a_trend_counter||up||short,1,4
BTC+ETH+SOL+XRP+DOGE+AVAX+LINK+BNB+ADA v19b norefine rpboost (9coins),orderbook_split_proxy,v19b_norefine_rpboost_9coins,1.0,3.0,capFixed,XRPUSDT,2024-05-07 20:00:00+00:00,2024-05-09 04:00:00+00:00,long,0.5331,0.5331,0.0,0.5331,0.5147605714285715,14132.08663408568,7533.815384631076,7533.815384631076,0.008,0.008,259.1743933910546,0.018339428571428562,-1.0285685174799029,-266.5786215789902,loss,stop,8,8.75,B,2,tier_d_skip,D,1.0,0,0,0.30434782608695315,base,False,False,True,False,False,False,True,False,False,False,True,False,False,False,True,False,0.0,0.5184,0.5331,engulf,10,1.3,0.45,legacy,1,True,False,True,True,4,"a_volume,a_wick_le_q1,a_fvg,a_room",False,True,True,False,False,False,False,VOLUME,1,False,False,0.0,0.0,,False,False,False,False,32396.79917388182,A,direct_under_threshold,0.0,1,32130.22055230283,A,2024-05,2024-05-07 16:00:00,1.0638592718838669,up,False,True,a_room+a_vol_expansion+a_volume||up||long,2,3
BTC+ETH+SOL+XRP+DOGE+AVAX+LINK+BNB+ADA v19b norefine rpboost (9coins),orderbook_split_proxy,v19b_norefine_rpboost_9coins,1.0,3.0,capFixed,BNBUSDT,2024-05-08 20:00:00+00:00,2024-05-09 08:00:00+00:00,long,585.06,585.06,0.0,585.06,581.1398857142857,99.17098373976337,58020.97574678595,58020.97574678595,0.012,0.012,388.76159008658186,3.9201142857142486,2.213762804291439,860.6259478708703,win,stop,3,10.0,A,2,rp_pass_rp2,C,1.0,1,0,0.5308000000000014,base,False,False,False,False,False,True,False,True,True,False,False,True,False,True,False,True,0.46551724137928263,582.16,585.06,engulf,10,1.3,0.45,legacy,1,True,False,True,False,4,"a_score_ge13,a_pre_total_ge1,a_trend_align,a_room",False,False,False,True,False,False,False,SWEEP,1,False,True,0.46551724137928263,4.512623538672399,4.512623538672399,True,True,True,False,32396.79917388182,A,direct_under_threshold,0.0,1,32990.8465001737,A,2024-05,2024-05-08 16:00:00,-0.875598373182783,range,True,False,a_fvg_absent+a_room+a_score_ge13||range||long,1,3
BTC+ETH+SOL+XRP+DOGE+AVAX+LINK+BNB+ADA v19b norefine rpboost (9coins),orderbook_split_proxy,v19b_norefine_rpboost_9coins,1.0,3.0,capFixed,ETHUSDT,2024-05-11 00:00:00+00:00,2024-05-14 08:00:00+00:00,short,2944.99,2944.99,0.0,2944.99,3062.121942857143,4.22483129223043,12442.085907305693,12442.085907305693,0.015,0.015,494.86269750260544,117.13194285714326,0.30089225996177754,148.90035542234043,time_exit_non_runner,time_exit_non_runner,20,10.75,S,3,rp_pass_rp3,B,1.0,1,0,0.20346123192530452,expansion,True,False,True,False,False,True,True,True,True,False,True,False,False,False,True,True,0.7897276801103051,2933.7,3020.73,engulf,10,1.3,0.45,legacy,1,True,True,False,False,3,"a_volume,a_score_ge13,a_wick_le_q1,a_pre_total_ge1,a_trend_align,a_fvg,a_room",False,True,True,False,False,False,False,VOLUME,1,False,True,0.7897276801103051,0.6931499471414108,,False,False,False,False,32990.8465001737,A,direct_under_threshold,0.0,1,33139.74685559604,A,2024-05,2024-05-10 20:00:00,-0.9132665215013349,range,False,False,a_room+a_score_ge13+a_volume||range||short,1,3
BTC+ETH+SOL+XRP+DOGE+AVAX+LINK+BNB+ADA v19b norefine rpboost (9coins),orderbook_split_proxy,v19b_norefine_rpboost_9coins,1.0,3.0,capFixed,SOLUSDT,2024-05-15 08:00:00+00:00,2024-05-15 12:00:00+00:00,short,144.706,144.706,0.0,144.706,148.6067657142857,84.95702967811903,12293.79193660189,12293.79193660189,0.01,0.01,331.39746855596036,3.9007657142857113,-1.0375968190860696,-343.8569592268402,loss,stop,1,10.25,S,3,tier_d_skip,D,1.0,0,0,0.354988092087852,base,False,False,True,False,False,True,False,False,True,False,True,False,False,False,True,False,0.0,144.706,145.3,engulf,10,1.3,0.45,legacy,1,True,False,True,False,3,"a_volume,a_score_ge13,a_trend_align,a_fvg,a_room",False,True,False,False,False,False,False,none,0,False,False,0.0,0.2960957116112007,,False,False,False,False,33139.74685559604,A,direct_under_threshold,0.0,1,32795.8898963692,A,2024-05,2024-05-15 04:00:00,0.8245560780742517,range,False,False,a_room+a_score_ge13+a_volume||range||short,1,3
BTC+ETH+SOL+XRP+DOGE+AVAX+LINK+BNB+ADA v19b norefine rpboost (9coins),orderbook_split_proxy,v19b_norefine_rpboost_9coins,1.0,3.0,capFixed,ETHUSDT,2024-05-17 04:00:00+00:00,2024-05-17 08:00:00+00:00,short,2960.84,2960.84,0.0,2960.84,3043.3830285714284,5.959780698134198,17645.95708226366,17645.95708226366,0.015,0.015,491.93834844553794,82.5430285714283,-1.036370261259409,-509.8302747020244,loss,stop,1,10.75,S,3,rp_pass_rp3,B,1.0,0,0,0.1523024054982933,expansion,True,False,True,False,False,True,True,False,True,False,True,False,False,False,True,True,0.1696212731668013,2959.68,2984.5,engulf,10,1.3,0.45,legacy,1,True,False,False,False,3,"a_volume,a_score_ge13,a_wick_le_q1,a_trend_align,a_fvg,a_room",False,True,False,False,False,False,False,none,0,False,True,0.1696212731668013,0.0,,False,False,False,False,32795.8898963692,A,direct_under_threshold,0.0,1,32286.059621667173,A,2024-05,2024-05-17 00:00:00,3.9648755538035667,up,False,False,a_room+a_score_ge13+a_volume||up||short,1,3
BTC+ETH+SOL+XRP+DOGE+AVAX+LINK+BNB+ADA v19b norefine rpboost (9coins),orderbook_split_proxy,v19b_norefine_rpboost_9coins,1.0,3.0,capFixed,LINKUSDT,2024-05-17 04:00:00+00:00,2024-05-17 12:00:00+00:00,long,15.457,15.457,0.0,15.457,15.345160714285715,2345.9298536760957,36261.03774827141,36261.03774827141,0.008,0.008,262.3671191709536,0.11183928571428581,4.275516447389415,1121.7549332695908,win,stop,2,7.75,B,2,tier_d_skip,D,1.0,0,0,0.2592857142857147,base,False,False,True,False,False,False,True,False,False,False,True,False,False,False,True,True,0.044270833333336514,15.44,15.824,engulf,10,1.3,0.45,legacy,1,True,True,False,True,4,"a_volume,a_wick_le_q1,a_fvg,a_room",False,True,True,False,False,False,False,VOLUME,1,False,True,0.044270833333336514,11.650646654957686,11.650646654957686,True,True,True,True,32795.8898963692,A,direct_under_threshold,0.0,1,33407.81455493676,A,2024-05,2024-05-17 00:00:00,3.9648755538035667,up,False,True,a_room+a_vol_expansion+a_volume||up||long,2,3
BTC+ETH+SOL+XRP+DOGE+AVAX+LINK+BNB+ADA v19b norefine rpboost (9coins),orderbook_split_proxy,v19b_norefine_rpboost_9coins,1.0,3.0,capFixed,BTCUSDT,2024-05-21 16:00:00+00:00,2024-05-21 20:00:00+00:00,long,69536.8,69536.8,0.0,69536.8,69247.41964285714,1.4413007740478463,100223.44366481029,100223.44366481029,0.022,0.022,417.0841327442434,289.380357142858,0.40937949174035726,170.74569027580606,win,stop,1,8.25,B,3,rp_pass_rp3,B,1.0,0,0,0.12001735788234044,base,False,False,True,False,False,False,True,False,True,False,True,False,False,False,True,False,0.0,69369.9,69536.8,engulf,10,1.3,0.45,legacy,1,True,True,False,True,3,"a_volume,a_wick_le_q1,a_trend_align,a_fvg,a_room",False,True,True,False,False,False,False,VOLUME,1,False,False,0.0,2.9594268541773086,,False,False,False,False,33407.81455493676,A,direct_under_threshold,0.0,1,33578.56024521257,A,2024-05,2024-05-21 12:00:00,2.6260055175343613,up,False,False,a_room+a_vol_expansion+a_volume||up||long,1,3
BTC+ETH+SOL+XRP+DOGE+AVAX+LINK+BNB+ADA v19b norefine rpboost (9coins),orderbook_split_proxy,v19b_norefine_rpboost_9coins,1.0,3.0,capFixed,XRPUSDT,2024-05-20 00:00:00+00:00,2024-05-22 00:00:00+00:00,long,0.5064,0.5064,0.0,0.5064,0.4723542857142857,7850.107481858265,3975.2944288130248,3975.2944288130248,0.008,0.008,267.2625164394941,0.034045714285714235,0.9065556709466293,242.2883499096901,time_exit_non_runner,time_exit_non_runner,12,9.5,B,1,tier_d_skip,D,1.0,0,0,0.29220779220778736,base,False,False,False,False,False,False,True,False,False,False,False,True,False,True,False,False,0.0,0.5027,0.5064,engulf,10,1.3,0.45,legacy,1,True,True,True,False,4,"a_wick_le_q1,a_room",False,False,False,True,False,False,False,SWEEP,1,False,False,0.0,1.5009231285666365,,False,False,False,False,33407.81455493676,A,direct_under_threshold,0.0,1,33820.84859512226,A,2024-05,2024-05-19 20:00:00,1.314197973403849,up,True,True,a_fvg_absent+a_ob+a_room+a_trend_counter||up||long,1,4
BTC+ETH+SOL+XRP+DOGE+AVAX+LINK+BNB+ADA v19b norefine rpboost (9coins),orderbook_split_proxy,v19b_norefine_rpboost_9coins,1.0,3.0,capFixed,ADAUSDT,2024-05-21 20:00:00+00:00,2024-05-22 12:00:00+00:00,long,0.493,0.493,0.0,0.493,0.481,22385.706830141695,11036.153467259855,11036.153467259855,0.008,0.008,268.6284819617006,0.01200000000000001,-1.0405833333333332,-279.53032118797955,loss,stop,4,7.75,B,2,rp_pass_rp2,B,1.0,0,0,0.21545667447306546,base,False,False,True,False,False,False,True,False,False,False,True,False,False,False,True,False,0.0,0.4819,0.493,engulf,10,1.3,0.45,legacy,1,True,True,False,True,4,"a_volume,a_wick_le_q1,a_fvg,a_room",False,True,True,False,False,False,False,VOLUME,1,False,False,0.0,0.22499999999999815,,False,False,False,False,33578.56024521257,A,direct_under_threshold,0.0,1,33541.31827393428,A,2024-05,2024-05-21 16:00:00,2.810806654078465,up,False,True,a_room+a_vol_expansion+a_volume||up||long,2,3
BTC+ETH+SOL+XRP+DOGE+AVAX+LINK+BNB+ADA v19b norefine rpboost (9coins),orderbook_split_proxy,v19b_norefine_rpboost_9coins,1.0,3.0,capFixed,AVAXUSDT,2024-05-21 04:00:00+00:00,2024-05-23 04:00:00+00:00,short,39.741,39.741,0.0,39.741,44.17724571428571,67.77585155533757,2693.4801166606703,2693.4801166606703,0.009,0.009,300.6703309944308,4.436245714285711,-0.06939989798323701,-20.8664902975996,time_exit_non_runner,time_exit_non_runner,12,7.75,B,2,rp_pass_rp2,B,1.0,1,0,0.1343419613561809,base,False,True,True,False,False,False,True,True,False,False,True,False,False,False,True,False,0.0,39.741,41.864,engulf,10,1.3,0.45,legacy,1,True,True,False,True,5,"a_sweep,a_volume,a_wick_le_q1,a_pre_total_ge1,a_fvg,a_room",True,True,True,True,False,False,False,SWEEP+VOLUME,2,False,False,0.0,0.12194996283859005,,False,False,False,False,33407.81455493676,A,direct_under_threshold,0.0,1,33520.45178363668,A,2024-05,2024-05-21 00:00:00,1.4006691416759542,up,False,True,a_room+a_sweep+a_trend_counter+a_vol_expansion+a_volume||up||short,1,5
BTC+ETH+SOL+XRP+DOGE+AVAX+LINK+BNB+ADA v19b norefine rpboost (9coins),orderbook_split_proxy,v19b_norefine_rpboost_9coins,1.0,3.0,capFixed,XRPUSDT,2024-05-23 00:00:00+00:00,2024-05-23 12:00:00+00:00,long,0.5263,0.5263,0.0,0.5263,0.5205548571428571,46705.63515367784,24581.175781380647,24581.175781380647,0.008,0.008,268.33054619147424,0.005745142857142893,-1.0911078177839661,-292.7775566997592,loss,stop,3,7.75,B,2,rp_pass_rp2,C,1.0,1,1,0.3714285714285763,base,False,False,True,False,False,False,False,True,False,False,True,False,False,False,True,False,0.0,0.5214,0.5263,engulf,10,1.3,0.45,legacy,1,True,True,False,True,4,"a_volume,a_pre_total_ge1,a_fvg,a_room",False,True,False,True,False,False,False,SWEEP,1,False,False,0.0,4.090411776407368,,False,False,False,False,33541.31827393428,A,direct_under_threshold,0.0,1,33227.67422693692,A,2024-05,2024-05-22 20:00:00,2.1939468069080843,up,False,True,a_room+a_vol_expansion+a_volume||up||long,2,3
BTC+ETH+SOL+XRP+DOGE+AVAX+LINK+BNB+ADA v19b norefine rpboost (9coins),orderbook_split_proxy,v19b_norefine_rpboost_9coins,1.0,3.0,capFixed,AVAXUSDT,2024-05-23 12:00:00+00:00,2024-05-23 16:00:00+00:00,long,38.207,38.207,0.0,38.207,37.937803571428574,1110.8953771393928,42443.97967436478,42443.97967436478,0.009,0.009,299.0490680424323,0.26919642857142634,-1.1414298175787738,-341.3435231827758,loss,stop,1,8.75,B,3,tier_d_skip,D,1.0,0,0,0.39972590223846177,base,False,False,True,False,False,False,False,False,True,False,True,False,False,False,True,False,0.0,38.051,38.207,engulf,10,1.3,0.45,legacy,1,True,False,False,True,3,"a_volume,a_trend_align,a_fvg,a_room",False,True,True,False,False,False,False,VOLUME,1,False,False,0.0,0.8135323383084689,,False,False,False,False,33227.67422693692,A,direct_under_threshold,0.0,1,32886.330703754145,A,2024-05,2024-05-23 08:00:00,1.622642194013356,up,False,False,a_room+a_vol_expansion+a_volume||up||long,1,3
BTC+ETH+SOL+XRP+DOGE+AVAX+LINK+BNB+ADA v19b norefine rpboost (9coins),orderbook_split_proxy,v19b_norefine_rpboost_9coins,1.0,3.0,capFixed,SOLUSDT,2024-05-21 12:00:00+00:00,2024-05-23 20:00:00+00:00,long,176.219,176.219,0.0,176.219,165.55792,31.33623850016768,5522.040612261048,5522.040612261048,0.01,0.01,334.0781455493676,10.661079999999998,-1.016029188412431,-339.433147088854,loss,stop,14,12.75,S,4,tier_d_skip,D,1.0,0,0,0.24848425581850295,expansion,True,False,True,False,False,True,True,False,True,True,True,False,False,False,True,False,0.0,173.452,176.219,engulf,10,1.3,0.45,legacy,1,True,True,False,True,5,"a_volume,a_score_ge13,a_wick_le_q1,a_trend_align,a_mss,a_fvg,a_room",False,True,False,False,False,False,False,none,0,False,False,0.0,0.6969275157863939,,False,False,False,False,33407.81455493676,A,direct_under_threshold,0.0,1,32546.89755666529,A,2024-05,2024-05-21 08:00:00,2.2931624453654798,up,False,False,a_room+a_score_ge13+a_vol_expansion+a_volume||up||long,3,4
BTC+ETH+SOL+XRP+DOGE+AVAX+LINK+BNB+ADA v19b norefine rpboost (9coins),orderbook_split_proxy,v19b_norefine_rpboost_9coins,1.0,3.0,capFixed,BNBUSDT,2024-05-23 12:00:00+00:00,2024-05-23 20:00:00+00:00,long,587.43,587.43,0.0,587.43,576.5217142857143,36.55313961945997,21472.41080665937,21472.41080665937,0.012,0.012,398.7320907232431,10.908285714285626,0.19602327522983798,78.16077036281101,win,stop,2,9.25,B,3,tier_d_skip,D,1.0,0,0,0.5094833224329616,base,False,False,True,False,False,False,False,False,True,False,True,False,False,False,True,False,0.0,583.72,587.43,engulf,10,1.3,0.45,legacy,1,True,False,False,True,3,"a_volume,a_trend_align,a_fvg,a_room",False,True,True,True,False,False,False,SWEEP+VOLUME,2,False,False,0.0,1.3008460148249192,,False,False,False,False,33227.67422693692,A,direct_under_threshold,0.0,1,32625.058327028102,A,2024-05,2024-05-23 08:00:00,1.622642194013356,up,False,False,a_room+a_vol_expansion+a_volume||up||long,1,3
BTC+ETH+SOL+XRP+DOGE+AVAX+LINK+BNB+ADA v19b norefine rpboost (9coins),orderbook_split_proxy,v19b_norefine_rpboost_9coins,1.0,3.0,capFixed,BTCUSDT,2024-05-23 16:00:00+00:00,2024-05-23 20:00:00+00:00,long,67616.2,67616.2,0.0,67616.2,67206.49771428572,1.459102879358237,98658.99211126241,98658.99211126241,0.022,0.022,597.7977847653466,409.7022857142729,-0.864687399979642,-516.9082122223372,loss,stop,1,7.75,B,3,rp_pass_rp3,B,1.0,0,0,0.1834528280414304,expansion,True,False,True,False,False,False,True,False,True,False,True,False,False,False,True,False,0.0,67290.3,67616.2,engulf,10,1.3,0.45,legacy,1,True,True,False,True,3,"a_volume,a_wick_le_q1,a_trend_align,a_fvg,a_room",False,True,True,True,False,False,False,SWEEP+VOLUME,2,False,False,0.0,1.8838069176364265,,False,False,False,False,32886.330703754145,A,direct_under_threshold,0.0,1,32108.150114805765,A,2024-05,2024-05-23 12:00:00,1.2571174949094,up,False,False,a_room+a_vol_expansion+a_volume||up||long,1,3
BTC+ETH+SOL+XRP+DOGE+AVAX+LINK+BNB+ADA v19b norefine rpboost (9coins),orderbook_split_proxy,v19b_norefine_rpboost_9coins,1.0,3.0,capFixed,BNBUSDT,2024-05-27 16:00:00+00:00,2024-05-28 00:00:00+00:00,long,602.93,602.93,0.0,602.93,598.7520571428571,92.22189353761549,55603.3462706345,55603.3462706345,0.012,0.012,385.2978013776692,4.1779428571428525,-1.1438126487403235,-440.70849874761484,loss,stop,2,10.5,A,2,tier_d_skip,D,1.0,0,0,0.4107485604606516,expansion,True,False,True,False,False,True,False,False,True,False,False,False,False,True,False,True,0.3552631578947172,602.66,603.42,engulf,10,1.3,0.45,legacy,1,True,True,True,False,4,"a_volume,a_score_ge13,a_trend_align,a_room",False,True,True,True,False,False,False,SWEEP+VOLUME,2,False,True,0.3552631578947172,0.8281587657630646,,False,False,False,False,32108.150114805765,A,direct_under_threshold,0.0,1,31667.44161605815,A,2024-05,2024-05-27 12:00:00,0.3207220350903588,range,True,False,a_fvg_absent+a_room+a_score_ge13||range||long,1,3
BTC+ETH+SOL+XRP+DOGE+AVAX+LINK+BNB+ADA v19b norefine rpboost (9coins),orderbook_split_proxy,v19b_norefine_rpboost_9coins,1.0,3.0,capFixed,DOGEUSDT,2024-05-28 12:00:00+00:00,2024-05-28 16:00:00+00:00,long,0.16537,0.16537,0.0,0.16537,0.16388377142857144,170457.98862886717,28188.63757955576,28188.63757955576,0.008,0.008,253.3395329284652,0.0014862285714285495,-1.110768214848708,-281.40150074155673,loss,stop,1,10.0,A,2,rp_pass_rp2,A,1.0,4,2,0.3466386554621894,base,False,False,True,True,True,True,True,True,True,False,False,True,False,True,False,True,0.7364864864864822,0.16389,0.16537,engulf,10,1.3,0.45,legacy,1,True,False,True,False,5,"a_volume,a_pre_total_ge4,a_sweep_count_2_4,a_score_ge13,a_wick_le_q1,a_pre_total_ge1,a_trend_align,a_room",False,True,True,True,False,False,False,SWEEP+VOLUME,2,False,True,0.7364864864864822,0.0,,False,False,False,False,31667.44161605815,A,direct_under_threshold,0.0,1,31386.04011531659,A,2024-05,2024-05-28 08:00:00,0.217521520154644,range,True,False,a_fvg_absent+a_ob+a_score_ge13+a_volume||range||long,2,4
BTC+ETH+SOL+XRP+DOGE+AVAX+LINK+BNB+ADA v19b norefine rpboost (9coins),orderbook_split_proxy,v19b_norefine_rpboost_9coins,1.0,3.0,capFixed,XRPUSDT,2024-05-28 12:00:00+00:00,2024-05-28 16:00:00+00:00,long,0.5278,0.5278,0.0,0.5278,0.5233177142857143,56520.16606639577,29831.34364984369,29831.34364984369,0.008,0.008,253.3395329284652,0.004482285714285772,-1.117252422233553,-283.0442068118447,loss,stop,1,10.5,A,2,tier_d_skip,D,1.0,0,0,0.46929824561402633,expansion,True,False,True,False,False,True,False,False,True,False,False,True,False,True,False,False,0.0,0.5265,0.5278,engulf,10,1.3,0.45,legacy,1,True,False,False,False,5,"a_volume,a_score_ge13,a_trend_align,a_room",False,True,True,True,False,False,False,SWEEP+VOLUME,2,False,False,0.0,0.6916114227434874,,False,False,False,False,31667.44161605815,A,direct_under_threshold,0.0,1,31102.995908504745,A,2024-05,2024-05-28 08:00:00,0.217521520154644,range,True,False,a_fvg_absent+a_ob+a_score_ge13+a_volume||range||long,2,4
BTC+ETH+SOL+XRP+DOGE+AVAX+LINK+BNB+ADA v19b norefine rpboost (9coins),orderbook_split_proxy,v19b_norefine_rpboost_9coins,1.0,3.0,capFixed,SOLUSDT,2024-05-31 20:00:00+00:00,2024-06-01 00:00:00+00:00,short,166.971,166.971,0.0,166.971,167.87382142857143,344.50883557028874,57522.98478400668,57522.98478400668,0.01,0.01,311.02995908504744,0.9028214285714284,-1.1854435499821987,-368.70845884859665,loss,stop,1,8.5,B,1,rp_boost_rp1_x1.5,C,1.0,3,0,0.2454819277108451,base,False,False,True,True,False,False,True,True,False,False,False,True,False,True,False,True,0.2947122861586238,166.204,167.49,engulf,10,1.3,0.45,legacy,1,True,False,True,False,5,"a_volume,a_pre_total_ge4,a_wick_le_q1,a_pre_total_ge1,a_room",False,True,True,False,False,False,False,VOLUME,1,False,True,0.2947122861586238,1.3402428893548095,,False,False,False,False,31102.995908504745,A,direct_under_threshold,0.0,1,30734.28744965615,A,2024-06,2024-05-31 16:00:00,-0.2852180561411886,range,True,True,a_fvg_absent+a_ob+a_room+a_trend_counter||range||short,1,4
BTC+ETH+SOL+XRP+DOGE+AVAX+LINK+BNB+ADA v19b norefine rpboost (9coins),orderbook_split_proxy,v19b_norefine_rpboost_9coins,1.0,3.0,capFixed,DOGEUSDT,2024-06-05 00:00:00+00:00,2024-06-05 04:00:00+00:00,short,0.16388,0.16388,0.0,0.16388,0.1647637142857143,278228.27306510345,45596.04938990915,45596.04938990915,0.008,0.008,245.87429959724923,0.0008837142857142932,-1.1859445522146768,-291.59328613695703,loss,stop,1,8.5,B,1,tier_d_skip,D,1.0,0,0,0.26438569206842955,base,False,False,False,False,False,False,True,False,False,False,False,True,False,True,False,False,0.0,0.16388,0.16454,engulf,10,1.3,0.45,legacy,1,True,False,True,False,4,"a_wick_le_q1,a_room",False,False,False,False,False,False,False,none,0,False,False,0.0,1.9576462980924607,,False,False,False,False,30734.28744965615,A,direct_under_threshold,0.0,1,30442.69416351919,A,2024-06,2024-06-04 20:00:00,1.5644096690786968,up,True,True,a_fvg_absent+a_ob+a_room+a_trend_counter||up||short,1,4
BTC+ETH+SOL+XRP+DOGE+AVAX+LINK+BNB+ADA v19b norefine rpboost (9coins),orderbook_split_proxy,v19b_norefine_rpboost_9coins,1.0,3.0,capFixed,ETHUSDT,2024-06-05 00:00:00+00:00,2024-06-07 16:00:00+00:00,long,3804.72,3804.72,0.0,3804.72,3716.1025142857143,5.2022951004411615,19793.276214550497,19793.276214550497,0.015,0.015,461.0143117448422,88.61748571428552,-1.0424341903500502,-480.57708080352023,loss,stop,16,10.0,A,2,tier_d_skip,D,1.0,0,0,0.32491702999935396,expansion,True,False,True,False,False,True,True,False,True,False,False,False,False,True,False,True,0.20699432892245886,3802.53,3813.11,engulf,10,1.3,0.45,legacy,1,True,False,True,False,4,"a_volume,a_score_ge13,a_wick_le_q1,a_trend_align,a_room",False,True,False,True,False,False,False,SWEEP,1,False,True,0.20699432892245886,0.9855842703729583,,False,False,False,False,30734.28744965615,A,direct_under_threshold,0.0,1,29962.11708271567,A,2024-06,2024-06-04 20:00:00,1.5644096690786968,up,True,False,a_fvg_absent+a_room+a_volume||up||long,1,3
BTC+ETH+SOL+XRP+DOGE+AVAX+LINK+BNB+ADA v19b norefine rpboost (9coins),orderbook_split_proxy,v19b_norefine_rpboost_9coins,1.0,3.0,capFixed,LINKUSDT,2024-06-06 04:00:00+00:00,2024-06-07 16:00:00+00:00,long,17.332,17.332,0.0,17.332,16.9422,624.7859243410797,10828.789640679595,10828.789640679595,0.008,0.008,243.54155330815354,0.38980000000000103,0.20541117239610068,50.02615599219527,win,stop,9,8.5,B,1,tier_d_skip,D,1.0,0,0,0.2388888888888933,base,False,False,True,False,False,False,True,False,False,False,False,True,False,True,False,False,0.0,16.961,17.332,engulf,10,1.3,0.45,legacy,1,True,False,True,False,5,"a_volume,a_wick_le_q1,a_room",False,True,True,False,False,False,False,VOLUME,1,False,False,0.0,1.049256028732678,,False,False,False,False,30442.69416351919,A,direct_under_threshold,0.0,1,30012.143238707868,A,2024-06,2024-06-06 00:00:00,2.505455158352902,up,True,True,a_fvg_absent+a_ob+a_room+a_trend_counter||up||long,2,4
BTC+ETH+SOL+XRP+DOGE+AVAX+LINK+BNB+ADA v19b norefine rpboost (9coins),orderbook_split_proxy,v19b_norefine_rpboost_9coins,1.0,3.0,capFixed,XRPUSDT,2024-06-07 16:00:00+00:00,2024-06-07 20:00:00+00:00,long,0.504,0.504,0.0,0.504,0.5021948571428572,133007.28247607296,67035.67036794077,67035.67036794077,0.008,0.008,240.09714590966294,0.0018051428571428385,-1.278702279202282,-307.01276770464887,loss,stop,1,8.5,B,1,tier_d_skip,D,1.0,0,0,0.3306451612903169,base,False,False,False,False,False,False,True,False,False,False,False,True,False,True,False,False,0.0,0.5014,0.504,engulf,10,1.3,0.45,legacy,1,True,False,True,False,4,"a_wick_le_q1,a_room",False,False,True,True,False,False,False,SWEEP+VOLUME,2,False,False,0.0,0.0,,False,False,False,False,30012.143238707868,A,direct_under_threshold,0.0,1,29705.13047100322,A,2024-06,2024-06-07 12:00:00,1.251610096730862,up,True,True,a_fvg_absent+a_ob+a_room+a_trend_counter||up||long,1,4
BTC+ETH+SOL+XRP+DOGE+AVAX+LINK+BNB+ADA v19b norefine rpboost (9coins),orderbook_split_proxy,v19b_norefine_rpboost_9coins,1.0,3.0,capFixed,DOGEUSDT,2024-06-07 16:00:00+00:00,2024-06-08 00:00:00+00:00,long,0.14111,0.14111,0.0,0.14111,0.14054035714285715,421487.15269407275,59476.05211666061,59476.05211666061,0.008,0.008,240.09714590966294,0.0005696428571428658,5.817124056426259,1396.674883350386,win,stop,2,9.5,B,1,tier_d_skip,D,1.0,0,0,0.35714285714285887,base,False,False,True,False,False,False,False,False,False,False,False,True,False,True,False,False,0.0,0.13732,0.14111,engulf,10,1.3,0.45,legacy,1,True,True,True,False,5,"a_volume,a_room",False,True,True,True,False,False,False,SWEEP+VOLUME,2,False,False,0.0,15.395611285266224,13.35924764890258,True,True,True,True,30012.143238707868,A,direct_under_threshold,0.0,1,31101.805354353604,A,2024-06,2024-06-07 12:00:00,1.251610096730862,up,True,True,a_fvg_absent+a_ob+a_room+a_trend_counter||up||long,2,4
BTC+ETH+SOL+XRP+DOGE+AVAX+LINK+BNB+ADA v19b norefine rpboost (9coins),orderbook_split_proxy,v19b_norefine_rpboost_9coins,1.0,3.0,capFixed,ETHUSDT,2024-06-10 20:00:00+00:00,2024-06-11 12:00:00+00:00,short,3685.73,3685.73,0.0,3685.73,3717.351257142857,14.753590542199275,54377.75126910013,54377.75126910013,0.015,0.015,466.52708031530403,31.621257142856848,2.939546243485412,1371.377926425069,win,stop,4,10.5,B,1,rp_boost_rp1_x1.5,C,1.0,1,0,0.29365412901870336,base,False,False,True,False,False,True,True,True,False,False,False,True,False,True,False,True,0.24688090737240578,3677.14,3703.59,engulf,10,1.3,0.45,legacy,1,True,False,True,False,6,"a_volume,a_score_ge13,a_wick_le_q1,a_pre_total_ge1,a_room",False,True,False,True,False,False,False,SWEEP,1,False,True,0.24688090737240578,8.179307951974513,8.179307951974513,True,True,True,True,31101.805354353604,A,direct_under_threshold,0.0,1,32473.183280778674,A,2024-06,2024-06-10 16:00:00,-0.7374675036929985,range,True,True,a_fvg_absent+a_ob+a_room+a_score_ge13+a_trend_counter||range||short,3,5
BTC+ETH+SOL+XRP+DOGE+AVAX+LINK+BNB+ADA v19b norefine rpboost (9coins),orderbook_split_proxy,v19b_norefine_rpboost_9coins,1.0,3.0,capFixed,BTCUSDT,2024-06-12 12:00:00+00:00,2024-06-12 16:00:00+00:00,short,69524.3,69524.3,0.0,69524.3,69888.45942857144,1.401230215080713,97419.54984233601,97419.54984233601,0.022,0.022,510.27119442082585,364.1594285714382,0.9096327957613592,464.1594131775039,win,stop,1,10.0,B,1,tier_d_skip,D,1.0,0,0,0.3640681003584256,base,False,False,True,False,False,True,False,False,False,False,False,False,False,True,False,False,0.0,69524.3,69558.7,engulf,10,1.3,0.45,legacy,1,True,True,False,False,5,"a_volume,a_score_ge13,a_room",False,True,True,False,False,False,False,VOLUME,1,False,False,0.0,6.340904062427764,,True,True,False,True,32473.183280778674,A,direct_under_threshold,0.0,1,32937.342693956176,A,2024-06,2024-06-12 08:00:00,-1.898327464703584,down,True,True,a_fvg_absent+a_room+a_score_ge13+a_trend_counter+a_volume||down||short,1,5
BTC+ETH+SOL+XRP+DOGE+AVAX+LINK+BNB+ADA v19b norefine rpboost (9coins),orderbook_split_proxy,v19b_norefine_rpboost_9coins,1.0,3.0,capFixed,ADAUSDT,2024-06-13 04:00:00+00:00,2024-06-13 12:00:00+00:00,short,0.4333,0.4333,0.0,0.4333,0.4443902857142857,23759.418678657697,10294.95611346238,10294.95611346238,0.008,0.008,263.4987415516494,0.011090285714285664,0.21105477122835928,55.61266661714393,win,stop,2,11.0,A,2,tier_d_skip,D,1.0,0,0,0.2806324110671936,base,False,False,True,False,False,True,True,False,True,False,False,True,False,True,False,True,0.7446808510638333,0.4333,0.438,engulf,10,1.3,0.45,legacy,1,True,False,False,True,6,"a_volume,a_score_ge13,a_wick_le_q1,a_trend_align,a_room",False,True,False,True,False,False,False,SWEEP,1,False,True,0.7446808510638333,1.22629843363562,,False,False,False,False,32937.342693956176,A,direct_under_threshold,0.0,1,32992.955360573316,A,2024-06,2024-06-13 00:00:00,-1.5317492355078357,down,True,False,a_fvg_absent+a_ob+a_score_ge13+a_volume||down||short,2,4
BTC+ETH+SOL+XRP+DOGE+AVAX+LINK+BNB+ADA v19b norefine rpboost (9coins),orderbook_split_proxy,v19b_norefine_rpboost_9coins,1.0,3.0,capFixed,ETHUSDT,2024-06-14 16:00:00+00:00,2024-06-16 16:00:00+00:00,long,3420.2,3420.2,0.0,3420.2,3051.0566285714285,1.3406561480255674,4585.312157477046,4585.312157477046,0.015,0.015,494.8943304085997,369.1433714285713,0.4736929565423217,234.42795854728223,time_exit_non_runner,time_exit_non_runner,12,11.25,S,3,tier_d_skip,D,1.0,0,0,0.2630941568271269,base,False,False,True,False,False,True,True,False,False,True,True,False,False,False,True,False,0.0,3120.0,3420.2,engulf,10,1.3,0.45,legacy,1,True,True,False,False,5,"a_volume,a_score_ge13,a_wick_le_q1,a_mss,a_fvg,a_room",False,True,True,True,False,False,False,SWEEP+VOLUME,2,False,False,0.0,0.5171432423700962,,False,False,False,False,32992.955360573316,A,direct_under_threshold,0.0,1,33227.3833191206,A,2024-06,2024-06-14 12:00:00,-1.4443720922842236,down,False,True,a_room+a_score_ge13+a_trend_counter||down||long,1,3
BTC+ETH+SOL+XRP+DOGE+AVAX+LINK+BNB+ADA v19b norefine rpboost (9coins),orderbook_split_proxy,v19b_norefine_rpboost_9coins,1.0,3.0,capFixed,XRPUSDT,2024-06-18 20:00:00+00:00,2024-06-19 00:00:00+00:00,short,0.4899,0.4899,0.0,0.4899,0.49384464285714286,67387.35956073353,33013.067448803355,33013.067448803355,0.008,0.008,265.8190665529648,0.003944642857142855,-1.1246937528293346,-298.96504353504463,loss,stop,1,8.5,B,1,tier_d_skip,D,1.0,0,0,0.26912928759894283,base,False,False,True,False,False,False,True,False,False,False,False,True,False,True,False,True,0.9583333333333381,0.4899,0.4923,engulf,10,1.3,0.45,legacy,1,True,False,False,True,6,"a_volume,a_wick_le_q1,a_room",False,True,False,False,False,False,False,none,0,False,True,0.9583333333333381,0.2535083748302403,,False,False,False,False,33227.3833191206,A,direct_under_threshold,0.0,1,32928.41827558556,A,2024-06,2024-06-18 16:00:00,-0.7949339590029957,range,True,True,a_fvg_absent+a_ob+a_room+a_trend_counter+a_vol_expansion+a_volume||range||short,2,6
BTC+ETH+SOL+XRP+DOGE+AVAX+LINK+BNB+ADA v19b norefine rpboost (9coins),orderbook_split_proxy,v19b_norefine_rpboost_9coins,1.0,3.0,capFixed,BNBUSDT,2024-06-18 20:00:00+00:00,2024-06-20 20:00:00+00:00,short,588.66,588.66,0.0,588.66,613.3401142857142,16.15586521251427,9510.311615998651,9510.311615998651,0.012,0.012,398.7285998294472,24.68011428571424,0.030470280295063667,12.149372198461531,time_exit_non_runner,time_exit_non_runner,12,10.75,S,3,rp_pass_rp3,C,1.0,1,0,0.2918367346938786,base,False,False,True,False,False,True,True,True,True,False,True,False,False,False,True,True,0.6698795180722953,587.29,591.44,engulf,10,1.3,0.45,legacy,1,True,True,False,False,3,"a_volume,a_score_ge13,a_wick_le_q1,a_pre_total_ge1,a_trend_align,a_fvg,a_room",False,True,True,False,False,False,False,VOLUME,1,False,True,0.6698795180722953,0.1884107968937392,,False,False,False,False,33227.3833191206,A,direct_under_threshold,0.0,1,32940.56764778402,A,2024-06,2024-06-18 16:00:00,-0.7949339590029957,range,False,False,a_room+a_score_ge13+a_volume||range||short,1,3
BTC+ETH+SOL+XRP+DOGE+AVAX+LINK+BNB+ADA v19b norefine rpboost (9coins),orderbook_split_proxy,v19b_norefine_rpboost_9coins,1.0,3.0,capFixed,BTCUSDT,2024-06-17 16:00:00+00:00,2024-06-21 00:00:00+00:00,short,65813.2,65813.2,0.0,65813.2,66817.55885714285,0.7278299263474098,47900.81650868735,47900.81650868735,0.022,0.022,731.0024330206531,1004.3588571428554,1.2190019152801372,891.0933659266163,time_exit_non_runner,time_exit_non_runner,20,10.0,S,3,rp_pass_rp3,C,1.0,1,1,0.297129411764709,expansion,True,False,True,False,False,True,True,True,True,False,True,False,False,False,True,False,0.0,65813.2,65907.5,engulf,10,1.3,0.45,legacy,1,True,True,True,False,3,"a_volume,a_score_ge13,a_wick_le_q1,a_pre_total_ge1,a_trend_align,a_fvg,a_room",False,True,True,True,False,False,False,SWEEP+VOLUME,2,False,False,0.0,1.7955733522679402,,False,False,False,False,33227.3833191206,A,direct_under_threshold,0.0,1,33831.66101371063,A,2024-06,2024-06-17 12:00:00,-0.5067527976648619,range,False,False,a_room+a_score_ge13+a_volume||range||short,1,3
BTC+ETH+SOL+XRP+DOGE+AVAX+LINK+BNB+ADA v19b norefine rpboost (9coins),orderbook_split_proxy,v19b_norefine_rpboost_9coins,1.0,3.0,capFixed,SOLUSDT,2024-06-17 16:00:00+00:00,2024-06-21 00:00:00+00:00,short,144.668,144.668,0.0,144.668,151.97088000000002,45.49901315524906,6582.251235143572,6582.251235143572,0.01,0.01,332.273833191206,7.302880000000016,1.5843862555594495,526.4500943902,time_exit_non_runner,time_exit_non_runner,20,10.75,S,3,rp_pass_rp3,A,1.0,3,2,0.31199927986317627,expansion,True,False,True,True,True,True,True,True,True,False,True,False,False,False,True,True,0.3696027633851486,144.592,145.75,engulf,10,1.3,0.45,legacy,1,True,False,False,False,3,"a_volume,a_pre_total_ge4,a_sweep_count_2_4,a_score_ge13,a_wick_le_q1,a_pre_total_ge1,a_trend_align,a_fvg,a_room",False,True,True,True,False,False,False,SWEEP+VOLUME,2,False,True,0.3696027633851486,2.419319501347409,,False,False,False,False,33227.3833191206,A,direct_under_threshold,0.0,1,34358.111108100835,A,2024-06,2024-06-17 12:00:00,-0.5067527976648619,range,False,False,a_room+a_score_ge13+a_volume||range||short,1,3
BTC+ETH+SOL+XRP+DOGE+AVAX+LINK+BNB+ADA v19b norefine rpboost (9coins),orderbook_split_proxy,v19b_norefine_rpboost_9coins,1.0,3.0,capFixed,ETHUSDT,2024-06-21 20:00:00+00:00,2024-06-23 20:00:00+00:00,short,3541.63,3541.63,0.0,3541.63,3589.9509714285714,10.665589937142343,37773.57328908144,37773.57328908144,0.015,0.015,515.3716666215125,48.32097142857128,1.9692034675863934,1014.8716730068612,time_exit_non_runner,time_exit_non_runner,12,10.75,S,3,rp_pass_rp3,B,1.0,0,0,0.14903892591519025,base,False,False,True,False,False,True,True,False,True,False,True,False,False,False,True,False,0.0,3541.63,3570.07,engulf,10,1.3,0.45,legacy,1,True,False,False,False,3,"a_volume,a_score_ge13,a_wick_le_q1,a_trend_align,a_fvg,a_room",False,True,False,False,False,False,False,none,0,False,False,0.0,2.9751057511852426,,False,False,False,False,34358.111108100835,A,direct_under_threshold,0.0,1,35372.9827811077,A,2024-06,2024-06-21 16:00:00,-0.801096497157072,range,False,False,a_room+a_score_ge13+a_volume||range||short,1,3
BTC+ETH+SOL+XRP+DOGE+AVAX+LINK+BNB+ADA v19b norefine rpboost (9coins),orderbook_split_proxy,v19b_norefine_rpboost_9coins,1.0,3.0,capFixed,AVAXUSDT,2024-06-28 12:00:00+00:00,2024-06-29 00:00:00+00:00,short,28.866,28.866,0.0,28.866,29.12956,1207.910324138591,34867.539416584565,34867.539416584565,0.009,0.009,318.35684502996924,0.2635600000000018,2.0971123495869644,667.6300712878918,win,stop,3,9.0,B,1,tier_d_skip,D,1.0,0,0,0.24198717948717827,base,False,False,True,False,False,False,True,False,False,False,False,True,False,True,False,False,0.0,28.866,29.073,engulf,10,1.3,0.45,legacy,1,True,True,False,False,5,"a_volume,a_wick_le_q1,a_room",False,True,True,False,False,False,False,VOLUME,1,False,False,0.0,4.0256488086204,4.0256488086204,True,True,True,False,35372.9827811077,A,direct_under_threshold,0.0,1,36040.61285239559,A,2024-06,2024-06-28 08:00:00,-0.41744864437292867,range,True,True,a_fvg_absent+a_ob+a_room+a_trend_counter||range||short,1,4
BTC+ETH+SOL+XRP+DOGE+AVAX+LINK+BNB+ADA v19b norefine rpboost (9coins),orderbook_split_proxy,v19b_norefine_rpboost_9coins,1.0,3.0,capFixed,ETHUSDT,2024-06-30 16:00:00+00:00,2024-07-01 00:00:00+00:00,short,3415.65,3415.65,0.0,3415.65,3490.5446857142856,7.2182583801512274,24655.04423616354,24655.04423616354,0.015,0.015,540.6091927859338,74.89468571428552,-1.0461060395664161,-565.5345416184904,loss,stop,2,10.25,S,3,tier_d_skip,D,1.0,0,0,0.42544987146531205,expansion,True,False,True,False,False,True,False,False,True,False,True,False,False,False,True,False,0.0,3415.65,3417.39,engulf,10,1.3,0.45,legacy,1,True,False,True,False,3,"a_volume,a_score_ge13,a_trend_align,a_fvg,a_room",False,True,True,False,False,False,False,VOLUME,1,False,False,0.0,0.11696424007196714,,False,False,False,False,36040.61285239559,A,direct_under_threshold,0.0,1,35475.0783107771,A,2024-07,2024-06-30 12:00:00,-0.14269118979021564,range,False,False,a_room+a_score_ge13+a_volume||range||short,1,3
BTC+ETH+SOL+XRP+DOGE+AVAX+LINK+BNB+ADA v19b norefine rpboost (9coins),orderbook_split_proxy,v19b_norefine_rpboost_9coins,1.0,3.0,capFixed,ADAUSDT,2024-07-01 00:00:00+00:00,2024-07-01 04:00:00+00:00,short,0.3945,0.3945,0.0,0.3945,0.39750114285714283,94564.18437754887,37305.57073694303,37305.57073694303,0.008,0.008,283.8006264862168,0.0030011428571428134,-1.1319499238385398,-321.24809753640295,loss,stop,1,10.0,A,2,rp_pass_rp2,B,1.0,0,0,0.1777777777777786,expansion,True,False,True,False,False,True,True,False,True,False,False,True,False,True,False,False,0.0,0.3945,0.3978,engulf,10,1.3,0.45,legacy,1,True,False,True,False,5,"a_volume,a_score_ge13,a_wick_le_q1,a_trend_align,a_room",False,True,False,False,False,False,False,none,0,False,False,0.0,0.0,,False,False,False,False,35475.0783107771,A,direct_under_threshold,0.0,1,35153.8302132407,A,2024-07,2024-06-30 20:00:00,0.2854265209688056,range,True,False,a_room+a_score_ge13+a_volume||range||short,1,3
BTC+ETH+SOL+XRP+DOGE+AVAX+LINK+BNB+ADA v19b norefine rpboost (9coins),orderbook_split_proxy,v19b_norefine_rpboost_9coins,1.0,3.0,capFixed,BNBUSDT,2024-07-01 16:00:00+00:00,2024-07-01 20:00:00+00:00,short,581.91,581.91,0.0,581.91,583.65573,181.233336151161,105461.4906397221,105461.4906397221,0.012,0.012,316.38447191916276,1.7457299999999805,0.7672166666666631,242.73543993091252,win,stop,1,10.75,S,3,rp_pass_rp3,B,1.0,0,0,0.19523809523809493,base,False,False,True,False,False,True,True,False,True,False,True,False,False,False,True,True,0.16201117318439373,581.91,583.7,engulf,10,1.3,0.45,legacy,1,True,False,False,False,3,"a_volume,a_score_ge13,a_wick_le_q1,a_trend_align,a_fvg,a_room",False,True,True,True,False,False,False,SWEEP+VOLUME,2,False,True,0.16201117318439373,3.01306616716219,,False,False,False,False,35153.8302132407,A,direct_under_threshold,0.0,1,35396.56565317161,A,2024-07,2024-07-01 12:00:00,1.2949345727709587,up,False,False,a_room+a_score_ge13+a_volume||up||short,1,3
BTC+ETH+SOL+XRP+DOGE+AVAX+LINK+BNB+ADA v19b norefine rpboost (9coins),orderbook_split_proxy,v19b_norefine_rpboost_9coins,1.0,3.0,capFixed,BTCUSDT,2024-07-01 16:00:00+00:00,2024-07-01 20:00:00+00:00,short,63182.5,63182.5,0.0,63182.5,63372.0475,1.6691566595136642,105461.49063972209,105461.49063972209,0.022,0.022,316.38447191916725,189.54750000000058,0.31699166666666767,100.29124106111034,win,stop,1,10.25,S,3,rp_pass_rp3,B,1.0,0,0,0.14802989623394544,base,False,False,True,False,False,True,True,False,True,False,True,False,False,False,True,True,1.0,63182.5,63200.0,engulf,10,1.3,0.45,legacy,1,True,True,False,False,3,"a_volume,a_score_ge13,a_wick_le_q1,a_trend_align,a_fvg,a_room",False,True,True,False,False,False,False,VOLUME,1,False,True,1.0,2.1234782838074824,,False,False,False,False,35153.8302132407,A,direct_under_threshold,0.0,1,35496.85689423272,A,2024-07,2024-07-01 12:00:00,1.2949345727709587,up,False,False,a_room+a_score_ge13+a_volume||up||short,1,3
BTC+ETH+SOL+XRP+DOGE+AVAX+LINK+BNB+ADA v19b norefine rpboost (9coins),orderbook_split_proxy,v19b_norefine_rpboost_9coins,1.0,3.0,capFixed,XRPUSDT,2024-07-03 00:00:00+00:00,2024-07-04 04:00:00+00:00,short,0.486,0.486,0.0,0.486,0.49917485714285714,21554.3024166923,10475.390974512457,10475.390974512457,0.008,0.008,283.97485515386177,0.013174857142857155,2.00078411476405,568.1723791842687,win,stop,7,9.0,B,1,tier_d_skip,D,1.0,0,0,0.27884615384615613,base,False,False,False,False,False,False,True,False,False,False,False,True,False,True,False,False,0.0,0.486,0.4882,engulf,10,1.3,0.45,legacy,1,True,False,False,False,4,"a_wick_le_q1,a_room",False,False,False,False,False,False,False,none,0,False,False,0.0,3.5446304649548863,2.4364590562109596,False,False,False,False,35496.85689423272,A,direct_under_threshold,0.0,1,36065.029273416985,A,2024-07,2024-07-02 20:00:00,1.2521315140821374,up,True,True,a_fvg_absent+a_ob+a_room+a_trend_counter||up||short,1,4
BTC+ETH+SOL+XRP+DOGE+AVAX+LINK+BNB+ADA v19b norefine rpboost (9coins),orderbook_split_proxy,v19b_norefine_rpboost_9coins,1.0,3.0,capFixed,SOLUSDT,2024-07-02 16:00:00+00:00,2024-07-04 16:00:00+00:00,short,153.337,153.337,0.0,153.337,161.99167428571428,41.01466528073167,6289.065730151551,6289.065730151551,0.01,0.01,354.9685689423272,8.654674285714293,1.8666562133393794,662.6042847563829,time_exit_non_runner,time_exit_non_runner,12,11.0,B,1,rp_boost_rp1_x1.5,B,1.0,0,0,0.20069375619424754,base,False,False,True,False,False,True,True,False,False,False,False,True,False,True,False,False,0.0,153.337,155.173,engulf,10,1.3,0.45,legacy,1,True,False,False,False,6,"a_volume,a_score_ge13,a_wick_le_q1,a_room",False,True,False,True,False,False,False,SWEEP,1,False,False,0.0,2.754234210679213,,False,False,False,False,35496.85689423272,A,direct_under_threshold,0.0,1,36727.633558173366,A,2024-07,2024-07-02 12:00:00,1.7261867638441275,up,True,True,a_fvg_absent+a_ob+a_room+a_trend_counter||up||short,3,4
BTC+ETH+SOL+XRP+DOGE+AVAX+LINK+BNB+ADA v19b norefine rpboost (9coins),orderbook_split_proxy,v19b_norefine_rpboost_9coins,1.0,3.0,capFixed,SOLUSDT,2024-07-08 04:00:00+00:00,2024-07-10 04:00:00+00:00,short,135.11,135.11,0.0,135.11,144.80921714285714,37.86659584708959,5116.155764900275,5116.155764900275,0.01,0.01,367.2763355817337,9.699217142857123,-1.0144299902260154,-372.57612951442485,loss,stop,12,10.75,S,3,rp_pass_rp3,C,1.0,3,1,0.24206793579694044,expansion,True,False,True,True,False,True,True,True,True,False,True,False,False,False,True,True,0.3270092226613938,132.905,136.7,engulf,10,1.3,0.45,legacy,1,True,True,False,False,3,"a_volume,a_pre_total_ge4,a_score_ge13,a_wick_le_q1,a_pre_total_ge1,a_trend_align,a_fvg,a_room",False,True,True,False,False,False,False,VOLUME,1,False,True,0.3270092226613938,0.29425055218006013,,False,False,False,False,36727.633558173366,A,direct_under_threshold,0.0,1,36355.05742865894,A,2024-07,2024-07-08 00:00:00,-0.7118932221029727,range,False,False,a_room+a_score_ge13+a_volume||range||short,1,3
BTC+ETH+SOL+XRP+DOGE+AVAX+LINK+BNB+ADA v19b norefine rpboost (9coins),orderbook_split_proxy,v19b_norefine_rpboost_9coins,1.0,3.0,capFixed,BNBUSDT,2024-07-08 04:00:00+00:00,2024-07-11 08:00:00+00:00,short,503.87,503.87,0.0,503.87,531.6780571428571,15.849061314637297,7985.866524606295,7985.866524606295,0.012,0.012,440.7316026980804,27.808057142857137,-1.018619568634784,-448.93783502403573,loss,stop,19,10.75,S,3,tier_d_skip,D,1.0,0,0,0.23181655320673672,expansion,True,False,True,False,False,True,True,False,True,False,True,False,False,False,True,True,0.2283236994219726,503.87,507.33,engulf,10,1.3,0.45,legacy,1,True,True,False,False,3,"a_volume,a_score_ge13,a_wick_le_q1,a_trend_align,a_fvg,a_room",False,True,False,False,False,False,False,none,0,False,True,0.2283236994219726,0.49805708931224546,,False,False,False,False,36727.633558173366,A,direct_under_threshold,0.0,1,35906.1195936349,A,2024-07,2024-07-08 00:00:00,-0.7118932221029727,range,False,False,a_room+a_score_ge13+a_volume||range||short,1,3
BTC+ETH+SOL+XRP+DOGE+AVAX+LINK+BNB+ADA v19b norefine rpboost (9coins),orderbook_split_proxy,v19b_norefine_rpboost_9coins,1.0,3.0,capFixed,ADAUSDT,2024-07-11 12:00:00+00:00,2024-07-12 12:00:00+00:00,short,0.4037,0.4037,0.0,0.4037,0.4097554285714286,47436.60227525585,19150.15633852079,19150.15633852079,0.008,0.008,287.24895674907924,0.0060554285714286005,0.5836575469472496,167.6550214593242,win,stop,6,9.5,B,1,rp_boost_rp1_x1.5,B,1.0,0,0,0.16860465116278833,base,False,False,True,False,False,False,True,False,False,False,False,True,False,True,False,False,0.0,0.4037,0.4068,engulf,10,1.3,0.45,legacy,1,True,True,False,False,5,"a_volume,a_wick_le_q1,a_room",False,True,True,True,False,False,False,SWEEP+VOLUME,2,False,False,0.0,2.262432763989796,,False,False,False,False,35906.1195936349,A,direct_under_threshold,0.0,1,36073.774615094226,A,2024-07,2024-07-11 08:00:00,1.2698304759662902,up,True,True,a_fvg_absent+a_ob+a_room+a_trend_counter||up||short,1,4
BTC+ETH+SOL+XRP+DOGE+AVAX+LINK+BNB+ADA v19b norefine rpboost (9coins),orderbook_split_proxy,v19b_norefine_rpboost_9coins,1.0,3.0,capFixed,XRPUSDT,2024-07-12 16:00:00+00:00,2024-07-12 20:00:00+00:00,short,0.4625,0.4625,0.0,0.4625,0.4649571428571429,117449.49874681733,54320.39317040302,54320.39317040302,0.008,0.008,288.59019692075384,0.00245714285714288,-1.1887267441860447,-343.0548851896172,loss,stop,1,11.0,B,1,rp_boost_rp1_x1.5,C,1.0,2,0,0.36434108527131837,base,False,False,True,False,False,True,False,True,False,False,False,True,False,True,False,True,0.4367816091953996,0.4625,0.4712,engulf,10,1.3,0.45,legacy,1,True,True,False,False,6,"a_volume,a_score_ge13,a_pre_total_ge1,a_room",False,True,True,False,False,False,False,VOLUME,1,False,True,0.4367816091953996,0.0,,False,False,False,False,36073.774615094226,A,direct_under_threshold,0.0,1,35730.71972990461,A,2024-07,2024-07-12 12:00:00,0.4934399007466005,range,True,True,a_fvg_absent+a_ob+a_room+a_score_ge13+a_trend_counter||range||short,3,5
BTC+ETH+SOL+XRP+DOGE+AVAX+LINK+BNB+ADA v19b norefine rpboost (9coins),orderbook_split_proxy,v19b_norefine_rpboost_9coins,1.0,3.0,capFixed,XRPUSDT,2024-07-14 12:00:00+00:00,2024-07-14 20:00:00+00:00,long,0.5255,0.5255,0.0,0.5255,0.520575,58039.747784617124,30499.887460816295,30499.887460816295,0.008,0.008,285.84575783923685,0.004924999999999957,0.1431744923857859,40.92582127926301,win,stop,2,7.75,B,2,rp_pass_rp2,B,1.0,1,0,0.16099071207430288,base,False,False,True,False,False,False,True,True,False,False,True,False,False,False,True,True,0.6551724137931048,0.5226,0.5255,engulf,10,1.3,0.45,legacy,1,True,True,False,True,4,"a_volume,a_wick_le_q1,a_pre_total_ge1,a_fvg,a_room",False,True,False,False,False,False,False,none,0,False,True,0.6551724137931048,1.8477157360406247,,False,False,False,False,35730.71972990461,A,direct_under_threshold,0.0,1,35771.64555118387,A,2024-07,2024-07-14 08:00:00,1.2539664667901402,up,False,True,a_room+a_vol_expansion+a_volume||up||long,2,3
BTC+ETH+SOL+XRP+DOGE+AVAX+LINK+BNB+ADA v19b norefine rpboost (9coins),orderbook_split_proxy,v19b_norefine_rpboost_9coins,1.0,3.0,capFixed,LINKUSDT,2024-07-14 20:00:00+00:00,2024-07-15 00:00:00+00:00,short,13.315,13.315,0.0,13.315,13.370196428571429,5184.631901303821,69033.37376586038,69033.37376586038,0.008,0.008,286.173164409471,0.05519642857142948,-1.241729375606596,-355.3496247575361,loss,stop,1,8.0,B,1,rp_boost_rp1_x1.5,B,1.0,0,0,0.16613924050633033,base,False,False,False,False,False,False,True,False,False,False,False,True,False,True,False,False,0.0,13.315,13.349,engulf,10,1.3,0.45,legacy,1,True,True,False,False,4,"a_wick_le_q1,a_room",False,False,False,True,False,False,False,SWEEP,1,False,False,0.0,0.0,,False,False,False,False,35771.64555118387,A,direct_under_threshold,0.0,1,35416.29592642633,A,2024-07,2024-07-14 16:00:00,1.7182724055602137,up,True,True,a_fvg_absent+a_ob+a_room+a_trend_counter||up||short,1,4
BTC+ETH+SOL+XRP+DOGE+AVAX+LINK+BNB+ADA v19b norefine rpboost (9coins),orderbook_split_proxy,v19b_norefine_rpboost_9coins,1.0,3.0,capFixed,LINKUSDT,2024-07-16 00:00:00+00:00,2024-07-16 04:00:00+00:00,short,14.357,14.357,0.0,14.357,14.492765714285714,2086.9066163136863,29961.718290415592,29961.718290415592,0.008,0.008,283.3303674114107,0.13576571428571427,0.9948016520055556,281.8575175642124,win,stop,1,9.0,B,1,tier_d_skip,D,1.0,0,0,0.28708791208791096,base,False,False,True,False,False,False,True,False,False,False,False,True,False,True,False,False,0.0,14.357,14.383,engulf,10,1.3,0.45,legacy,1,True,True,False,False,5,"a_volume,a_wick_le_q1,a_room",False,True,True,True,False,False,False,SWEEP+VOLUME,2,False,False,0.0,3.3218990698261623,,False,False,False,False,35416.29592642633,A,direct_under_threshold,0.0,1,35698.153443990544,A,2024-07,2024-07-15 20:00:00,4.350106186956395,up,True,True,a_fvg_absent+a_ob+a_room+a_trend_counter||up||short,1,4
BTC+ETH+SOL+XRP+DOGE+AVAX+LINK+BNB+ADA v19b norefine rpboost (9coins),orderbook_split_proxy,v19b_norefine_rpboost_9coins,1.0,3.0,capFixed,DOGEUSDT,2024-07-14 12:00:00+00:00,2024-07-16 12:00:00+00:00,long,0.1123,0.1123,0.0,0.1123,0.10455554285714286,36909.72169726291,4144.961746602625,4144.961746602625,0.008,0.008,285.84575783923685,0.007744457142857139,1.5778288870196566,451.01569395077337,time_exit_non_runner,time_exit_non_runner,12,10.0,B,1,tier_d_skip,D,1.0,0,0,0.2723948811700184,base,False,False,True,False,False,True,True,False,False,False,False,False,False,True,False,True,1.0,0.11227,0.1123,engulf,10,1.3,0.45,legacy,1,False,True,False,False,4,"a_volume,a_score_ge13,a_wick_le_q1",False,True,True,False,False,False,False,VOLUME,1,False,True,1.0,2.00143143852193,,False,False,False,False,35730.71972990461,A,direct_under_threshold,0.0,1,36149.16913794132,A,2024-07,2024-07-14 08:00:00,1.2539664667901402,up,True,True,a_fvg_absent+a_score_ge13+a_trend_counter+a_volume||up||long,1,4
BTC+ETH+SOL+XRP+DOGE+AVAX+LINK+BNB+ADA v19b norefine rpboost (9coins),orderbook_split_proxy,v19b_norefine_rpboost_9coins,1.0,3.0,capFixed,BTCUSDT,2024-07-17 00:00:00+00:00,2024-07-17 04:00:00+00:00,short,64450.0,64450.0,0.0,64450.0,65794.27142857143,0.5916079923530482,38129.135107153954,38129.135107153954,0.022,0.022,795.2817210347089,1344.271428571432,-1.0484441864419387,-833.8084970023802,loss,stop,1,8.75,B,2,rp_pass_rp2,B,1.0,2,1,0.18069216757741385,base,False,True,True,False,False,False,True,True,False,False,True,False,False,False,True,False,0.0,64450.0,65692.3,engulf,10,1.3,0.45,legacy,1,True,True,False,True,5,"a_sweep,a_volume,a_wick_le_q1,a_pre_total_ge1,a_fvg,a_room",True,True,True,True,False,False,False,SWEEP+VOLUME,2,False,False,0.0,0.0,,False,False,False,False,36149.16913794132,A,direct_under_threshold,0.0,1,35315.36064093894,A,2024-07,2024-07-16 20:00:00,5.378190297262759,up,False,True,a_room+a_sweep+a_trend_counter+a_vol_expansion+a_volume||up||short,1,5
BTC+ETH+SOL+XRP+DOGE+AVAX+LINK+BNB+ADA v19b norefine rpboost (9coins),orderbook_split_proxy,v19b_norefine_rpboost_9coins,1.0,3.0,capFixed,XRPUSDT,2024-07-15 20:00:00+00:00,2024-08-04 12:00:00+00:00,long,0.5303,0.5303,0.0,0.5303,0.5172862857142858,21771.6757253874,11545.519637172938,11545.519637172938,0.008,0.008,283.3303674114107,0.013013714285714184,0.8887856806006844,251.8199734345926,win,stop,118,8.75,B,3,rp_pass_rp3,A,1.0,4,1,0.40350877192982026,expansion,True,False,True,True,False,False,False,True,True,False,True,False,False,False,True,True,0.18840579710144414,0.5275,0.5344,engulf,10,1.3,0.45,legacy,1,True,False,False,True,3,"a_volume,a_pre_total_ge4,a_pre_total_ge1,a_trend_align,a_fvg,a_room",False,True,False,False,False,False,False,none,0,False,True,0.18840579710144414,9.835777641169832,,True,True,True,True,35416.29592642633,A,direct_under_threshold,0.0,1,35567.18061437353,A,2024-08,2024-07-15 16:00:00,3.974154153982654,up,False,False,a_room+a_vol_expansion+a_volume||up||long,1,3
BTC+ETH+SOL+XRP+DOGE+AVAX+LINK+BNB+ADA v19b norefine rpboost (9coins),orderbook_split_proxy,v19b_norefine_rpboost_9coins,1.0,3.0,capFixed,DOGEUSDT,2024-07-17 20:00:00+00:00,2024-07-19 16:00:00+00:00,short,0.12343,0.12343,0.0,0.12343,0.12899885714285714,50732.650861745984,6261.931095865307,6261.931095865307,0.008,0.008,282.52288512751153,0.005568857142857139,0.227960667744087,64.40410554665351,win,stop,11,9.0,B,1,rp_boost_rp1_x1.5,B,1.0,2,1,0.19792746113989573,base,False,False,False,False,False,False,True,True,False,False,False,True,False,True,False,False,0.0,0.12343,0.12443,engulf,10,1.3,0.45,legacy,1,True,False,False,False,4,"a_wick_le_q1,a_pre_total_ge1,a_room",False,False,True,False,False,False,False,VOLUME,1,False,False,0.0,1.1492483710430468,,False,False,False,False,35315.36064093894,A,direct_under_threshold,0.0,1,35631.58471992018,A,2024-07,2024-07-17 16:00:00,4.308449092906411,up,True,True,a_fvg_absent+a_ob+a_room+a_trend_counter||up||short,1,4
BTC+ETH+SOL+XRP+DOGE+AVAX+LINK+BNB+ADA v19b norefine rpboost (9coins),orderbook_split_proxy,v19b_norefine_rpboost_9coins,1.0,3.0,capFixed,XRPUSDT,2024-07-20 12:00:00+00:00,2024-07-21 08:00:00+00:00,long,0.5847,0.5847,0.0,0.5847,0.5798732142857143,59056.41862569054,34530.287970441255,34530.287970441255,0.008,0.008,285.0526777593615,0.004826785714285742,0.808398485016653,230.43615285060798,win,stop,5,8.5,B,2,rp_pass_rp2,B,1.0,1,0,0.1663747810858134,expansion,True,False,True,False,False,False,True,True,True,False,False,True,False,True,False,True,0.30882352941176205,0.5821,0.5889,engulf,10,1.3,0.45,legacy,1,True,False,False,False,4,"a_volume,a_wick_le_q1,a_pre_total_ge1,a_trend_align,a_room",False,True,False,False,False,False,False,none,0,False,True,0.30882352941176205,4.827229004809441,,True,True,True,False,35631.58471992018,A,direct_under_threshold,0.0,1,35862.02087277079,A,2024-07,2024-07-20 08:00:00,1.1732175866962113,up,True,False,a_fvg_absent+a_room+a_volume||up||long,1,3
BTC+ETH+SOL+XRP+DOGE+AVAX+LINK+BNB+ADA v19b norefine rpboost (9coins),orderbook_split_proxy,v19b_norefine_rpboost_9coins,1.0,3.0,capFixed,LINKUSDT,2024-07-21 08:00:00+00:00,2024-07-21 12:00:00+00:00,short,13.988,13.988,0.0,13.988,14.052142857142856,4472.7687502787985,62565.08927889983,62565.08927889983,0.008,0.008,286.8961669821663,0.06414285714285661,-1.2185757238307366,-349.60470434455715,loss,stop,1,8.5,B,1,tier_d_skip,D,1.0,0,0,0.44366197183098427,base,False,False,False,False,False,False,False,False,False,False,False,True,False,True,False,False,0.0,13.988,14.018,engulf,10,1.3,0.45,legacy,1,True,False,True,False,4,a_room,False,False,False,True,False,False,False,SWEEP,1,False,False,0.0,0.0,,False,False,False,False,35862.02087277079,A,direct_under_threshold,0.0,1,35512.41616842623,A,2024-07,2024-07-21 04:00:00,2.3342829036953185,up,True,True,a_fvg_absent+a_ob+a_room+a_trend_counter||up||short,1,4
BTC+ETH+SOL+XRP+DOGE+AVAX+LINK+BNB+ADA v19b norefine rpboost (9coins),orderbook_split_proxy,v19b_norefine_rpboost_9coins,1.0,3.0,capFixed,AVAXUSDT,2024-07-21 20:00:00+00:00,2024-07-22 00:00:00+00:00,short,32.165,32.165,0.0,32.165,32.507485714285714,933.2119039838358,30016.76089164008,30016.76089164008,0.009,0.009,319.61174551583605,0.34248571428571495,-1.0944163260198547,-349.78831228023404,loss,stop,1,9.5,B,1,tier_d_skip,D,1.0,0,0,0.27408056042031537,base,False,False,True,False,False,False,True,False,False,False,False,True,False,True,False,False,0.0,32.165,32.443,engulf,10,1.3,0.45,legacy,1,True,True,False,False,5,"a_volume,a_wick_le_q1,a_room",False,True,True,True,False,False,False,SWEEP+VOLUME,2,False,False,0.0,0.13723200133477045,,False,False,False,False,35512.41616842623,A,direct_under_threshold,0.0,1,35162.627856146,A,2024-07,2024-07-21 16:00:00,2.0963796421518603,up,True,True,a_fvg_absent+a_ob+a_room+a_trend_counter||up||short,1,4
BTC+ETH+SOL+XRP+DOGE+AVAX+LINK+BNB+ADA v19b norefine rpboost (9coins),orderbook_split_proxy,v19b_norefine_rpboost_9coins,1.0,3.0,capFixed,AVAXUSDT,2024-07-22 12:00:00+00:00,2024-07-22 20:00:00+00:00,long,31.478,31.478,0.0,31.478,31.218977142857142,1221.7595551066515,38458.54727564718,38458.54727564718,0.009,0.009,316.46365070531397,0.25902285714285966,1.6735102484060866,529.605162703347,win,stop,2,8.5,B,2,tier_d_skip,D,1.0,0,0,0.23617552622190438,base,False,False,True,False,False,False,True,False,True,False,False,True,False,True,False,True,1.0,31.293,31.478,engulf,10,1.3,0.45,legacy,1,True,True,False,True,5,"a_volume,a_wick_le_q1,a_trend_align,a_room",False,True,False,False,False,False,False,none,0,False,True,1.0,3.6637693308918804,3.6637693308918804,False,False,False,False,35162.627856146,A,direct_under_threshold,0.0,1,35692.23301884934,A,2024-07,2024-07-22 08:00:00,2.139108749546295,up,True,False,a_fvg_absent+a_room+a_vol_expansion||up||long,3,3
BTC+ETH+SOL+XRP+DOGE+AVAX+LINK+BNB+ADA v19b norefine rpboost (9coins),orderbook_split_proxy,v19b_norefine_rpboost_9coins,1.0,3.0,capFixed,DOGEUSDT,2024-07-23 04:00:00+00:00,2024-07-23 08:00:00+00:00,long,0.13578,0.13578,0.0,0.13578,0.13465285714285716,253328.9035558388,34396.998524811796,34396.998524811796,0.008,0.008,285.53786415079475,0.0011271428571428543,-1.1199638783269965,-319.79209374353115,loss,stop,1,8.75,B,3,tier_d_skip,D,1.0,0,0,0.3694029850746258,base,False,False,True,False,False,False,False,False,True,False,True,False,False,False,True,False,0.0,0.13574,0.13578,engulf,10,1.3,0.45,legacy,1,True,False,False,True,3,"a_volume,a_trend_align,a_fvg,a_room",False,True,False,False,False,False,False,none,0,False,False,0.0,0.6742712294042957,,False,False,False,False,35692.23301884934,A,direct_under_threshold,0.0,1,35372.44092510581,A,2024-07,2024-07-23 00:00:00,1.8851873802627312,up,False,False,a_room+a_vol_expansion+a_volume||up||long,1,3
BTC+ETH+SOL+XRP+DOGE+AVAX+LINK+BNB+ADA v19b norefine rpboost (9coins),orderbook_split_proxy,v19b_norefine_rpboost_9coins,1.0,3.0,capFixed,XRPUSDT,2024-07-23 04:00:00+00:00,2024-07-23 16:00:00+00:00,long,0.5999,0.5999,0.0,0.5999,0.5856594285714285,20051.011687488008,12028.601911324056,12028.601911324056,0.008,0.008,285.53786415079475,0.014240571428571491,-1.041626118534569,-297.42369713004337,loss,stop,3,8.5,B,2,rp_pass_rp2,C,1.0,1,1,0.4456521739130437,expansion,True,False,True,False,False,False,False,True,True,False,False,True,False,True,False,False,0.0,0.5908,0.5999,engulf,10,1.3,0.45,legacy,1,True,True,True,False,4,"a_volume,a_pre_total_ge1,a_trend_align,a_room",False,True,True,False,False,False,False,VOLUME,1,False,False,0.0,0.5687973997833125,,False,False,False,False,35692.23301884934,A,direct_under_threshold,0.0,1,35075.01722797577,A,2024-07,2024-07-23 00:00:00,1.8851873802627312,up,True,False,a_fvg_absent+a_room+a_volume||up||long,1,3
BTC+ETH+SOL+XRP+DOGE+AVAX+LINK+BNB+ADA v19b norefine rpboost (9coins),orderbook_split_proxy,v19b_norefine_rpboost_9coins,1.0,3.0,capFixed,SOLUSDT,2024-07-23 12:00:00+00:00,2024-07-23 16:00:00+00:00,long,172.5,172.5,0.0,172.5,170.55932571428573,182.26881855183115,31441.37120019087,31441.37120019087,0.01,0.01,353.7244092510581,1.940674285714266,-1.0883866314506307,-384.9889182466234,loss,stop,1,8.75,B,3,rp_pass_rp3,B,1.0,0,0,0.1624006205158041,base,False,False,True,False,False,False,True,False,True,False,True,False,False,False,True,False,0.0,170.949,172.5,engulf,10,1.3,0.45,legacy,1,True,False,False,True,3,"a_volume,a_wick_le_q1,a_trend_align,a_fvg,a_room",False,True,False,False,False,False,False,none,0,False,False,0.0,2.267253208016091,,False,False,False,False,35372.44092510581,A,direct_under_threshold,0.0,1,34690.02830972915,A,2024-07,2024-07-23 08:00:00,1.489534023551687,up,False,False,a_room+a_vol_expansion+a_volume||up||long,1,3
BTC+ETH+SOL+XRP+DOGE+AVAX+LINK+BNB+ADA v19b norefine rpboost (9coins),orderbook_split_proxy,v19b_norefine_rpboost_9coins,1.0,3.0,capFixed,DOGEUSDT,2024-07-24 08:00:00+00:00,2024-07-24 16:00:00+00:00,long,0.13086,0.13086,0.0,0.13086,0.12917754285714286,164949.35853554617,21585.27305796157,21585.27305796157,0.008,0.008,277.5202264778332,0.001682457142857141,0.5718959014027103,158.71268007902472,win,stop,2,13.0,S,3,rp_pass_rp3,A,1.0,3,0,0.26092544987147,base,False,False,True,True,False,True,True,True,True,True,False,True,False,True,False,True,0.25913621262458697,0.1295,0.13251,engulf,10,1.3,0.45,legacy,1,True,True,False,False,6,"a_volume,a_pre_total_ge4,a_score_ge13,a_wick_le_q1,a_pre_total_ge1,a_trend_align,a_mss,a_room",False,True,False,True,False,False,False,SWEEP,1,False,True,0.25913621262458697,2.3239819311890777,,False,False,False,False,34690.02830972915,A,direct_under_threshold,0.0,1,34848.74098980817,A,2024-07,2024-07-24 04:00:00,-0.21900278118260497,range,True,False,a_fvg_absent+a_ob+a_score_ge13+a_volume||range||long,2,4
BTC+ETH+SOL+XRP+DOGE+AVAX+LINK+BNB+ADA v19b norefine rpboost (9coins),orderbook_split_proxy,v19b_norefine_rpboost_9coins,1.0,3.0,capFixed,ADAUSDT,2024-07-27 12:00:00+00:00,2024-07-27 20:00:00+00:00,short,0.4233,0.4233,0.0,0.4233,0.4317114285714286,33144.18300661104,14029.932666698454,14029.932666698454,0.008,0.008,278.78992791846537,0.00841142857142857,0.19980061141304345,55.70239805390769,win,stop,2,10.25,A,2,tier_d_skip,D,1.0,0,0,0.449541284403668,base,False,False,False,False,False,True,False,False,False,False,True,False,False,False,True,False,0.0,0.4233,0.4311,engulf,10,1.3,0.45,legacy,1,True,True,False,False,3,"a_score_ge13,a_fvg,a_room",False,False,False,False,False,False,False,none,0,False,False,0.0,1.2958559782608723,,False,False,False,False,34848.74098980817,A,direct_under_threshold,0.0,1,34904.44338786208,A,2024-07,2024-07-27 08:00:00,1.5027353182841436,up,False,True,a_room+a_score_ge13+a_trend_counter||up||short,1,3
BTC+ETH+SOL+XRP+DOGE+AVAX+LINK+BNB+ADA v19b norefine rpboost (9coins),orderbook_split_proxy,v19b_norefine_rpboost_9coins,1.0,3.0,capFixed,BNBUSDT,2024-07-27 16:00:00+00:00,2024-07-27 20:00:00+00:00,long,585.15,585.15,0.0,585.15,583.3760714285714,178.6656805424669,104546.2229694245,104546.2229694245,0.012,0.012,316.94015544800646,1.7739285714285415,-1.3293610831487876,-421.327908339707,loss,stop,1,8.0,B,2,tier_d_skip,D,1.0,0,0,0.4517102615694087,base,False,False,True,False,False,False,False,False,True,False,False,False,False,True,False,False,0.0,584.82,585.15,engulf,10,1.3,0.45,legacy,1,True,True,False,False,3,"a_volume,a_trend_align,a_room",False,True,True,False,False,False,False,VOLUME,1,False,False,0.0,0.3833299778538777,,False,False,False,False,34848.74098980817,A,direct_under_threshold,0.0,1,34483.11547952237,A,2024-07,2024-07-27 12:00:00,1.8708418981554202,up,True,False,a_fvg_absent+a_room+a_volume||up||long,1,3
BTC+ETH+SOL+XRP+DOGE+AVAX+LINK+BNB+ADA v19b norefine rpboost (9coins),orderbook_split_proxy,v19b_norefine_rpboost_9coins,1.0,3.0,capFixed,BTCUSDT,2024-07-27 20:00:00+00:00,2024-07-29 16:00:00+00:00,long,67479.1,67479.1,0.0,67479.1,65671.97657142857,0.41979896256959265,28327.656175129803,28327.656175129803,0.022,0.022,758.6285405494921,1807.1234285714308,0.212534385112757,161.23465039467453,win,stop,11,13.0,S,3,rp_pass_rp3,A,1.0,0,0,0.2436927039927289,base,False,False,True,False,False,True,True,False,True,True,False,True,False,True,False,False,0.0,67044.3,67479.1,engulf,10,1.3,0.45,legacy,1,True,True,False,False,6,"a_volume,a_score_ge13,a_wick_le_q1,a_trend_align,a_mss,a_room",False,True,False,False,False,False,False,none,0,False,False,0.0,1.4398020405594825,,False,False,False,False,34483.11547952237,A,direct_under_threshold,0.0,1,34644.350129917046,A,2024-07,2024-07-27 16:00:00,2.0497959122695684,up,True,False,a_fvg_absent+a_room+a_volume||up||long,1,3
BTC+ETH+SOL+XRP+DOGE+AVAX+LINK+BNB+ADA v19b norefine rpboost (9coins),orderbook_split_proxy,v19b_norefine_rpboost_9coins,1.0,3.0,capFixed,BNBUSDT,2024-07-30 20:00:00+00:00,2024-07-31 00:00:00+00:00,short,574.09,574.09,0.0,574.09,589.1323428571429,27.637463492702732,15866.391416525712,15866.391416525712,0.012,0.012,415.7322015590046,15.042342857142899,-1.0386649325143118,-431.8064590763098,loss,stop,1,10.75,S,3,rp_pass_rp3,C,1.0,2,1,0.4175257731958938,base,False,False,True,False,False,True,False,True,False,True,True,False,False,False,True,True,0.04377104377104217,573.74,588.59,engulf,10,1.3,0.45,legacy,1,True,True,False,False,5,"a_volume,a_score_ge13,a_pre_total_ge1,a_mss,a_fvg,a_room",False,True,True,False,False,False,False,VOLUME,1,False,True,0.04377104377104217,0.0,,False,False,False,False,34644.350129917046,A,direct_under_threshold,0.0,1,34212.543670840736,A,2024-07,2024-07-30 16:00:00,-0.44879211843402744,range,False,True,a_room+a_score_ge13+a_volume||range||short,1,3
BTC+ETH+SOL+XRP+DOGE+AVAX+LINK+BNB+ADA v19b norefine rpboost (9coins),orderbook_split_proxy,v19b_norefine_rpboost_9coins,1.0,3.0,capFixed,ETHUSDT,2024-07-29 20:00:00+00:00,2024-07-31 12:00:00+00:00,short,3332.8,3332.8,0.0,3332.8,3400.466057142857,7.679851226614777,25595.40816806173,25595.40816806173,0.015,0.015,519.6652519487557,67.66605714285697,0.200871354365472,104.38586297562078,win,stop,10,10.75,S,3,rp_pass_rp3,B,1.0,2,0,0.22124542124541977,base,False,False,True,False,False,True,True,True,True,False,True,False,False,False,True,True,0.28439869989165706,3323.47,3360.39,engulf,10,1.3,0.45,legacy,1,True,True,False,False,3,"a_volume,a_score_ge13,a_wick_le_q1,a_pre_total_ge1,a_trend_align,a_fvg,a_room",False,True,True,True,False,False,False,SWEEP+VOLUME,2,False,True,0.28439869989165706,1.517747661625672,,False,False,False,False,34644.350129917046,A,direct_under_threshold,0.0,1,34316.92953381636,A,2024-07,2024-07-29 16:00:00,1.5755799167436308,up,False,False,a_room+a_score_ge13+a_volume||up||short,1,3
BTC+ETH+SOL+XRP+DOGE+AVAX+LINK+BNB+ADA v19b norefine rpboost (9coins),orderbook_split_proxy,v19b_norefine_rpboost_9coins,1.0,3.0,capFixed,SOLUSDT,2024-07-29 20:00:00+00:00,2024-08-01 12:00:00+00:00,long,182.412,182.412,0.0,182.412,164.93853142857142,19.82683059651082,3616.651822770732,3616.651822770732,0.01,0.01,346.44350129917046,17.473468571428583,-1.0099393697939438,-349.8869313712916,loss,stop,16,10.0,A,2,rp_pass_rp2,B,1.0,0,0,0.22178042853987417,expansion,True,False,True,False,False,True,True,False,True,True,False,True,False,True,False,False,0.0,181.426,182.412,engulf,10,1.3,0.45,legacy,1,True,False,True,False,6,"a_volume,a_score_ge13,a_wick_le_q1,a_trend_align,a_mss,a_room",False,True,True,False,False,False,False,VOLUME,1,False,False,0.0,0.1351191373566514,,False,False,False,False,34644.350129917046,A,direct_under_threshold,0.0,1,33967.042602445064,A,2024-08,2024-07-29 16:00:00,1.5755799167436308,up,True,False,a_fvg_absent+a_room+a_volume||up||long,1,3
BTC+ETH+SOL+XRP+DOGE+AVAX+LINK+BNB+ADA v19b norefine rpboost (9coins),orderbook_split_proxy,v19b_norefine_rpboost_9coins,1.0,3.0,capFixed,SOLUSDT,2024-08-02 12:00:00+00:00,2024-08-02 16:00:00+00:00,long,161.848,161.848,0.0,161.848,160.4410892857143,241.4299802933127,39074.95945051208,39074.95945051208,0.01,0.01,339.67042602445065,1.406910714285715,-1.1145378615761483,-378.5755502619505,loss,stop,1,8.5,B,1,rp_boost_rp1_x1.5,C,1.0,1,0,0.42877752467729696,base,False,True,True,False,False,False,False,True,False,False,False,True,False,True,False,False,0.0,160.917,161.848,engulf,10,1.3,0.45,legacy,1,True,True,False,True,7,"a_sweep,a_volume,a_pre_total_ge1,a_room",True,True,False,True,False,False,False,SWEEP,1,False,False,0.0,0.0,,False,False,False,False,33967.042602445064,A,direct_under_threshold,0.0,1,33588.467052183114,A,2024-08,2024-08-02 08:00:00,-2.9033426646497893,down,True,True,a_fvg_absent+a_ob+a_room+a_trend_counter+a_vol_expansion||down||long,3,5
BTC+ETH+SOL+XRP+DOGE+AVAX+LINK+BNB+ADA v19b norefine rpboost (9coins),orderbook_split_proxy,v19b_norefine_rpboost_9coins,1.0,3.0,capFixed,SOLUSDT,2024-08-04 16:00:00+00:00,2024-08-05 00:00:00+00:00,long,134.544,134.544,0.0,134.544,129.41255999999998,65.45622096757039,8806.74179386079,8806.74179386079,0.01,0.01,335.8846705218311,5.131440000000026,0.22365545928628233,75.12244025278174,win,stop,2,7.5,B,1,tier_d_skip,D,1.0,0,0,0.2823690205011419,base,False,False,True,False,False,False,True,False,False,False,False,True,False,True,False,False,0.0,131.781,134.544,engulf,10,1.3,0.45,legacy,1,True,True,False,True,6,"a_volume,a_wick_le_q1,a_room",False,True,False,False,False,False,False,none,0,False,False,0.0,1.8332086120075328,,False,False,False,False,33588.467052183114,A,direct_under_threshold,0.0,1,33663.589492435894,A,2024-08,2024-08-04 12:00:00,-3.9793338989708418,down,True,True,a_fvg_absent+a_ob+a_room+a_trend_counter+a_vol_expansion||down||long,2,5
BTC+ETH+SOL+XRP+DOGE+AVAX+LINK+BNB+ADA v19b norefine rpboost (9coins),orderbook_split_proxy,v19b_norefine_rpboost_9coins,1.0,3.0,capFixed,XRPUSDT,2024-08-05 16:00:00+00:00,2024-08-05 20:00:00+00:00,long,0.4853,0.4853,0.0,0.4853,0.47837857142857143,38909.41200364104,18882.737645366997,18882.737645366997,0.008,0.008,269.3087159394872,0.006921428571428578,0.5795594169246646,156.08040238261933,win,stop,1,8.5,B,1,tier_d_skip,D,1.0,0,0,0.3992197659297794,base,False,False,True,False,False,False,False,False,False,False,False,False,False,True,False,True,1.0,0.4829,0.4853,engulf,10,1.3,0.45,legacy,1,True,True,False,True,5,"a_volume,a_room",False,True,True,True,False,False,False,SWEEP+VOLUME,2,False,True,1.0,2.066047471620222,,False,False,False,False,33663.589492435894,A,direct_under_threshold,0.0,1,33819.669894818515,A,2024-08,2024-08-05 12:00:00,-6.620582084737905,down,True,True,a_fvg_absent+a_room+a_vol_expansion+a_volume||down||long,1,4
BTC+ETH+SOL+XRP+DOGE+AVAX+LINK+BNB+ADA v19b norefine rpboost (9coins),orderbook_split_proxy,v19b_norefine_rpboost_9coins,1.0,3.0,capFixed,ETHUSDT,2024-08-06 00:00:00+00:00,2024-08-06 08:00:00+00:00,short,2504.83,2504.83,0.0,2504.83,2548.010457142857,11.748255622768356,29427.38313157886,29427.38313157886,0.015,0.015,507.2950484222777,43.180457142856994,0.19211658217077018,97.45979085504335,win,stop,2,13.25,S,4,rp_pass_rp4,A,1.0,1,1,0.30341914401849035,base,False,False,True,False,False,True,True,True,True,True,True,False,False,False,True,False,0.0,2504.83,2535.56,engulf,10,1.3,0.45,legacy,1,True,True,False,True,5,"a_volume,a_score_ge13,a_wick_le_q1,a_pre_total_ge1,a_trend_align,a_mss,a_fvg,a_room",False,True,True,False,False,False,False,VOLUME,1,False,False,0.0,1.5381958505038063,,False,False,False,False,33819.669894818515,A,direct_under_threshold,0.0,1,33917.12968567356,A,2024-08,2024-08-05 20:00:00,-7.719580059086815,down,False,False,a_room+a_score_ge13+a_vol_expansion+a_volume||down||short,2,4
BTC+ETH+SOL+XRP+DOGE+AVAX+LINK+BNB+ADA v19b norefine rpboost (9coins),orderbook_split_proxy,v19b_norefine_rpboost_9coins,1.0,3.0,capFixed,AVAXUSDT,2024-08-08 12:00:00+00:00,2024-08-08 20:00:00+00:00,short,21.879,21.879,0.0,21.879,22.41962857142857,564.6282555219952,12353.501602565735,12353.501602565735,0.009,0.009,305.25416717106197,0.5406285714285701,-1.040969559243209,-317.76029585721324,loss,stop,2,10.25,S,3,tier_d_skip,D,1.0,0,0,0.4215517241379316,expansion,True,False,True,False,False,True,False,False,True,False,True,False,False,False,True,False,0.0,21.879,22.362,engulf,10,1.3,0.45,legacy,1,True,False,False,False,3,"a_volume,a_score_ge13,a_trend_align,a_fvg,a_room",False,True,True,False,False,False,False,VOLUME,1,False,False,0.0,0.5086671599196754,,False,False,False,False,33917.12968567356,A,direct_under_threshold,0.0,1,33599.36938981635,A,2024-08,2024-08-08 08:00:00,-0.6756036930254854,range,False,False,a_room+a_score_ge13+a_volume||range||short,1,3
BTC+ETH+SOL+XRP+DOGE+AVAX+LINK+BNB+ADA v19b norefine rpboost (9coins),orderbook_split_proxy,v19b_norefine_rpboost_9coins,1.0,3.0,capFixed,XRPUSDT,2024-08-09 00:00:00+00:00,2024-08-09 04:00:00+00:00,long,0.614,0.614,0.0,0.614,0.6052457142857143,30704.384559884387,18852.492119769013,18852.492119769013,0.008,0.008,268.79495511853077,0.008754285714285714,-1.0696370757180158,-287.51304976074056,loss,stop,1,9.5,B,2,rp_pass_rp2,B,1.0,0,0,0.2113095238095252,base,False,False,False,False,False,False,True,False,True,False,False,True,False,True,False,False,0.0,0.6076,0.614,engulf,10,1.3,0.45,legacy,1,True,True,False,True,4,"a_wick_le_q1,a_trend_align,a_room",False,False,True,False,False,False,False,VOLUME,1,False,False,0.0,0.31984334203655634,,False,False,False,False,33599.36938981635,A,direct_under_threshold,0.0,1,33311.85634005561,A,2024-08,2024-08-08 20:00:00,1.2911036606588207,up,True,False,a_fvg_absent+a_room+a_vol_expansion||up||long,1,3
BTC+ETH+SOL+XRP+DOGE+AVAX+LINK+BNB+ADA v19b norefine rpboost (9coins),orderbook_split_proxy,v19b_norefine_rpboost_9coins,1.0,3.0,capFixed,SOLUSDT,2024-08-16 12:00:00+00:00,2024-08-18 12:00:00+00:00,short,143.192,143.192,0.0,143.192,152.46641142857143,35.91802735581978,5143.174173134546,5143.174173134546,0.01,0.01,333.11856340055607,9.274411428571426,-0.2890167231251335,-96.27683560618074,time_exit_non_runner,time_exit_non_runner,12,11.0,A,2,rp_pass_rp2,B,1.0,3,0,0.1643983915867602,base,False,False,True,True,False,True,True,True,True,False,False,True,False,True,False,True,0.22468354430379173,141.937,144.465,engulf,10,1.3,0.45,legacy,1,True,False,True,False,5,"a_volume,a_pre_total_ge4,a_score_ge13,a_wick_le_q1,a_pre_total_ge1,a_trend_align,a_room",False,True,False,False,False,False,False,none,0,False,True,0.22468354430379173,0.7700758215230599,,False,False,False,False,33311.85634005561,A,direct_under_threshold,0.0,1,33215.57950444943,A,2024-08,2024-08-16 08:00:00,-1.5620393270877349,down,True,False,a_fvg_absent+a_ob+a_score_ge13+a_volume||down||short,1,4
BTC+ETH+SOL+XRP+DOGE+AVAX+LINK+BNB+ADA v19b norefine rpboost (9coins),orderbook_split_proxy,v19b_norefine_rpboost_9coins,1.0,3.0,capFixed,XRPUSDT,2024-08-19 08:00:00+00:00,2024-08-19 16:00:00+00:00,short,0.5884,0.5884,0.0,0.5884,0.5903251428571429,138028.52866200486,81215.98626472366,81215.98626472366,0.008,0.008,265.72463603559544,0.0019251428571428475,2.321645428910681,616.9183866009945,win,stop,2,9.5,B,2,rp_pass_rp2,B,1.0,0,0,0.16858237547893054,base,False,False,False,False,False,False,True,False,False,True,False,True,False,True,False,False,0.0,0.5884,0.5898,engulf,10,1.3,0.45,legacy,1,True,False,True,False,5,"a_wick_le_q1,a_mss,a_room",False,False,False,False,False,False,False,none,0,False,False,0.0,7.479964381122073,5.298308103294766,True,True,True,True,33215.57950444943,A,direct_under_threshold,0.0,1,33832.49789105042,A,2024-08,2024-08-19 04:00:00,0.5745604103899483,range,True,True,a_fvg_absent+a_ob+a_room+a_trend_counter||range||short,1,4
BTC+ETH+SOL+XRP+DOGE+AVAX+LINK+BNB+ADA v19b norefine rpboost (9coins),orderbook_split_proxy,v19b_norefine_rpboost_9coins,1.0,3.0,capFixed,DOGEUSDT,2024-08-21 16:00:00+00:00,2024-08-21 20:00:00+00:00,short,0.10516,0.10516,0.0,0.10516,0.10725914285714286,128938.33414310777,13559.155218489213,13559.155218489213,0.008,0.008,270.6599831284034,0.002099142857142855,-1.0505966380835716,-284.3544683384568,loss,stop,1,9.5,B,1,rp_boost_rp1_x1.5,B,1.0,0,0,0.16707616707616352,base,False,False,True,False,False,False,True,False,False,False,False,True,False,True,False,False,0.0,0.10516,0.10707,engulf,10,1.3,0.45,legacy,1,True,False,False,False,5,"a_volume,a_wick_le_q1,a_room",False,True,True,False,False,False,False,VOLUME,1,False,False,0.0,0.0,,False,False,False,False,33832.49789105042,A,direct_under_threshold,0.0,1,33548.14342271197,A,2024-08,2024-08-21 12:00:00,0.6022459389036815,range,True,True,a_fvg_absent+a_ob+a_room+a_trend_counter||range||short,1,4
BTC+ETH+SOL+XRP+DOGE+AVAX+LINK+BNB+ADA v19b norefine rpboost (9coins),orderbook_split_proxy,v19b_norefine_rpboost_9coins,1.0,3.0,capFixed,SOLUSDT,2024-08-20 20:00:00+00:00,2024-08-23 16:00:00+00:00,short,144.23,144.23,0.0,144.23,148.1316457142857,86.71340344197372,12506.67417843587,12506.67417843587,0.01,0.01,338.3249789105042,3.9016457142857064,-0.7373164522516505,-249.45257315840746,loss,stop,17,10.75,S,3,rp_pass_rp3,B,1.0,1,1,0.12549363756033077,expansion,True,False,True,False,False,True,True,True,True,False,True,False,False,False,True,True,0.9922680412371132,144.23,145.006,engulf,10,1.3,0.45,legacy,1,True,False,True,False,3,"a_volume,a_score_ge13,a_wick_le_q1,a_pre_total_ge1,a_trend_align,a_fvg,a_room",False,True,False,True,False,False,False,SWEEP,1,False,True,0.9922680412371132,1.4201699502627483,,False,False,False,False,33832.49789105042,A,direct_under_threshold,0.0,1,33298.69084955356,A,2024-08,2024-08-20 16:00:00,0.4499923778837854,range,False,False,a_room+a_score_ge13+a_volume||range||short,1,3
BTC+ETH+SOL+XRP+DOGE+AVAX+LINK+BNB+ADA v19b norefine rpboost (9coins),orderbook_split_proxy,v19b_norefine_rpboost_9coins,1.0,3.0,capFixed,ETHUSDT,2024-08-23 16:00:00+00:00,2024-08-25 16:00:00+00:00,long,2668.07,2668.07,0.0,2668.07,2529.9032571428575,3.615054914189736,9645.21956490221,9645.21956490221,0.015,0.015,499.4803627433034,138.1667428571427,0.7552112774295899,377.2132027983651,time_exit_non_runner,time_exit_non_runner,12,10.5,B,1,rp_boost_rp1_x1.5,B,1.0,2,0,0.17763434825312108,base,False,False,True,False,False,True,True,True,False,False,False,True,False,True,False,True,1.0,2651.94,2668.07,engulf,10,1.3,0.45,legacy,1,True,False,True,False,6,"a_volume,a_score_ge13,a_wick_le_q1,a_pre_total_ge1,a_room",False,True,True,False,False,False,False,VOLUME,1,False,True,1.0,1.094908925778293,,False,False,False,False,33298.69084955356,A,direct_under_threshold,0.0,1,33675.90405235193,A,2024-08,2024-08-23 12:00:00,1.391869101390422,up,True,True,a_fvg_absent+a_ob+a_room+a_score_ge13+a_trend_counter||up||long,4,5
BTC+ETH+SOL+XRP+DOGE+AVAX+LINK+BNB+ADA v19b norefine rpboost (9coins),orderbook_split_proxy,v19b_norefine_rpboost_9coins,1.0,3.0,capFixed,SOLUSDT,2024-08-24 16:00:00+00:00,2024-08-25 20:00:00+00:00,short,161.323,161.323,0.0,161.323,164.51465714285715,104.33041319640277,16830.895248083285,16830.895248083285,0.01,0.01,332.9869084955356,3.1916571428571388,0.19957978390088438,66.45745523936256,win,stop,7,7.5,B,1,tier_d_skip,D,1.0,0,0,0.26296340445822086,base,False,False,False,False,False,False,True,False,False,False,False,True,False,True,False,False,0.0,161.323,164.28,engulf,10,1.3,0.45,legacy,1,True,True,False,False,4,"a_wick_le_q1,a_room",False,False,False,True,False,False,False,SWEEP,1,False,False,0.0,1.9153059762953437,,False,False,False,False,33298.69084955356,A,direct_under_threshold,0.0,1,33742.36150759129,A,2024-08,2024-08-24 12:00:00,2.8894382111421884,up,True,True,a_fvg_absent+a_ob+a_room+a_trend_counter||up||short,1,4
BTC+ETH+SOL+XRP+DOGE+AVAX+LINK+BNB+ADA v19b norefine rpboost (9coins),orderbook_split_proxy,v19b_norefine_rpboost_9coins,1.0,3.0,capFixed,BTCUSDT,2024-08-28 16:00:00+00:00,2024-08-29 16:00:00+00:00,long,58508.1,58508.1,0.0,58508.1,57756.08514285714,0.9871240522924798,57754.75276393363,57754.75276393363,0.022,0.022,742.3319531670084,752.0148571428581,2.0375728022850637,1512.5553980402458,win,stop,6,10.25,A,2,rp_pass_rp2,B,1.0,0,0,0.11706067440759442,base,False,False,True,False,False,True,True,False,False,False,True,False,False,False,True,False,0.0,57850.0,58508.1,engulf,10,1.3,0.45,legacy,1,True,True,False,False,4,"a_volume,a_score_ge13,a_wick_le_q1,a_fvg,a_room",False,True,True,False,False,False,False,VOLUME,1,False,False,0.0,3.50631370504838,3.220548074278166,False,False,False,False,33742.36150759129,A,direct_under_threshold,0.0,1,35254.91690563154,A,2024-08,2024-08-28 12:00:00,-3.1983978177633827,down,False,True,a_room+a_score_ge13+a_trend_counter||down||long,1,3
BTC+ETH+SOL+XRP+DOGE+AVAX+LINK+BNB+ADA v19b norefine rpboost (9coins),orderbook_split_proxy,v19b_norefine_rpboost_9coins,1.0,3.0,capFixed,BNBUSDT,2024-09-03 20:00:00+00:00,2024-09-04 04:00:00+00:00,short,529.04,529.04,0.0,529.04,531.6364285714285,162.93881816083046,86201.15235980574,86201.15235980574,0.012,0.012,423.05900286757844,2.5964285714285325,3.282502643741416,1388.6922953714336,win,stop,2,10.75,S,3,rp_pass_rp3,B,1.0,1,0,0.22259887005650064,base,False,False,True,False,False,True,True,True,True,False,True,False,False,False,True,True,0.4434782608695771,525.84,531.59,engulf,10,1.3,0.45,legacy,1,True,False,False,False,3,"a_volume,a_score_ge13,a_wick_le_q1,a_pre_total_ge1,a_trend_align,a_fvg,a_room",False,True,False,True,False,False,False,SWEEP,1,False,True,0.4434782608695771,10.776341127923118,7.960935350756637,True,True,True,True,35254.91690563154,A,direct_under_threshold,0.0,1,36643.60920100297,A,2024-09,2024-09-03 16:00:00,-0.2228194047132479,range,False,False,a_room+a_score_ge13+a_volume||range||short,1,3
BTC+ETH+SOL+XRP+DOGE+AVAX+LINK+BNB+ADA v19b norefine rpboost (9coins),orderbook_split_proxy,v19b_norefine_rpboost_9coins,1.0,3.0,capFixed,XRPUSDT,2024-09-04 00:00:00+00:00,2024-09-04 08:00:00+00:00,short,0.5649,0.5649,0.0,0.5649,0.5692571428571429,64730.33923656803,36566.168634737274,36566.168634737274,0.008,0.008,282.0393352450523,0.004357142857142948,2.023623639344237,570.7414660268221,win,stop,2,12.0,A,2,rp_pass_rp2,C,1.0,1,0,0.43349753694580917,base,False,False,True,False,False,True,False,True,True,False,False,False,False,True,False,True,0.09375000000000759,0.5591,0.5655,engulf,10,1.3,0.45,legacy,1,True,False,False,False,4,"a_volume,a_score_ge13,a_pre_total_ge1,a_trend_align,a_room",False,True,False,True,False,False,False,SWEEP,1,False,True,0.09375000000000759,3.7409836065572946,3.7409836065572946,False,False,False,False,35254.91690563154,A,direct_under_threshold,0.0,1,37214.35066702979,A,2024-09,2024-09-03 20:00:00,-0.1287084880259299,range,True,False,a_room+a_score_ge13+a_volume||range||short,1,3
BTC+ETH+SOL+XRP+DOGE+AVAX+LINK+BNB+ADA v19b norefine rpboost (9coins),orderbook_split_proxy,v19b_norefine_rpboost_9coins,1.0,3.0,capFixed,BTCUSDT,2024-09-04 16:00:00+00:00,2024-09-07 00:00:00+00:00,short,58250.0,58250.0,0.0,58250.0,59869.58457142857,0.5055097023754063,29445.940163367413,29445.940163367413,0.022,0.022,818.7157146746553,1619.5845714285679,2.2776916444358055,1864.7819424827512,win,stop,14,10.75,S,3,tier_d_skip,D,1.0,0,0,0.3316260413452692,base,False,False,True,False,False,True,True,False,True,False,True,False,False,False,True,False,0.0,58250.0,58668.5,engulf,10,1.3,0.45,legacy,1,True,False,False,False,3,"a_volume,a_score_ge13,a_wick_le_q1,a_trend_align,a_fvg,a_room",False,True,True,False,False,False,False,VOLUME,1,False,False,0.0,3.5436247672683674,3.5436247672683674,False,False,False,False,37214.35066702979,A,direct_under_threshold,0.0,1,39079.13260951254,A,2024-09,2024-09-04 12:00:00,-0.7961231528034426,range,False,False,a_room+a_score_ge13+a_volume||range||short,1,3
BTC+ETH+SOL+XRP+DOGE+AVAX+LINK+BNB+ADA v19b norefine rpboost (9coins),orderbook_split_proxy,v19b_norefine_rpboost_9coins,1.0,3.0,capFixed,DOGEUSDT,2024-09-04 08:00:00+00:00,2024-09-07 16:00:00+00:00,short,0.09687,0.09687,0.0,0.09687,0.10091902857142857,73527.46469536502,7122.60550504001,7122.60550504001,0.008,0.008,297.71480533623827,0.004049028571428567,0.5483147806175732,163.241428174543,time_exit_non_runner,time_exit_non_runner,20,10.0,A,2,rp_pass_rp2,B,1.0,0,0,0.15523059617547572,expansion,True,False,True,False,False,True,True,False,True,False,False,True,False,True,False,True,0.5783132530120598,0.09686,0.09769,engulf,10,1.3,0.45,legacy,1,True,False,False,False,5,"a_volume,a_score_ge13,a_wick_le_q1,a_trend_align,a_room",False,True,False,False,False,False,False,none,0,False,True,0.5783132530120598,1.9782522792063026,,False,False,False,False,37214.35066702979,A,direct_under_threshold,0.0,1,39242.374037687085,A,2024-09,2024-09-04 04:00:00,-0.4587463642311491,range,True,False,a_room+a_score_ge13+a_volume||range||short,1,3
BTC+ETH+SOL+XRP+DOGE+AVAX+LINK+BNB+ADA v19b norefine rpboost (9coins),orderbook_split_proxy,v19b_norefine_rpboost_9coins,1.0,3.0,capFixed,DOGEUSDT,2024-09-11 12:00:00+00:00,2024-09-12 00:00:00+00:00,long,0.09944,0.09944,0.0,0.09944,0.09893589285714285,622762.4360213847,61927.49663796649,61927.49663796649,0.008,0.008,313.9389923014967,0.0005041071428571464,2.3424333793836243,735.3811746570844,win,stop,3,8.0,B,1,tier_d_skip,D,1.0,0,0,0.23958333333333592,base,False,False,True,False,False,False,True,False,False,False,False,True,False,True,False,False,0.0,0.09908,0.09944,engulf,10,1.3,0.45,legacy,1,True,True,False,False,5,"a_volume,a_wick_le_q1,a_room",False,True,False,False,False,False,False,none,0,False,False,0.0,6.764434998228779,6.764434998228779,True,True,True,True,39242.374037687085,A,direct_under_threshold,0.0,1,39977.75521234417,A,2024-09,2024-09-11 08:00:00,2.9838483969191825,up,True,True,a_fvg_absent+a_ob+a_room+a_trend_counter||up||long,2,4
BTC+ETH+SOL+XRP+DOGE+AVAX+LINK+BNB+ADA v19b norefine rpboost (9coins),orderbook_split_proxy,v19b_norefine_rpboost_9coins,1.0,3.0,capFixed,ADAUSDT,2024-09-11 12:00:00+00:00,2024-09-12 04:00:00+00:00,long,0.3323,0.3323,0.0,0.3323,0.33105892857142855,252958.036962355,84057.95568259056,84057.95568259056,0.008,0.008,313.9389923014967,0.0012410714285714386,8.193769999999958,2572.3438969502213,win,stop,4,8.5,B,1,tier_d_skip,D,1.0,0,0,0.29375000000000207,base,False,False,True,False,False,False,True,False,False,False,False,True,False,True,False,False,0.0,0.3308,0.3323,engulf,10,1.3,0.45,legacy,1,True,True,True,False,5,"a_volume,a_wick_le_q1,a_room",False,True,False,True,False,False,False,SWEEP,1,False,False,0.0,21.352517985611357,21.352517985611357,True,True,True,True,39242.374037687085,A,direct_under_threshold,0.0,1,42550.099109294395,A,2024-09,2024-09-11 08:00:00,2.9838483969191825,up,True,True,a_fvg_absent+a_ob+a_room+a_trend_counter||up||long,2,4
BTC+ETH+SOL+XRP+DOGE+AVAX+LINK+BNB+ADA v19b norefine rpboost (9coins),orderbook_split_proxy,v19b_norefine_rpboost_9coins,1.0,3.0,capFixed,BTCUSDT,2024-09-13 12:00:00+00:00,2024-09-13 20:00:00+00:00,short,58736.6,58736.6,0.0,58736.6,60313.77942857143,0.5935292861715624,34861.89227014459,34861.89227014459,0.022,0.022,936.1021804044765,1577.179428571435,-1.0377415458482122,-971.4321237648234,loss,stop,2,10.25,A,2,tier_d_skip,D,1.0,0,0,0.23837743093230856,base,False,False,False,False,False,True,True,False,False,False,True,False,False,False,True,False,0.0,58736.6,59327.8,engulf,10,1.3,0.45,legacy,1,True,False,True,False,3,"a_score_ge13,a_wick_le_q1,a_fvg,a_room",False,False,False,True,False,False,False,SWEEP,1,False,False,0.0,0.0,,False,False,False,False,42550.099109294395,A,direct_under_threshold,0.0,1,41578.66698552957,A,2024-09,2024-09-13 08:00:00,1.9789769165029312,up,False,True,a_room+a_score_ge13+a_trend_counter||up||short,1,3
BTC+ETH+SOL+XRP+DOGE+AVAX+LINK+BNB+ADA v19b norefine rpboost (9coins),orderbook_split_proxy,v19b_norefine_rpboost_9coins,1.0,3.0,capFixed,XRPUSDT,2024-09-14 00:00:00+00:00,2024-09-14 08:00:00+00:00,short,0.5777,0.5777,0.0,0.5777,0.5884371428571429,30979.315476179472,17896.75055058888,17896.75055058888,0.008,0.008,332.6293358842366,0.01073714285714289,-1.0543038850452366,-350.6924011027676,loss,stop,2,9.5,B,1,tier_d_skip,D,1.0,0,0,0.29189189189189035,base,False,False,False,False,False,False,True,False,False,False,False,True,False,True,False,False,0.0,0.5777,0.579,engulf,10,1.3,0.45,legacy,1,True,True,False,False,4,"a_wick_le_q1,a_room",False,False,False,False,False,False,False,none,0,False,False,0.0,0.37253858435337867,,False,False,False,False,41578.66698552957,A,direct_under_threshold,0.0,1,41227.9745844268,A,2024-09,2024-09-13 20:00:00,2.049681632127565,up,True,True,a_fvg_absent+a_ob+a_room+a_trend_counter||up||short,1,4
BTC+ETH+SOL+XRP+DOGE+AVAX+LINK+BNB+ADA v19b norefine rpboost (9coins),orderbook_split_proxy,v19b_norefine_rpboost_9coins,1.0,3.0,capFixed,ADAUSDT,2024-09-14 16:00:00+00:00,2024-09-15 04:00:00+00:00,long,0.3516,0.3516,0.0,0.3516,0.3502678571428572,247588.90903248638,87052.26041582222,87052.26041582222,0.008,0.008,329.8237966754144,0.0013321428571428373,1.4816254423592328,488.6753286498125,win,stop,3,8.0,B,1,tier_d_skip,D,1.0,0,0,0.28865979381443024,base,False,False,True,False,False,False,True,False,False,False,False,True,False,True,False,False,0.0,0.3498,0.3516,engulf,10,1.3,0.45,legacy,1,True,False,False,False,5,"a_volume,a_wick_le_q1,a_room",False,True,False,False,False,False,False,none,0,False,False,0.0,3.302949061662217,2.8525469168901005,True,False,False,False,41227.9745844268,A,direct_under_threshold,0.0,1,41716.64991307662,A,2024-09,2024-09-14 12:00:00,2.2890438452218076,up,True,True,a_fvg_absent+a_ob+a_room+a_trend_counter||up||long,2,4
BTC+ETH+SOL+XRP+DOGE+AVAX+LINK+BNB+ADA v19b norefine rpboost (9coins),orderbook_split_proxy,v19b_norefine_rpboost_9coins,1.0,3.0,capFixed,SOLUSDT,2024-09-16 00:00:00+00:00,2024-09-16 12:00:00+00:00,long,130.134,130.134,0.0,130.134,129.68480357142855,928.695048750638,120854.8014741155,120854.8014741155,0.01,0.01,417.16649913076617,0.44919642857144026,1.8423822806599057,768.5801660834495,win,stop,3,9.5,B,1,rp_boost_rp1_x1.5,B,1.0,0,0,0.22956691631390744,base,False,False,True,False,False,False,True,False,False,False,False,True,False,True,False,False,0.0,127.588,130.134,engulf,10,1.3,0.45,legacy,1,True,True,True,False,5,"a_volume,a_wick_le_q1,a_room",False,True,True,True,False,False,False,SWEEP+VOLUME,2,False,False,0.0,4.922122838401808,4.902087060226527,True,True,True,False,41716.64991307662,A,direct_under_threshold,0.0,1,42485.230079160065,A,2024-09,2024-09-15 20:00:00,1.9054110958958863,up,True,True,a_fvg_absent+a_ob+a_room+a_trend_counter||up||long,2,4
BTC+ETH+SOL+XRP+DOGE+AVAX+LINK+BNB+ADA v19b norefine rpboost (9coins),orderbook_split_proxy,v19b_norefine_rpboost_9coins,1.0,3.0,capFixed,DOGEUSDT,2024-09-17 04:00:00+00:00,2024-09-17 08:00:00+00:00,short,0.101,0.101,0.0,0.101,0.10144714285714286,760119.1324067026,76772.03237307697,76772.03237307697,0.008,0.008,339.88184063328055,0.0004471428571428543,0.02424640575079723,8.24091301532232,win,stop,1,8.0,B,1,tier_d_skip,D,1.0,0,0,0.23869346733668517,base,False,False,False,False,False,False,True,False,False,False,False,True,False,True,False,True,1.0,0.101,0.10119,engulf,10,1.3,0.45,legacy,1,True,True,False,False,4,"a_wick_le_q1,a_room",False,False,False,False,False,False,False,none,0,False,True,1.0,1.5654952076677555,,False,False,False,False,42485.230079160065,A,direct_under_threshold,0.0,1,42493.47099217539,A,2024-09,2024-09-17 00:00:00,-0.5050736349484685,range,True,True,a_fvg_absent+a_ob+a_room+a_trend_counter||range||short,1,4
BTC+ETH+SOL+XRP+DOGE+AVAX+LINK+BNB+ADA v19b norefine rpboost (9coins),orderbook_split_proxy,v19b_norefine_rpboost_9coins,1.0,3.0,capFixed,AVAXUSDT,2024-09-18 00:00:00+00:00,2024-09-18 08:00:00+00:00,long,23.496,23.496,0.0,23.496,23.256417142857142,1596.2796482618924,37506.18661556142,37506.18661556142,0.009,0.009,382.44123892957845,0.23958285714285665,0.15180454420778955,58.056317961967,win,stop,2,11.5,A,2,rp_pass_rp2,B,1.0,0,0,0.21001300390116875,base,False,False,False,False,False,True,True,False,True,False,False,False,False,True,False,False,0.0,23.476,23.496,engulf,10,1.3,0.45,legacy,1,True,False,False,False,3,"a_score_ge13,a_wick_le_q1,a_trend_align,a_room",False,False,False,True,False,False,False,SWEEP,1,False,False,0.0,1.4733942328332672,,False,False,False,False,42493.47099217539,A,direct_under_threshold,0.0,1,42551.52731013735,A,2024-09,2024-09-17 20:00:00,-0.6062640638036688,range,True,False,a_fvg_absent+a_room+a_score_ge13||range||long,1,3
BTC+ETH+SOL+XRP+DOGE+AVAX+LINK+BNB+ADA v19b norefine rpboost (9coins),orderbook_split_proxy,v19b_norefine_rpboost_9coins,1.0,3.0,capFixed,AVAXUSDT,2024-09-18 20:00:00+00:00,2024-09-19 00:00:00+00:00,short,23.452,23.452,0.0,23.452,23.619994285714284,2279.623644119444,53461.73370188921,53461.73370188921,0.009,0.009,382.9637457912361,0.16799428571428265,-1.1400999863940977,-436.6169613660209,loss,stop,1,8.5,B,1,rp_boost_rp1_x1.5,C,1.0,1,0,0.2668463611859845,base,False,False,False,False,False,False,True,True,False,False,False,True,False,True,False,True,1.0,23.452,23.578,engulf,10,1.3,0.45,legacy,1,True,False,True,False,4,"a_wick_le_q1,a_pre_total_ge1,a_room",False,False,False,False,False,False,False,none,0,False,True,1.0,0.0,,False,False,False,False,42551.52731013735,A,direct_under_threshold,0.0,1,42114.91034877133,A,2024-09,2024-09-18 16:00:00,0.5986148015660894,range,True,True,a_fvg_absent+a_ob+a_room+a_trend_counter||range||short,1,4
BTC+ETH+SOL+XRP+DOGE+AVAX+LINK+BNB+ADA v19b norefine rpboost (9coins),orderbook_split_proxy,v19b_norefine_rpboost_9coins,1.0,3.0,capFixed,SOLUSDT,2024-09-19 04:00:00+00:00,2024-09-19 08:00:00+00:00,short,138.224,138.224,0.0,138.224,139.01142857142855,534.8410240228635,73927.86570453628,73927.86570453628,0.01,0.01,421.1491034877134,0.7874285714285634,-1.1760384615384634,-495.2875437439935,loss,stop,1,8.25,B,4,rp_pass_rp4,B,1.0,0,0,0.11094689131933946,base,False,False,True,False,False,False,True,False,True,True,True,False,False,False,True,False,0.0,138.224,138.413,engulf,10,1.3,0.45,legacy,1,True,False,True,False,3,"a_volume,a_wick_le_q1,a_trend_align,a_mss,a_fvg,a_room",False,True,False,False,False,False,False,none,0,False,False,0.0,0.02158925979680199,,False,False,False,False,42114.91034877133,A,direct_under_threshold,0.0,1,41619.622805027335,A,2024-09,2024-09-19 00:00:00,1.4479204673650208,up,False,False,a_mss+a_room+a_volume||up||short,1,3
BTC+ETH+SOL+XRP+DOGE+AVAX+LINK+BNB+ADA v19b norefine rpboost (9coins),orderbook_split_proxy,v19b_norefine_rpboost_9coins,1.0,3.0,capFixed,BTCUSDT,2024-09-18 08:00:00+00:00,2024-09-20 08:00:00+00:00,long,59600.0,59600.0,0.0,59600.0,57367.925142857144,0.41940062978949993,24996.277535454195,24996.277535454195,0.022,0.022,936.1336008230218,2232.0748571428558,1.5630651987990163,1463.2378528728755,time_exit_non_runner,time_exit_non_runner,12,11.25,S,3,tier_d_skip,D,1.0,0,0,0.42351063829787244,base,False,False,True,False,False,True,False,False,False,True,True,False,False,False,True,False,0.0,59274.4,59600.0,engulf,10,1.3,0.45,legacy,1,True,True,False,False,5,"a_volume,a_score_ge13,a_mss,a_fvg,a_room",False,True,True,False,False,False,False,VOLUME,1,False,False,0.0,2.0280233817043003,,False,False,False,False,42551.52731013735,A,direct_under_threshold,0.0,1,43082.86065790021,A,2024-09,2024-09-18 04:00:00,-0.14390231316637464,range,False,True,a_mss+a_room+a_score_ge13+a_trend_counter||range||long,1,4
BTC+ETH+SOL+XRP+DOGE+AVAX+LINK+BNB+ADA v19b norefine rpboost (9coins),orderbook_split_proxy,v19b_norefine_rpboost_9coins,1.0,3.0,capFixed,AVAXUSDT,2024-09-20 12:00:00+00:00,2024-09-20 16:00:00+00:00,long,27.564,27.564,0.0,27.564,27.232474285714286,1169.57970140119,32238.294889422403,32238.294889422403,0.009,0.009,387.74574592110184,0.3315257142857142,-1.082642871916852,-419.7901679375637,loss,stop,1,7.75,B,3,rp_pass_rp3,C,1.0,1,0,0.29319129226493673,base,False,False,True,False,False,False,True,True,True,False,True,False,False,False,True,True,1.0,27.293,27.564,engulf,10,1.3,0.45,legacy,1,True,True,False,True,3,"a_volume,a_wick_le_q1,a_pre_total_ge1,a_trend_align,a_fvg,a_room",False,True,True,False,False,False,False,VOLUME,1,False,True,1.0,0.0,,False,False,False,False,43082.86065790021,A,direct_under_threshold,0.0,1,42663.07048996264,A,2024-09,2024-09-20 08:00:00,3.8754635339005845,up,False,False,a_room+a_vol_expansion+a_volume||up||long,1,3
BTC+ETH+SOL+XRP+DOGE+AVAX+LINK+BNB+ADA v19b norefine rpboost (9coins),orderbook_split_proxy,v19b_norefine_rpboost_9coins,1.0,3.0,capFixed,LINKUSDT,2024-09-20 16:00:00+00:00,2024-09-22 08:00:00+00:00,long,11.411,11.411,0.0,11.411,11.170937142857143,1421.7299918104288,16223.360936548803,16223.360936548803,0.008,0.008,341.30456391970114,0.24006285714285625,-1.0470333841136847,-357.3572725742901,loss,stop,10,7.75,B,3,rp_pass_rp3,C,1.0,1,0,0.4611650485436893,base,False,False,True,False,False,False,False,True,True,False,True,False,False,False,True,True,0.5315985130111481,11.191,11.46,engulf,10,1.3,0.45,legacy,1,True,True,False,True,3,"a_volume,a_pre_total_ge1,a_trend_align,a_fvg,a_room",False,True,False,False,False,False,False,none,0,False,True,0.5315985130111481,0.5456904144152752,,False,False,False,False,42663.07048996264,A,direct_under_threshold,0.0,1,42305.71321738835,A,2024-09,2024-09-20 12:00:00,3.943129331429289,up,False,False,a_room+a_vol_expansion+a_volume||up||long,1,3
BTC+ETH+SOL+XRP+DOGE+AVAX+LINK+BNB+ADA v19b norefine rpboost (9coins),orderbook_split_proxy,v19b_norefine_rpboost_9coins,1.0,3.0,capFixed,SOLUSDT,2024-09-20 16:00:00+00:00,2024-09-22 16:00:00+00:00,long,147.237,147.237,0.0,147.237,140.79885714285714,66.26611343771248,9756.823744228472,9756.823744228472,0.01,0.01,426.63070489962644,6.43814285714285,-0.4316338673530497,-184.14826108738345,time_exit_non_runner,time_exit_non_runner,12,7.75,B,2,rp_pass_rp2,C,1.0,1,1,0.4980037576326919,base,False,False,True,False,False,False,False,True,False,False,True,False,False,False,True,True,0.2471863276365166,146.051,150.849,engulf,10,1.3,0.45,legacy,1,True,True,False,True,4,"a_volume,a_pre_total_ge1,a_fvg,a_room",False,True,True,False,False,False,False,VOLUME,1,False,True,0.2471863276365166,0.40912419286839863,,False,False,False,False,42663.07048996264,A,direct_under_threshold,0.0,1,42121.564956300965,A,2024-09,2024-09-20 12:00:00,3.943129331429289,up,False,True,a_room+a_vol_expansion+a_volume||up||long,2,3
BTC+ETH+SOL+XRP+DOGE+AVAX+LINK+BNB+ADA v19b norefine rpboost (9coins),orderbook_split_proxy,v19b_norefine_rpboost_9coins,1.0,3.0,capFixed,BTCUSDT,2024-09-21 08:00:00+00:00,2024-09-23 00:00:00+00:00,long,63012.2,63012.2,0.0,63012.2,61827.108,0.7919955166174276,49905.37989220067,49905.37989220067,0.022,0.022,938.5875507791781,1185.091999999997,0.1967042757018019,184.62418435874645,win,stop,10,8.0,B,2,rp_pass_rp2,C,1.0,2,0,0.2811195024433533,base,False,False,True,False,False,False,True,True,True,False,False,False,False,True,False,True,1.0,62953.4,63012.2,engulf,10,1.3,0.45,legacy,1,True,False,False,False,3,"a_volume,a_wick_le_q1,a_pre_total_ge1,a_trend_align,a_room",False,True,True,False,False,False,False,VOLUME,1,False,True,1.0,1.4451198725499879,,False,False,False,False,42663.07048996264,A,direct_under_threshold,0.0,1,42306.18914065971,A,2024-09,2024-09-21 04:00:00,3.3884144695033696,up,True,False,a_fvg_absent+a_room+a_volume||up||long,1,3
BTC+ETH+SOL+XRP+DOGE+AVAX+LINK+BNB+ADA v19b norefine rpboost (9coins),orderbook_split_proxy,v19b_norefine_rpboost_9coins,1.0,3.0,capFixed,ETHUSDT,2024-09-22 20:00:00+00:00,2024-09-23 08:00:00+00:00,long,2524.56,2524.56,0.0,2524.56,2515.4030357142856,50.05414601708927,126364.6948689029,126364.6948689029,0.015,0.015,458.34402743041846,9.156964285714366,6.424223082158338,2944.504280587909,win,stop,3,8.5,B,1,tier_d_skip,D,1.0,0,0,0.39128834355828285,base,False,False,False,False,False,False,False,False,False,False,False,True,False,True,False,False,0.0,2519.79,2524.56,engulf,10,1.3,0.45,legacy,1,True,False,False,False,4,a_room,False,False,False,False,False,False,False,none,0,False,False,0.0,17.68490025156482,16.975058015951806,True,True,True,True,42121.564956300965,A,direct_under_threshold,0.0,1,45250.69342124762,A,2024-09,2024-09-22 16:00:00,1.0558888164752032,up,True,True,a_fvg_absent+a_ob+a_room+a_trend_counter||up||long,1,4
BTC+ETH+SOL+XRP+DOGE+AVAX+LINK+BNB+ADA v19b norefine rpboost (9coins),orderbook_split_proxy,v19b_norefine_rpboost_9coins,1.0,3.0,capFixed,ADAUSDT,2024-09-24 12:00:00+00:00,2024-09-26 12:00:00+00:00,long,0.3674,0.3674,0.0,0.3674,0.34433542857142857,15695.30777933916,5766.4560781292075,5766.4560781292075,0.008,0.008,362.00554736998095,0.023064571428571434,1.3422348809553308,485.8964727793158,time_exit_non_runner,time_exit_non_runner,12,10.75,S,4,rp_pass_rp4,B,1.0,1,0,0.09714285714285331,base,False,False,False,False,False,True,True,True,True,True,True,False,False,False,True,False,0.0,0.3641,0.3674,engulf,10,1.3,0.45,legacy,1,False,True,False,True,3,"a_score_ge13,a_wick_le_q1,a_pre_total_ge1,a_trend_align,a_mss,a_fvg",False,False,True,False,False,False,False,VOLUME,1,False,False,0.0,1.5911849961598494,,False,False,False,False,45250.69342124762,A,direct_under_threshold,0.0,1,45736.58989402693,A,2024-09,2024-09-24 08:00:00,0.418949079351481,range,False,False,a_mss+a_score_ge13+a_vol_expansion||range||long,1,3
BTC+ETH+SOL+XRP+DOGE+AVAX+LINK+BNB+ADA v19b norefine rpboost (9coins),orderbook_split_proxy,v19b_norefine_rpboost_9coins,1.0,3.0,capFixed,XRPUSDT,2024-09-28 04:00:00+00:00,2024-09-28 16:00:00+00:00,long,0.5881,0.5881,0.0,0.5881,0.5862354285714285,196234.2195882237,115405.34453983435,115405.34453983435,0.008,0.008,365.8927191522155,0.0018645714285714377,6.964677168250045,2548.324667108361,win,stop,3,8.0,B,2,rp_pass_rp2,C,1.0,1,0,0.3893129770992361,base,False,False,True,False,False,False,False,True,True,False,False,False,False,True,False,True,0.3076923076922814,0.5868,0.5881,engulf,10,1.3,0.45,legacy,1,True,False,True,False,3,"a_volume,a_pre_total_ge1,a_trend_align,a_room",False,True,True,False,False,False,False,VOLUME,1,False,True,0.3076923076922814,20.326386760649633,20.326386760649633,True,True,True,True,45736.58989402693,A,direct_under_threshold,0.0,1,48284.914561135294,A,2024-09,2024-09-28 00:00:00,1.9149218850958605,up,True,False,a_fvg_absent+a_room+a_volume||up||long,1,3
BTC+ETH+SOL+XRP+DOGE+AVAX+LINK+BNB+ADA v19b norefine rpboost (9coins),orderbook_split_proxy,v19b_norefine_rpboost_9coins,1.0,3.0,capFixed,BNBUSDT,2024-09-28 08:00:00+00:00,2024-09-29 04:00:00+00:00,long,599.84,599.84,0.0,599.84,593.2202285714286,82.90906788102879,49732.17527775631,49732.17527775631,0.012,0.012,548.8390787283232,6.6197714285714255,-1.0901134005490047,-598.2968344667154,loss,stop,5,9.5,B,2,tier_d_skip,D,1.0,0,0,0.2588747488278648,base,False,False,True,False,False,False,True,False,True,False,False,True,False,True,False,False,0.0,593.99,599.84,engulf,10,1.3,0.45,legacy,1,True,False,True,True,5,"a_volume,a_wick_le_q1,a_trend_align,a_room",False,True,True,False,False,False,False,VOLUME,1,False,False,0.0,0.5543998066398436,,False,False,False,False,45736.58989402693,A,direct_under_threshold,0.0,1,47686.61772666858,A,2024-09,2024-09-28 04:00:00,1.8867446255428089,up,True,False,a_fvg_absent+a_room+a_vol_expansion||up||long,3,3
BTC+ETH+SOL+XRP+DOGE+AVAX+LINK+BNB+ADA v19b norefine rpboost (9coins),orderbook_split_proxy,v19b_norefine_rpboost_9coins,1.0,3.0,capFixed,ADAUSDT,2024-09-27 16:00:00+00:00,2024-09-29 16:00:00+00:00,long,0.4007,0.4007,0.0,0.4007,0.3807754285714286,18363.89407239813,7358.412354809931,7358.412354809931,0.008,0.008,365.8927191522155,0.019924571428571403,0.12034888723184722,44.03478159620393,time_exit_non_runner,time_exit_non_runner,12,9.25,B,3,rp_pass_rp3,B,1.0,0,0,0.11855670103092891,base,False,False,True,False,False,False,True,False,True,False,True,False,False,False,True,False,0.0,0.3814,0.4007,engulf,10,1.3,0.45,legacy,1,True,True,False,True,3,"a_volume,a_wick_le_q1,a_trend_align,a_fvg,a_room",False,True,False,False,False,False,False,none,0,False,False,0.0,0.25596535505334406,,False,False,False,False,45736.58989402693,A,direct_under_threshold,0.0,1,47730.65250826478,A,2024-09,2024-09-27 12:00:00,1.3599950261610898,up,False,False,a_room+a_vol_expansion+a_volume||up||long,1,3
BTC+ETH+SOL+XRP+DOGE+AVAX+LINK+BNB+ADA v19b norefine rpboost (9coins),orderbook_split_proxy,v19b_norefine_rpboost_9coins,1.0,3.0,capFixed,DOGEUSDT,2024-09-29 16:00:00+00:00,2024-09-30 00:00:00+00:00,long,0.12678,0.12678,0.0,0.12678,0.12420108571428572,148064.33163805513,18771.59596507263,18771.59596507263,0.008,0.008,381.84522006611826,0.002578914285714287,-1.048660222463495,-400.4258934211578,loss,stop,2,7.75,B,3,rp_pass_rp3,C,1.0,1,1,0.2922077922077903,base,False,False,True,False,False,False,True,True,True,False,True,False,False,False,True,False,0.0,0.12454,0.12678,engulf,10,1.3,0.45,legacy,1,True,False,False,True,3,"a_volume,a_wick_le_q1,a_pre_total_ge1,a_trend_align,a_fvg,a_room",False,True,False,False,False,False,False,none,0,False,False,0.0,0.8259289623540329,,False,False,False,False,47730.65250826478,A,direct_under_threshold,0.0,1,47330.22661484362,A,2024-09,2024-09-29 12:00:00,1.238206321207005,up,False,False,a_room+a_vol_expansion+a_volume||up||long,1,3
BTC+ETH+SOL+XRP+DOGE+AVAX+LINK+BNB+ADA v19b norefine rpboost (9coins),orderbook_split_proxy,v19b_norefine_rpboost_9coins,1.0,3.0,capFixed,ADAUSDT,2024-10-02 00:00:00+00:00,2024-10-02 04:00:00+00:00,short,0.3564,0.3564,0.0,0.3564,0.35902321428571426,144342.69246732516,51443.73559535469,51443.73559535469,0.008,0.008,378.641812918749,0.0026232142857142704,-1.1363638529611988,-430.27486942056305,loss,stop,1,8.75,B,2,rp_pass_rp2,B,1.0,1,0,0.12093862815884346,base,False,True,True,False,False,False,True,True,False,False,True,False,False,False,True,True,0.07692307692308349,0.3532,0.3571,engulf,10,1.3,0.45,legacy,1,False,True,False,True,4,"a_sweep,a_volume,a_wick_le_q1,a_pre_total_ge1,a_fvg",True,True,True,True,False,False,False,SWEEP+VOLUME,2,False,True,0.07692307692308349,0.41933287950986925,,False,False,False,False,47330.22661484362,A,direct_under_threshold,0.0,1,46899.95174542305,A,2024-10,2024-10-01 20:00:00,-2.578659925435557,down,False,True,a_sweep+a_trend_counter+a_vol_expansion+a_volume||down||short,1,4
BTC+ETH+SOL+XRP+DOGE+AVAX+LINK+BNB+ADA v19b norefine rpboost (9coins),orderbook_split_proxy,v19b_norefine_rpboost_9coins,1.0,3.0,capFixed,ADAUSDT,2024-10-02 08:00:00+00:00,2024-10-02 12:00:00+00:00,long,0.3531,0.3531,0.0,0.3531,0.35035535714285715,136702.52688321003,48269.66224246146,48269.66224246146,0.008,0.008,375.19961396338437,0.002744642857142876,-1.1281506180871819,-423.28167639886414,loss,stop,1,10.5,B,1,tier_d_skip,D,1.0,0,0,0.2500000000000026,base,False,False,True,False,False,True,True,False,False,False,False,True,False,True,False,False,0.0,0.3518,0.3531,engulf,10,1.3,0.45,legacy,1,True,True,False,True,7,"a_volume,a_score_ge13,a_wick_le_q1,a_room",False,True,False,False,False,False,False,none,0,False,False,0.0,0.0,,False,False,False,False,46899.95174542305,A,direct_under_threshold,0.0,1,46476.670069024185,A,2024-10,2024-10-02 04:00:00,-2.814445547502657,down,True,True,a_fvg_absent+a_ob+a_room+a_score_ge13+a_vol_expansion||down||long,5,5
BTC+ETH+SOL+XRP+DOGE+AVAX+LINK+BNB+ADA v19b norefine rpboost (9coins),orderbook_split_proxy,v19b_norefine_rpboost_9coins,1.0,3.0,capFixed,AVAXUSDT,2024-10-01 20:00:00+00:00,2024-10-03 08:00:00+00:00,long,25.791,25.791,0.0,25.791,24.72949714285714,401.29146772165916,10349.70824400931,10349.70824400931,0.009,0.009,425.9720395335925,1.0615028571428589,-1.0237966844850697,-436.10876175783505,loss,stop,9,8.0,B,2,tier_d_skip,D,1.0,0,0,0.3100295778435052,base,False,False,True,False,False,False,True,False,True,False,False,False,False,True,False,False,0.0,25.769,25.791,engulf,10,1.3,0.45,legacy,1,True,True,False,True,4,"a_volume,a_wick_le_q1,a_trend_align,a_room",False,True,False,False,False,False,False,none,0,False,False,0.0,0.9185090680060042,,False,False,False,False,47330.22661484362,A,direct_under_threshold,0.0,1,46040.56130726635,A,2024-10,2024-10-01 16:00:00,-2.2171287091223792,down,True,False,a_fvg_absent+a_room+a_vol_expansion+a_volume||down||long,1,4
BTC+ETH+SOL+XRP+DOGE+AVAX+LINK+BNB+ADA v19b norefine rpboost (9coins),orderbook_split_proxy,v19b_norefine_rpboost_9coins,1.0,3.0,capFixed,LINKUSDT,2024-10-02 00:00:00+00:00,2024-10-04 00:00:00+00:00,short,11.097,11.097,0.0,11.097,12.195582857142858,344.6638644111946,3824.734903371026,3824.734903371026,0.008,0.008,378.64181291874894,1.0985828571428584,0.3150253963547833,119.2817871912226,time_exit_non_runner,time_exit_non_runner,12,8.25,B,2,rp_pass_rp2,B,1.0,0,0,0.11008039579468099,base,False,True,True,False,False,False,True,False,False,False,True,False,False,False,True,False,0.0,11.097,11.161,engulf,10,1.3,0.45,legacy,1,False,True,False,True,4,"a_sweep,a_volume,a_wick_le_q1,a_fvg",True,True,True,True,False,False,False,SWEEP+VOLUME,2,False,False,0.0,0.6963516634417308,,False,False,False,False,47330.22661484362,A,direct_under_threshold,0.0,1,46159.84309445757,A,2024-10,2024-10-01 20:00:00,-2.578659925435557,down,False,True,a_sweep+a_trend_counter+a_vol_expansion+a_volume||down||short,1,4
BTC+ETH+SOL+XRP+DOGE+AVAX+LINK+BNB+ADA v19b norefine rpboost (9coins),orderbook_split_proxy,v19b_norefine_rpboost_9coins,1.0,3.0,capFixed,ETHUSDT,2024-10-02 16:00:00+00:00,2024-10-04 16:00:00+00:00,short,2469.86,2469.86,0.0,2469.86,2542.0345142857145,9.659227470178495,23856.93955949506,23856.93955949506,0.015,0.015,697.1500510353627,72.1745142857144,0.9321286110293004,649.8335087505985,time_exit_non_runner,time_exit_non_runner,12,9.25,B,2,rp_pass_rp2,C,1.0,1,0,0.3865063223980914,base,False,True,True,False,False,False,False,True,False,False,True,False,False,False,True,True,0.20189701897018184,2469.86,2492.0,engulf,10,1.3,0.45,legacy,1,False,True,False,True,4,"a_sweep,a_volume,a_pre_total_ge1,a_fvg",True,True,False,True,False,False,False,SWEEP,1,False,True,0.20189701897018184,2.2413728945872426,,False,False,False,False,46476.670069024185,A,direct_under_threshold,0.0,1,46809.676603208165,A,2024-10,2024-10-02 12:00:00,-2.9831991098442674,down,False,True,a_sweep+a_trend_counter+a_vol_expansion+a_volume||down||short,1,4
BTC+ETH+SOL+XRP+DOGE+AVAX+LINK+BNB+ADA v19b norefine rpboost (9coins),orderbook_split_proxy,v19b_norefine_rpboost_9coins,1.0,3.0,capFixed,ADAUSDT,2024-10-03 08:00:00+00:00,2024-10-05 08:00:00+00:00,short,0.343,0.343,0.0,0.343,0.36866000000000004,14354.033143341021,4923.433368165971,4923.433368165971,0.008,0.008,368.3244904581308,0.025660000000000016,-0.40327357755260895,-148.5355349672922,time_exit_non_runner,time_exit_non_runner,12,11.5,A,2,rp_pass_rp2,A,1.0,4,0,0.25824175824175427,base,False,False,True,True,False,True,True,True,False,True,False,True,False,True,False,True,0.41666666666666125,0.343,0.349,engulf,10,1.3,0.45,legacy,1,False,True,False,True,7,"a_volume,a_pre_total_ge4,a_score_ge13,a_wick_le_q1,a_pre_total_ge1,a_mss",False,True,False,False,False,False,False,none,0,False,True,0.41666666666666125,0.39360872954014214,,False,False,False,False,46040.56130726635,A,direct_under_threshold,0.0,1,46661.141068240875,A,2024-10,2024-10-03 04:00:00,-3.680827467091241,down,True,True,a_fvg_absent+a_ob+a_score_ge13+a_volume||down||short,1,4
BTC+ETH+SOL+XRP+DOGE+AVAX+LINK+BNB+ADA v19b norefine rpboost (9coins),orderbook_split_proxy,v19b_norefine_rpboost_9coins,1.0,3.0,capFixed,LINKUSDT,2024-10-05 04:00:00+00:00,2024-10-05 08:00:00+00:00,short,11.2,11.2,0.0,11.2,11.292057142857143,4067.880027590998,45560.256309019176,45560.256309019176,0.008,0.008,374.47741282566534,0.0920571428571435,-1.1221635630043443,-420.2249078410974,loss,stop,1,10.25,A,2,tier_d_skip,D,1.0,0,0,0.23021582733813717,base,False,False,True,False,False,True,True,False,False,False,True,False,False,False,True,False,0.0,11.2,11.274,engulf,10,1.3,0.45,legacy,1,True,True,False,False,4,"a_volume,a_score_ge13,a_wick_le_q1,a_fvg,a_room",False,True,True,True,False,False,False,SWEEP+VOLUME,2,False,False,0.0,0.0,,False,False,False,False,46809.676603208165,A,direct_under_threshold,0.0,1,46240.91616039978,A,2024-10,2024-10-05 00:00:00,-0.9211382611348924,range,False,True,a_room+a_score_ge13+a_volume||range||short,1,3
BTC+ETH+SOL+XRP+DOGE+AVAX+LINK+BNB+ADA v19b norefine rpboost (9coins),orderbook_split_proxy,v19b_norefine_rpboost_9coins,1.0,3.0,capFixed,DOGEUSDT,2024-10-05 08:00:00+00:00,2024-10-05 16:00:00+00:00,short,0.10973,0.10973,0.0,0.10973,0.11039375,557329.309654532,61155.74514839179,61155.74514839179,0.008,0.008,369.92732928319816,0.0006637500000000046,0.48500673258003885,179.41724526770406,win,stop,2,7.5,B,1,rp_boost_rp1_x1.5,B,1.0,1,1,0.13346613545816305,base,False,False,False,False,False,False,True,True,False,False,False,True,False,True,False,True,0.33333333333333903,0.10973,0.11054,engulf,10,1.3,0.45,legacy,1,True,True,False,False,4,"a_wick_le_q1,a_pre_total_ge1,a_room",False,False,False,True,False,False,False,SWEEP,1,False,True,0.33333333333333903,2.8474576271186076,,False,False,False,False,46240.91616039978,A,direct_under_threshold,0.0,1,46420.33340566748,A,2024-10,2024-10-05 04:00:00,-0.5559135499747871,range,True,True,a_fvg_absent+a_ob+a_room+a_trend_counter||range||short,1,4
BTC+ETH+SOL+XRP+DOGE+AVAX+LINK+BNB+ADA v19b norefine rpboost (9coins),orderbook_split_proxy,v19b_norefine_rpboost_9coins,1.0,3.0,capFixed,BTCUSDT,2024-10-07 00:00:00+00:00,2024-10-07 04:00:00+00:00,short,63399.0,63399.0,0.0,63399.0,63589.197,2.1965803911260813,139261.00021700244,139261.00021700244,0.022,0.022,417.7830006510075,190.19700000000012,-1.3338333333333332,-557.2528923683354,loss,stop,1,8.5,B,1,tier_d_skip,D,1.0,0,0,0.5040683208930128,base,False,False,True,False,False,False,False,False,False,False,False,True,False,True,False,False,0.0,63399.0,63519.9,engulf,10,1.3,0.45,legacy,1,True,True,False,False,5,"a_volume,a_room",False,True,True,True,False,False,False,SWEEP+VOLUME,2,False,False,0.0,0.6172547411368285,,False,False,False,False,46420.33340566748,A,direct_under_threshold,0.0,1,45863.080513299145,A,2024-10,2024-10-06 20:00:00,0.9550521223996626,range,True,True,a_fvg_absent+a_ob+a_room+a_trend_counter||range||short,1,4
BTC+ETH+SOL+XRP+DOGE+AVAX+LINK+BNB+ADA v19b norefine rpboost (9coins),orderbook_split_proxy,v19b_norefine_rpboost_9coins,1.0,3.0,capFixed,BNBUSDT,2024-10-08 08:00:00+00:00,2024-10-08 12:00:00+00:00,short,564.34,564.34,0.0,564.34,578.0445142857143,40.158808600264535,22663.22204547329,22663.22204547329,0.012,0.012,550.3569661595898,13.704514285714254,-1.041679131798073,-573.2953666881428,loss,stop,1,10.5,B,1,rp_boost_rp1_x1.5,B,1.0,2,0,0.16966242875930673,base,False,False,False,False,False,True,True,True,False,False,False,True,False,True,False,True,0.6397058823529514,564.34,569.78,engulf,10,1.3,0.45,legacy,1,True,False,True,False,5,"a_score_ge13,a_wick_le_q1,a_pre_total_ge1,a_room",False,False,True,True,False,False,False,SWEEP+VOLUME,2,False,True,0.6397058823529514,0.0,,False,False,False,False,45863.080513299145,A,direct_under_threshold,0.0,1,45289.785146611,A,2024-10,2024-10-08 04:00:00,1.3706662627633834,up,True,True,a_fvg_absent+a_ob+a_room+a_trend_counter||up||short,2,4
BTC+ETH+SOL+XRP+DOGE+AVAX+LINK+BNB+ADA v19b norefine rpboost (9coins),orderbook_split_proxy,v19b_norefine_rpboost_9coins,1.0,3.0,capFixed,XRPUSDT,2024-10-07 00:00:00+00:00,2024-10-09 00:00:00+00:00,short,0.5441,0.5441,0.0,0.5441,0.6306468571428572,4290.885648595606,2334.6708814008693,2334.6708814008693,0.008,0.008,371.3626672453398,0.08654685714285715,0.12203158322164044,45.317974233360054,time_exit_non_runner,time_exit_non_runner,12,12.25,S,3,tier_d_skip,D,1.0,0,0,0.3016759776536373,base,False,False,True,False,False,True,True,False,True,True,True,False,False,False,True,False,0.0,0.5441,0.5643,engulf,10,1.3,0.45,legacy,1,True,False,True,False,4,"a_volume,a_score_ge13,a_wick_le_q1,a_trend_align,a_mss,a_fvg,a_room",False,True,True,True,False,False,False,SWEEP+VOLUME,2,False,False,0.0,0.27152921291191645,,False,False,False,False,46420.33340566748,A,direct_under_threshold,0.0,1,45335.10312084436,A,2024-10,2024-10-06 20:00:00,0.9550521223996626,range,False,False,a_room+a_score_ge13+a_volume||range||short,1,3
BTC+ETH+SOL+XRP+DOGE+AVAX+LINK+BNB+ADA v19b norefine rpboost (9coins),orderbook_split_proxy,v19b_norefine_rpboost_9coins,1.0,3.0,capFixed,BTCUSDT,2024-10-08 16:00:00+00:00,2024-10-09 16:00:00+00:00,short,62291.4,62291.4,0.0,62291.4,63031.578285714284,1.3461287536474076,83852.24464495212,83852.24464495212,0.022,0.022,996.3752732254419,740.1782857142825,0.5661677081660631,564.1155049153833,win,stop,6,10.5,B,1,rp_boost_rp1_x1.5,B,1.0,2,0,0.12557200538358398,base,False,False,True,False,False,True,True,True,False,False,False,True,False,True,False,True,0.4567860663818666,62291.4,62595.7,engulf,10,1.3,0.45,legacy,1,True,False,False,False,6,"a_volume,a_score_ge13,a_wick_le_q1,a_pre_total_ge1,a_room",False,True,True,False,False,False,False,VOLUME,1,False,True,0.4567860663818666,2.014649752337675,,False,False,False,False,45289.785146611,A,direct_under_threshold,0.0,1,45899.21862575974,A,2024-10,2024-10-08 12:00:00,1.0937079129855076,up,True,True,a_fvg_absent+a_ob+a_room+a_trend_counter||up||short,3,4
BTC+ETH+SOL+XRP+DOGE+AVAX+LINK+BNB+ADA v19b norefine rpboost (9coins),orderbook_split_proxy,v19b_norefine_rpboost_9coins,1.0,3.0,capFixed,SOLUSDT,2024-10-08 08:00:00+00:00,2024-10-10 08:00:00+00:00,short,143.909,143.909,0.0,143.909,146.9833942857143,149.17761435613423,21468.001304376918,21468.001304376918,0.01,0.01,458.6308051329914,3.0743942857143054,1.2408869469293757,569.1089795492392,time_exit_non_runner,time_exit_non_runner,12,9.5,B,1,rp_boost_rp1_x1.5,C,1.0,1,0,0.2745072614107959,base,False,False,True,False,False,False,True,True,False,False,False,True,False,True,False,True,0.6621438263229349,143.909,144.646,engulf,10,1.3,0.45,legacy,1,True,False,True,False,5,"a_volume,a_wick_le_q1,a_pre_total_ge1,a_room",False,True,True,True,False,False,False,SWEEP+VOLUME,2,False,True,0.6621438263229349,2.1389579178430345,,False,False,False,False,45863.080513299145,A,direct_under_threshold,0.0,1,46468.32760530898,A,2024-10,2024-10-08 04:00:00,1.3706662627633834,up,True,True,a_fvg_absent+a_ob+a_room+a_trend_counter||up||short,1,4
BTC+ETH+SOL+XRP+DOGE+AVAX+LINK+BNB+ADA v19b norefine rpboost (9coins),orderbook_split_proxy,v19b_norefine_rpboost_9coins,1.0,3.0,capFixed,AVAXUSDT,2024-10-08 16:00:00+00:00,2024-10-10 16:00:00+00:00,short,26.546,26.546,0.0,26.546,27.115057142857143,716.2867058885595,19014.546894517698,19014.546894517698,0.009,0.009,407.60806631949896,0.5690571428571438,1.6170859077672308,659.1372599375126,time_exit_non_runner,time_exit_non_runner,12,9.5,B,1,rp_boost_rp1_x1.5,B,1.0,3,0,0.19084507042253507,base,False,False,True,True,False,False,True,True,False,False,False,True,False,True,False,True,0.7315789473684263,26.51,26.7,engulf,10,1.3,0.45,legacy,1,True,False,False,False,5,"a_volume,a_pre_total_ge4,a_wick_le_q1,a_pre_total_ge1,a_room",False,True,True,False,False,False,False,VOLUME,1,False,True,0.7315789473684263,2.6289099764020616,,False,False,False,False,45289.785146611,A,direct_under_threshold,0.0,1,47127.46486524649,A,2024-10,2024-10-08 12:00:00,1.0937079129855076,up,True,True,a_fvg_absent+a_ob+a_room+a_trend_counter||up||short,1,4
BTC+ETH+SOL+XRP+DOGE+AVAX+LINK+BNB+ADA v19b norefine rpboost (9coins),orderbook_split_proxy,v19b_norefine_rpboost_9coins,1.0,3.0,capFixed,ETHUSDT,2024-10-14 00:00:00+00:00,2024-10-14 04:00:00+00:00,short,2519.78,2519.78,0.0,2519.78,2527.33934,56.1090232463705,141382.39459573946,141382.39459573946,0.015,0.015,424.14718378720676,7.559339999999793,-1.3338333333333428,-565.7416519748399,loss,stop,1,8.0,B,1,tier_d_skip,D,1.0,0,0,0.2878959276018076,base,False,False,False,False,False,False,True,False,False,False,False,True,False,True,False,False,0.0,2519.78,2522.42,engulf,10,1.3,0.45,legacy,1,True,False,False,False,4,"a_wick_le_q1,a_room",False,False,False,False,False,False,False,none,0,False,False,0.0,1.3890101516799467,,False,False,False,False,47127.46486524649,A,direct_under_threshold,0.0,1,46561.72321327165,A,2024-10,2024-10-13 20:00:00,1.403740955084512,up,True,True,a_fvg_absent+a_ob+a_room+a_trend_counter||up||short,1,4
BTC+ETH+SOL+XRP+DOGE+AVAX+LINK+BNB+ADA v19b norefine rpboost (9coins),orderbook_split_proxy,v19b_norefine_rpboost_9coins,1.0,3.0,capFixed,AVAXUSDT,2024-10-15 12:00:00+00:00,2024-10-15 20:00:00+00:00,long,27.936,27.936,0.0,27.936,27.774035714285713,2587.3328003846427,72279.72911154538,72279.72911154538,0.009,0.009,419.0555089194449,0.16196428571428712,1.6501691444321858,691.5124706231945,win,stop,2,8.0,B,2,rp_pass_rp2,B,1.0,0,0,0.186609686609689,base,False,False,True,False,False,False,True,False,True,False,False,False,False,True,False,False,0.0,27.93,27.936,engulf,10,1.3,0.45,legacy,1,True,False,True,False,3,"a_volume,a_wick_le_q1,a_trend_align,a_room",False,True,True,False,False,False,False,VOLUME,1,False,False,0.0,4.161411245865452,2.9636163175302968,False,False,False,False,46561.72321327165,A,direct_under_threshold,0.0,1,47253.23568389485,A,2024-10,2024-10-15 08:00:00,3.1940202160028965,up,True,False,a_fvg_absent+a_room+a_volume||up||long,1,3
BTC+ETH+SOL+XRP+DOGE+AVAX+LINK+BNB+ADA v19b norefine rpboost (9coins),orderbook_split_proxy,v19b_norefine_rpboost_9coins,1.0,3.0,capFixed,BTCUSDT,2024-10-15 16:00:00+00:00,2024-10-16 04:00:00+00:00,long,65962.2,65962.2,0.0,65962.2,65698.94464285714,2.1176548028994633,139685.16963981497,139685.16963981497,0.022,0.022,557.4839714425867,263.255357142858,2.4578981797277213,1370.238838636115,win,stop,3,8.25,B,3,rp_pass_rp3,B,1.0,1,1,0.20865671641789535,base,False,False,True,False,False,False,True,True,True,False,True,False,False,False,True,False,0.0,65809.6,65962.2,engulf,10,1.3,0.45,legacy,1,True,True,False,True,3,"a_volume,a_wick_le_q1,a_pre_total_ge1,a_trend_align,a_fvg,a_room",False,True,True,False,False,False,False,VOLUME,1,False,False,0.0,6.026088195193437,6.026088195193437,True,True,True,True,46561.72321327165,A,direct_under_threshold,0.0,1,48623.47452253096,A,2024-10,2024-10-15 12:00:00,3.4086820787934533,up,False,False,a_room+a_vol_expansion+a_volume||up||long,1,3
BTC+ETH+SOL+XRP+DOGE+AVAX+LINK+BNB+ADA v19b norefine rpboost (9coins),orderbook_split_proxy,v19b_norefine_rpboost_9coins,1.0,3.0,capFixed,XRPUSDT,2024-10-16 08:00:00+00:00,2024-10-17 04:00:00+00:00,short,0.5415,0.5415,0.0,0.5415,0.5562142857142857,26436.06381807515,14315.128557487693,14315.128557487693,0.008,0.008,388.9877961802477,0.01471428571428568,-1.0373009708737866,-403.4974186358255,loss,stop,5,9.5,B,1,rp_boost_rp1_x1.5,B,1.0,0,0,0.16107382550336752,base,False,False,False,False,False,False,True,False,False,False,False,True,False,True,False,False,0.0,0.5415,0.5427,engulf,10,1.3,0.45,legacy,1,True,True,False,False,4,"a_wick_le_q1,a_room",False,False,False,False,False,False,False,none,0,False,False,0.0,0.0,,False,False,False,False,48623.47452253096,A,direct_under_threshold,0.0,1,48219.97710389514,A,2024-10,2024-10-16 04:00:00,3.2728978924938876,up,True,True,a_fvg_absent+a_ob+a_room+a_trend_counter||up||short,1,4
BTC+ETH+SOL+XRP+DOGE+AVAX+LINK+BNB+ADA v19b norefine rpboost (9coins),orderbook_split_proxy,v19b_norefine_rpboost_9coins,1.0,3.0,capFixed,LINKUSDT,2024-10-16 04:00:00+00:00,2024-10-18 04:00:00+00:00,long,11.175,11.175,0.0,11.175,10.57698857142857,650.4688331951911,7268.989210956262,7268.989210956262,0.008,0.008,388.9877961802477,0.5980114285714304,0.39247076023391464,152.66633608857686,time_exit_non_runner,time_exit_non_runner,12,8.75,B,2,rp_pass_rp2,B,1.0,0,0,0.19521912350597403,base,False,False,True,False,False,False,True,False,False,False,True,False,False,False,True,False,0.0,11.056,11.175,engulf,10,1.3,0.45,legacy,1,True,False,False,True,4,"a_volume,a_wick_le_q1,a_fvg,a_room",False,True,True,False,False,False,False,VOLUME,1,False,False,0.0,0.6019951840385249,,False,False,False,False,48623.47452253096,A,direct_under_threshold,0.0,1,48372.643439983716,A,2024-10,2024-10-16 00:00:00,3.4407030795867115,up,False,True,a_room+a_vol_expansion+a_volume||up||long,2,3
BTC+ETH+SOL+XRP+DOGE+AVAX+LINK+BNB+ADA v19b norefine rpboost (9coins),orderbook_split_proxy,v19b_norefine_rpboost_9coins,1.0,3.0,capFixed,ETHUSDT,2024-10-16 00:00:00+00:00,2024-10-19 08:00:00+00:00,long,2590.8,2590.8,0.0,2590.8,2501.9452,7.977042717539426,20666.922272601147,20666.922272601147,0.015,0.015,708.7985352584227,88.85480000000007,0.4156154760350588,294.58764064438174,time_exit_non_runner,time_exit_non_runner,20,8.25,B,3,tier_d_skip,D,1.0,0,0,0.31627609466767603,expansion,True,False,True,False,False,False,True,False,True,False,True,False,False,False,True,True,0.2457722660654122,2581.93,2590.8,engulf,10,1.3,0.45,legacy,1,True,True,False,True,3,"a_volume,a_wick_le_q1,a_trend_align,a_fvg,a_room",False,True,True,False,False,False,False,VOLUME,1,False,True,0.2457722660654122,0.948963927666256,,False,False,False,False,47253.23568389485,A,direct_under_threshold,0.0,1,48667.231080628095,A,2024-10,2024-10-15 20:00:00,3.4522117777908425,up,False,False,a_room+a_vol_expansion+a_volume||up||long,1,3
BTC+ETH+SOL+XRP+DOGE+AVAX+LINK+BNB+ADA v19b norefine rpboost (9coins),orderbook_split_proxy,v19b_norefine_rpboost_9coins,1.0,3.0,capFixed,XRPUSDT,2024-10-21 12:00:00+00:00,2024-10-22 08:00:00+00:00,long,0.5484,0.5484,0.0,0.5484,0.5356497142857143,30535.617582969273,16745.732682500347,16745.732682500347,0.008,0.008,389.3378486450248,0.012750285714285714,-1.0425108008784119,-405.88891240320265,loss,stop,5,10.0,B,1,rp_boost_rp1_x1.5,S,1.0,4,0,0.15873015873015275,base,False,False,True,True,False,True,True,True,False,False,False,True,False,True,False,True,1.0,0.5478,0.5484,engulf,10,1.3,0.45,legacy,1,True,True,True,False,6,"a_volume,a_pre_total_ge4,a_score_ge13,a_wick_le_q1,a_pre_total_ge1,a_room",False,True,True,False,False,False,False,VOLUME,1,False,True,1.0,0.0941155380271574,,False,False,False,False,48667.231080628095,A,direct_under_threshold,0.0,1,48261.342168224895,A,2024-10,2024-10-21 08:00:00,0.6652291417747304,range,True,True,a_fvg_absent+a_ob+a_score_ge13+a_volume||range||long,2,4
BTC+ETH+SOL+XRP+DOGE+AVAX+LINK+BNB+ADA v19b norefine rpboost (9coins),orderbook_split_proxy,v19b_norefine_rpboost_9coins,1.0,3.0,capFixed,ETHUSDT,2024-10-22 00:00:00+00:00,2024-10-23 08:00:00+00:00,long,2639.98,2639.98,0.0,2639.98,2571.272,10.62479574735723,28049.248277108138,28049.248277108138,0.015,0.015,730.0084662094214,68.70800000000008,-1.0379231821621937,-757.6927102534248,loss,stop,8,10.0,A,2,tier_d_skip,D,1.0,0,0,0.41514134084263415,base,False,False,False,False,False,True,False,False,True,False,False,True,False,True,False,False,0.0,2630.34,2639.98,engulf,10,1.3,0.45,legacy,1,True,False,False,False,4,"a_score_ge13,a_trend_align,a_room",False,False,False,False,False,False,False,none,0,False,False,0.0,0.28541072364208103,,False,False,False,False,48667.231080628095,A,direct_under_threshold,0.0,1,47503.64945797147,A,2024-10,2024-10-21 20:00:00,0.3406698902149919,range,True,False,a_fvg_absent+a_room+a_score_ge13||range||long,1,3
BTC+ETH+SOL+XRP+DOGE+AVAX+LINK+BNB+ADA v19b norefine rpboost (9coins),orderbook_split_proxy,v19b_norefine_rpboost_9coins,1.0,3.0,capFixed,DOGEUSDT,2024-10-29 20:00:00+00:00,2024-10-30 04:00:00+00:00,long,0.16735,0.16735,0.0,0.16735,0.16575571428571428,238369.56717261663,39891.14706633739,39891.14706633739,0.008,0.008,380.02919566377176,0.0015942857142857148,2.7622529480286677,1049.736766059217,win,stop,2,9.5,B,2,rp_pass_rp2,B,1.0,1,0,0.15818516247700942,base,False,False,True,False,False,False,True,True,True,False,False,False,False,True,False,True,0.11538461538461077,0.16711,0.16919,engulf,10,1.3,0.45,legacy,1,True,True,False,True,4,"a_volume,a_wick_le_q1,a_pre_total_ge1,a_trend_align,a_room",False,True,True,False,False,False,False,VOLUME,1,False,True,0.11538461538461077,6.69265232974911,6.655017921146957,True,True,True,True,47503.64945797147,A,direct_under_threshold,0.0,1,48553.386224030684,A,2024-10,2024-10-29 16:00:00,2.874949893507551,up,True,False,a_fvg_absent+a_room+a_vol_expansion||up||long,3,3
BTC+ETH+SOL+XRP+DOGE+AVAX+LINK+BNB+ADA v19b norefine rpboost (9coins),orderbook_split_proxy,v19b_norefine_rpboost_9coins,1.0,3.0,capFixed,ETHUSDT,2024-10-30 20:00:00+00:00,2024-10-31 12:00:00+00:00,long,2637.12,2637.12,0.0,2637.12,2601.7749714285715,20.60546625075275,54339.087159185096,54339.087159185096,0.015,0.015,728.3007933604603,35.34502857142843,-1.0741107757324533,-782.2757301229651,loss,stop,4,9.25,B,3,rp_pass_rp3,B,1.0,0,0,0.2183976615164335,base,False,False,True,False,False,False,True,False,True,False,True,False,False,False,True,False,0.0,2605.67,2637.12,engulf,10,1.3,0.45,legacy,1,True,False,False,True,3,"a_volume,a_wick_le_q1,a_trend_align,a_fvg,a_room",False,True,True,False,False,False,False,VOLUME,1,False,False,0.0,0.9229020690725556,,False,False,False,False,48553.386224030684,A,direct_under_threshold,0.0,1,47771.11049390772,A,2024-10,2024-10-30 16:00:00,4.011935417275196,up,False,False,a_room+a_vol_expansion+a_volume||up||long,1,3
BTC+ETH+SOL+XRP+DOGE+AVAX+LINK+BNB+ADA v19b norefine rpboost (9coins),orderbook_split_proxy,v19b_norefine_rpboost_9coins,1.0,3.0,capFixed,DOGEUSDT,2024-10-31 12:00:00+00:00,2024-10-31 16:00:00+00:00,long,0.1651,0.1651,0.0,0.1651,0.16093514285714286,91760.3823715043,15149.639129535359,15149.639129535359,0.008,0.008,382.16888395126176,0.004164857142857137,-1.039141215613638,-397.1274386388215,loss,stop,1,8.75,B,3,tier_d_skip,D,1.0,0,0,0.2559726962457382,base,False,False,True,False,False,False,True,False,True,False,True,False,False,False,True,False,0.0,0.16141,0.1651,engulf,10,1.3,0.45,legacy,1,True,False,False,True,3,"a_volume,a_wick_le_q1,a_trend_align,a_fvg,a_room",False,True,False,False,False,False,False,none,0,False,False,0.0,0.44179186389518,,False,False,False,False,47771.11049390772,A,direct_under_threshold,0.0,1,47373.983055268895,A,2024-10,2024-10-31 08:00:00,3.2216684119817236,up,False,False,a_room+a_vol_expansion+a_volume||up||long,1,3
BTC+ETH+SOL+XRP+DOGE+AVAX+LINK+BNB+ADA v19b norefine rpboost (9coins),orderbook_split_proxy,v19b_norefine_rpboost_9coins,1.0,3.0,capFixed,LINKUSDT,2024-11-01 00:00:00+00:00,2024-11-01 16:00:00+00:00,long,11.332,11.332,0.0,11.332,11.102468571428572,1651.1545577916852,18710.883448895376,18710.883448895376,0.008,0.008,378.99186444215115,0.22953142857142872,0.20050485461063533,75.98970867858714,win,stop,4,7.5,B,2,rp_pass_rp2,C,1.0,1,1,0.258411843876176,base,False,False,True,False,False,False,True,True,True,False,False,True,False,True,False,False,0.0,11.127,11.332,engulf,10,1.3,0.45,legacy,1,True,True,False,True,5,"a_volume,a_wick_le_q1,a_pre_total_ge1,a_trend_align,a_room",False,True,False,True,False,False,False,SWEEP,1,False,False,0.0,1.6991137223660562,,False,False,False,False,47373.983055268895,A,direct_under_threshold,0.0,1,47449.97276394748,A,2024-11,2024-10-31 20:00:00,1.8586021066546066,up,True,False,a_fvg_absent+a_room+a_vol_expansion||up||long,3,3
BTC+ETH+SOL+XRP+DOGE+AVAX+LINK+BNB+ADA v19b norefine rpboost (9coins),orderbook_split_proxy,v19b_norefine_rpboost_9coins,1.0,3.0,capFixed,SOLUSDT,2024-11-05 04:00:00+00:00,2024-11-05 16:00:00+00:00,long,159.53,159.53,0.0,159.53,157.46366285714288,229.6332567411456,36633.39344791496,36633.39344791496,0.01,0.01,474.4997276394748,2.0663371428571224,1.9595867492236174,929.8233787925303,win,stop,3,8.5,B,1,rp_boost_rp1_x1.5,B,1.0,3,0,0.12977099236641512,base,False,True,True,True,False,False,True,True,False,False,False,False,False,True,False,True,0.21084337349397292,157.87,159.53,engulf,10,1.3,0.45,legacy,1,True,False,True,False,5,"a_sweep,a_volume,a_pre_total_ge4,a_wick_le_q1,a_pre_total_ge1,a_room",True,True,False,True,False,False,False,SWEEP,1,False,True,0.21084337349397292,4.6797784347182025,4.6797784347182025,False,False,False,False,47449.97276394748,A,direct_under_threshold,0.0,1,48379.79614274001,A,2024-11,2024-11-05 00:00:00,-1.255181653070867,down,True,True,a_fvg_absent+a_room+a_sweep+a_trend_counter+a_volume||down||long,1,5
BTC+ETH+SOL+XRP+DOGE+AVAX+LINK+BNB+ADA v19b norefine rpboost (9coins),orderbook_split_proxy,v19b_norefine_rpboost_9coins,1.0,3.0,capFixed,LINKUSDT,2024-11-06 00:00:00+00:00,2024-11-06 04:00:00+00:00,short,11.399,11.399,0.0,11.399,11.615194285714287,1790.2340381623785,20406.87780101295,20406.87780101295,0.008,0.008,387.03836914192004,0.21619428571428756,-1.0532257228947501,-407.6387661275039,loss,stop,1,10.25,S,3,rp_pass_rp3,B,1.0,0,0,0.17050691244239624,base,False,False,True,False,False,True,True,False,True,False,True,False,False,False,True,False,0.0,11.399,11.595,engulf,10,1.3,0.45,legacy,1,True,False,False,False,3,"a_volume,a_score_ge13,a_wick_le_q1,a_trend_align,a_fvg,a_room",False,True,True,True,False,False,False,SWEEP+VOLUME,2,False,False,0.0,0.0,,False,False,False,False,48379.79614274001,A,direct_under_threshold,0.0,1,47972.15737661251,A,2024-11,2024-11-05 20:00:00,-0.4172383181341434,range,False,False,a_room+a_score_ge13+a_volume||range||short,1,3
BTC+ETH+SOL+XRP+DOGE+AVAX+LINK+BNB+ADA v19b norefine rpboost (9coins),orderbook_split_proxy,v19b_norefine_rpboost_9coins,1.0,3.0,capFixed,SOLUSDT,2024-11-06 00:00:00+00:00,2024-11-06 04:00:00+00:00,short,179.4,179.4,0.0,179.4,180.40069642857142,483.46126518914934,86732.9509749334,86732.9509749334,0.01,0.01,483.7979614274001,1.0006964285714162,-1.1797751476650211,-570.7728113830472,loss,stop,1,9.0,B,1,rp_boost_rp1_x1.5,B,1.0,0,0,0.19943622269203595,base,False,False,True,False,False,False,True,False,False,False,False,True,False,True,False,False,0.0,179.4,180.13,engulf,10,1.3,0.45,legacy,1,True,False,True,False,5,"a_volume,a_wick_le_q1,a_room",False,True,False,True,False,False,False,SWEEP,1,False,False,0.0,0.0,,False,False,False,False,48379.79614274001,A,direct_under_threshold,0.0,1,47401.38456522946,A,2024-11,2024-11-05 20:00:00,-0.4172383181341434,range,True,True,a_fvg_absent+a_ob+a_room+a_trend_counter||range||short,1,4
BTC+ETH+SOL+XRP+DOGE+AVAX+LINK+BNB+ADA v19b norefine rpboost (9coins),orderbook_split_proxy,v19b_norefine_rpboost_9coins,1.0,3.0,capFixed,DOGEUSDT,2024-11-06 12:00:00+00:00,2024-11-06 16:00:00+00:00,long,0.19768,0.19768,0.0,0.19768,0.19200754285714286,66851.28983289815,13215.162974167306,13215.162974167306,0.008,0.008,379.21107652183565,0.005672457142857135,-1.0343490953781684,-392.2366339577421,loss,stop,1,9.25,B,3,tier_d_skip,D,1.0,0,0,0.24286840031520934,base,False,False,True,False,False,False,True,False,True,False,True,False,False,False,True,True,1.0,0.1945,0.19768,engulf,10,1.3,0.45,legacy,1,True,True,False,True,3,"a_volume,a_wick_le_q1,a_trend_align,a_fvg,a_room",False,True,False,False,False,False,False,none,0,False,True,1.0,0.0,,False,False,False,False,47401.38456522946,A,direct_under_threshold,0.0,1,47009.14793127172,A,2024-11,2024-11-06 08:00:00,1.3714907334490722,up,False,False,a_room+a_vol_expansion+a_volume||up||long,1,3
BTC+ETH+SOL+XRP+DOGE+AVAX+LINK+BNB+ADA v19b norefine rpboost (9coins),orderbook_split_proxy,v19b_norefine_rpboost_9coins,1.0,3.0,capFixed,XRPUSDT,2024-11-06 20:00:00+00:00,2024-11-07 04:00:00+00:00,long,0.5356,0.5356,0.0,0.5356,0.5238114285714285,31901.506109442613,17086.446672217462,17086.446672217462,0.008,0.008,376.07318345017376,0.011788571428571482,1.7806764057198239,669.6646445936674,win,stop,2,8.75,B,2,rp_pass_rp2,C,1.0,1,0,0.2679425837320633,base,False,False,True,False,False,False,True,True,False,False,True,False,False,False,True,True,0.5517241379310094,0.5327,0.5356,engulf,10,1.3,0.45,legacy,1,False,True,False,True,3,"a_volume,a_wick_le_q1,a_pre_total_ge1,a_fvg",False,True,True,False,False,False,False,VOLUME,1,False,True,0.5517241379310094,3.647600581677156,2.324285021812882,False,False,False,False,47009.14793127172,A,direct_under_threshold,0.0,1,47678.812575865384,A,2024-11,2024-11-06 16:00:00,2.8296617761384546,up,False,True,a_trend_counter+a_vol_expansion+a_volume||up||long,1,3
BTC+ETH+SOL+XRP+DOGE+AVAX+LINK+BNB+ADA v19b norefine rpboost (9coins),orderbook_split_proxy,v19b_norefine_rpboost_9coins,1.0,3.0,capFixed,BNBUSDT,2024-11-07 04:00:00+00:00,2024-11-07 12:00:00+00:00,short,604.22,604.22,0.0,604.22,606.8937500000001,213.98625559995358,129294.77535860396,129294.77535860396,0.012,0.012,572.1457509103847,2.673750000000041,2.050465645495206,1173.1652064578013,win,stop,2,9.5,B,1,rp_boost_rp1_x1.5,B,1.0,0,0,0.17260692464359453,base,False,False,True,False,False,False,True,False,False,False,False,True,False,True,False,False,0.0,604.22,606.71,engulf,10,1.3,0.45,legacy,1,True,True,False,True,6,"a_volume,a_wick_le_q1,a_room",False,True,True,True,False,False,False,SWEEP+VOLUME,2,False,False,0.0,6.373071528751685,6.373071528751685,True,True,True,True,47678.812575865384,A,direct_under_threshold,0.0,1,48851.977782323185,A,2024-11,2024-11-07 00:00:00,4.114817211525851,up,True,True,a_fvg_absent+a_ob+a_room+a_trend_counter||up||short,1,4
BTC+ETH+SOL+XRP+DOGE+AVAX+LINK+BNB+ADA v19b norefine rpboost (9coins),orderbook_split_proxy,v19b_norefine_rpboost_9coins,1.0,3.0,capFixed,BNBUSDT,2024-11-07 16:00:00+00:00,2024-11-08 00:00:00+00:00,long,596.53,596.53,0.0,596.53,593.6678571428571,204.81987190991305,122181.19819042043,122181.19819042043,0.012,0.012,586.2237333878783,2.862142857142885,0.4412542363364133,258.6737057983494,win,stop,2,8.25,B,2,tier_d_skip,D,1.0,0,0,0.4367167919799475,base,False,False,True,False,False,False,False,False,False,False,True,False,False,False,True,False,0.0,596.4,596.53,engulf,10,1.3,0.45,legacy,1,False,True,False,True,3,"a_volume,a_fvg",False,True,True,False,False,False,False,VOLUME,1,False,False,0.0,3.5008734714249656,,False,False,False,False,48851.977782323185,A,direct_under_threshold,0.0,1,49110.65148812153,A,2024-11,2024-11-07 12:00:00,5.794920481732909,up,False,True,a_trend_counter+a_vol_expansion+a_volume||up||long,1,3
BTC+ETH+SOL+XRP+DOGE+AVAX+LINK+BNB+ADA v19b norefine rpboost (9coins),orderbook_split_proxy,v19b_norefine_rpboost_9coins,1.0,3.0,capFixed,AVAXUSDT,2024-11-07 16:00:00+00:00,2024-11-08 08:00:00+00:00,short,27.589,27.589,0.0,27.589,28.198177142857144,721.7404743368917,19912.097946480502,19912.097946480502,0.009,0.009,439.6678000409086,0.6091771428571455,-1.0457889612216946,-459.79973188740956,loss,stop,4,10.25,A,2,rp_pass_rp2,B,1.0,0,0,0.1353517364203008,base,False,False,True,False,False,True,True,False,False,False,True,False,False,False,True,True,0.18738404452690605,27.589,28.128,engulf,10,1.3,0.45,legacy,1,True,True,False,True,5,"a_volume,a_score_ge13,a_wick_le_q1,a_fvg,a_room",False,True,False,False,False,False,False,none,0,False,True,0.18738404452690605,0.7994390559630727,,False,False,False,False,48851.977782323185,A,direct_under_threshold,0.0,1,48650.85175623412,A,2024-11,2024-11-07 12:00:00,5.794920481732909,up,False,True,a_room+a_score_ge13+a_trend_counter||up||short,2,3
BTC+ETH+SOL+XRP+DOGE+AVAX+LINK+BNB+ADA v19b norefine rpboost (9coins),orderbook_split_proxy,v19b_norefine_rpboost_9coins,1.0,3.0,capFixed,XRPUSDT,2024-11-08 00:00:00+00:00,2024-11-08 12:00:00+00:00,short,0.5604,0.5604,0.0,0.5604,0.5650297142857142,84861.65401551576,47556.47091029503,47556.47091029503,0.008,0.008,392.88521190497227,0.004629714285714237,1.8372536534189148,721.8297909466748,win,stop,3,8.0,B,2,rp_pass_rp2,B,1.0,0,0,0.07407407407406628,base,False,True,True,False,False,False,True,False,False,False,True,False,False,False,True,False,0.0,0.5604,0.564,engulf,10,1.3,0.45,legacy,1,True,True,False,True,5,"a_sweep,a_volume,a_wick_le_q1,a_fvg,a_room",True,True,False,True,False,False,False,SWEEP,1,False,False,0.0,3.1103431251543086,2.3759565539373266,True,False,False,False,49110.65148812153,A,direct_under_threshold,0.0,1,49372.6815471808,A,2024-11,2024-11-07 20:00:00,5.769730076621378,up,False,True,a_room+a_sweep+a_trend_counter+a_vol_expansion+a_volume||up||short,1,5
BTC+ETH+SOL+XRP+DOGE+AVAX+LINK+BNB+ADA v19b norefine rpboost (9coins),orderbook_split_proxy,v19b_norefine_rpboost_9coins,1.0,3.0,capFixed,ETHUSDT,2024-11-06 20:00:00+00:00,2024-11-08 20:00:00+00:00,long,2677.0,2677.0,0.0,2677.0,2547.2368,5.434030749619896,14546.90031673246,14546.90031673246,0.015,0.015,705.1372189690758,129.76319999999987,1.836919087692043,1295.280016966379,time_exit_non_runner,time_exit_non_runner,12,9.75,B,2,rp_pass_rp2,B,1.0,0,0,0.17079957949415317,base,False,False,True,False,False,False,True,False,False,False,True,False,False,False,True,False,0.0,2676.83,2677.0,engulf,10,1.3,0.45,legacy,1,False,True,False,True,3,"a_volume,a_wick_le_q1,a_fvg",False,True,True,False,False,False,False,VOLUME,1,False,False,0.0,2.3562150131932653,,False,False,False,False,47009.14793127172,A,direct_under_threshold,0.0,1,50667.96156414718,A,2024-11,2024-11-06 16:00:00,2.8296617761384546,up,False,True,a_trend_counter+a_vol_expansion+a_volume||up||long,1,3
BTC+ETH+SOL+XRP+DOGE+AVAX+LINK+BNB+ADA v19b norefine rpboost (9coins),orderbook_split_proxy,v19b_norefine_rpboost_9coins,1.0,3.0,capFixed,AVAXUSDT,2024-11-08 16:00:00+00:00,2024-11-09 04:00:00+00:00,long,27.952,27.952,0.0,27.952,27.493914285714286,970.0239934735799,27114.11066557351,27114.11066557351,0.009,0.009,444.35413392462715,0.45808571428571554,1.9858394031060889,882.4159480806046,win,stop,3,8.75,B,2,rp_pass_rp2,C,1.0,2,0,0.27222501255650206,base,False,False,True,False,False,False,True,True,False,False,True,False,False,False,True,True,0.1499085923217562,27.528,28.075,engulf,10,1.3,0.45,legacy,1,False,False,False,True,3,"a_volume,a_wick_le_q1,a_pre_total_ge1,a_fvg",False,True,False,False,False,False,False,none,0,False,True,0.1499085923217562,3.7809517869394256,3.7809517869394256,False,False,False,False,49372.6815471808,A,direct_under_threshold,0.0,1,51550.37751222779,A,2024-11,2024-11-08 12:00:00,4.862469529454151,up,False,True,a_trend_counter+a_vol_expansion+a_volume||up||long,1,3
BTC+ETH+SOL+XRP+DOGE+AVAX+LINK+BNB+ADA v19b norefine rpboost (9coins),orderbook_split_proxy,v19b_norefine_rpboost_9coins,1.0,3.0,capFixed,XRPUSDT,2024-11-08 16:00:00+00:00,2024-11-10 16:00:00+00:00,long,0.5486,0.5486,0.0,0.5486,0.5282822857142857,19440.250356073004,10664.921345341649,10664.921345341649,0.008,0.008,394.98145237744643,0.020317714285714272,2.075364367476657,819.7304320783305,win,stop,12,8.75,B,2,rp_pass_rp2,A,1.0,2,2,0.5326086956521675,base,False,False,True,False,True,False,False,True,False,False,True,False,False,False,True,False,0.0,0.5427,0.5486,engulf,10,1.3,0.45,legacy,1,True,False,False,True,4,"a_volume,a_sweep_count_2_4,a_pre_total_ge1,a_fvg,a_room",False,True,False,False,False,False,False,none,0,False,False,0.0,3.4797221284733957,3.371442231972103,False,False,False,False,49372.6815471808,A,direct_under_threshold,0.0,1,52370.10794430612,A,2024-11,2024-11-08 12:00:00,4.862469529454151,up,False,True,a_room+a_vol_expansion+a_volume||up||long,2,3
BTC+ETH+SOL+XRP+DOGE+AVAX+LINK+BNB+ADA v19b norefine rpboost (9coins),orderbook_split_proxy,v19b_norefine_rpboost_9coins,1.0,3.0,capFixed,ADAUSDT,2024-11-08 20:00:00+00:00,2024-11-10 16:00:00+00:00,long,0.4381,0.4381,0.0,0.4381,0.42427714285714285,29324.161302110828,12846.915066454754,12846.915066454754,0.008,0.008,405.3436925131775,0.013822857142857137,6.338166308391901,2569.1357352061877,win,stop,11,10.25,S,3,tier_d_skip,D,1.0,0,0,0.320939334637964,base,False,False,True,False,False,True,True,False,True,False,True,False,False,False,True,False,0.0,0.4344,0.4381,engulf,10,1.3,0.45,legacy,1,True,True,False,True,4,"a_volume,a_score_ge13,a_wick_le_q1,a_trend_align,a_fvg,a_room",False,True,True,False,False,False,False,VOLUME,1,False,False,0.0,16.053121124431595,16.053121124431595,True,True,True,True,50667.96156414718,A,direct_under_threshold,0.0,1,54939.24367951231,A,2024-11,2024-11-08 16:00:00,4.718604815036849,up,False,False,a_room+a_score_ge13+a_vol_expansion+a_volume||up||long,3,4
BTC+ETH+SOL+XRP+DOGE+AVAX+LINK+BNB+ADA v19b norefine rpboost (9coins),orderbook_split_proxy,v19b_norefine_rpboost_9coins,1.0,3.0,capFixed,LINKUSDT,2024-11-10 20:00:00+00:00,2024-11-11 04:00:00+00:00,long,13.763,13.763,0.0,13.763,13.610285714285714,2878.0146361578036,39610.115437439854,39610.115437439854,0.008,0.008,439.51394943609847,0.15271428571428558,2.5529331898971046,1122.0497489381737,win,stop,2,9.25,B,3,tier_d_skip,D,1.0,0,0,0.44654683065279105,base,False,False,True,False,False,False,False,False,True,False,True,False,False,False,True,False,0.0,13.644,13.763,engulf,10,1.3,0.45,legacy,1,True,True,False,True,3,"a_volume,a_trend_align,a_fvg,a_room",False,True,True,False,False,False,False,VOLUME,1,False,False,0.0,5.258185219831629,4.446211412535085,True,True,True,True,54939.24367951231,A,direct_under_threshold,0.0,1,56061.29342845048,A,2024-11,2024-11-10 16:00:00,2.234320931749523,up,False,False,a_room+a_vol_expansion+a_volume||up||long,1,3
BTC+ETH+SOL+XRP+DOGE+AVAX+LINK+BNB+ADA v19b norefine rpboost (9coins),orderbook_split_proxy,v19b_norefine_rpboost_9coins,1.0,3.0,capFixed,ETHUSDT,2024-11-11 04:00:00+00:00,2024-11-11 20:00:00+00:00,long,3128.53,3128.53,0.0,3128.53,3090.2148,21.947409942444697,68663.13042723651,68663.13042723651,0.015,0.015,840.9194014267572,38.315200000000004,2.6417249315452564,2221.477748169178,win,stop,4,8.75,B,3,tier_d_skip,D,1.0,0,0,0.2611114096845276,base,False,False,True,False,False,False,True,False,True,False,True,False,False,False,True,True,0.2376820576386761,3096.26,3128.53,engulf,10,1.3,0.45,legacy,1,True,True,False,True,3,"a_volume,a_wick_le_q1,a_trend_align,a_fvg,a_room",False,True,True,False,False,False,False,VOLUME,1,False,True,0.2376820576386761,6.877949221196802,6.877949221196802,True,True,True,True,56061.29342845048,A,direct_under_threshold,0.0,1,58282.77117661966,A,2024-11,2024-11-11 00:00:00,2.6015295699690135,up,False,False,a_room+a_vol_expansion+a_volume||up||long,1,3
BTC+ETH+SOL+XRP+DOGE+AVAX+LINK+BNB+ADA v19b norefine rpboost (9coins),orderbook_split_proxy,v19b_norefine_rpboost_9coins,1.0,3.0,capFixed,LINKUSDT,2024-11-12 08:00:00+00:00,2024-11-13 00:00:00+00:00,long,13.957,13.957,0.0,13.957,13.490079999999999,998.591127844075,13937.336371319756,13937.336371319756,0.008,0.008,466.2621694129573,0.4669200000000018,-1.0293916302578598,-479.96637469957057,loss,stop,4,8.75,B,3,tier_d_skip,D,1.0,0,0,0.5142165759225642,base,False,False,True,False,False,False,False,False,True,False,True,False,False,False,True,False,0.0,13.695,13.957,engulf,10,1.3,0.45,legacy,1,True,False,False,True,3,"a_volume,a_trend_align,a_fvg,a_room",False,True,True,False,False,False,False,VOLUME,1,False,False,0.0,0.8459693309346313,,False,False,False,False,58282.77117661966,A,direct_under_threshold,0.0,1,57802.80480192009,A,2024-11,2024-11-12 04:00:00,6.209607986758757,up,False,False,a_room+a_vol_expansion+a_volume||up||long,1,3
BTC+ETH+SOL+XRP+DOGE+AVAX+LINK+BNB+ADA v19b norefine rpboost (9coins),orderbook_split_proxy,v19b_norefine_rpboost_9coins,1.0,3.0,capFixed,AVAXUSDT,2024-11-12 08:00:00+00:00,2024-11-13 04:00:00+00:00,long,34.395,34.395,0.0,34.395,32.08106285714286,226.68936457880318,7796.980694687936,7796.980694687936,0.009,0.009,524.5449405895769,2.3139371428571422,-1.014364275853894,-532.07964881397,loss,stop,5,9.5,B,2,rp_pass_rp2,C,1.0,1,1,0.4714568701602737,base,False,False,True,False,False,False,False,True,True,False,False,True,False,True,False,True,0.2716441620333644,33.572,34.831,engulf,10,1.3,0.45,legacy,1,True,True,False,True,5,"a_volume,a_pre_total_ge1,a_trend_align,a_room",False,True,True,False,False,False,False,VOLUME,1,False,True,0.2716441620333644,0.36517845897777157,,False,False,False,False,58282.77117661966,A,direct_under_threshold,0.0,1,57270.72515310612,A,2024-11,2024-11-12 04:00:00,6.209607986758757,up,True,False,a_fvg_absent+a_room+a_vol_expansion||up||long,3,3
BTC+ETH+SOL+XRP+DOGE+AVAX+LINK+BNB+ADA v19b norefine rpboost (9coins),orderbook_split_proxy,v19b_norefine_rpboost_9coins,1.0,3.0,capFixed,ETHUSDT,2024-11-12 20:00:00+00:00,2024-11-13 04:00:00+00:00,long,3240.06,3240.06,0.0,3240.06,3183.5446857142856,15.469109190998187,50120.84192538559,50120.84192538559,0.015,0.015,874.2415676492949,56.51531428571434,-1.0568306552560216,-923.9252887908558,loss,stop,2,8.75,B,3,rp_pass_rp3,A,1.0,5,5,0.45800337960968984,base,False,False,True,True,True,False,False,True,True,False,True,False,False,False,True,False,0.0,3192.27,3240.06,engulf,10,1.3,0.45,legacy,1,True,False,False,True,3,"a_volume,a_pre_total_ge4,a_sweep_count_2_4,a_pre_total_ge1,a_trend_align,a_fvg,a_room",False,True,True,False,False,False,False,VOLUME,1,False,False,0.0,0.8611825062840115,,False,False,False,False,58282.77117661966,A,direct_under_threshold,0.0,1,56346.79986431526,A,2024-11,2024-11-12 16:00:00,7.242324392521233,up,False,False,a_room+a_vol_expansion+a_volume||up||long,1,3
BTC+ETH+SOL+XRP+DOGE+AVAX+LINK+BNB+ADA v19b norefine rpboost (9coins),orderbook_split_proxy,v19b_norefine_rpboost_9coins,1.0,3.0,capFixed,SOLUSDT,2024-11-12 08:00:00+00:00,2024-11-14 08:00:00+00:00,long,210.13,210.13,0.0,210.13,194.40422857142858,37.06194728910304,7787.826983859221,7787.826983859221,0.01,0.01,582.8277117661966,15.72577142857142,0.3686219799346655,214.84310507204592,time_exit_non_runner,time_exit_non_runner,12,14.0,A,2,rp_pass_rp2,A,1.0,0,0,0.41413311421528276,base,False,False,True,False,False,True,False,False,True,True,False,True,False,True,False,False,0.0,208.08,210.13,engulf,10,1.3,0.45,legacy,1,True,True,False,True,7,"a_volume,a_score_ge13,a_trend_align,a_mss,a_room",False,True,True,False,False,False,False,VOLUME,1,False,False,0.0,0.8209454180762427,,False,False,False,False,58282.77117661966,A,direct_under_threshold,0.0,1,56561.64296938731,A,2024-11,2024-11-12 04:00:00,6.209607986758757,up,True,False,a_fvg_absent+a_mss+a_ob+a_room+a_score_ge13+a_vol_expansion+a_volume||up||long,7,7
BTC+ETH+SOL+XRP+DOGE+AVAX+LINK+BNB+ADA v19b norefine rpboost (9coins),orderbook_split_proxy,v19b_norefine_rpboost_9coins,1.0,3.0,capFixed,ADAUSDT,2024-11-13 20:00:00+00:00,2024-11-14 08:00:00+00:00,long,0.5586,0.5586,0.0,0.5586,0.5486446428571429,45279.580877512664,25293.173878178575,25293.173878178575,0.008,0.008,450.77439891452207,0.009955357142857113,0.8734245067264579,393.717407016832,win,stop,3,9.75,B,3,rp_pass_rp3,C,1.0,1,0,0.25997045790251205,expansion,True,False,True,False,False,False,True,True,True,False,True,False,False,False,True,True,0.7680412371134,0.5437,0.5631,engulf,10,1.3,0.45,legacy,1,True,False,False,True,3,"a_volume,a_wick_le_q1,a_pre_total_ge1,a_trend_align,a_fvg,a_room",False,True,False,False,False,False,False,none,0,False,True,0.7680412371134,3.937578475336336,,True,True,True,False,56346.79986431526,A,direct_under_threshold,0.0,1,56955.36037640414,A,2024-11,2024-11-13 16:00:00,6.698366180389866,up,False,False,a_room+a_vol_expansion+a_volume||up||long,1,3
BTC+ETH+SOL+XRP+DOGE+AVAX+LINK+BNB+ADA v19b norefine rpboost (9coins),orderbook_split_proxy,v19b_norefine_rpboost_9coins,1.0,3.0,capFixed,ETHUSDT,2024-11-14 04:00:00+00:00,2024-11-14 08:00:00+00:00,long,3196.16,3196.16,0.0,3196.16,3168.415,30.463218524589376,97365.32051955158,97365.32051955158,0.015,0.015,845.2019979647289,27.74499999999989,-1.1146976932780686,-942.1447174852981,loss,stop,1,8.0,B,2,tier_d_skip,D,1.0,0,0,0.30826793210439746,expansion,True,False,True,False,False,False,True,False,True,False,False,False,False,True,False,True,0.9195305951383026,3185.19,3197.12,engulf,10,1.3,0.45,legacy,1,True,False,False,True,4,"a_volume,a_wick_le_q1,a_trend_align,a_room",False,True,False,True,False,False,False,SWEEP,1,False,True,0.9195305951383026,1.3267255361326398,,False,False,False,False,56346.79986431526,A,direct_under_threshold,0.0,1,56013.215658918845,A,2024-11,2024-11-14 00:00:00,6.014294416285613,up,True,False,a_fvg_absent+a_room+a_vol_expansion||up||long,3,3
BTC+ETH+SOL+XRP+DOGE+AVAX+LINK+BNB+ADA v19b norefine rpboost (9coins),orderbook_split_proxy,v19b_norefine_rpboost_9coins,1.0,3.0,capFixed,LINKUSDT,2024-11-14 00:00:00+00:00,2024-11-14 12:00:00+00:00,long,13.494,13.494,0.0,13.494,12.909125714285715,770.7201529026157,10400.097743267896,10400.097743267896,0.008,0.008,450.77439891452207,0.5848742857142852,-1.0225716246714802,-460.9491094583327,loss,stop,3,8.75,B,3,rp_pass_rp3,C,1.0,2,0,0.2338282078472959,base,False,False,True,False,False,False,True,True,True,False,True,False,False,False,True,True,0.24383561643835716,13.204,13.569,engulf,10,1.3,0.45,legacy,1,True,True,False,True,3,"a_volume,a_wick_le_q1,a_pre_total_ge1,a_trend_align,a_fvg,a_room",False,True,False,True,False,False,False,SWEEP,1,False,True,0.24383561643835716,0.5881605815169066,,False,False,False,False,56346.79986431526,A,direct_under_threshold,0.0,1,55552.26654946051,A,2024-11,2024-11-13 20:00:00,6.262267643973223,up,False,False,a_room+a_vol_expansion+a_volume||up||long,1,3
BTC+ETH+SOL+XRP+DOGE+AVAX+LINK+BNB+ADA v19b norefine rpboost (9coins),orderbook_split_proxy,v19b_norefine_rpboost_9coins,1.0,3.0,capFixed,AVAXUSDT,2024-11-14 08:00:00+00:00,2024-11-14 20:00:00+00:00,long,32.421,32.421,0.0,32.421,31.245594285714287,428.8893058824541,13905.020186015045,13905.020186015045,0.009,0.009,504.11894093026956,1.1754057142857128,-1.0270828163892345,-517.7719016458194,loss,stop,3,8.25,B,3,tier_d_skip,D,1.0,0,0,0.36765957446808434,expansion,True,False,True,False,False,False,False,False,True,False,True,False,False,False,True,True,1.0,32.419,32.421,engulf,10,1.3,0.45,legacy,1,True,False,False,True,3,"a_volume,a_trend_align,a_fvg,a_room",False,True,True,False,False,False,False,VOLUME,1,False,True,1.0,0.38965269135034136,,False,False,False,False,56013.215658918845,A,direct_under_threshold,0.0,1,55034.49464781469,A,2024-11,2024-11-14 04:00:00,5.908446753305871,up,False,False,a_room+a_vol_expansion+a_volume||up||long,1,3
BTC+ETH+SOL+XRP+DOGE+AVAX+LINK+BNB+ADA v19b norefine rpboost (9coins),orderbook_split_proxy,v19b_norefine_rpboost_9coins,1.0,3.0,capFixed,BNBUSDT,2024-11-13 04:00:00+00:00,2024-11-15 04:00:00+00:00,long,603.33,603.33,0.0,603.33,569.726,20.121461682293248,12139.881476777986,12139.881476777986,0.012,0.012,676.1615983717832,33.60400000000004,0.5069737456850355,342.79617821492354,time_exit_non_runner,time_exit_non_runner,12,9.25,B,3,tier_d_skip,D,1.0,0,0,0.3459883573778781,base,False,False,True,False,False,False,True,False,True,False,True,False,False,False,True,False,0.0,594.95,603.33,engulf,10,1.3,0.45,legacy,1,True,False,False,True,3,"a_volume,a_wick_le_q1,a_trend_align,a_fvg,a_room",False,True,False,False,False,False,False,none,0,False,False,0.0,1.7250922509225044,,False,False,False,False,56346.79986431526,A,direct_under_threshold,0.0,1,55377.29082602961,A,2024-11,2024-11-13 00:00:00,7.671610622984993,up,False,False,a_room+a_vol_expansion+a_volume||up||long,1,3
BTC+ETH+SOL+XRP+DOGE+AVAX+LINK+BNB+ADA v19b norefine rpboost (9coins),orderbook_split_proxy,v19b_norefine_rpboost_9coins,1.0,3.0,capFixed,XRPUSDT,2024-11-12 12:00:00+00:00,2026-05-30 20:00:00+00:00,long,0.6216,0.6216,0.0,0.6216,0.6081914285714286,34773.441145223725,21615.17101587107,21615.17101587107,0.008,0.008,466.26216941295723,0.013408571428571436,32.84273963882377,15313.327033462894,close_at_end,close_at_end,3386,8.75,B,3,rp_pass_rp3,C,1.0,1,0,0.26778242677824304,expansion,True,False,True,False,False,False,True,True,True,False,True,False,False,False,True,True,0.1891891891891904,0.6179,0.6327,engulf,10,1.3,0.45,legacy,1,True,True,False,True,3,"a_volume,a_wick_le_q1,a_pre_total_ge1,a_trend_align,a_fvg,a_room",False,True,True,False,False,False,False,VOLUME,1,False,True,0.1891891891891904,226.94438525463445,,True,True,True,True,58282.77117661966,A,direct_under_threshold,0.0,1,70690.6178594925,A,2026-05,2024-11-12 08:00:00,6.589752706599457,up,False,False,a_room+a_vol_expansion+a_volume||up||long,1,3
BTC+ETH+SOL+XRP+DOGE+AVAX+LINK+BNB+ADA v19b norefine rpboost (9coins),orderbook_split_proxy,v19b_norefine_rpboost_9coins,1.0,3.0,capFixed,BNBUSDT,2024-11-17 00:00:00+00:00,2024-11-17 08:00:00+00:00,long,606.77,606.77,0.0,606.77,603.6025,267.80975984653674,162498.92798208309,162498.92798208309,0.012,0.012,848.28741431391,3.167500000000018,3.717605156161899,3153.5976653606367,win,stop,2,8.0,B,2,tier_d_skip,D,1.0,0,0,0.3763000315159193,base,False,False,True,False,False,False,False,False,True,False,False,True,False,True,False,False,0.0,604.97,606.77,engulf,10,1.3,0.45,legacy,1,True,False,True,False,4,"a_volume,a_trend_align,a_room",False,True,False,False,False,False,False,none,0,False,False,0.0,13.111286503551613,12.602999210733968,True,True,True,True,70690.6178594925,A,direct_under_threshold,0.0,1,73844.21552485313,A,2024-11,2024-11-16 20:00:00,1.3094994714538077,up,True,False,a_fvg_absent+a_room+a_volume||up||long,1,3
BTC+ETH+SOL+XRP+DOGE+AVAX+LINK+BNB+ADA v19b norefine rpboost (9coins),orderbook_split_proxy,v19b_norefine_rpboost_9coins,1.0,3.0,capFixed,BNBUSDT,2024-11-20 12:00:00+00:00,2024-11-20 20:00:00+00:00,short,618.99,618.99,0.0,618.99,621.2721428571429,357.8937407301562,221532.6465745594,221532.6465745594,0.012,0.012,816.7646440234589,2.282142857142844,2.539030093896735,2073.7900108064164,win,stop,2,8.5,B,1,rp_boost_rp1_x1.5,B,1.0,0,0,0.22342621259029558,base,False,False,False,False,False,False,True,False,False,False,False,True,False,True,False,False,0.0,618.99,620.25,engulf,10,1.3,0.45,legacy,1,True,False,True,False,4,"a_wick_le_q1,a_room",False,False,False,False,False,False,False,none,0,False,False,0.0,8.211580594679237,7.203755868544666,True,True,True,True,73844.21552485313,A,direct_under_threshold,0.0,1,75918.00553565955,A,2024-11,2024-11-20 08:00:00,1.0907859977527283,up,True,True,a_fvg_absent+a_ob+a_room+a_trend_counter||up||short,1,4
BTC+ETH+SOL+XRP+DOGE+AVAX+LINK+BNB+ADA v19b norefine rpboost (9coins),orderbook_split_proxy,v19b_norefine_rpboost_9coins,1.0,3.0,capFixed,LINKUSDT,2024-11-19 00:00:00+00:00,2024-11-21 00:00:00+00:00,long,15.172,15.172,0.0,15.172,13.681697142857143,396.39843765138573,6014.157096046824,6014.157096046824,0.008,0.008,590.7537241988251,1.4903028571428578,-0.6935922420370929,-409.7422000588255,time_exit_non_runner,time_exit_non_runner,12,11.0,A,2,rp_pass_rp2,B,1.0,2,0,0.13431151241535033,base,False,False,True,False,False,True,True,True,True,False,False,True,False,True,False,True,1.0,14.948,15.172,engulf,10,1.3,0.45,legacy,1,False,False,False,True,5,"a_volume,a_score_ge13,a_wick_le_q1,a_pre_total_ge1,a_trend_align",False,True,True,False,False,False,False,VOLUME,1,False,True,1.0,0.11138675552044931,,False,False,False,False,73844.21552485313,A,direct_under_threshold,0.0,1,75508.26333560073,A,2024-11,2024-11-18 20:00:00,0.5554228541346192,range,True,False,a_fvg_absent+a_ob+a_score_ge13+a_volume||range||long,1,4
BTC+ETH+SOL+XRP+DOGE+AVAX+LINK+BNB+ADA v19b norefine rpboost (9coins),orderbook_split_proxy,v19b_norefine_rpboost_9coins,1.0,3.0,capFixed,BNBUSDT,2024-11-21 00:00:00+00:00,2024-11-21 16:00:00+00:00,long,597.77,597.77,0.0,597.77,595.4176785714286,378.94974656942,226524.79000680216,226524.79000680216,0.012,0.012,891.4116092069373,2.352321428571372,4.451476435891683,3968.0977730649674,win,stop,4,8.0,B,1,tier_d_skip,D,1.0,0,0,0.47290993900250955,base,False,False,True,False,False,False,False,False,False,False,False,False,False,True,False,False,0.0,597.32,597.77,engulf,10,1.3,0.45,legacy,1,True,True,True,False,4,"a_volume,a_room",False,True,False,False,False,False,False,none,0,False,False,0.0,13.701358840051958,13.701358840051958,True,True,True,True,75508.26333560073,A,direct_under_threshold,0.0,1,79476.36110866569,A,2024-11,2024-11-20 20:00:00,1.628354971394285,up,True,True,a_fvg_absent+a_room+a_volume||up||long,1,3
BTC+ETH+SOL+XRP+DOGE+AVAX+LINK+BNB+ADA v19b norefine rpboost (9coins),orderbook_split_proxy,v19b_norefine_rpboost_9coins,1.0,3.0,capFixed,BTCUSDT,2024-11-18 16:00:00+00:00,2024-11-22 00:00:00+00:00,long,91500.0,91500.0,0.0,91500.0,88622.3,0.5645386042835495,51655.28229194478,51655.28229194478,0.022,0.022,1624.5727415467688,2877.699999999997,2.214428676547243,3597.5004660181376,time_exit_non_runner,time_exit_non_runner,20,11.0,B,1,rp_boost_rp1_x1.5,B,1.0,3,0,0.19144584128151207,expansion,True,False,True,True,False,True,True,True,True,False,False,True,False,True,False,True,0.4220422728520459,90338.7,91795.9,engulf,10,1.3,0.45,legacy,1,True,False,True,False,5,"a_volume,a_pre_total_ge4,a_score_ge13,a_wick_le_q1,a_pre_total_ge1,a_trend_align,a_room",False,True,True,True,False,False,False,SWEEP+VOLUME,2,False,True,0.4220422728520459,2.7501129374152997,,False,False,False,False,73844.21552485313,A,direct_under_threshold,0.0,1,83073.86157468383,A,2024-11,2024-11-18 12:00:00,0.5452695086478833,range,True,False,a_fvg_absent+a_ob+a_score_ge13+a_volume||range||long,2,4
BTC+ETH+SOL+XRP+DOGE+AVAX+LINK+BNB+ADA v19b norefine rpboost (9coins),orderbook_split_proxy,v19b_norefine_rpboost_9coins,1.0,3.0,capFixed,LINKUSDT,2024-11-24 04:00:00+00:00,2024-11-24 08:00:00+00:00,long,17.564,17.564,0.0,17.564,17.12672,1519.8291543118112,26694.27926633265,26694.27926633265,0.008,0.008,664.5908925974707,0.4372800000000012,-1.0396664837175262,-690.9528764175045,loss,stop,1,10.25,S,3,rp_pass_rp3,C,1.0,3,0,0.3352769679300281,base,False,False,True,True,False,True,True,True,True,False,True,False,False,False,True,True,0.5740318906605897,17.186,17.625,engulf,10,1.3,0.45,legacy,1,False,True,False,True,3,"a_volume,a_pre_total_ge4,a_score_ge13,a_wick_le_q1,a_pre_total_ge1,a_trend_align,a_fvg",False,True,True,False,False,False,False,VOLUME,1,False,True,0.5740318906605897,0.7295096963044232,,False,False,False,False,83073.86157468383,A,direct_under_threshold,0.0,1,82382.90869826633,A,2024-11,2024-11-24 00:00:00,2.2601582474326483,up,False,False,a_score_ge13+a_vol_expansion+a_volume||up||long,1,3
BTC+ETH+SOL+XRP+DOGE+AVAX+LINK+BNB+ADA v19b norefine rpboost (9coins),orderbook_split_proxy,v19b_norefine_rpboost_9coins,1.0,3.0,capFixed,AVAXUSDT,2024-11-24 12:00:00+00:00,2024-11-24 16:00:00+00:00,long,38.803,38.803,0.0,38.803,37.348194285714285,509.6530560772756,19776.067534966525,19776.067534966525,0.009,0.009,741.4461782843969,1.4548057142857118,0.22320270993475805,165.49279626384714,win,stop,1,8.75,B,3,tier_d_skip,D,1.0,0,0,0.46182408911580486,base,False,False,True,False,False,False,False,False,True,False,True,False,False,False,True,False,0.0,37.515,38.803,engulf,10,1.3,0.45,legacy,1,True,False,False,True,3,"a_volume,a_trend_align,a_fvg,a_room",False,True,True,False,False,False,False,VOLUME,1,False,False,0.0,1.0867430506184468,,False,False,False,False,82382.90869826633,A,direct_under_threshold,0.0,1,82548.40149453018,A,2024-11,2024-11-24 08:00:00,1.6175656500072193,up,False,False,a_room+a_vol_expansion+a_volume||up||long,1,3
BTC+ETH+SOL+XRP+DOGE+AVAX+LINK+BNB+ADA v19b norefine rpboost (9coins),orderbook_split_proxy,v19b_norefine_rpboost_9coins,1.0,3.0,capFixed,LINKUSDT,2024-11-25 12:00:00+00:00,2024-11-25 20:00:00+00:00,long,17.701,17.701,0.0,17.701,16.807354285714286,738.9810093635205,13080.702846743676,13080.702846743676,0.008,0.008,660.3872119562415,0.8936457142857144,0.2300673740951991,151.93355174082214,win,stop,2,12.25,S,4,rp_pass_rp4,S,1.0,4,0,0.11560693641618433,base,False,False,True,True,False,True,True,True,True,True,True,False,False,False,True,True,0.32680722891566005,17.366,18.03,engulf,10,1.3,0.45,legacy,1,True,False,False,True,5,"a_volume,a_pre_total_ge4,a_score_ge13,a_wick_le_q1,a_pre_total_ge1,a_trend_align,a_mss,a_fvg,a_room",False,True,True,False,False,False,False,VOLUME,1,False,True,0.32680722891566005,1.2018185538532344,,False,False,False,False,82548.40149453018,A,direct_under_threshold,0.0,1,82700.335046271,A,2024-11,2024-11-25 08:00:00,0.022620489273837033,range,False,False,a_mss+a_score_ge13+a_vol_expansion||range||long,1,3
BTC+ETH+SOL+XRP+DOGE+AVAX+LINK+BNB+ADA v19b norefine rpboost (9coins),orderbook_split_proxy,v19b_norefine_rpboost_9coins,1.0,3.0,capFixed,SOLUSDT,2024-11-29 00:00:00+00:00,2024-11-29 12:00:00+00:00,short,240.68,240.68,0.0,240.68,245.94645714285716,157.03219983179156,37794.50985551559,37794.50985551559,0.01,0.01,827.0033504627098,5.266457142857149,-1.0462005522823692,-865.2113619934568,loss,stop,3,9.5,B,1,tier_d_skip,D,1.0,0,0,0.3016949152542379,base,False,False,True,False,False,False,True,False,False,False,False,True,False,True,False,False,0.0,240.68,243.73,engulf,10,1.3,0.45,legacy,1,True,False,True,False,5,"a_volume,a_wick_le_q1,a_room",False,True,False,True,False,False,False,SWEEP,1,False,False,0.0,0.5848333930102119,,False,False,False,False,82700.335046271,A,direct_under_threshold,0.0,1,81835.12368427754,A,2024-11,2024-11-28 20:00:00,0.05635763998956743,range,True,True,a_fvg_absent+a_ob+a_room+a_trend_counter||range||short,1,4
BTC+ETH+SOL+XRP+DOGE+AVAX+LINK+BNB+ADA v19b norefine rpboost (9coins),orderbook_split_proxy,v19b_norefine_rpboost_9coins,1.0,3.0,capFixed,SOLUSDT,2024-12-05 12:00:00+00:00,2024-12-06 00:00:00+00:00,short,243.46,243.46,0.0,243.46,249.07422857142856,145.76379041770005,35487.65241509325,35487.65241509325,0.01,0.01,818.3512368427754,5.614228571428555,1.7767989490987206,1454.0456176158816,win,stop,3,12.25,S,3,tier_d_skip,D,1.0,0,0,0.41510257529463207,base,False,False,True,False,False,True,False,False,False,True,True,False,False,False,True,False,0.0,243.46,248.41,engulf,10,1.3,0.45,legacy,1,True,True,False,True,6,"a_volume,a_score_ge13,a_mss,a_fvg,a_room",False,True,True,False,False,False,False,VOLUME,1,False,False,0.0,3.4661930401327354,1.574570733544367,False,False,False,False,81835.12368427754,A,direct_under_threshold,0.0,1,83289.16930189342,A,2024-12,2024-12-05 08:00:00,1.45466289647106,up,False,True,a_mss+a_room+a_volume||up||short,3,3
BTC+ETH+SOL+XRP+DOGE+AVAX+LINK+BNB+ADA v19b norefine rpboost (9coins),orderbook_split_proxy,v19b_norefine_rpboost_9coins,1.0,3.0,capFixed,DOGEUSDT,2024-12-05 20:00:00+00:00,2024-12-06 00:00:00+00:00,long,0.42497,0.42497,0.0,0.42497,0.4201296428571429,135254.68682415856,57479.18425966267,57479.18425966267,0.008,0.008,654.6809894742204,0.004840357142857132,1.0116527595366336,662.3098296177689,win,stop,1,8.0,B,2,tier_d_skip,D,1.0,0,0,0.23005532750312346,base,False,False,True,False,False,False,True,False,True,False,False,False,False,True,False,False,0.0,0.42477,0.42497,engulf,10,1.3,0.45,legacy,1,True,False,False,False,3,"a_volume,a_wick_le_q1,a_trend_align,a_room",False,True,False,False,False,False,False,none,0,False,False,0.0,3.2125728620969616,,False,False,False,False,81835.12368427754,A,direct_under_threshold,0.0,1,83951.47913151118,A,2024-12,2024-12-05 16:00:00,2.1164628994042114,up,True,False,a_fvg_absent+a_room+a_volume||up||long,1,3
BTC+ETH+SOL+XRP+DOGE+AVAX+LINK+BNB+ADA v19b norefine rpboost (9coins),orderbook_split_proxy,v19b_norefine_rpboost_9coins,1.0,3.0,capFixed,ADAUSDT,2024-12-06 20:00:00+00:00,2024-12-07 00:00:00+00:00,long,1.2197,1.2197,0.0,1.2197,1.202909142857143,39998.66280428692,48786.36902238875,48786.36902238875,0.008,0.008,671.6118330520895,0.016790857142856996,-1.0721407228423638,-720.0623961579522,loss,stop,1,8.5,B,2,tier_d_skip,D,1.0,0,0,0.2423366107576636,expansion,True,False,True,False,False,False,True,False,True,False,False,True,False,True,False,False,0.0,1.2072,1.2197,engulf,10,1.3,0.45,legacy,1,True,False,True,False,4,"a_volume,a_wick_le_q1,a_trend_align,a_room",False,True,False,False,False,False,False,none,0,False,False,0.0,1.1196569561666267,,False,False,False,False,83951.47913151118,A,direct_under_threshold,0.0,1,83231.41673535322,A,2024-12,2024-12-06 16:00:00,2.1642991914703593,up,True,False,a_fvg_absent+a_room+a_volume||up||long,1,3
BTC+ETH+SOL+XRP+DOGE+AVAX+LINK+BNB+ADA v19b norefine rpboost (9coins),orderbook_split_proxy,v19b_norefine_rpboost_9coins,1.0,3.0,capFixed,ETHUSDT,2024-12-05 16:00:00+00:00,2024-12-07 16:00:00+00:00,long,3840.74,3840.74,0.0,3840.74,3494.9217142857146,3.549629692740843,13633.204746097465,13633.204746097465,0.015,0.015,1227.526855264163,345.81828571428514,0.4938775855858253,606.2479995196256,time_exit_non_runner,time_exit_non_runner,12,12.5,A,2,rp_pass_rp2,B,1.0,0,0,0.15468920392584237,base,False,False,True,False,False,True,True,False,True,True,False,False,False,True,False,True,1.0,3836.78,3840.74,engulf,10,1.3,0.45,legacy,1,False,True,False,True,5,"a_volume,a_score_ge13,a_wick_le_q1,a_trend_align,a_mss",False,True,False,False,False,False,False,none,0,False,True,1.0,0.7289666579640521,,False,False,False,False,81835.12368427754,A,direct_under_threshold,0.0,1,83837.66473487284,A,2024-12,2024-12-05 12:00:00,1.852502205747633,up,True,False,a_fvg_absent+a_mss+a_score_ge13+a_vol_expansion+a_volume||up||long,2,5
BTC+ETH+SOL+XRP+DOGE+AVAX+LINK+BNB+ADA v19b norefine rpboost (9coins),orderbook_split_proxy,v19b_norefine_rpboost_9coins,1.0,3.0,capFixed,SOLUSDT,2024-12-06 08:00:00+00:00,2024-12-08 08:00:00+00:00,long,233.33,233.33,0.0,233.33,225.32217142857144,104.83675865770245,24461.560897601714,24461.560897601714,0.01,0.01,839.5147913151118,8.007828571428576,0.2207372633565725,185.31219758226183,win,stop,12,7.75,B,2,rp_pass_rp2,C,1.0,2,1,0.37120470127326266,base,False,False,True,False,False,False,False,True,False,False,True,False,False,False,True,True,0.029250457038395804,228.65,234.12,engulf,10,1.3,0.45,legacy,1,True,False,False,True,4,"a_volume,a_pre_total_ge1,a_fvg,a_room",False,True,True,False,False,False,False,VOLUME,1,False,True,0.029250457038395804,1.3187095485132367,,False,False,False,False,83951.47913151118,A,direct_under_threshold,0.0,1,84022.9769324551,A,2024-12,2024-12-06 04:00:00,2.4296786810393782,up,False,True,a_room+a_vol_expansion+a_volume||up||long,2,3
BTC+ETH+SOL+XRP+DOGE+AVAX+LINK+BNB+ADA v19b norefine rpboost (9coins),orderbook_split_proxy,v19b_norefine_rpboost_9coins,1.0,3.0,capFixed,XRPUSDT,2024-12-08 00:00:00+00:00,2024-12-08 08:00:00+00:00,long,2.5708,2.5708,0.0,2.5708,2.5185977142857143,12848.121661757737,33029.95116804679,33029.95116804679,0.008,0.008,670.7013178789828,0.05220228571428587,-1.0487468857411826,-703.3959183880901,loss,stop,2,8.0,B,2,rp_pass_rp2,B,1.0,0,0,0.1672712615880697,base,False,False,True,False,False,False,True,False,True,False,False,True,False,True,False,False,0.0,2.5268,2.5708,engulf,10,1.3,0.45,legacy,1,True,True,True,False,4,"a_volume,a_wick_le_q1,a_trend_align,a_room",False,True,False,False,False,False,False,none,0,False,False,0.0,0.4808218578277832,,False,False,False,False,83837.66473487284,A,direct_under_threshold,0.0,1,83319.58101406701,A,2024-12,2024-12-07 20:00:00,1.2967173489785795,up,True,False,a_fvg_absent+a_room+a_volume||up||long,1,3
BTC+ETH+SOL+XRP+DOGE+AVAX+LINK+BNB+ADA v19b norefine rpboost (9coins),orderbook_split_proxy,v19b_norefine_rpboost_9coins,1.0,3.0,capFixed,BTCUSDT,2024-12-05 20:00:00+00:00,2024-12-09 04:00:00+00:00,long,97189.3,97189.3,0.0,97189.3,93433.56971428571,0.4793668831604337,46589.33181754434,46589.33181754434,0.022,0.022,1800.3727210541058,3755.730285714293,0.6777585328126403,1220.2179739375317,time_exit_non_runner,time_exit_non_runner,20,9.75,B,2,rp_pass_rp2,B,1.0,0,0,0.19887416880665473,expansion,True,False,True,False,False,False,True,False,True,False,True,False,False,False,True,False,0.0,96634.6,97189.3,engulf,10,1.3,0.45,legacy,1,True,False,False,True,3,"a_volume,a_wick_le_q1,a_trend_align,a_fvg,a_room",False,True,True,False,False,False,False,VOLUME,1,False,False,0.0,1.2779139168368676,,False,False,False,False,81835.12368427754,A,direct_under_threshold,0.0,1,84539.79898800454,A,2024-12,2024-12-05 16:00:00,2.1164628994042114,up,False,False,a_room+a_vol_expansion+a_volume||up||long,1,3
BTC+ETH+SOL+XRP+DOGE+AVAX+LINK+BNB+ADA v19b norefine rpboost (9coins),orderbook_split_proxy,v19b_norefine_rpboost_9coins,1.0,3.0,capFixed,BTCUSDT,2024-12-11 04:00:00+00:00,2024-12-11 08:00:00+00:00,long,97349.1,97349.1,0.0,97349.1,96826.54642857144,2.60525672003145,253619.39696401363,253619.39696401363,0.022,0.022,1361.3862035407037,522.5535714285652,0.46338003366025127,630.839184821293,win,stop,1,9.0,B,1,rp_boost_rp1_x1.5,B,1.0,0,0,0.20172198935085336,base,False,False,True,False,False,False,True,False,False,False,False,False,False,True,False,True,0.718848403058933,97126.8,97349.1,engulf,10,1.3,0.45,legacy,1,True,False,False,True,5,"a_volume,a_wick_le_q1,a_room",False,True,True,False,False,False,False,VOLUME,1,False,True,0.718848403058933,2.2022622424221754,,False,False,False,False,84539.79898800454,A,direct_under_threshold,0.0,1,85170.63817282583,A,2024-12,2024-12-11 00:00:00,-1.8078360611088786,down,True,True,a_fvg_absent+a_room+a_vol_expansion+a_volume||down||long,1,4
BTC+ETH+SOL+XRP+DOGE+AVAX+LINK+BNB+ADA v19b norefine rpboost (9coins),orderbook_split_proxy,v19b_norefine_rpboost_9coins,1.0,3.0,capFixed,BNBUSDT,2024-12-11 00:00:00+00:00,2024-12-13 00:00:00+00:00,long,671.23,671.23,0.0,671.23,641.1958285714286,33.777445476354465,22672.43472709341,22672.43472709341,0.012,0.012,1014.4775878560545,30.034171428571426,1.191695013822351,1208.947883082586,time_exit_non_runner,time_exit_non_runner,12,12.25,S,3,rp_pass_rp3,B,1.0,3,0,0.10280551592962493,base,False,False,True,True,False,True,True,True,False,True,True,False,False,False,True,True,0.37090107467622074,651.95,688.24,engulf,10,1.3,0.45,legacy,1,True,True,False,False,5,"a_volume,a_pre_total_ge4,a_score_ge13,a_wick_le_q1,a_pre_total_ge1,a_mss,a_fvg,a_room",False,True,True,False,False,False,False,VOLUME,1,False,True,0.37090107467622074,1.8285838226172841,,False,False,False,False,84539.79898800454,A,direct_under_threshold,0.0,1,86379.58605590841,A,2024-12,2024-12-10 20:00:00,-1.7449672039140096,down,False,True,a_room+a_score_ge13+a_trend_counter||down||long,1,3
BTC+ETH+SOL+XRP+DOGE+AVAX+LINK+BNB+ADA v19b norefine rpboost (9coins),orderbook_split_proxy,v19b_norefine_rpboost_9coins,1.0,3.0,capFixed,ETHUSDT,2024-12-12 00:00:00+00:00,2024-12-14 00:00:00+00:00,short,3891.99,3891.99,0.0,3891.99,4001.2122285714286,11.696882487220936,45524.14967143901,45524.14967143901,0.015,0.015,1277.5595725923874,109.22222857142879,-0.19648720119243457,-251.02410477528113,time_exit_non_runner,time_exit_non_runner,12,13.25,S,3,rp_pass_rp3,A,1.0,0,0,0.3886652639282787,base,False,False,True,False,False,True,False,False,False,True,True,False,False,False,True,False,0.0,3891.99,3992.24,engulf,10,1.3,0.45,legacy,1,True,False,False,True,6,"a_volume,a_score_ge13,a_mss,a_fvg,a_room",False,True,True,True,False,False,False,SWEEP+VOLUME,2,False,False,0.0,0.521780234164785,,False,False,False,False,85170.63817282583,A,direct_under_threshold,0.0,1,86128.56195113313,A,2024-12,2024-12-11 20:00:00,-0.6639001545662496,range,False,True,a_room+a_score_ge13+a_vol_expansion+a_volume||range||short,2,4
BTC+ETH+SOL+XRP+DOGE+AVAX+LINK+BNB+ADA v19b norefine rpboost (9coins),orderbook_split_proxy,v19b_norefine_rpboost_9coins,1.0,3.0,capFixed,DOGEUSDT,2024-12-12 04:00:00+00:00,2024-12-14 04:00:00+00:00,short,0.42296,0.42296,0.0,0.42296,0.43972074285714285,40652.44071758026,17194.35632590775,17194.35632590775,0.008,0.008,681.3651053826067,0.016760742857142852,0.8377883174288211,570.8397251932054,time_exit_non_runner,time_exit_non_runner,12,8.5,B,1,tier_d_skip,D,1.0,0,0,0.33212996389891825,base,False,False,False,False,False,False,True,False,False,False,False,True,False,True,False,False,0.0,0.42296,0.42632,engulf,10,1.3,0.45,legacy,1,True,False,False,True,5,"a_wick_le_q1,a_room",False,False,False,True,False,False,False,SWEEP,1,False,False,0.0,1.4354972333309488,,False,False,False,False,85170.63817282583,A,direct_under_threshold,0.0,1,86699.40167632634,A,2024-12,2024-12-12 00:00:00,-0.3888855508154737,range,True,True,a_fvg_absent+a_ob+a_room+a_trend_counter||range||short,1,4
BTC+ETH+SOL+XRP+DOGE+AVAX+LINK+BNB+ADA v19b norefine rpboost (9coins),orderbook_split_proxy,v19b_norefine_rpboost_9coins,1.0,3.0,capFixed,ADAUSDT,2024-12-16 00:00:00+00:00,2024-12-16 08:00:00+00:00,long,1.0872,1.0872,0.0,1.0872,1.0613251428571429,26805.760108402446,29143.22238985514,29143.22238985514,0.008,0.008,693.5952134106107,0.02587485714285709,-1.0415176232857049,-722.3916381937604,loss,stop,2,9.0,B,1,tier_d_skip,D,1.0,0,0,0.38789237668160864,base,False,False,True,False,False,False,False,False,False,False,False,False,False,True,False,False,0.0,1.0862,1.0872,engulf,10,1.3,0.45,legacy,1,True,False,True,False,4,"a_volume,a_room",False,True,True,True,False,False,False,SWEEP+VOLUME,2,False,False,0.0,0.42898787570946384,,False,False,False,False,86699.40167632634,A,direct_under_threshold,0.0,1,85977.01003813258,A,2024-12,2024-12-15 20:00:00,1.2942372492364917,up,True,True,a_fvg_absent+a_room+a_volume||up||long,1,3
BTC+ETH+SOL+XRP+DOGE+AVAX+LINK+BNB+ADA v19b norefine rpboost (9coins),orderbook_split_proxy,v19b_norefine_rpboost_9coins,1.0,3.0,capFixed,ETHUSDT,2024-12-16 12:00:00+00:00,2024-12-16 20:00:00+00:00,long,3896.09,3896.09,0.0,3896.09,3870.066514285714,49.55735617938437,193079.91983693765,193079.91983693765,0.015,0.015,1289.6551505719885,26.023485714285925,2.803146621293715,3615.0924779599072,win,stop,2,9.5,B,2,tier_d_skip,D,1.0,0,0,0.27211441532258135,base,False,False,True,False,False,False,True,False,True,False,False,False,False,True,False,True,0.23890462700660414,3874.91,3896.09,engulf,10,1.3,0.45,legacy,1,True,False,True,False,3,"a_volume,a_wick_le_q1,a_trend_align,a_room",False,True,True,False,False,False,False,VOLUME,1,False,True,0.23890462700660414,8.219498431087443,6.789251906519544,True,True,True,True,85977.01003813258,A,direct_under_threshold,0.0,1,89592.10251609248,A,2024-12,2024-12-16 08:00:00,1.4863780886529592,up,True,False,a_fvg_absent+a_room+a_volume||up||long,1,3
BTC+ETH+SOL+XRP+DOGE+AVAX+LINK+BNB+ADA v19b norefine rpboost (9coins),orderbook_split_proxy,v19b_norefine_rpboost_9coins,1.0,3.0,capFixed,SOLUSDT,2024-12-18 08:00:00+00:00,2024-12-19 20:00:00+00:00,short,220.23,220.23,0.0,220.23,228.0208,114.9973077425839,25325.85708414925,25325.85708414925,0.01,0.01,895.9210251609247,7.790800000000019,2.2292534945980202,1997.2350762238323,win,stop,9,10.75,S,3,rp_pass_rp3,C,1.0,2,0,0.2747497219132338,base,False,False,True,False,False,True,True,True,True,False,True,False,False,False,True,True,0.3885542168674735,218.2,221.52,engulf,10,1.3,0.45,legacy,1,True,False,False,False,3,"a_volume,a_score_ge13,a_wick_le_q1,a_pre_total_ge1,a_trend_align,a_fvg,a_room",False,True,True,True,False,False,False,SWEEP+VOLUME,2,False,True,0.3885542168674735,4.265287261898639,4.239615957282939,True,True,True,False,89592.10251609248,A,direct_under_threshold,0.0,1,91589.33759231631,A,2024-12,2024-12-18 04:00:00,2.3534625339601667,up,False,False,a_room+a_score_ge13+a_volume||up||short,1,3
BTC+ETH+SOL+XRP+DOGE+AVAX+LINK+BNB+ADA v19b norefine rpboost (9coins),orderbook_split_proxy,v19b_norefine_rpboost_9coins,1.0,3.0,capFixed,BTCUSDT,2024-12-19 20:00:00+00:00,2024-12-20 04:00:00+00:00,long,96136.8,96136.8,0.0,96136.8,95587.15357142857,2.8580940157873873,274768.0127769489,274768.0127769489,0.022,0.022,1570.9411682989191,549.6464285714319,1.296862567299755,2037.2947965970127,win,stop,2,8.0,B,2,tier_d_skip,D,1.0,0,0,0.4002409502475391,base,False,False,True,False,False,False,False,False,True,False,False,True,False,True,False,False,0.0,95890.6,96136.8,engulf,10,1.3,0.45,legacy,1,True,True,False,True,5,"a_volume,a_trend_align,a_room",False,True,False,True,False,False,False,SWEEP,1,False,False,0.0,3.831917921261042,3.831917921261042,False,False,False,False,91589.33759231631,A,direct_under_threshold,0.0,1,93626.63238891332,A,2024-12,2024-12-19 16:00:00,-1.759840699262288,down,True,False,a_fvg_absent+a_room+a_vol_expansion+a_volume||down||long,1,4
BTC+ETH+SOL+XRP+DOGE+AVAX+LINK+BNB+ADA v19b norefine rpboost (9coins),orderbook_split_proxy,v19b_norefine_rpboost_9coins,1.0,3.0,capFixed,AVAXUSDT,2024-12-19 20:00:00+00:00,2024-12-20 08:00:00+00:00,long,37.704,37.704,0.0,37.704,36.53799428571429,706.9468255872245,26654.72311194071,26654.72311194071,0.009,0.009,824.3040383308468,1.1660057142857099,0.6173389663613507,508.87500299065215,win,stop,3,10.25,A,2,tier_d_skip,D,1.0,0,0,0.275115919629059,base,False,False,True,False,False,True,True,False,False,False,True,False,False,False,True,False,0.0,37.57,37.704,engulf,10,1.3,0.45,legacy,1,True,True,False,False,4,"a_volume,a_score_ge13,a_wick_le_q1,a_fvg,a_room",False,True,True,True,False,False,False,SWEEP+VOLUME,2,False,False,0.0,2.273573763421895,,False,False,False,False,91589.33759231631,A,direct_under_threshold,0.0,1,94135.50739190397,A,2024-12,2024-12-19 16:00:00,-1.759840699262288,down,False,True,a_room+a_score_ge13+a_trend_counter||down||long,1,3
BTC+ETH+SOL+XRP+DOGE+AVAX+LINK+BNB+ADA v19b norefine rpboost (9coins),orderbook_split_proxy,v19b_norefine_rpboost_9coins,1.0,3.0,capFixed,ETHUSDT,2024-12-21 00:00:00+00:00,2024-12-21 04:00:00+00:00,short,3488.56,3488.56,0.0,3488.56,3547.4354285714285,23.98339417887143,83667.50959664371,83667.50959664371,0.015,0.015,1412.0326108785596,58.87542857142853,-1.059753241711313,-1496.4061367806426,loss,stop,1,9.25,B,3,tier_d_skip,D,1.0,0,0,0.34595242602056914,base,False,False,True,False,False,False,True,False,False,True,True,False,False,False,True,False,0.0,3488.56,3535.45,engulf,10,1.3,0.45,legacy,1,True,False,False,True,5,"a_volume,a_wick_le_q1,a_mss,a_fvg,a_room",False,True,False,False,False,False,False,none,0,False,False,0.0,0.48848901312213316,,False,False,False,False,94135.50739190397,A,direct_under_threshold,0.0,1,92639.10125512333,A,2024-12,2024-12-20 20:00:00,-4.598042100827258,down,False,True,a_mss+a_room+a_volume||down||short,1,3
BTC+ETH+SOL+XRP+DOGE+AVAX+LINK+BNB+ADA v19b norefine rpboost (9coins),orderbook_split_proxy,v19b_norefine_rpboost_9coins,1.0,3.0,capFixed,BTCUSDT,2024-12-21 08:00:00+00:00,2024-12-21 12:00:00+00:00,long,97764.5,97764.5,0.0,97764.5,97108.09464285715,2.842722089975093,277917.30376537,277917.30376537,0.022,0.022,1865.978008727976,656.4053571428522,-1.1484392171105082,-2142.962323488982,loss,stop,1,8.0,B,1,tier_d_skip,D,1.0,0,0,0.3947236752331188,base,False,False,False,False,False,False,False,False,False,False,False,True,False,True,False,False,0.0,97444.9,97764.5,engulf,10,1.3,0.45,legacy,1,True,False,False,True,5,a_room,False,False,False,True,False,False,False,SWEEP,1,False,False,0.0,0.7449664977270744,,False,False,False,False,92639.10125512333,A,direct_under_threshold,0.0,1,90496.13893163434,A,2024-12,2024-12-21 04:00:00,-4.839208131183097,down,True,True,a_fvg_absent+a_ob+a_room+a_trend_counter+a_vol_expansion||down||long,1,5
BTC+ETH+SOL+XRP+DOGE+AVAX+LINK+BNB+ADA v19b norefine rpboost (9coins),orderbook_split_proxy,v19b_norefine_rpboost_9coins,1.0,3.0,capFixed,LINKUSDT,2024-12-27 08:00:00+00:00,2024-12-27 12:00:00+00:00,short,22.747,22.747,0.0,22.747,23.124697142857144,1916.7979560991816,43601.40310738808,43601.40310738808,0.008,0.008,723.9691114530748,0.3776971428571443,0.18989949808614634,137.48137089481224,win,stop,1,7.5,B,1,rp_boost_rp1_x1.5,A,1.0,6,0,0.39814241486068236,base,False,False,False,True,False,False,False,True,False,False,False,True,False,True,False,True,0.6053811659192795,22.625,23.071,engulf,10,1.3,0.45,legacy,1,True,True,True,False,4,"a_pre_total_ge4,a_pre_total_ge1,a_room",False,False,False,False,False,False,False,none,0,False,True,0.6053811659192795,1.3952978198707935,,False,False,False,False,90496.13893163434,A,direct_under_threshold,0.0,1,90633.62030252915,A,2024-12,2024-12-27 04:00:00,0.6709754963423008,range,True,True,a_fvg_absent+a_ob+a_room+a_trend_counter||range||short,1,4
BTC+ETH+SOL+XRP+DOGE+AVAX+LINK+BNB+ADA v19b norefine rpboost (9coins),orderbook_split_proxy,v19b_norefine_rpboost_9coins,1.0,3.0,capFixed,BNBUSDT,2024-12-28 04:00:00+00:00,2024-12-29 20:00:00+00:00,long,694.82,694.82,0.0,694.82,680.5870285714285,76.41436288188378,53094.22761759049,53094.22761759049,0.012,0.012,1087.6034436303498,14.232971428571545,0.6008573652926609,653.4945396229571,win,stop,10,10.0,A,2,tier_d_skip,D,1.0,0,0,0.4715829027712507,base,False,False,True,False,False,True,False,False,True,False,False,True,False,True,False,False,0.0,691.49,694.82,engulf,10,1.3,0.45,legacy,1,True,False,True,False,5,"a_volume,a_score_ge13,a_trend_align,a_room",False,True,False,False,False,False,False,none,0,False,False,0.0,2.559549858075992,,True,False,False,False,90633.62030252915,A,direct_under_threshold,0.0,1,91287.1148421521,A,2024-12,2024-12-28 00:00:00,-0.84118715914636,range,True,False,a_fvg_absent+a_ob+a_score_ge13+a_volume||range||long,2,4
BTC+ETH+SOL+XRP+DOGE+AVAX+LINK+BNB+ADA v19b norefine rpboost (9coins),orderbook_split_proxy,v19b_norefine_rpboost_9coins,1.0,3.0,capFixed,ETHUSDT,2024-12-27 00:00:00+00:00,2024-12-30 08:00:00+00:00,short,3379.32,3379.32,0.0,3379.32,3543.9112,8.24735516828674,27870.452267294746,27870.452267294746,0.015,0.015,1357.442083974515,164.59119999999984,-0.28896684634415387,-392.2557581009517,time_exit_non_runner,time_exit_non_runner,20,10.75,S,3,rp_pass_rp3,B,1.0,0,0,0.22568540821884409,expansion,True,False,True,False,False,True,True,False,True,False,True,False,False,False,True,True,0.8438978240302665,3372.72,3415.0,engulf,10,1.3,0.45,legacy,1,True,True,True,False,3,"a_volume,a_score_ge13,a_wick_le_q1,a_trend_align,a_fvg,a_room",False,True,True,False,False,False,False,VOLUME,1,False,True,0.8438978240302665,0.4454673153850281,,False,False,False,False,90496.13893163434,A,direct_under_threshold,0.0,1,90894.85908405116,A,2024-12,2024-12-26 20:00:00,1.1230688000099538,up,False,False,a_room+a_score_ge13+a_volume||up||short,1,3
BTC+ETH+SOL+XRP+DOGE+AVAX+LINK+BNB+ADA v19b norefine rpboost (9coins),orderbook_split_proxy,v19b_norefine_rpboost_9coins,1.0,3.0,capFixed,SOLUSDT,2024-12-31 20:00:00+00:00,2025-01-01 20:00:00+00:00,short,194.53,194.53,0.0,194.53,197.67685714285713,288.84329652640315,56188.6864732812,56188.6864732812,0.01,0.01,908.9485908405117,3.1468571428571295,0.5885077673869618,534.9233058650746,win,stop,6,11.0,A,2,rp_pass_rp2,C,1.0,3,1,0.2837591240875897,base,False,False,True,True,False,True,True,True,True,False,False,True,False,True,False,True,0.24561403508772017,193.74,198.3,engulf,10,1.3,0.45,legacy,1,True,False,True,False,5,"a_volume,a_pre_total_ge4,a_score_ge13,a_wick_le_q1,a_pre_total_ge1,a_trend_align,a_room",False,True,True,True,False,False,False,SWEEP+VOLUME,2,False,True,0.24561403508772017,2.1322861812239085,,False,False,False,False,90894.85908405116,A,direct_under_threshold,0.0,1,91429.78238991623,A,2025-01,2024-12-31 16:00:00,-0.8785915562671177,range,True,False,a_room+a_score_ge13+a_volume||range||short,1,3
BTC+ETH+SOL+XRP+DOGE+AVAX+LINK+BNB+ADA v19b norefine rpboost (9coins),orderbook_split_proxy,v19b_norefine_rpboost_9coins,1.0,3.0,capFixed,ETHUSDT,2025-01-01 00:00:00+00:00,2025-01-02 08:00:00+00:00,short,3372.53,3372.53,0.0,3372.53,3442.0625142857143,19.608422049264096,66129.99161380464,66129.99161380464,0.015,0.015,1363.4228862607674,69.53251428571411,-1.0490029203192917,-1430.2345893177023,loss,stop,8,10.75,S,3,rp_pass_rp3,B,1.0,1,0,0.16584486506547796,base,False,False,True,False,False,True,True,True,True,False,True,False,False,False,True,True,0.6043270993766054,3364.69,3391.96,engulf,10,1.3,0.45,legacy,1,True,False,True,False,3,"a_volume,a_score_ge13,a_wick_le_q1,a_pre_total_ge1,a_trend_align,a_fvg,a_room",False,True,False,True,False,False,False,SWEEP,1,False,True,0.6043270993766054,0.8616112996263273,,False,False,False,False,90894.85908405116,A,direct_under_threshold,0.0,1,89999.54780059854,A,2025-01,2024-12-31 20:00:00,-0.8163105231917078,range,False,False,a_room+a_score_ge13+a_volume||range||short,1,3
BTC+ETH+SOL+XRP+DOGE+AVAX+LINK+BNB+ADA v19b norefine rpboost (9coins),orderbook_split_proxy,v19b_norefine_rpboost_9coins,1.0,3.0,capFixed,ETHUSDT,2025-01-03 08:00:00+00:00,2025-01-03 12:00:00+00:00,short,3456.49,3456.49,0.0,3456.49,3544.379828571429,15.360062011178279,53091.900741017605,53091.900741017605,0.015,0.015,1349.993217008978,87.889828571429,-1.0398275314809706,-1403.7601143585,loss,stop,1,8.5,B,1,rp_boost_rp1_x1.5,C,1.0,2,0,0.2871296938472215,base,False,False,True,False,False,False,True,True,False,False,False,True,False,True,False,True,0.3110407597942221,3455.74,3481.01,engulf,10,1.3,0.45,legacy,1,True,True,False,False,5,"a_volume,a_wick_le_q1,a_pre_total_ge1,a_room",False,True,False,True,False,False,False,SWEEP,1,False,True,0.3110407597942221,0.0,,False,False,False,False,89999.54780059854,A,direct_under_threshold,0.0,1,88595.78768624003,A,2025-01,2025-01-03 04:00:00,1.6323122906631133,up,True,True,a_fvg_absent+a_ob+a_room+a_trend_counter||up||short,1,4
BTC+ETH+SOL+XRP+DOGE+AVAX+LINK+BNB+ADA v19b norefine rpboost (9coins),orderbook_split_proxy,v19b_norefine_rpboost_9coins,1.0,3.0,capFixed,AVAXUSDT,2025-01-04 00:00:00+00:00,2025-01-04 20:00:00+00:00,short,42.236,42.236,0.0,42.236,42.95954285714286,1102.024684929928,46545.11459270044,46545.11459270044,0.009,0.009,797.3620891761602,0.7235428571428599,0.1917511254146267,152.89507796248665,win,stop,5,10.25,A,2,tier_d_skip,D,1.0,0,0,0.43680884676145626,base,False,False,True,False,False,True,False,False,False,False,True,False,False,False,True,False,0.0,42.236,42.875,engulf,10,1.3,0.45,legacy,1,True,True,False,False,4,"a_volume,a_score_ge13,a_fvg,a_room",False,True,True,True,False,False,False,SWEEP+VOLUME,2,False,False,0.0,1.8893144842836724,,False,False,False,False,88595.78768624003,A,direct_under_threshold,0.0,1,88748.68276420252,A,2025-01,2025-01-03 20:00:00,2.271623443814145,up,False,True,a_room+a_score_ge13+a_trend_counter||up||short,2,3
BTC+ETH+SOL+XRP+DOGE+AVAX+LINK+BNB+ADA v19b norefine rpboost (9coins),orderbook_split_proxy,v19b_norefine_rpboost_9coins,1.0,3.0,capFixed,XRPUSDT,2025-01-08 12:00:00+00:00,2025-01-08 16:00:00+00:00,long,2.2948,2.2948,0.0,2.2948,2.256544,18558.904802217137,42588.97474012789,42588.97474012789,0.008,0.008,709.9894621136201,0.03825600000000007,0.1898896382266835,134.81964210551294,win,stop,1,10.0,A,2,rp_pass_rp2,B,1.0,1,0,0.14516129032258263,base,False,False,True,False,False,True,True,True,True,False,False,True,False,True,False,True,0.2797619047619016,2.2854,2.319,engulf,10,1.3,0.45,legacy,1,True,True,False,False,5,"a_volume,a_score_ge13,a_wick_le_q1,a_pre_total_ge1,a_trend_align,a_room",False,True,False,True,False,False,False,SWEEP,1,False,True,0.2797619047619016,1.1004809703053102,,False,False,False,False,88748.68276420252,A,direct_under_threshold,0.0,1,88883.50240630803,A,2025-01,2025-01-08 08:00:00,-0.0851855733625157,range,True,False,a_fvg_absent+a_ob+a_score_ge13+a_volume||range||long,2,4
BTC+ETH+SOL+XRP+DOGE+AVAX+LINK+BNB+ADA v19b norefine rpboost (9coins),orderbook_split_proxy,v19b_norefine_rpboost_9coins,1.0,3.0,capFixed,BTCUSDT,2025-01-09 08:00:00+00:00,2025-01-09 12:00:00+00:00,long,92759.3,92759.3,0.0,92759.3,92334.6625,2.874649843400329,266650.5072189241,266650.5072189241,0.022,0.022,1220.6841228768988,424.6374999999971,0.8810065040770052,1075.430651678082,win,stop,1,8.5,B,1,tier_d_skip,D,1.0,0,0,0.4962732228278963,base,False,False,True,False,False,False,False,False,False,False,False,True,False,True,False,False,0.0,92481.5,92759.3,engulf,10,1.3,0.45,legacy,1,True,True,False,True,6,"a_volume,a_room",False,True,False,False,False,False,False,none,0,False,False,0.0,4.211592240440391,,False,False,False,False,88883.50240630803,A,direct_under_threshold,0.0,1,89958.93305798611,A,2025-01,2025-01-09 04:00:00,-2.7517283092630924,down,True,True,a_fvg_absent+a_ob+a_room+a_trend_counter+a_vol_expansion||down||long,2,5
BTC+ETH+SOL+XRP+DOGE+AVAX+LINK+BNB+ADA v19b norefine rpboost (9coins),orderbook_split_proxy,v19b_norefine_rpboost_9coins,1.0,3.0,capFixed,XRPUSDT,2025-01-09 16:00:00+00:00,2025-01-11 16:00:00+00:00,long,2.3121,2.3121,0.0,2.3121,2.1914645714285714,5965.672547329404,13793.231496680315,13793.231496680315,0.008,0.008,719.6714644638889,0.12063542857142862,1.5797619942258125,1136.9096278888842,time_exit_non_runner,time_exit_non_runner,12,10.5,A,2,tier_d_skip,D,1.0,0,0,0.39959568733154033,base,False,False,True,False,False,True,False,False,True,False,False,True,False,True,False,False,0.0,2.3027,2.3121,engulf,10,1.3,0.45,legacy,1,True,False,False,True,6,"a_volume,a_score_ge13,a_trend_align,a_room",False,True,True,True,False,False,False,SWEEP+VOLUME,2,False,False,0.0,1.8236765318882842,,False,False,False,False,89958.93305798611,A,direct_under_threshold,0.0,1,91095.842685875,A,2025-01,2025-01-09 12:00:00,-3.0794145238360806,down,True,False,a_fvg_absent+a_ob+a_room+a_score_ge13+a_vol_expansion||down||long,3,5
BTC+ETH+SOL+XRP+DOGE+AVAX+LINK+BNB+ADA v19b norefine rpboost (9coins),orderbook_split_proxy,v19b_norefine_rpboost_9coins,1.0,3.0,capFixed,AVAXUSDT,2025-01-13 16:00:00+00:00,2025-01-13 20:00:00+00:00,short,34.855,34.855,0.0,34.855,35.12321428571428,3056.7446547057843,106542.83493977011,106542.83493977011,0.009,0.009,819.862584172875,0.2682142857142864,-1.13045206391478,-926.8153504047315,loss,stop,1,10.25,S,3,rp_pass_rp3,B,1.0,1,1,0.13579433091628218,base,False,False,True,False,False,True,True,True,True,False,True,False,False,False,True,True,0.05907172995781767,34.409,34.883,engulf,10,1.3,0.45,legacy,1,True,True,False,False,3,"a_volume,a_score_ge13,a_wick_le_q1,a_pre_total_ge1,a_trend_align,a_fvg,a_room",False,True,False,False,False,False,False,none,0,False,True,0.05907172995781767,4.846870838881468,,False,False,False,False,91095.842685875,A,direct_under_threshold,0.0,1,90169.02733547027,A,2025-01,2025-01-13 12:00:00,-0.190320664514423,range,False,False,a_room+a_score_ge13+a_volume||range||short,1,3
BTC+ETH+SOL+XRP+DOGE+AVAX+LINK+BNB+ADA v19b norefine rpboost (9coins),orderbook_split_proxy,v19b_norefine_rpboost_9coins,1.0,3.0,capFixed,BTCUSDT,2025-01-13 20:00:00+00:00,2025-01-14 08:00:00+00:00,short,93164.2,93164.2,0.0,93164.2,95549.872,0.8315135531541389,77467.29496876283,77467.29496876283,0.022,0.022,1983.7186013803457,2385.672000000006,-1.0395515544467133,-2062.1777556497987,loss,stop,3,13.25,S,4,rp_pass_rp4,A,1.0,0,0,0.3397499136782904,base,False,False,True,False,False,True,True,False,True,True,True,False,False,False,True,True,0.3468899521531161,93055.0,93222.2,engulf,10,1.3,0.45,legacy,1,True,True,False,False,4,"a_volume,a_score_ge13,a_wick_le_q1,a_trend_align,a_mss,a_fvg,a_room",False,True,True,True,False,False,False,SWEEP+VOLUME,2,False,True,0.3468899521531161,0.0,,False,False,False,False,90169.02733547027,A,direct_under_threshold,0.0,1,88106.84957982047,A,2025-01,2025-01-13 16:00:00,-0.3676177488164806,range,False,False,a_room+a_score_ge13+a_volume||range||short,1,3
BTC+ETH+SOL+XRP+DOGE+AVAX+LINK+BNB+ADA v19b norefine rpboost (9coins),orderbook_split_proxy,v19b_norefine_rpboost_9coins,1.0,3.0,capFixed,LINKUSDT,2025-01-13 20:00:00+00:00,2025-01-15 04:00:00+00:00,short,19.197,19.197,0.0,19.197,20.727497142857143,471.3188927207903,9047.908783561012,9047.908783561012,0.008,0.008,721.3522186837621,1.5304971428571434,-1.013042983232339,-730.760803576665,loss,stop,8,10.75,S,4,tier_d_skip,D,1.0,0,0,0.23767476085356679,base,False,False,True,False,False,True,True,False,True,True,True,False,False,False,True,True,0.21195652173914134,19.129,19.313,engulf,10,1.3,0.45,legacy,1,True,True,False,False,4,"a_volume,a_score_ge13,a_wick_le_q1,a_trend_align,a_mss,a_fvg,a_room",False,True,True,False,False,False,False,VOLUME,1,False,True,0.21195652173914134,0.0,,False,False,False,False,90169.02733547027,A,direct_under_threshold,0.0,1,87376.0887762438,A,2025-01,2025-01-13 16:00:00,-0.3676177488164806,range,False,False,a_room+a_score_ge13+a_volume||range||short,1,3
BTC+ETH+SOL+XRP+DOGE+AVAX+LINK+BNB+ADA v19b norefine rpboost (9coins),orderbook_split_proxy,v19b_norefine_rpboost_9coins,1.0,3.0,capFixed,ETHUSDT,2025-01-14 08:00:00+00:00,2025-01-15 12:00:00+00:00,short,3205.0,3205.0,0.0,3205.0,3344.2787428571432,9.488904886604708,30411.940161568087,30411.940161568087,0.015,0.015,1321.602743697307,139.27874285714324,-1.0235114081607366,-1352.6754852307238,loss,stop,7,10.75,S,3,tier_d_skip,D,1.0,0,0,0.5077125041023962,expansion,True,False,True,False,False,True,False,False,True,False,True,False,False,False,True,False,0.0,3205.0,3234.01,engulf,10,1.3,0.45,legacy,1,True,False,False,False,3,"a_volume,a_score_ge13,a_trend_align,a_fvg,a_room",False,True,True,False,False,False,False,VOLUME,1,False,False,0.0,0.24397118542958812,,False,False,False,False,88106.84957982047,A,direct_under_threshold,0.0,1,86023.41329101309,A,2025-01,2025-01-14 04:00:00,-0.37348521370219556,range,False,False,a_room+a_score_ge13+a_volume||range||short,1,3
BTC+ETH+SOL+XRP+DOGE+AVAX+LINK+BNB+ADA v19b norefine rpboost (9coins),orderbook_split_proxy,v19b_norefine_rpboost_9coins,1.0,3.0,capFixed,BTCUSDT,2025-01-15 08:00:00+00:00,2025-01-15 12:00:00+00:00,long,96929.9,96929.9,0.0,96929.9,96480.7982142857,2.704307611260627,262128.26632873144,262128.26632873144,0.022,0.022,1214.5093773378853,449.10178571428696,0.8836194175278438,1073.1640685854065,win,stop,1,8.75,B,2,rp_pass_rp2,B,1.0,0,0,0.11540254171456389,base,False,False,True,False,False,False,True,False,False,False,True,False,False,False,True,True,0.9329341317364572,96846.4,96929.9,engulf,10,1.3,0.45,legacy,1,True,True,False,True,4,"a_volume,a_wick_le_q1,a_fvg,a_room",False,True,False,False,False,False,False,none,0,False,True,0.9329341317364572,6.271852149329821,,True,True,False,True,87376.0887762438,A,direct_under_threshold,0.0,1,87096.5773595985,A,2025-01,2025-01-15 04:00:00,1.0936772838516327,up,False,True,a_room+a_vol_expansion+a_volume||up||long,2,3
BTC+ETH+SOL+XRP+DOGE+AVAX+LINK+BNB+ADA v19b norefine rpboost (9coins),orderbook_split_proxy,v19b_norefine_rpboost_9coins,1.0,3.0,capFixed,BTCUSDT,2025-01-15 20:00:00+00:00,2025-01-16 00:00:00+00:00,short,100099.9,100099.9,0.0,100099.9,100534.50178571428,2.6102896414361605,261289.7320787955,261289.7320787955,0.022,0.022,1134.4365393996611,434.60178571428696,0.419999439244465,476.4627104062891,win,stop,1,8.0,B,1,rp_boost_rp1_x1.5,B,1.0,0,0,0.16237370712032217,base,False,False,False,False,False,False,True,False,False,False,False,True,False,True,False,False,0.0,100099.9,100331.3,engulf,10,1.3,0.45,legacy,1,True,True,False,False,4,"a_wick_le_q1,a_room",False,False,False,True,False,False,False,SWEEP,1,False,False,0.0,2.2850803485949513,,False,False,False,False,87096.5773595985,A,direct_under_threshold,0.0,1,87573.04007000478,A,2025-01,2025-01-15 16:00:00,2.149196914565441,up,True,True,a_fvg_absent+a_ob+a_room+a_trend_counter||up||short,1,4
BTC+ETH+SOL+XRP+DOGE+AVAX+LINK+BNB+ADA v19b norefine rpboost (9coins),orderbook_split_proxy,v19b_norefine_rpboost_9coins,1.0,3.0,capFixed,SOLUSDT,2025-01-16 12:00:00+00:00,2025-01-16 20:00:00+00:00,short,216.18,216.18,0.0,216.18,217.6732,586.4789718055497,126785.02412492373,126785.02412492373,0.01,0.01,875.7304007000478,1.4932000000000016,1.8956257146683992,1660.0570666838717,win,stop,2,12.25,S,3,tier_d_skip,D,1.0,0,0,0.2826086956521717,base,False,False,True,False,False,True,True,False,False,True,True,False,False,False,True,False,0.0,216.18,217.27,engulf,10,1.3,0.45,legacy,1,True,True,False,False,5,"a_volume,a_score_ge13,a_wick_le_q1,a_mss,a_fvg,a_room",False,True,True,True,False,False,False,SWEEP+VOLUME,2,False,False,0.0,5.210286632735061,5.210286632735061,True,True,True,True,87573.04007000478,A,direct_under_threshold,0.0,1,89233.09713668865,A,2025-01,2025-01-16 08:00:00,2.9137787218166307,up,False,True,a_mss+a_room+a_volume||up||short,3,3
BTC+ETH+SOL+XRP+DOGE+AVAX+LINK+BNB+ADA v19b norefine rpboost (9coins),orderbook_split_proxy,v19b_norefine_rpboost_9coins,1.0,3.0,capFixed,DOGEUSDT,2025-01-17 00:00:00+00:00,2025-01-17 12:00:00+00:00,long,0.37815,0.37815,0.0,0.37815,0.36815045714285716,71389.74124037926,26996.030650049415,26996.030650049415,0.008,0.008,713.8647770935092,0.009999542857142829,2.1694497542744844,1548.6937652507233,win,stop,3,8.75,B,3,rp_pass_rp3,B,1.0,2,0,0.1734253666954277,base,False,False,True,False,False,False,True,True,True,False,True,False,False,False,True,True,0.4275755228505019,0.36917,0.38208,engulf,10,1.3,0.45,legacy,1,True,False,False,True,3,"a_volume,a_wick_le_q1,a_pre_total_ge1,a_trend_align,a_fvg,a_room",False,True,True,False,False,False,False,VOLUME,1,False,True,0.4275755228505019,4.11118794002013,3.727170384931896,False,False,False,False,89233.09713668865,A,direct_under_threshold,0.0,1,90781.79090193937,A,2025-01,2025-01-16 20:00:00,3.2128532686182485,up,False,False,a_room+a_vol_expansion+a_volume||up||long,1,3
BTC+ETH+SOL+XRP+DOGE+AVAX+LINK+BNB+ADA v19b norefine rpboost (9coins),orderbook_split_proxy,v19b_norefine_rpboost_9coins,1.0,3.0,capFixed,LINKUSDT,2025-01-17 16:00:00+00:00,2025-01-18 00:00:00+00:00,long,23.925,23.925,0.0,23.925,23.669451428571428,2841.9424266611736,67993.47255786858,67993.47255786858,0.008,0.008,726.254327215515,0.255548571428573,2.31850275485789,1683.822658376635,win,stop,2,8.0,B,2,rp_pass_rp2,A,1.0,5,2,0.32672176308539985,base,False,False,True,True,True,False,True,True,False,False,True,False,False,False,True,True,0.2672566371681423,23.736,24.301,engulf,10,1.3,0.45,legacy,1,False,True,False,True,3,"a_volume,a_pre_total_ge4,a_sweep_count_2_4,a_wick_le_q1,a_pre_total_ge1,a_fvg",False,True,True,False,False,False,False,VOLUME,1,False,True,0.2672566371681423,6.773663379620263,6.773663379620263,True,True,True,True,90781.79090193937,A,direct_under_threshold,0.0,1,92465.61356031601,A,2025-01,2025-01-17 12:00:00,3.432637024465773,up,False,True,a_trend_counter+a_vol_expansion+a_volume||up||long,1,3
BTC+ETH+SOL+XRP+DOGE+AVAX+LINK+BNB+ADA v19b norefine rpboost (9coins),orderbook_split_proxy,v19b_norefine_rpboost_9coins,1.0,3.0,capFixed,DOGEUSDT,2025-01-18 16:00:00+00:00,2025-01-19 04:00:00+00:00,long,0.3934,0.3934,0.0,0.3934,0.3894226785714286,185985.69961397888,73166.7742281393,73166.7742281393,0.008,0.008,739.7249084825281,0.003977321428571434,1.7987462923719268,1330.5774365081104,win,stop,3,8.25,B,3,tier_d_skip,D,1.0,0,0,0.4192299419229948,base,False,False,True,False,False,False,False,False,True,False,True,False,False,False,True,False,0.0,0.39136,0.3934,engulf,10,1.3,0.45,legacy,1,True,True,False,True,3,"a_volume,a_trend_align,a_fvg,a_room",False,True,False,False,False,False,False,none,0,False,False,0.0,4.118349571229722,2.122031158802121,False,False,False,False,92465.61356031601,A,direct_under_threshold,0.0,1,93796.19099682412,A,2025-01,2025-01-18 12:00:00,3.846546785826192,up,False,False,a_room+a_vol_expansion+a_volume||up||long,1,3
BTC+ETH+SOL+XRP+DOGE+AVAX+LINK+BNB+ADA v19b norefine rpboost (9coins),orderbook_split_proxy,v19b_norefine_rpboost_9coins,1.0,3.0,capFixed,ETHUSDT,2025-01-17 16:00:00+00:00,2025-01-19 08:00:00+00:00,long,3398.89,3398.89,0.0,3398.89,3178.568285714286,6.180629394355561,21007.279442181174,21007.279442181174,0.015,0.015,1361.7268635290905,220.32171428571382,-1.0149269406037404,-1382.053279539507,loss,stop,10,7.75,B,2,rp_pass_rp2,S,1.0,4,1,0.12844304814788002,base,False,True,True,True,False,False,True,True,False,False,True,False,False,False,True,True,0.15341176470587836,3353.0,3416.75,engulf,10,1.3,0.45,legacy,1,True,False,False,True,5,"a_sweep,a_volume,a_pre_total_ge4,a_wick_le_q1,a_pre_total_ge1,a_fvg,a_room",True,True,False,True,False,False,False,SWEEP,1,False,True,0.15341176470587836,0.5717094223252763,,False,False,False,False,90781.79090193937,A,direct_under_threshold,0.0,1,92414.13771728461,A,2025-01,2025-01-17 12:00:00,3.432637024465773,up,False,True,a_room+a_vol_expansion+a_volume||up||long,2,3
BTC+ETH+SOL+XRP+DOGE+AVAX+LINK+BNB+ADA v19b norefine rpboost (9coins),orderbook_split_proxy,v19b_norefine_rpboost_9coins,1.0,3.0,capFixed,ADAUSDT,2025-01-19 04:00:00+00:00,2025-01-19 08:00:00+00:00,long,1.0705,1.0705,0.0,1.0705,1.059178857142857,66280.36916795532,70953.13519429616,70953.13519429616,0.008,0.008,750.3695279745931,0.011321142857142918,-1.094057591358772,-820.947478404902,loss,stop,1,8.5,B,2,rp_pass_rp2,B,1.0,0,0,0.12108559498956434,base,False,False,True,False,False,False,True,False,True,False,False,True,False,True,False,True,0.40625000000000977,1.0625,1.0753,engulf,10,1.3,0.45,legacy,1,True,False,True,False,4,"a_volume,a_wick_le_q1,a_trend_align,a_room",False,True,False,True,False,False,False,SWEEP,1,False,True,0.40625000000000977,0.0,,False,False,False,False,93796.19099682412,A,direct_under_threshold,0.0,1,91593.1902388797,A,2025-01,2025-01-19 00:00:00,3.6550458065781712,up,True,False,a_fvg_absent+a_room+a_volume||up||long,1,3
BTC+ETH+SOL+XRP+DOGE+AVAX+LINK+BNB+ADA v19b norefine rpboost (9coins),orderbook_split_proxy,v19b_norefine_rpboost_9coins,1.0,3.0,capFixed,AVAXUSDT,2025-01-19 08:00:00+00:00,2025-01-19 12:00:00+00:00,long,36.861,36.861,0.0,36.861,35.4348,577.9965728158186,21305.531670563887,21305.531670563887,0.009,0.009,824.3387121499172,1.4261999999999944,0.22402939629785434,184.67610402789668,win,stop,1,7.5,B,1,rp_boost_rp1_x1.5,B,1.0,0,0,0.08269525267993993,base,False,False,False,False,False,False,True,False,False,False,False,True,False,True,False,False,0.0,35.745,36.861,engulf,10,1.3,0.45,legacy,1,True,True,True,False,4,"a_wick_le_q1,a_room",False,False,True,True,False,False,False,SWEEP+VOLUME,2,False,False,0.0,1.428270929743384,,False,False,False,False,91593.1902388797,A,direct_under_threshold,0.0,1,91777.8663429076,A,2025-01,2025-01-19 04:00:00,3.4207698463808214,up,True,True,a_fvg_absent+a_ob+a_room+a_trend_counter||up||long,1,4
BTC+ETH+SOL+XRP+DOGE+AVAX+LINK+BNB+ADA v19b norefine rpboost (9coins),orderbook_split_proxy,v19b_norefine_rpboost_9coins,1.0,3.0,capFixed,LINKUSDT,2025-01-19 08:00:00+00:00,2025-01-19 12:00:00+00:00,long,23.065,23.065,0.0,23.065,22.123525714285712,778.2958419890454,17951.393595477333,17951.393595477333,0.008,0.008,732.7455219110376,0.941474285714289,0.7251261896235691,531.3329682670842,win,stop,1,8.75,B,3,rp_pass_rp3,B,1.0,0,0,0.07955002008838893,expansion,True,False,True,False,False,False,True,False,True,False,True,False,False,False,True,False,0.0,22.191,23.065,engulf,10,1.3,0.45,legacy,1,True,False,False,True,3,"a_volume,a_wick_le_q1,a_trend_align,a_fvg,a_room",False,True,True,False,False,False,False,VOLUME,1,False,False,0.0,3.0537212153582725,,False,False,False,False,91593.1902388797,A,direct_under_threshold,0.0,1,92309.19931117469,A,2025-01,2025-01-19 04:00:00,3.4207698463808214,up,False,False,a_room+a_vol_expansion+a_volume||up||long,1,3
BTC+ETH+SOL+XRP+DOGE+AVAX+LINK+BNB+ADA v19b norefine rpboost (9coins),orderbook_split_proxy,v19b_norefine_rpboost_9coins,1.0,3.0,capFixed,ETHUSDT,2025-01-20 08:00:00+00:00,2025-01-20 12:00:00+00:00,long,3335.58,3335.58,0.0,3335.58,3302.8775,42.340432372681775,141229.89941366986,141229.89941366986,0.015,0.015,1384.6379896676203,32.70249999999987,-1.1014977065973555,-1525.1755700864564,loss,stop,1,7.75,B,2,rp_pass_rp2,C,1.0,1,0,0.29466246791394307,base,False,False,True,False,False,False,True,True,False,False,True,False,False,False,True,True,1.0,3314.09,3335.58,engulf,10,1.3,0.45,legacy,1,True,False,False,True,4,"a_volume,a_wick_le_q1,a_pre_total_ge1,a_fvg,a_room",False,True,False,False,False,False,False,none,0,False,True,1.0,1.3506612644293325,,False,False,False,False,92309.19931117469,A,direct_under_threshold,0.0,1,90784.02374108823,A,2025-01,2025-01-20 04:00:00,2.0585801576300433,up,False,True,a_room+a_vol_expansion+a_volume||up||long,2,3
BTC+ETH+SOL+XRP+DOGE+AVAX+LINK+BNB+ADA v19b norefine rpboost (9coins),orderbook_split_proxy,v19b_norefine_rpboost_9coins,1.0,3.0,capFixed,LINKUSDT,2025-01-20 16:00:00+00:00,2025-01-21 00:00:00+00:00,long,24.098,24.098,0.0,24.098,23.70630357142857,1854.171079827104,44681.81468167355,44681.81468167355,0.008,0.008,726.2721899287059,0.3916964285714286,2.192938857077728,1592.670506109595,win,stop,2,8.0,B,2,tier_d_skip,D,1.0,0,0,0.24311183144246398,base,False,False,False,False,False,False,True,False,True,False,False,False,False,True,False,False,0.0,23.969,24.098,engulf,10,1.3,0.45,legacy,1,True,False,False,True,3,"a_wick_le_q1,a_trend_align,a_room",False,False,False,False,False,False,False,none,0,False,False,0.0,4.4779576020059295,2.770002279462049,False,False,False,False,90784.02374108823,A,direct_under_threshold,0.0,1,92376.69424719783,A,2025-01,2025-01-20 12:00:00,1.9043619345933467,up,True,False,a_fvg_absent+a_room+a_vol_expansion||up||long,1,3
BTC+ETH+SOL+XRP+DOGE+AVAX+LINK+BNB+ADA v19b norefine rpboost (9coins),orderbook_split_proxy,v19b_norefine_rpboost_9coins,1.0,3.0,capFixed,ADAUSDT,2025-01-20 12:00:00+00:00,2025-01-21 08:00:00+00:00,long,1.0568,1.0568,0.0,1.0568,0.955772,7188.820821244663,7597.14584389136,7597.14584389136,0.008,0.008,726.2721899287059,0.101028,-1.009960466405353,-733.5061996776329,loss,stop,5,9.75,B,3,rp_pass_rp3,B,1.0,1,0,0.1469489414694916,base,False,False,True,False,False,False,True,True,True,False,True,False,False,False,True,True,0.6813186813186797,1.0115,1.0661,engulf,10,1.3,0.45,legacy,1,True,False,False,True,3,"a_volume,a_wick_le_q1,a_pre_total_ge1,a_trend_align,a_fvg,a_room",False,True,False,True,False,False,False,SWEEP,1,False,True,0.6813186813186797,0.0435522825355343,,False,False,False,False,90784.02374108823,A,direct_under_threshold,0.0,1,91643.18804752019,A,2025-01,2025-01-20 08:00:00,2.0577075140353043,up,False,False,a_room+a_vol_expansion+a_volume||up||long,1,3
BTC+ETH+SOL+XRP+DOGE+AVAX+LINK+BNB+ADA v19b norefine rpboost (9coins),orderbook_split_proxy,v19b_norefine_rpboost_9coins,1.0,3.0,capFixed,BNBUSDT,2025-01-20 00:00:00+00:00,2025-01-22 00:00:00+00:00,long,686.0,686.0,0.0,686.0,655.7925142857143,36.67006258684548,25155.662934576,25155.662934576,0.012,0.012,1107.7103917340962,30.207485714285667,0.30750689043964613,340.62857806983425,time_exit_non_runner,time_exit_non_runner,12,7.75,B,3,tier_d_skip,D,1.0,0,0,0.4429864253393644,base,False,False,True,False,False,False,False,False,True,False,True,False,False,False,True,True,0.34016393442622844,678.68,686.0,engulf,10,1.3,0.45,legacy,1,True,False,False,True,3,"a_volume,a_trend_align,a_fvg,a_room",False,True,False,True,False,False,False,SWEEP,1,False,True,0.34016393442622844,0.7941740079564021,,False,False,False,False,92309.19931117469,A,direct_under_threshold,0.0,1,91983.81662559003,A,2025-01,2025-01-19 20:00:00,2.4459639396705386,up,False,False,a_room+a_vol_expansion+a_volume||up||long,1,3
BTC+ETH+SOL+XRP+DOGE+AVAX+LINK+BNB+ADA v19b norefine rpboost (9coins),orderbook_split_proxy,v19b_norefine_rpboost_9coins,1.0,3.0,capFixed,XRPUSDT,2025-01-19 20:00:00+00:00,2025-01-23 04:00:00+00:00,long,2.8559,2.8559,0.0,2.8559,2.619515428571429,3124.0346610884594,8921.930588602532,8921.930588602532,0.008,0.008,738.4735944893974,0.23638457142857128,1.2433497619496556,918.1809679144989,time_exit_non_runner,time_exit_non_runner,20,9.5,B,2,tier_d_skip,D,1.0,0,0,0.2929773226042438,expansion,True,False,True,False,False,False,True,False,True,False,False,True,False,True,False,False,0.0,2.6282,2.8559,engulf,10,1.3,0.45,legacy,1,True,False,False,False,4,"a_volume,a_wick_le_q1,a_trend_align,a_room",False,True,True,False,False,False,False,VOLUME,1,False,False,0.0,2.1820375030519292,,False,False,False,False,92309.19931117469,A,direct_under_threshold,0.0,1,92901.99759350452,A,2025-01,2025-01-19 16:00:00,2.7514043494286686,up,True,False,a_fvg_absent+a_room+a_volume||up||long,1,3
BTC+ETH+SOL+XRP+DOGE+AVAX+LINK+BNB+ADA v19b norefine rpboost (9coins),orderbook_split_proxy,v19b_norefine_rpboost_9coins,1.0,3.0,capFixed,DOGEUSDT,2025-01-21 04:00:00+00:00,2025-01-23 04:00:00+00:00,long,0.33567,0.33567,0.0,0.33567,0.3065177142857143,25350.106719605785,8509.270322570075,8509.270322570075,0.008,0.008,739.0135539775827,0.02915228571428574,0.9798496934815198,724.122204343623,time_exit_non_runner,time_exit_non_runner,12,8.25,B,3,tier_d_skip,D,1.0,0,0,0.3000969932104761,base,False,False,True,False,False,False,True,False,True,False,True,False,False,False,True,False,0.0,0.32832,0.33567,engulf,10,1.3,0.45,legacy,1,True,False,False,True,3,"a_volume,a_wick_le_q1,a_trend_align,a_fvg,a_room",False,True,True,True,False,False,False,SWEEP+VOLUME,2,False,False,0.0,2.260543157605869,,False,False,False,False,92376.69424719783,A,direct_under_threshold,0.0,1,93626.11979784815,A,2025-01,2025-01-21 00:00:00,1.0596549933764112,up,False,False,a_room+a_vol_expansion+a_volume||up||long,1,3
BTC+ETH+SOL+XRP+DOGE+AVAX+LINK+BNB+ADA v19b norefine rpboost (9coins),orderbook_split_proxy,v19b_norefine_rpboost_9coins,1.0,3.0,capFixed,BTCUSDT,2025-01-20 00:00:00+00:00,2025-01-23 08:00:00+00:00,long,99583.4,99583.4,0.0,99583.4,93882.27314285714,0.3562106993464779,35472.672557300044,35472.672557300044,0.022,0.022,2030.8023848458429,5701.126857142852,0.47904557247930607,972.8468910408169,time_exit_non_runner,time_exit_non_runner,20,9.25,B,2,tier_d_skip,D,1.0,0,0,0.36215660676092093,expansion,True,False,True,False,False,False,False,False,True,False,True,False,False,False,True,False,0.0,98499.9,99583.4,engulf,10,1.3,0.45,legacy,1,True,False,False,True,3,"a_volume,a_trend_align,a_fvg,a_room",False,True,True,False,False,False,False,VOLUME,1,False,False,0.0,1.8271124746065266,,False,False,False,False,92309.19931117469,A,direct_under_threshold,0.0,1,94598.96668888896,A,2025-01,2025-01-19 20:00:00,2.4459639396705386,up,False,False,a_room+a_vol_expansion+a_volume||up||long,1,3
BTC+ETH+SOL+XRP+DOGE+AVAX+LINK+BNB+ADA v19b norefine rpboost (9coins),orderbook_split_proxy,v19b_norefine_rpboost_9coins,1.0,3.0,capFixed,SOLUSDT,2025-01-28 00:00:00+00:00,2025-01-30 00:00:00+00:00,long,232.37,232.37,0.0,232.37,220.07497142857142,76.94082704998324,17878.739981604605,17878.739981604605,0.01,0.01,945.9896668888896,12.295028571428588,0.6143731148013352,581.1906182164046,time_exit_non_runner,time_exit_non_runner,12,11.0,B,1,rp_boost_rp1_x1.5,B,1.0,2,0,0.18789308176100655,base,False,False,True,False,False,True,True,True,False,False,False,True,False,True,False,True,0.25957446808510776,226.47,233.52,engulf,10,1.3,0.45,legacy,1,True,True,False,False,6,"a_volume,a_score_ge13,a_wick_le_q1,a_pre_total_ge1,a_room",False,True,False,True,False,False,False,SWEEP,1,False,True,0.25957446808510776,0.9272040267146295,,False,False,False,False,94598.96668888896,A,direct_under_threshold,0.0,1,95180.15730710537,A,2025-01,2025-01-27 20:00:00,-1.6364333235751953,down,True,True,a_fvg_absent+a_ob+a_score_ge13+a_volume||down||long,2,4
BTC+ETH+SOL+XRP+DOGE+AVAX+LINK+BNB+ADA v19b norefine rpboost (9coins),orderbook_split_proxy,v19b_norefine_rpboost_9coins,1.0,3.0,capFixed,LINKUSDT,2025-01-28 12:00:00+00:00,2025-01-30 12:00:00+00:00,long,23.672,23.672,0.0,23.672,22.08477142857143,476.8007249453478,11286.826760906273,11286.826760906273,0.008,0.008,756.7917335111117,1.5872285714285717,0.7237404370601035,547.7207799748054,time_exit_non_runner,time_exit_non_runner,12,11.0,B,1,rp_boost_rp1_x1.5,B,1.0,0,0,0.2255211623499672,base,False,False,True,False,False,True,True,False,False,False,False,True,False,True,False,True,0.7570921985815595,23.108,23.672,engulf,10,1.3,0.45,legacy,1,True,True,False,False,6,"a_volume,a_score_ge13,a_wick_le_q1,a_room",False,True,True,False,False,False,False,VOLUME,1,False,True,0.7570921985815595,0.9576440516263744,,False,False,False,False,94598.96668888896,A,direct_under_threshold,0.0,1,95727.87808708017,A,2025-01,2025-01-28 08:00:00,-2.31557347193639,down,True,True,a_fvg_absent+a_ob+a_score_ge13+a_volume||down||long,2,4
BTC+ETH+SOL+XRP+DOGE+AVAX+LINK+BNB+ADA v19b norefine rpboost (9coins),orderbook_split_proxy,v19b_norefine_rpboost_9coins,1.0,3.0,capFixed,BNBUSDT,2025-01-29 00:00:00+00:00,2025-01-31 00:00:00+00:00,short,670.17,670.17,0.0,670.17,691.9196000000001,52.193493225928854,34978.51335522074,34978.51335522074,0.012,0.012,1135.1876002666675,21.7496000000001,-0.3003779379850656,-340.9853105943165,time_exit_non_runner,time_exit_non_runner,12,10.25,S,3,rp_pass_rp3,A,1.0,4,1,0.3149913344887317,base,False,False,True,True,False,True,True,True,True,False,True,False,False,False,True,True,0.19068736141907214,669.7,683.23,engulf,10,1.3,0.45,legacy,1,True,False,False,True,4,"a_volume,a_pre_total_ge4,a_score_ge13,a_wick_le_q1,a_pre_total_ge1,a_trend_align,a_fvg,a_room",False,True,True,False,False,False,False,VOLUME,1,False,True,0.19068736141907214,0.5034575348512101,,False,False,False,False,94598.96668888896,A,direct_under_threshold,0.0,1,95386.89277648585,A,2025-01,2025-01-28 20:00:00,-1.7771883460100586,down,False,False,a_room+a_score_ge13+a_vol_expansion+a_volume||down||short,1,4
BTC+ETH+SOL+XRP+DOGE+AVAX+LINK+BNB+ADA v19b norefine rpboost (9coins),orderbook_split_proxy,v19b_norefine_rpboost_9coins,1.0,3.0,capFixed,XRPUSDT,2025-02-02 16:00:00+00:00,2025-02-03 00:00:00+00:00,long,2.6383,2.6383,0.0,2.6383,2.3241440000000004,2429.0325259167025,6408.516513126036,6408.516513126036,0.008,0.008,763.0951422118868,0.31415599999999966,-1.0078980570162595,-769.1221111539069,loss,stop,2,12.75,A,2,tier_d_skip,D,1.0,0,0,0.2429635761589407,base,False,False,True,False,False,True,True,False,False,True,True,False,False,False,True,False,0.0,2.5915,2.6383,engulf,10,1.3,0.45,legacy,1,True,True,False,False,5,"a_volume,a_score_ge13,a_wick_le_q1,a_mss,a_fvg,a_room",False,True,False,True,False,False,False,SWEEP,1,False,False,0.0,0.2571970613325866,,False,False,False,False,95386.89277648585,A,direct_under_threshold,0.0,1,94617.77066533195,A,2025-02,2025-02-02 12:00:00,-1.9417273811681,down,False,True,a_room+a_score_ge13+a_trend_counter||down||long,1,3
BTC+ETH+SOL+XRP+DOGE+AVAX+LINK+BNB+ADA v19b norefine rpboost (9coins),orderbook_split_proxy,v19b_norefine_rpboost_9coins,1.0,3.0,capFixed,BNBUSDT,2025-02-02 00:00:00+00:00,2025-02-03 04:00:00+00:00,short,665.8,665.8,0.0,665.8,690.0819428571428,47.13966753204497,31385.590642835537,31385.590642835537,0.012,0.012,1144.6427133178302,24.281942857142894,2.8013717999736403,3206.569818133881,win,stop,7,10.75,S,3,rp_pass_rp3,B,1.0,2,1,0.14085365853658224,base,False,False,True,False,False,True,True,True,True,False,True,False,False,False,True,True,0.08443271767811428,662.33,666.12,engulf,10,1.3,0.45,legacy,1,True,True,False,False,3,"a_volume,a_score_ge13,a_wick_le_q1,a_pre_total_ge1,a_trend_align,a_fvg,a_room",False,True,True,False,False,False,False,VOLUME,1,False,True,0.08443271767811428,6.8676547416775175,5.126031336631089,True,True,True,True,95386.89277648585,A,direct_under_threshold,0.0,1,97824.34048346583,A,2025-02,2025-02-01 20:00:00,-0.6486502793257741,range,False,False,a_room+a_score_ge13+a_volume||range||short,1,3
BTC+ETH+SOL+XRP+DOGE+AVAX+LINK+BNB+ADA v19b norefine rpboost (9coins),orderbook_split_proxy,v19b_norefine_rpboost_9coins,1.0,3.0,capFixed,BTCUSDT,2025-02-03 04:00:00+00:00,2025-02-03 12:00:00+00:00,long,92877.4,92877.4,0.0,92877.4,92281.97714285714,3.159789372338131,293473.0214503975,293473.0214503975,0.022,0.022,1881.4108160471949,595.4228571428539,2.4455297032601147,4601.046034678267,win,stop,2,9.5,B,1,tier_d_skip,D,1.0,0,0,0.39202307078301724,base,False,True,True,False,False,False,False,False,False,False,False,True,False,True,False,False,0.0,92420.0,92877.4,engulf,10,1.3,0.45,legacy,1,True,True,False,False,6,"a_sweep,a_volume,a_room",True,True,True,True,False,False,False,SWEEP+VOLUME,2,False,False,0.0,11.12486684133251,11.12486684133251,True,True,True,True,97824.34048346583,A,direct_under_threshold,0.0,1,102425.38651814409,A,2025-02,2025-02-03 00:00:00,-3.044013931380726,down,True,True,a_fvg_absent+a_room+a_sweep+a_trend_counter+a_volume||down||long,1,5
BTC+ETH+SOL+XRP+DOGE+AVAX+LINK+BNB+ADA v19b norefine rpboost (9coins),orderbook_split_proxy,v19b_norefine_rpboost_9coins,1.0,3.0,capFixed,AVAXUSDT,2025-01-31 16:00:00+00:00,2025-09-19 00:00:00+00:00,short,36.031,36.031,0.0,36.031,37.32954857142857,661.1089133492582,23820.41525688712,23820.41525688712,0.009,0.009,858.4820349883726,1.2985485714285687,0.9027178669371525,774.9670714285696,win,stop,1382,10.75,S,3,rp_pass_rp3,B,1.0,0,0,0.19230769230769243,expansion,True,False,True,False,False,True,True,False,True,False,True,False,False,False,True,False,0.0,36.031,37.29,engulf,10,1.3,0.45,legacy,1,True,True,False,False,3,"a_volume,a_score_ge13,a_wick_le_q1,a_trend_align,a_fvg,a_room",False,True,True,True,False,False,False,SWEEP+VOLUME,2,False,False,0.0,16.463766138897967,,True,True,True,True,95386.89277648585,A,direct_under_threshold,0.0,1,103200.35358957267,A,2025-09,2025-01-31 12:00:00,1.923891898300931,up,False,False,a_room+a_score_ge13+a_volume||up||short,1,3
BTC+ETH+SOL+XRP+DOGE+AVAX+LINK+BNB+ADA v19b norefine rpboost (9coins),orderbook_split_proxy,v19b_norefine_rpboost_9coins,1.0,3.0,capFixed,LINKUSDT,2025-02-03 00:00:00+00:00,2025-02-04 00:00:00+00:00,long,16.722,16.722,0.0,16.722,15.31636,538.5035751135814,9004.856783049308,9004.856783049308,0.008,0.008,756.9421653226556,1.4056400000000018,2.3948143281962038,1812.7359431305551,win,stop,6,11.75,S,3,tier_d_skip,D,1.0,0,0,0.2860209923664126,base,False,True,True,False,False,True,True,False,False,True,True,False,False,False,True,False,0.0,16.692,16.722,engulf,10,1.3,0.45,legacy,1,True,True,False,False,6,"a_sweep,a_volume,a_score_ge13,a_wick_le_q1,a_mss,a_fvg,a_room",True,True,True,True,False,False,False,SWEEP+VOLUME,2,False,False,0.0,3.7662559403545646,3.7662559403545646,True,True,True,False,94617.77066533195,A,direct_under_threshold,0.0,1,105013.08953270322,A,2025-02,2025-02-02 20:00:00,-2.5175184973988207,down,False,True,a_room+a_score_ge13+a_trend_counter||down||long,1,3
BTC+ETH+SOL+XRP+DOGE+AVAX+LINK+BNB+ADA v19b norefine rpboost (9coins),orderbook_split_proxy,v19b_norefine_rpboost_9coins,1.0,3.0,capFixed,ADAUSDT,2025-02-01 00:00:00+00:00,2025-03-02 16:00:00+00:00,short,0.9582,0.9582,0.0,0.9582,0.9701537142857143,63837.49217796299,61169.085004924134,61169.085004924134,0.008,0.008,763.0951422118868,0.011953714285714234,0.8503058145704881,648.8642364932609,win,stop,178,10.75,S,3,rp_pass_rp3,C,1.0,1,0,0.2869352869352876,expansion,True,False,True,False,False,True,True,True,True,False,True,False,False,False,True,True,0.3692307692307624,0.95,0.963,engulf,10,1.3,0.45,legacy,1,True,False,True,False,3,"a_volume,a_score_ge13,a_wick_le_q1,a_pre_total_ge1,a_trend_align,a_fvg,a_room",False,True,False,False,False,False,False,none,0,False,True,0.3692307692307624,37.56154691906896,,True,True,True,True,95386.89277648585,A,direct_under_threshold,0.0,1,105661.95376919648,A,2025-03,2025-01-31 20:00:00,1.4786983256858626,up,False,False,a_room+a_score_ge13+a_volume||up||short,1,3
BTC+ETH+SOL+XRP+DOGE+AVAX+LINK+BNB+ADA v19b norefine rpboost (9coins),orderbook_split_proxy,v19b_norefine_rpboost_9coins,1.0,3.0,capFixed,ETHUSDT,2025-02-04 16:00:00+00:00,2025-02-05 00:00:00+00:00,short,2846.97,2846.97,0.0,2846.97,2894.6383928571427,33.24906109773436,94659.07947341679,94659.07947341679,0.015,0.015,1584.9293065379472,47.66839285714286,2.007630329508545,3181.9521459325288,win,stop,2,13.25,S,4,rp_pass_rp4,A,1.0,0,0,0.37808601587717366,base,False,False,True,False,False,True,False,False,True,True,True,False,False,False,True,True,0.5652173913043709,2846.97,2856.4,engulf,10,1.3,0.45,legacy,1,True,False,False,True,5,"a_volume,a_score_ge13,a_trend_align,a_mss,a_fvg,a_room",False,True,False,False,False,False,False,none,0,False,True,0.5652173913043709,4.541164218578493,3.1261804954615773,False,False,False,False,105661.95376919648,A,direct_under_threshold,0.0,1,108843.90591512901,A,2025-02,2025-02-04 12:00:00,-2.312322107675403,down,False,False,a_room+a_score_ge13+a_vol_expansion+a_volume||down||short,2,4
BTC+ETH+SOL+XRP+DOGE+AVAX+LINK+BNB+ADA v19b norefine rpboost (9coins),orderbook_split_proxy,v19b_norefine_rpboost_9coins,1.0,3.0,capFixed,XRPUSDT,2025-02-04 20:00:00+00:00,2025-02-05 16:00:00+00:00,long,2.427,2.427,0.0,2.427,2.365405357142857,13723.525146725398,33306.99553110254,33306.99553110254,0.008,0.008,845.2956301535719,0.061594642857143,0.6102722226248805,515.8604429889192,win,stop,5,9.5,B,1,rp_boost_rp1_x1.5,B,1.0,0,0,0.17363426519620273,base,False,False,True,False,False,False,True,False,False,False,False,True,False,True,False,False,0.0,2.3695,2.427,engulf,10,1.3,0.45,legacy,1,True,True,False,True,6,"a_volume,a_wick_le_q1,a_room",False,True,True,True,False,False,False,SWEEP+VOLUME,2,False,False,0.0,2.28428956599889,,True,False,False,False,105661.95376919648,A,direct_under_threshold,0.0,1,109359.76635811794,A,2025-02,2025-02-04 16:00:00,-1.6114718264205758,down,True,True,a_fvg_absent+a_ob+a_room+a_trend_counter+a_vol_expansion||down||long,2,5
BTC+ETH+SOL+XRP+DOGE+AVAX+LINK+BNB+ADA v19b norefine rpboost (9coins),orderbook_split_proxy,v19b_norefine_rpboost_9coins,1.0,3.0,capFixed,BNBUSDT,2025-02-12 12:00:00+00:00,2025-02-12 16:00:00+00:00,short,654.32,654.32,0.0,654.32,657.6735714285714,391.319291760681,256048.0389848488,256048.0389848488,0.012,0.012,1312.3171962974152,3.3535714285713993,-1.195611395101173,-1569.0213938804127,loss,stop,1,8.5,B,1,tier_d_skip,D,1.0,0,0,0.3097808308799469,base,False,False,False,False,False,False,True,False,False,False,False,True,False,True,False,False,0.0,654.32,658.18,engulf,10,1.3,0.45,legacy,1,True,True,False,False,4,"a_wick_le_q1,a_room",False,False,False,True,False,False,False,SWEEP,1,False,False,0.0,0.0,,False,False,False,False,109359.76635811794,A,direct_under_threshold,0.0,1,107790.74496423753,A,2025-02,2025-02-12 08:00:00,-0.0896193292932542,range,True,True,a_fvg_absent+a_ob+a_room+a_trend_counter||range||short,1,4
BTC+ETH+SOL+XRP+DOGE+AVAX+LINK+BNB+ADA v19b norefine rpboost (9coins),orderbook_split_proxy,v19b_norefine_rpboost_9coins,1.0,3.0,capFixed,BTCUSDT,2025-02-12 16:00:00+00:00,2025-02-12 20:00:00+00:00,short,97002.0,97002.0,0.0,97002.0,98022.13942857143,2.324580662992354,225488.97347158432,225488.97347158432,0.022,0.022,2371.3963892132256,1020.1394285714341,-1.095587002112876,-2598.0710608794166,loss,stop,1,10.75,S,3,tier_d_skip,D,1.0,0,0,0.31767087528634896,expansion,True,False,True,False,False,True,True,False,True,False,True,False,False,False,True,False,0.0,97002.0,97834.3,engulf,10,1.3,0.45,legacy,1,True,False,False,False,3,"a_volume,a_score_ge13,a_wick_le_q1,a_trend_align,a_fvg,a_room",False,True,True,False,False,False,False,VOLUME,1,False,False,0.0,0.18703325707858606,,False,False,False,False,107790.74496423753,A,direct_under_threshold,0.0,1,105192.67390335811,A,2025-02,2025-02-12 12:00:00,-0.17097622228026643,range,False,False,a_room+a_score_ge13+a_volume||range||short,1,3
BTC+ETH+SOL+XRP+DOGE+AVAX+LINK+BNB+ADA v19b norefine rpboost (9coins),orderbook_split_proxy,v19b_norefine_rpboost_9coins,1.0,3.0,capFixed,ADAUSDT,2025-02-12 04:00:00+00:00,2025-02-13 20:00:00+00:00,short,0.7689,0.7689,0.0,0.7689,0.8234857142857143,16027.602502105758,12323.623563869118,12323.623563869118,0.008,0.008,874.8781308649435,0.05458571428571424,-1.014586103114368,-887.6391934942451,loss,stop,10,11.0,A,2,rp_pass_rp2,C,1.0,3,1,0.33013844515441915,expansion,True,False,True,True,False,True,True,True,True,False,False,True,False,True,False,True,0.6397058823529386,0.764,0.7776,engulf,10,1.3,0.45,legacy,1,True,True,False,False,5,"a_volume,a_pre_total_ge4,a_score_ge13,a_wick_le_q1,a_pre_total_ge1,a_trend_align,a_room",False,True,False,True,False,False,False,SWEEP,1,False,True,0.6397058823529386,0.4140277414289468,,False,False,False,False,109359.76635811794,A,direct_under_threshold,0.0,1,104305.03470986386,A,2025-02,2025-02-12 00:00:00,0.0829357156428015,range,True,False,a_room+a_score_ge13+a_volume||range||short,1,3
BTC+ETH+SOL+XRP+DOGE+AVAX+LINK+BNB+ADA v19b norefine rpboost (9coins),orderbook_split_proxy,v19b_norefine_rpboost_9coins,1.0,3.0,capFixed,BNBUSDT,2025-02-13 16:00:00+00:00,2025-02-13 20:00:00+00:00,long,689.44,689.44,0.0,689.44,684.0557142857143,234.44374125449832,161634.89297050133,161634.89297050133,0.012,0.012,1262.3120868402973,5.384285714285738,-1.1275466967365344,-1423.3158237673786,loss,stop,1,10.0,B,1,tier_d_skip,D,1.0,0,0,0.39215686274510064,base,False,False,False,False,False,True,False,False,False,False,False,True,False,True,False,False,0.0,687.04,689.44,engulf,10,1.3,0.45,legacy,1,True,True,False,True,6,"a_score_ge13,a_room",False,False,False,False,False,False,False,none,0,False,False,0.0,0.0,,False,False,False,False,105192.67390335811,A,direct_under_threshold,0.0,1,102881.71888609648,A,2025-02,2025-02-13 12:00:00,-0.3843309764369821,range,True,True,a_fvg_absent+a_room+a_score_ge13||range||long,1,3
BTC+ETH+SOL+XRP+DOGE+AVAX+LINK+BNB+ADA v19b norefine rpboost (9coins),orderbook_split_proxy,v19b_norefine_rpboost_9coins,1.0,3.0,capFixed,ETHUSDT,2025-02-18 04:00:00+00:00,2025-02-20 04:00:00+00:00,short,2720.92,2720.92,0.0,2720.92,2852.843485714286,11.697885141040743,31829.00963796058,31829.00963796058,0.015,0.015,1543.2257832914472,131.92348571428602,-0.08099316010449355,-124.99073294350666,time_exit_non_runner,time_exit_non_runner,12,10.0,A,2,rp_pass_rp2,S,1.0,4,0,0.1615820502547031,base,False,False,True,True,False,True,True,True,True,False,False,True,False,True,False,True,0.361997746901984,2716.37,2743.0,engulf,10,1.3,0.45,legacy,1,True,False,True,False,5,"a_volume,a_pre_total_ge4,a_score_ge13,a_wick_le_q1,a_pre_total_ge1,a_trend_align,a_room",False,True,False,True,False,False,False,SWEEP,1,False,True,0.361997746901984,0.8849068789224575,,False,False,False,False,102881.71888609648,A,direct_under_threshold,0.0,1,102756.72815315297,A,2025-02,2025-02-18 00:00:00,-0.6162764991863372,range,True,False,a_room+a_score_ge13+a_volume||range||short,1,3
BTC+ETH+SOL+XRP+DOGE+AVAX+LINK+BNB+ADA v19b norefine rpboost (9coins),orderbook_split_proxy,v19b_norefine_rpboost_9coins,1.0,3.0,capFixed,BNBUSDT,2025-02-22 00:00:00+00:00,2025-02-22 16:00:00+00:00,short,647.18,647.18,0.0,647.18,668.5034285714286,57.827508072038995,37424.806674062194,37424.806674062194,0.012,0.012,1233.0807378378356,21.32342857142862,-1.0308506538750133,-1271.1220848808166,loss,stop,4,10.25,S,3,rp_pass_rp3,B,1.0,1,1,0.22062103276719844,base,False,False,True,False,False,True,True,True,True,False,True,False,False,False,True,False,0.0,647.18,648.14,engulf,10,1.3,0.45,legacy,1,True,False,True,False,3,"a_volume,a_score_ge13,a_wick_le_q1,a_pre_total_ge1,a_trend_align,a_fvg,a_room",False,True,False,True,False,False,False,SWEEP,1,False,False,0.0,0.0,,False,False,False,False,102756.72815315297,A,direct_under_threshold,0.0,1,101485.60606827216,A,2025-02,2025-02-21 20:00:00,1.1130342286339698,up,False,False,a_room+a_score_ge13+a_volume||up||short,1,3
BTC+ETH+SOL+XRP+DOGE+AVAX+LINK+BNB+ADA v19b norefine rpboost (9coins),orderbook_split_proxy,v19b_norefine_rpboost_9coins,1.0,3.0,capFixed,AVAXUSDT,2025-02-23 20:00:00+00:00,2025-02-24 00:00:00+00:00,short,24.963,24.963,0.0,24.963,25.20322857142857,3802.0891902361886,94911.55245586598,94911.55245586598,0.009,0.009,913.3704546144494,0.24022857142857035,0.9966364652711698,910.2983013700663,win,stop,1,8.5,B,1,rp_boost_rp1_x1.5,B,1.0,2,0,0.12924281984333996,base,False,False,False,False,False,False,True,True,False,False,False,True,False,True,False,True,0.5292096219931262,24.851,25.142,engulf,10,1.3,0.45,legacy,1,True,False,False,False,4,"a_wick_le_q1,a_pre_total_ge1,a_room",False,False,False,False,False,False,False,none,0,False,True,0.5292096219931262,4.516531874405352,,False,False,False,False,101485.60606827216,A,direct_under_threshold,0.0,1,102395.90436964223,A,2025-02,2025-02-23 16:00:00,-0.41931913487892614,range,True,True,a_fvg_absent+a_ob+a_room+a_trend_counter||range||short,1,4
BTC+ETH+SOL+XRP+DOGE+AVAX+LINK+BNB+ADA v19b norefine rpboost (9coins),orderbook_split_proxy,v19b_norefine_rpboost_9coins,1.0,3.0,capFixed,LINKUSDT,2025-02-22 00:00:00+00:00,2025-03-06 08:00:00+00:00,short,17.799,17.799,0.0,17.799,18.506097142857143,1162.5755153013038,20692.681596847906,20692.681596847906,0.008,0.008,822.0538252252238,0.707097142857144,0.905293069693395,744.1996308913405,win,stop,74,12.75,S,4,rp_pass_rp4,S,1.0,5,2,0.2064156206415627,expansion,True,False,True,True,True,True,True,True,True,True,True,False,False,False,True,True,0.4318555008210196,17.453,18.062,engulf,10,1.3,0.45,legacy,1,True,False,True,False,4,"a_volume,a_pre_total_ge4,a_sweep_count_2_4,a_score_ge13,a_wick_le_q1,a_pre_total_ge1,a_trend_align,a_mss,a_fvg,a_room",False,True,False,True,False,False,False,SWEEP,1,False,True,0.4318555008210196,6.697806726899505,,True,True,True,True,102756.72815315297,A,direct_under_threshold,0.0,1,103140.10400053357,A,2025-03,2025-02-21 20:00:00,1.1130342286339698,up,False,False,a_mss+a_room+a_volume||up||short,2,3
BTC+ETH+SOL+XRP+DOGE+AVAX+LINK+BNB+ADA v19b norefine rpboost (9coins),orderbook_split_proxy,v19b_norefine_rpboost_9coins,1.0,3.0,capFixed,XRPUSDT,2025-02-25 20:00:00+00:00,2025-02-27 20:00:00+00:00,short,2.3347,2.3347,0.0,2.3347,2.622334857142857,2868.6399145096093,6697.413608405585,6697.413608405585,0.008,0.008,825.1208320042686,0.28763485714285686,0.46981093092234194,387.6507862073427,time_exit_non_runner,time_exit_non_runner,12,10.0,S,3,rp_pass_rp3,B,1.0,0,0,0.17457264957264854,base,False,False,True,False,False,True,True,False,True,False,True,False,False,False,True,False,0.0,2.3347,2.3784,engulf,10,1.3,0.45,legacy,1,True,True,False,True,4,"a_volume,a_score_ge13,a_wick_le_q1,a_trend_align,a_fvg,a_room",False,True,True,False,False,False,False,VOLUME,1,False,False,0.0,0.6612550435969433,,False,False,False,False,103140.10400053357,A,direct_under_threshold,0.0,1,103527.75478674092,A,2025-02,2025-02-25 16:00:00,-3.4635999821461234,down,False,False,a_room+a_score_ge13+a_vol_expansion+a_volume||down||short,1,4
BTC+ETH+SOL+XRP+DOGE+AVAX+LINK+BNB+ADA v19b norefine rpboost (9coins),orderbook_split_proxy,v19b_norefine_rpboost_9coins,1.0,3.0,capFixed,LINKUSDT,2025-03-01 00:00:00+00:00,2025-03-01 04:00:00+00:00,short,14.923,14.923,0.0,14.923,15.26817142857143,2399.4513153122566,35807.01197840481,35807.01197840481,0.008,0.008,828.2220382939273,0.3451714285714296,0.20689141006539208,171.35202534986377,win,stop,1,10.25,S,3,tier_d_skip,D,1.0,0,0,0.3707458363504722,base,False,False,True,False,False,True,False,False,True,False,True,False,False,False,True,False,0.0,14.923,15.082,engulf,10,1.3,0.45,legacy,1,True,False,False,True,4,"a_volume,a_score_ge13,a_trend_align,a_fvg,a_room",False,True,True,False,False,False,False,VOLUME,1,False,False,0.0,1.1907126893469038,,False,False,False,False,103527.75478674092,A,direct_under_threshold,0.0,1,103699.10681209077,A,2025-03,2025-02-28 20:00:00,-4.832017151251574,down,False,False,a_room+a_score_ge13+a_vol_expansion+a_volume||down||short,1,4
BTC+ETH+SOL+XRP+DOGE+AVAX+LINK+BNB+ADA v19b norefine rpboost (9coins),orderbook_split_proxy,v19b_norefine_rpboost_9coins,1.0,3.0,capFixed,ADAUSDT,2025-03-02 20:00:00+00:00,2025-03-03 00:00:00+00:00,short,1.115,1.115,0.0,1.115,1.1287857142857143,60177.72001530654,67098.15781706679,67098.15781706679,0.008,0.008,829.5928544967262,0.01378571428571429,1.0196691709844559,845.9102581993052,win,stop,1,8.5,B,1,rp_boost_rp1_x1.5,B,1.0,0,0,0.1300211416490484,base,False,False,False,False,False,False,True,False,False,False,False,True,False,True,False,False,0.0,1.115,1.124,engulf,10,1.3,0.45,legacy,1,True,True,False,True,5,"a_wick_le_q1,a_room",False,False,False,False,False,False,False,none,0,False,False,0.0,5.295336787564762,,True,True,False,True,103699.10681209077,A,direct_under_threshold,0.0,1,104545.01707029008,A,2025-03,2025-03-02 16:00:00,1.1001646907840077,up,True,True,a_fvg_absent+a_ob+a_room+a_trend_counter||up||short,1,4
BTC+ETH+SOL+XRP+DOGE+AVAX+LINK+BNB+ADA v19b norefine rpboost (9coins),orderbook_split_proxy,v19b_norefine_rpboost_9coins,1.0,3.0,capFixed,SOLUSDT,2025-03-03 08:00:00+00:00,2025-03-03 12:00:00+00:00,long,161.703,161.703,0.0,161.703,159.7462142857143,534.2691144311266,86392.91861085646,86392.91861085646,0.01,0.01,1045.4501707029008,1.9567857142857008,-1.0821370505566716,-1131.3203642284059,loss,stop,1,8.75,B,2,tier_d_skip,D,1.0,0,0,0.27057115198451,base,False,True,True,False,False,False,True,False,False,False,True,False,False,False,True,False,0.0,160.545,161.703,engulf,10,1.3,0.45,legacy,1,True,True,False,True,5,"a_sweep,a_volume,a_wick_le_q1,a_fvg,a_room",True,True,True,True,False,False,False,SWEEP+VOLUME,2,False,False,0.0,2.676327797043272,,False,False,False,False,104545.01707029008,A,direct_under_threshold,0.0,1,103413.69670606167,A,2025-03,2025-03-03 04:00:00,3.51533463927285,up,False,True,a_room+a_vol_expansion+a_volume||up||long,2,3
BTC+ETH+SOL+XRP+DOGE+AVAX+LINK+BNB+ADA v19b norefine rpboost (9coins),orderbook_split_proxy,v19b_norefine_rpboost_9coins,1.0,3.0,capFixed,XRPUSDT,2025-03-03 08:00:00+00:00,2025-03-03 16:00:00+00:00,long,2.5326,2.5326,0.0,2.5326,2.4976946428571427,23960.795849741553,60683.11156905546,60683.11156905546,0.008,0.008,836.3601365623207,0.03490535714285725,2.0213234373561098,1690.5543461037755,win,stop,2,8.0,B,1,tier_d_skip,D,1.0,0,0,0.2566718995290437,base,False,False,False,False,False,False,True,False,False,False,False,False,False,True,False,True,1.0,2.5224,2.5326,engulf,10,1.3,0.45,legacy,1,True,True,False,True,4,"a_wick_le_q1,a_room",False,False,False,False,False,False,False,none,0,False,True,1.0,5.196910011766495,2.9708906737606675,True,True,True,True,104545.01707029008,A,direct_under_threshold,0.0,1,105104.25105216545,A,2025-03,2025-03-03 04:00:00,3.51533463927285,up,True,True,a_fvg_absent+a_room+a_vol_expansion||up||long,1,3
BTC+ETH+SOL+XRP+DOGE+AVAX+LINK+BNB+ADA v19b norefine rpboost (9coins),orderbook_split_proxy,v19b_norefine_rpboost_9coins,1.0,3.0,capFixed,ADAUSDT,2025-03-03 04:00:00+00:00,2025-03-05 04:00:00+00:00,long,0.9969,0.9969,0.0,0.9969,0.63894,2336.4625560462637,2329.21952212252,2329.21952212252,0.008,0.008,836.3601365623207,0.35796000000000006,-0.1655708738406526,-138.47687865611098,time_exit_non_runner,time_exit_non_runner,12,11.25,A,2,rp_pass_rp2,B,1.0,1,0,0.16793587174348623,base,False,False,True,False,False,True,True,True,False,True,True,False,False,False,True,True,0.8255033557046978,0.8985,1.0177,engulf,10,1.3,0.45,legacy,1,True,True,False,True,6,"a_volume,a_score_ge13,a_wick_le_q1,a_pre_total_ge1,a_mss,a_fvg,a_room",False,True,True,True,False,False,False,SWEEP+VOLUME,2,False,True,0.8255033557046978,0.10001117443289735,,False,False,False,False,104545.01707029008,A,direct_under_threshold,0.0,1,104965.77417350933,A,2025-03,2025-03-03 00:00:00,2.780198856377322,up,False,True,a_mss+a_room+a_score_ge13+a_trend_counter+a_vol_expansion+a_volume||up||long,5,6
BTC+ETH+SOL+XRP+DOGE+AVAX+LINK+BNB+ADA v19b norefine rpboost (9coins),orderbook_split_proxy,v19b_norefine_rpboost_9coins,1.0,3.0,capFixed,LINKUSDT,2025-03-06 08:00:00+00:00,2025-03-06 16:00:00+00:00,long,16.851,16.851,0.0,16.851,16.47925142857143,2258.8551992577804,38063.96896269286,38063.96896269286,0.008,0.008,839.7261933880746,0.37174857142856865,0.20454597577471684,171.7626136101523,win,stop,2,7.75,B,2,rp_pass_rp2,S,1.0,3,2,0.1281512605042018,base,False,False,True,True,True,False,True,True,False,False,True,False,False,False,True,True,0.6158192090395493,16.541,16.895,engulf,10,1.3,0.45,legacy,1,False,True,False,True,3,"a_volume,a_pre_total_ge4,a_sweep_count_2_4,a_wick_le_q1,a_pre_total_ge1,a_fvg",False,True,False,False,False,False,False,none,0,False,True,0.6158192090395493,1.8560932120019848,,False,False,False,False,104965.77417350933,A,direct_under_threshold,0.0,1,105137.53678711948,A,2025-03,2025-03-06 04:00:00,1.319312007723105,up,False,True,a_trend_counter+a_vol_expansion+a_volume||up||long,1,3
BTC+ETH+SOL+XRP+DOGE+AVAX+LINK+BNB+ADA v19b norefine rpboost (9coins),orderbook_split_proxy,v19b_norefine_rpboost_9coins,1.0,3.0,capFixed,ADAUSDT,2025-03-06 12:00:00+00:00,2025-03-06 16:00:00+00:00,long,0.9252,0.9252,0.0,0.9252,0.9096857142857143,54125.99773219638,50077.373101828096,50077.373101828096,0.008,0.008,839.7261933880746,0.015514285714285703,-1.059135359116022,-889.3837033932086,loss,stop,1,8.5,B,2,tier_d_skip,D,1.0,0,0,0.3434004474272936,base,False,False,True,False,False,False,True,False,True,False,False,True,False,True,False,False,0.0,0.9116,0.9252,engulf,10,1.3,0.45,legacy,1,True,False,False,False,4,"a_volume,a_wick_le_q1,a_trend_align,a_room",False,True,False,False,False,False,False,none,0,False,False,0.0,0.6961325966850854,,False,False,False,False,104965.77417350933,A,direct_under_threshold,0.0,1,104248.15308372627,A,2025-03,2025-03-06 08:00:00,1.419400031024086,up,True,False,a_fvg_absent+a_room+a_volume||up||long,1,3
BTC+ETH+SOL+XRP+DOGE+AVAX+LINK+BNB+ADA v19b norefine rpboost (9coins),orderbook_split_proxy,v19b_norefine_rpboost_9coins,1.0,3.0,capFixed,ADAUSDT,2025-03-09 16:00:00+00:00,2025-03-11 16:00:00+00:00,long,0.7989,0.7989,0.0,0.7989,0.6376919999999999,5173.348870216177,4132.988412415704,4132.988412415704,0.008,0.008,833.9852246698101,0.16120800000000013,-0.4240800704679671,-353.67651284721643,time_exit_non_runner,time_exit_non_runner,12,11.75,S,3,rp_pass_rp3,S,1.0,7,2,0.11618257261410732,base,False,False,True,True,True,True,True,True,False,True,True,False,False,False,True,True,0.08337569903406244,0.6677,0.8644,engulf,10,1.3,0.45,legacy,1,True,True,False,False,5,"a_volume,a_pre_total_ge4,a_sweep_count_2_4,a_score_ge13,a_wick_le_q1,a_pre_total_ge1,a_mss,a_fvg,a_room",False,True,True,False,False,False,False,VOLUME,1,False,True,0.08337569903406244,0.0,,False,False,False,False,104248.15308372627,A,direct_under_threshold,0.0,1,103894.47657087905,A,2025-03,2025-03-09 12:00:00,-2.4719316425600133,down,False,True,a_room+a_score_ge13+a_trend_counter||down||long,1,3
BTC+ETH+SOL+XRP+DOGE+AVAX+LINK+BNB+ADA v19b norefine rpboost (9coins),orderbook_split_proxy,v19b_norefine_rpboost_9coins,1.0,3.0,capFixed,BNBUSDT,2025-03-13 12:00:00+00:00,2025-03-13 20:00:00+00:00,short,613.62,613.62,0.0,613.62,617.0841071428572,359.90044979447305,220842.11400288454,220842.11400288454,0.012,0.012,1246.7337188505487,3.4641071428571877,4.940762114026445,6159.814724376088,win,stop,2,10.75,S,3,rp_pass_rp3,B,1.0,0,0,0.1687910390112044,base,False,False,True,False,False,True,True,False,True,False,True,False,False,False,True,False,0.0,613.62,615.26,engulf,10,1.3,0.45,legacy,1,True,True,False,False,3,"a_volume,a_score_ge13,a_wick_le_q1,a_trend_align,a_fvg,a_room",False,True,False,True,False,False,False,SWEEP,1,False,False,0.0,12.291767616887322,12.291767616887322,True,True,True,True,103894.47657087905,A,direct_under_threshold,0.0,1,110054.29129525514,A,2025-03,2025-03-13 08:00:00,0.12107968454481163,range,False,False,a_room+a_score_ge13+a_volume||range||short,1,3
BTC+ETH+SOL+XRP+DOGE+AVAX+LINK+BNB+ADA v19b norefine rpboost (9coins),orderbook_split_proxy,v19b_norefine_rpboost_9coins,1.0,3.0,capFixed,BTCUSDT,2025-03-13 20:00:00+00:00,2025-03-14 12:00:00+00:00,short,81730.5,81730.5,0.0,81730.5,84630.38857142857,0.8349267045467408,68238.9770259574,68238.9770259574,0.022,0.022,2421.194408495613,2899.8885714285716,-1.028684013967039,-2490.643982725818,loss,stop,4,10.75,S,3,rp_pass_rp3,A,1.0,5,3,0.40404679615116296,base,False,False,True,True,True,True,False,True,True,False,True,False,False,False,True,True,0.21334297595371599,81243.8,82350.0,engulf,10,1.3,0.45,legacy,1,True,False,True,False,3,"a_volume,a_pre_total_ge4,a_sweep_count_2_4,a_score_ge13,a_pre_total_ge1,a_trend_align,a_fvg,a_room",False,True,False,False,False,False,False,none,0,False,True,0.21334297595371599,0.33052994154455195,,False,False,False,False,110054.29129525514,A,direct_under_threshold,0.0,1,107563.64731252933,A,2025-03,2025-03-13 16:00:00,0.11984293907369212,range,False,False,a_room+a_score_ge13+a_volume||range||short,1,3
BTC+ETH+SOL+XRP+DOGE+AVAX+LINK+BNB+ADA v19b norefine rpboost (9coins),orderbook_split_proxy,v19b_norefine_rpboost_9coins,1.0,3.0,capFixed,BNBUSDT,2025-03-16 04:00:00+00:00,2025-03-16 08:00:00+00:00,long,609.34,609.34,0.0,609.34,607.1766071428572,529.5745264344831,322690.941937588,322690.941937588,0.012,0.012,1145.6777478131771,2.163392857142867,-1.2811594304581084,-1467.7958508768584,loss,stop,1,8.0,B,1,rp_boost_rp1_x1.5,B,1.0,0,0,0.048966267682256225,base,False,False,True,False,False,False,True,False,False,False,False,False,False,True,False,True,0.7222222222220935,608.8,609.34,engulf,10,1.3,0.45,legacy,1,True,True,False,False,4,"a_volume,a_wick_le_q1,a_room",False,True,False,False,False,False,False,none,0,False,True,0.7222222222220935,0.0,,False,False,False,False,107563.64731252933,A,direct_under_threshold,0.0,1,106095.85146165246,A,2025-03,2025-03-16 00:00:00,1.657535263554595,up,True,True,a_fvg_absent+a_room+a_volume||up||long,1,3
BTC+ETH+SOL+XRP+DOGE+AVAX+LINK+BNB+ADA v19b norefine rpboost (9coins),orderbook_split_proxy,v19b_norefine_rpboost_9coins,1.0,3.0,capFixed,DOGEUSDT,2025-03-14 12:00:00+00:00,2025-03-17 20:00:00+00:00,short,0.17435,0.17435,0.0,0.17435,0.17959445714285713,164079.74268075314,28607.303136389313,28607.303136389313,0.008,0.008,860.5091785002346,0.005244457142857123,0.2952029854649296,254.0248785132433,time_exit_non_runner,time_exit_non_runner,20,10.25,S,3,tier_d_skip,D,1.0,0,0,0.33333333333333465,expansion,True,False,True,False,False,True,True,False,True,False,True,False,False,False,True,False,0.0,0.17435,0.17919,engulf,10,1.3,0.45,legacy,1,True,False,True,False,3,"a_volume,a_score_ge13,a_wick_le_q1,a_trend_align,a_fvg,a_room",False,True,True,False,False,False,False,VOLUME,1,False,False,0.0,1.6722417137004575,,False,False,False,False,107563.64731252933,A,direct_under_threshold,0.0,1,106349.8763401657,A,2025-03,2025-03-14 08:00:00,0.5257650578886761,range,False,False,a_room+a_score_ge13+a_volume||range||short,1,3
BTC+ETH+SOL+XRP+DOGE+AVAX+LINK+BNB+ADA v19b norefine rpboost (9coins),orderbook_split_proxy,v19b_norefine_rpboost_9coins,1.0,3.0,capFixed,LINKUSDT,2025-03-21 12:00:00+00:00,2025-03-21 16:00:00+00:00,long,13.99,13.99,0.0,13.99,13.879520000000001,7700.9323924812925,107736.04417081329,107736.04417081329,0.008,0.008,850.7990107213257,0.11047999999999902,0.12324574583634935,104.85735863317797,win,stop,1,9.0,B,1,tier_d_skip,D,1.0,0,0,0.3463687150837958,base,False,False,False,False,False,False,True,False,False,False,False,True,False,True,False,False,0.0,13.909,13.99,engulf,10,1.3,0.45,legacy,1,True,False,True,False,4,"a_wick_le_q1,a_room",False,False,False,True,False,False,False,SWEEP,1,False,False,0.0,1.0318609703113686,,False,False,False,False,106349.8763401657,A,direct_under_threshold,0.0,1,106454.73369879888,A,2025-03,2025-03-21 08:00:00,1.2517514778830905,up,True,True,a_fvg_absent+a_ob+a_room+a_trend_counter||up||long,1,4
BTC+ETH+SOL+XRP+DOGE+AVAX+LINK+BNB+ADA v19b norefine rpboost (9coins),orderbook_split_proxy,v19b_norefine_rpboost_9coins,1.0,3.0,capFixed,AVAXUSDT,2025-03-24 00:00:00+00:00,2025-03-24 04:00:00+00:00,short,20.973,20.973,0.0,20.973,21.444674285714285,2031.2589265668569,42601.59346688669,42601.59346688669,0.009,0.009,958.0926032891898,0.47167428571428616,-1.0449650061180233,-1001.1732430577212,loss,stop,1,8.5,B,1,tier_d_skip,D,1.0,0,0,0.3609534619750324,base,False,False,True,False,False,False,False,False,False,False,False,True,False,True,False,False,0.0,20.973,21.416,engulf,10,1.3,0.45,legacy,1,True,True,False,False,5,"a_volume,a_room",False,True,True,True,False,False,False,SWEEP+VOLUME,2,False,False,0.0,0.0,,False,False,False,False,106454.73369879888,A,direct_under_threshold,0.0,1,105453.56045574116,A,2025-03,2025-03-23 20:00:00,0.0669093932242419,range,True,True,a_fvg_absent+a_ob+a_room+a_trend_counter||range||short,1,4
BTC+ETH+SOL+XRP+DOGE+AVAX+LINK+BNB+ADA v19b norefine rpboost (9coins),orderbook_split_proxy,v19b_norefine_rpboost_9coins,1.0,3.0,capFixed,SOLUSDT,2025-03-24 04:00:00+00:00,2025-03-24 08:00:00+00:00,short,138.83,138.83,0.0,138.83,141.3701714285714,415.14347917474464,57634.36921382981,57634.36921382981,0.01,0.01,1054.5356045574115,2.540171428571398,-1.0551537916451088,-1112.69724157352,loss,stop,1,8.5,B,1,tier_d_skip,D,1.0,0,0,0.2851323828920468,base,False,False,True,False,False,False,True,False,False,False,False,True,False,True,False,False,0.0,138.83,141.17,engulf,10,1.3,0.45,legacy,1,True,True,True,False,5,"a_volume,a_wick_le_q1,a_room",False,True,True,False,False,False,False,VOLUME,1,False,False,0.0,0.11810226531393297,,False,False,False,False,105453.56045574116,A,direct_under_threshold,0.0,1,104340.86321416764,A,2025-03,2025-03-24 00:00:00,0.20239816471739352,range,True,True,a_fvg_absent+a_ob+a_room+a_trend_counter||range||short,1,4
BTC+ETH+SOL+XRP+DOGE+AVAX+LINK+BNB+ADA v19b norefine rpboost (9coins),orderbook_split_proxy,v19b_norefine_rpboost_9coins,1.0,3.0,capFixed,DOGEUSDT,2025-03-26 04:00:00+00:00,2025-03-26 08:00:00+00:00,short,0.19988,0.19988,0.0,0.19988,0.20125785714285715,605815.2763082784,121090.3574284987,121090.3574284987,0.008,0.008,834.7269057133411,0.0013778571428571529,-1.145565837221357,-956.2346265946965,loss,stop,1,9.0,B,1,tier_d_skip,D,1.0,0,0,0.4326337169939077,base,False,False,True,False,False,False,False,False,False,False,False,True,False,True,False,False,0.0,0.19988,0.20224,engulf,10,1.3,0.45,legacy,1,True,True,False,False,5,"a_volume,a_room",False,True,True,True,False,False,False,SWEEP+VOLUME,2,False,False,0.0,0.0,,False,False,False,False,104340.86321416764,A,direct_under_threshold,0.0,1,103384.62858757294,A,2025-03,2025-03-26 00:00:00,2.121715536137745,up,True,True,a_fvg_absent+a_ob+a_room+a_trend_counter||up||short,1,4
BTC+ETH+SOL+XRP+DOGE+AVAX+LINK+BNB+ADA v19b norefine rpboost (9coins),orderbook_split_proxy,v19b_norefine_rpboost_9coins,1.0,3.0,capFixed,BTCUSDT,2025-04-04 04:00:00+00:00,2025-04-04 08:00:00+00:00,short,83889.2,83889.2,0.0,83889.2,84602.66742857143,3.1878986171530586,267430.26467407634,267430.26467407634,0.022,0.022,2274.4618289266045,713.4674285714282,0.9829704208341076,2235.7287011510984,win,stop,1,10.75,S,3,tier_d_skip,D,1.0,0,0,0.25532809871004075,base,False,False,True,False,False,True,True,False,True,False,True,False,False,False,True,False,0.0,83889.2,86142.0,engulf,10,1.3,0.45,legacy,1,True,False,False,True,4,"a_volume,a_score_ge13,a_wick_le_q1,a_trend_align,a_fvg,a_room",False,True,False,False,False,False,False,none,0,False,False,0.0,3.1740762217195915,,False,False,False,False,103384.62858757294,A,direct_under_threshold,0.0,1,105620.35728872403,A,2025-04,2025-04-04 00:00:00,0.2145607000340486,range,False,False,a_room+a_score_ge13+a_vol_expansion+a_volume||range||short,2,4
BTC+ETH+SOL+XRP+DOGE+AVAX+LINK+BNB+ADA v19b norefine rpboost (9coins),orderbook_split_proxy,v19b_norefine_rpboost_9coins,1.0,3.0,capFixed,XRPUSDT,2025-04-03 16:00:00+00:00,2025-04-05 16:00:00+00:00,short,2.0699,2.0699,0.0,2.0699,2.2073782857142854,6016.0557312989695,12452.633758215738,12452.633758215738,0.008,0.008,827.0770287005835,0.13747828571428533,-0.3680155723293438,-304.3772260776983,time_exit_non_runner,time_exit_non_runner,12,13.75,S,4,rp_pass_rp4,S,1.0,0,0,0.17683465959327296,base,False,False,True,False,False,True,True,False,True,True,True,False,False,False,True,True,0.048172757475081415,2.0699,2.1301,engulf,10,1.3,0.45,legacy,1,True,True,False,True,5,"a_volume,a_score_ge13,a_wick_le_q1,a_trend_align,a_mss,a_fvg,a_room",False,True,False,True,False,False,False,SWEEP,1,False,True,0.048172757475081415,0.40079056640633176,,False,False,False,False,103384.62858757294,A,direct_under_threshold,0.0,1,105315.98006264633,A,2025-04,2025-04-03 12:00:00,0.8545615598925983,range,False,False,a_room+a_score_ge13+a_vol_expansion+a_volume||range||short,2,4
BTC+ETH+SOL+XRP+DOGE+AVAX+LINK+BNB+ADA v19b norefine rpboost (9coins),orderbook_split_proxy,v19b_norefine_rpboost_9coins,1.0,3.0,capFixed,BNBUSDT,2025-04-04 04:00:00+00:00,2025-04-06 04:00:00+00:00,short,594.36,594.36,0.0,594.36,618.9222857142856,50.50896148192443,30020.506346396603,30020.506346396603,0.012,0.012,1240.6155430508752,24.562285714285622,0.14321529522613177,177.67512126015887,time_exit_non_runner,time_exit_non_runner,12,10.0,S,3,rp_pass_rp3,B,1.0,0,0,0.21508544490277462,base,False,False,True,False,False,True,True,False,True,False,True,False,False,False,True,False,0.0,594.36,597.82,engulf,10,1.3,0.45,legacy,1,True,False,False,False,3,"a_volume,a_score_ge13,a_wick_le_q1,a_trend_align,a_fvg,a_room",False,True,True,False,False,False,False,VOLUME,1,False,False,0.0,0.38921459147590187,,False,False,False,False,103384.62858757294,A,direct_under_threshold,0.0,1,105493.65518390648,A,2025-04,2025-04-04 00:00:00,0.2145607000340486,range,False,False,a_room+a_score_ge13+a_volume||range||short,1,3
BTC+ETH+SOL+XRP+DOGE+AVAX+LINK+BNB+ADA v19b norefine rpboost (9coins),orderbook_split_proxy,v19b_norefine_rpboost_9coins,1.0,3.0,capFixed,AVAXUSDT,2025-04-03 04:00:00+00:00,2025-04-06 12:00:00+00:00,short,18.913,18.913,0.0,18.913,19.592885714285714,1368.5559760079634,25883.499174238612,25883.499174238612,0.009,0.009,930.4616572881564,0.6798857142857138,2.159987497898807,2009.7855470166223,time_exit_non_runner,time_exit_non_runner,20,12.75,S,4,rp_pass_rp4,C,1.0,1,0,0.2460538532961927,expansion,True,False,True,False,False,True,True,True,True,True,True,False,False,False,True,True,0.2172619047619069,18.841,19.177,engulf,10,1.3,0.45,legacy,1,True,False,False,True,5,"a_volume,a_score_ge13,a_wick_le_q1,a_pre_total_ge1,a_trend_align,a_mss,a_fvg,a_room",False,True,True,False,False,False,False,VOLUME,1,False,True,0.2172619047619069,3.078458564464618,,False,False,False,False,103384.62858757294,A,direct_under_threshold,0.0,1,107503.4407309231,A,2025-04,2025-04-03 00:00:00,1.6752695646170153,up,False,False,a_mss+a_room+a_volume||up||short,2,3
BTC+ETH+SOL+XRP+DOGE+AVAX+LINK+BNB+ADA v19b norefine rpboost (9coins),orderbook_split_proxy,v19b_norefine_rpboost_9coins,1.0,3.0,capFixed,ADAUSDT,2025-04-04 12:00:00+00:00,2025-04-06 12:00:00+00:00,short,0.6514,0.6514,0.0,0.6514,0.7117834285714285,13993.29051529878,9115.229441665626,9115.229441665626,0.008,0.008,844.9628583097923,0.06038342857142853,0.39681251242062576,335.2918347080219,time_exit_non_runner,time_exit_non_runner,12,14.0,S,3,rp_pass_rp3,S,1.0,4,2,0.08060453400503738,base,False,False,True,True,True,True,True,True,True,True,False,True,False,True,False,True,0.34545454545454746,0.6514,0.6624,engulf,10,1.3,0.45,legacy,1,True,True,False,True,7,"a_volume,a_pre_total_ge4,a_sweep_count_2_4,a_score_ge13,a_wick_le_q1,a_pre_total_ge1,a_trend_align,a_mss,a_room",False,True,True,False,False,False,False,VOLUME,1,False,True,0.34545454545454746,0.5531318904902954,,False,False,False,False,105620.35728872403,A,direct_under_threshold,0.0,1,107838.73256563113,A,2025-04,2025-04-04 08:00:00,-0.639286453285638,range,True,False,a_fvg_absent+a_mss+a_ob+a_room+a_score_ge13+a_vol_expansion+a_volume||range||short,3,7
BTC+ETH+SOL+XRP+DOGE+AVAX+LINK+BNB+ADA v19b norefine rpboost (9coins),orderbook_split_proxy,v19b_norefine_rpboost_9coins,1.0,3.0,capFixed,SOLUSDT,2025-04-04 12:00:00+00:00,2025-04-06 12:00:00+00:00,short,120.88,120.88,0.0,120.88,130.3166857142857,111.92526750025253,13529.526335430526,13529.526335430526,0.01,0.01,1056.2035728872404,9.436685714285716,0.621204327185088,656.1182298659043,time_exit_non_runner,time_exit_non_runner,12,12.75,S,4,rp_pass_rp4,B,1.0,0,0,0.13554216867469965,base,False,False,True,False,False,True,True,False,True,True,True,False,False,False,True,False,0.0,120.88,129.09,engulf,10,1.3,0.45,legacy,1,True,True,False,True,5,"a_volume,a_score_ge13,a_wick_le_q1,a_trend_align,a_mss,a_fvg,a_room",False,True,True,False,False,False,False,VOLUME,1,False,False,0.0,0.7078756464133888,,False,False,False,False,105620.35728872403,A,direct_under_threshold,0.0,1,108494.85079549704,A,2025-04,2025-04-04 08:00:00,-0.639286453285638,range,False,False,a_room+a_score_ge13+a_vol_expansion+a_volume||range||short,2,4
BTC+ETH+SOL+XRP+DOGE+AVAX+LINK+BNB+ADA v19b norefine rpboost (9coins),orderbook_split_proxy,v19b_norefine_rpboost_9coins,1.0,3.0,capFixed,LINKUSDT,2025-04-05 08:00:00+00:00,2025-04-07 08:00:00+00:00,short,12.938,12.938,0.0,12.938,14.429394285714285,566.5590021387994,7330.140369671787,7330.140369671787,0.008,0.008,844.9628583097922,1.491394285714284,1.3684758049993504,1156.3112277200448,time_exit_non_runner,time_exit_non_runner,12,10.0,S,3,rp_pass_rp3,S,1.0,4,0,0.22947368421052933,base,False,False,True,True,False,True,True,True,True,True,False,True,False,True,False,True,0.14166666666666733,12.705,13.065,engulf,10,1.3,0.45,legacy,1,True,False,False,False,6,"a_volume,a_pre_total_ge4,a_score_ge13,a_wick_le_q1,a_pre_total_ge1,a_trend_align,a_mss,a_room",False,True,True,False,False,False,False,VOLUME,1,False,True,0.14166666666666733,1.9029173084438753,,False,False,False,False,105620.35728872403,A,direct_under_threshold,0.0,1,109651.16202321708,A,2025-04,2025-04-05 04:00:00,-0.5116985395114951,range,True,False,a_room+a_score_ge13+a_volume||range||short,1,3
BTC+ETH+SOL+XRP+DOGE+AVAX+LINK+BNB+ADA v19b norefine rpboost (9coins),orderbook_split_proxy,v19b_norefine_rpboost_9coins,1.0,3.0,capFixed,BTCUSDT,2025-04-05 20:00:00+00:00,2025-04-07 08:00:00+00:00,short,83300.0,83300.0,0.0,83300.0,85679.02685714286,0.9739072740695361,81126.47592999236,81126.47592999236,0.022,0.022,2316.951561378219,2379.0268571428605,2.2361646631503804,5181.085207785073,win,stop,9,10.25,S,3,rp_pass_rp3,S,1.0,4,0,0.12930275460148147,base,False,False,True,True,False,True,True,True,True,False,True,False,False,False,True,True,0.15319367690527722,82839.9,83618.0,engulf,10,1.3,0.45,legacy,1,True,False,False,False,3,"a_volume,a_pre_total_ge4,a_score_ge13,a_wick_le_q1,a_pre_total_ge1,a_trend_align,a_fvg,a_room",False,True,False,False,False,False,False,none,0,False,True,0.15319367690527722,3.717066065668622,3.4670899049479256,False,False,False,False,105315.98006264633,A,direct_under_threshold,0.0,1,114832.24723100215,A,2025-04,2025-04-05 16:00:00,-0.4406953153806778,range,False,False,a_room+a_score_ge13+a_volume||range||short,1,3
BTC+ETH+SOL+XRP+DOGE+AVAX+LINK+BNB+ADA v19b norefine rpboost (9coins),orderbook_split_proxy,v19b_norefine_rpboost_9coins,1.0,3.0,capFixed,DOGEUSDT,2025-04-08 00:00:00+00:00,2025-04-08 08:00:00+00:00,short,0.15285,0.15285,0.0,0.15285,0.15496348571428573,434664.8627140085,66438.5242658362,66438.5242658362,0.008,0.008,918.6579778480173,0.002113485714285712,0.5780037162710214,530.9877251781757,win,stop,2,10.25,S,3,rp_pass_rp3,B,1.0,0,0,0.20931477516060054,base,False,False,True,False,False,True,True,False,True,False,True,False,False,False,True,False,0.0,0.15285,0.1544,engulf,10,1.3,0.45,legacy,1,True,True,False,True,4,"a_volume,a_score_ge13,a_wick_le_q1,a_trend_align,a_fvg,a_room",False,True,True,False,False,False,False,VOLUME,1,False,False,0.0,2.176499215919549,,False,False,False,False,114832.24723100215,A,direct_under_threshold,0.0,1,115363.23495618033,A,2025-04,2025-04-07 20:00:00,-3.5139412161872636,down,False,False,a_room+a_score_ge13+a_vol_expansion+a_volume||down||short,1,4
BTC+ETH+SOL+XRP+DOGE+AVAX+LINK+BNB+ADA v19b norefine rpboost (9coins),orderbook_split_proxy,v19b_norefine_rpboost_9coins,1.0,3.0,capFixed,XRPUSDT,2025-04-07 12:00:00+00:00,2025-04-09 12:00:00+00:00,short,2.0026,2.0026,0.0,2.0026,2.1763302857142857,5287.840137204574,10589.42865876588,10589.42865876588,0.008,0.008,918.6579778480173,0.1737302857142855,0.9944570804333833,913.5659305675749,time_exit_non_runner,time_exit_non_runner,12,10.75,S,3,rp_pass_rp3,B,1.0,0,0,0.1933580948219358,base,False,False,True,False,False,True,True,False,True,False,True,False,False,False,True,False,0.0,2.0026,2.0447,engulf,10,1.3,0.45,legacy,1,True,True,False,True,4,"a_volume,a_score_ge13,a_wick_le_q1,a_trend_align,a_fvg,a_room",False,True,True,False,False,False,False,VOLUME,1,False,False,0.0,1.6197521280934677,,False,False,False,False,114832.24723100215,A,direct_under_threshold,0.0,1,116276.80088674791,A,2025-04,2025-04-07 08:00:00,-2.5946214033233748,down,False,False,a_room+a_score_ge13+a_vol_expansion+a_volume||down||short,1,4
BTC+ETH+SOL+XRP+DOGE+AVAX+LINK+BNB+ADA v19b norefine rpboost (9coins),orderbook_split_proxy,v19b_norefine_rpboost_9coins,1.0,3.0,capFixed,BTCUSDT,2025-04-11 00:00:00+00:00,2025-04-11 16:00:00+00:00,short,80011.8,80011.8,0.0,80011.8,83724.18685714285,0.6890687091477392,55133.62774258708,55133.62774258708,0.022,0.022,2558.089619508454,3712.3868571428466,-1.0220526568428754,-2614.5022920607953,loss,stop,4,10.75,S,3,rp_pass_rp3,B,1.0,3,1,0.20784350026227227,base,False,False,True,True,False,True,True,True,True,False,True,False,False,False,True,True,0.4617174773097519,80011.8,81300.9,engulf,10,1.3,0.45,legacy,1,True,False,False,False,3,"a_volume,a_pre_total_ge4,a_score_ge13,a_wick_le_q1,a_pre_total_ge1,a_trend_align,a_fvg,a_room",False,True,False,False,False,False,False,none,0,False,True,0.4617174773097519,0.0,,False,False,False,False,116276.80088674791,A,direct_under_threshold,0.0,1,113662.2985946871,A,2025-04,2025-04-10 20:00:00,1.030591246643727,up,False,False,a_room+a_score_ge13+a_volume||up||short,1,3
BTC+ETH+SOL+XRP+DOGE+AVAX+LINK+BNB+ADA v19b norefine rpboost (9coins),orderbook_split_proxy,v19b_norefine_rpboost_9coins,1.0,3.0,capFixed,SOLUSDT,2025-04-10 04:00:00+00:00,2025-04-12 04:00:00+00:00,short,115.97,115.97,0.0,115.97,136.6225142857143,56.30152303885761,6529.287626816317,6529.287626816317,0.01,0.01,1162.768008867479,20.65251428571429,-0.40285990775249786,-468.4326127899082,time_exit_non_runner,time_exit_non_runner,12,9.25,B,3,tier_d_skip,D,1.0,0,0,0.2838785046728967,base,False,False,True,False,False,False,True,False,True,True,True,False,False,False,True,True,0.7944444444444495,115.97,117.77,engulf,10,1.3,0.45,legacy,1,True,False,False,True,4,"a_volume,a_wick_le_q1,a_trend_align,a_mss,a_fvg,a_room",False,True,True,False,False,False,False,VOLUME,1,False,True,0.7944444444444495,0.3757411757544569,,False,False,False,False,116276.80088674791,A,direct_under_threshold,0.0,1,113193.8659818972,A,2025-04,2025-04-10 00:00:00,-1.7153228038115056,down,False,False,a_mss+a_room+a_volume||down||short,1,3
BTC+ETH+SOL+XRP+DOGE+AVAX+LINK+BNB+ADA v19b norefine rpboost (9coins),orderbook_split_proxy,v19b_norefine_rpboost_9coins,1.0,3.0,capFixed,AVAXUSDT,2025-04-12 12:00:00+00:00,2025-04-12 16:00:00+00:00,short,20.418,20.418,0.0,20.418,20.7532,3039.2147787502195,62054.68735252198,62054.68735252198,0.009,0.009,1018.7447938370748,0.3352000000000004,-1.0614128878281623,-1081.3088535865154,loss,stop,1,10.25,A,2,tier_d_skip,D,1.0,0,0,0.44585987261145915,base,False,False,False,False,False,True,False,False,False,False,True,False,False,False,True,False,0.0,20.418,20.717,engulf,10,1.3,0.45,legacy,1,True,True,False,False,3,"a_score_ge13,a_fvg,a_room",False,False,False,True,False,False,False,SWEEP,1,False,False,0.0,0.9785202863961785,,False,False,False,False,113193.8659818972,A,direct_under_threshold,0.0,1,112112.55712831068,A,2025-04,2025-04-12 08:00:00,2.7402678274845034,up,False,True,a_room+a_score_ge13+a_trend_counter||up||short,1,3
BTC+ETH+SOL+XRP+DOGE+AVAX+LINK+BNB+ADA v19b norefine rpboost (9coins),orderbook_split_proxy,v19b_norefine_rpboost_9coins,1.0,3.0,capFixed,LINKUSDT,2025-04-12 16:00:00+00:00,2025-04-12 20:00:00+00:00,short,13.124,13.124,0.0,13.124,13.267234285714286,6261.772120786525,82179.49731320236,82179.49731320236,0.008,0.008,896.9004570264856,0.14323428571428565,-1.0921261070773158,-979.5284045682012,loss,stop,1,8.5,B,1,tier_d_skip,D,1.0,0,0,0.4646962233169166,base,False,False,True,False,False,False,False,False,False,False,False,True,False,True,False,False,0.0,13.124,13.239,engulf,10,1.3,0.45,legacy,1,True,True,False,False,5,"a_volume,a_room",False,True,False,True,False,False,False,SWEEP,1,False,False,0.0,0.3700231389132749,,False,False,False,False,112112.55712831068,A,direct_under_threshold,0.0,1,111133.02872374248,A,2025-04,2025-04-12 12:00:00,3.1356760892763553,up,True,True,a_fvg_absent+a_ob+a_room+a_trend_counter||up||short,1,4
BTC+ETH+SOL+XRP+DOGE+AVAX+LINK+BNB+ADA v19b norefine rpboost (9coins),orderbook_split_proxy,v19b_norefine_rpboost_9coins,1.0,3.0,capFixed,ADAUSDT,2025-04-13 00:00:00+00:00,2025-04-13 20:00:00+00:00,long,0.6502,0.6502,0.0,0.6502,0.6293754285714286,42693.03850211003,27759.01363407194,27759.01363407194,0.008,0.008,889.0642297899399,0.020824571428571415,-1.030722731388744,-916.3787113091167,loss,stop,5,8.0,B,1,tier_d_skip,D,1.0,0,0,0.27313769751692496,base,False,False,True,False,False,False,True,False,False,False,False,False,False,True,False,True,1.0,0.6486,0.6502,engulf,10,1.3,0.45,legacy,1,True,True,False,False,4,"a_volume,a_wick_le_q1,a_room",False,True,False,False,False,False,False,none,0,False,True,1.0,0.8691655461954293,,False,False,False,False,111133.02872374248,A,direct_under_threshold,0.0,1,110216.65001243335,A,2025-04,2025-04-12 20:00:00,3.591528275627047,up,True,True,a_fvg_absent+a_room+a_volume||up||long,1,3
BTC+ETH+SOL+XRP+DOGE+AVAX+LINK+BNB+ADA v19b norefine rpboost (9coins),orderbook_split_proxy,v19b_norefine_rpboost_9coins,1.0,3.0,capFixed,DOGEUSDT,2025-04-12 04:00:00+00:00,2025-04-14 04:00:00+00:00,short,0.16258,0.16258,0.0,0.16258,0.18038205714285713,50867.76885324849,8270.081860161139,8270.081860161139,0.008,0.008,905.5509278551775,0.017802057142857125,-0.10917109098145993,-98.85998273322303,time_exit_non_runner,time_exit_non_runner,12,10.0,S,3,tier_d_skip,D,1.0,0,0,0.37592867756314996,base,False,False,True,False,False,True,False,False,True,True,False,True,False,True,False,False,0.0,0.16258,0.16623,engulf,10,1.3,0.45,legacy,1,True,False,False,False,6,"a_volume,a_score_ge13,a_trend_align,a_mss,a_room",False,True,True,True,False,False,False,SWEEP+VOLUME,2,False,False,0.0,0.09324765035180504,,False,False,False,False,113193.8659818972,A,direct_under_threshold,0.0,1,110117.79002970013,A,2025-04,2025-04-12 00:00:00,2.2954192868480296,up,True,False,a_mss+a_room+a_volume||up||short,2,3
BTC+ETH+SOL+XRP+DOGE+AVAX+LINK+BNB+ADA v19b norefine rpboost (9coins),orderbook_split_proxy,v19b_norefine_rpboost_9coins,1.0,3.0,capFixed,XRPUSDT,2025-04-14 16:00:00+00:00,2025-04-14 20:00:00+00:00,short,2.1391,2.1391,0.0,2.1391,2.154769642857143,56219.680835675426,120259.51927559331,120259.51927559331,0.008,0.008,880.942320237601,0.015669642857143007,0.1136126353276366,100.08617857383663,win,stop,1,9.5,B,1,rp_boost_rp1_x1.5,S,1.0,4,0,0.18128161888701608,base,False,False,True,True,False,False,True,True,False,False,False,True,False,True,False,True,0.46289752650176724,2.1268,2.1551,engulf,10,1.3,0.45,legacy,1,True,False,False,False,5,"a_volume,a_pre_total_ge4,a_wick_le_q1,a_pre_total_ge1,a_room",False,True,True,False,False,False,False,VOLUME,1,False,True,0.46289752650176724,1.1550997150997044,,False,False,False,False,110117.79002970013,A,direct_under_threshold,0.0,1,110217.87620827397,A,2025-04,2025-04-14 12:00:00,1.631122128191597,up,True,True,a_fvg_absent+a_ob+a_room+a_trend_counter||up||short,1,4
BTC+ETH+SOL+XRP+DOGE+AVAX+LINK+BNB+ADA v19b norefine rpboost (9coins),orderbook_split_proxy,v19b_norefine_rpboost_9coins,1.0,3.0,capFixed,LINKUSDT,2025-04-13 00:00:00+00:00,2025-04-15 00:00:00+00:00,long,13.011,13.011,0.0,13.011,12.19114857142857,1084.4211509628185,14109.403595177231,14109.403595177231,0.008,0.008,889.0642297899399,0.8198514285714289,-0.3657583429750325,-325.18265948634195,time_exit_non_runner,time_exit_non_runner,12,8.5,B,1,tier_d_skip,D,1.0,0,0,0.24117647058823036,base,False,False,False,False,False,False,True,False,False,False,False,True,False,True,False,True,0.7938144329896796,12.934,13.031,engulf,10,1.3,0.45,legacy,1,True,True,False,False,4,"a_wick_le_q1,a_room",False,False,False,False,False,False,False,none,0,False,True,0.7938144329896796,0.27687943460139147,,False,False,False,False,111133.02872374248,A,direct_under_threshold,0.0,1,109892.69354878763,A,2025-04,2025-04-12 20:00:00,3.591528275627047,up,True,True,a_fvg_absent+a_ob+a_room+a_trend_counter||up||long,1,4
BTC+ETH+SOL+XRP+DOGE+AVAX+LINK+BNB+ADA v19b norefine rpboost (9coins),orderbook_split_proxy,v19b_norefine_rpboost_9coins,1.0,3.0,capFixed,SOLUSDT,2025-04-16 16:00:00+00:00,2025-04-18 16:00:00+00:00,short,131.47,131.47,0.0,131.47,136.3717142857143,224.19236851291458,29474.57068839288,29474.57068839288,0.01,0.01,1098.9269354878763,4.9017142857142915,-0.5738420960596884,-630.6105360768129,time_exit_non_runner,time_exit_non_runner,12,9.0,B,1,rp_boost_rp1_x1.5,B,1.0,0,0,0.2150900900900898,base,False,False,True,False,False,False,True,False,False,False,False,True,False,True,False,False,0.0,131.47,132.1,engulf,10,1.3,0.45,legacy,1,True,False,True,False,5,"a_volume,a_wick_le_q1,a_room",False,True,True,False,False,False,False,VOLUME,1,False,False,0.0,0.42230123571928,,False,False,False,False,109892.69354878763,A,direct_under_threshold,0.0,1,109262.08301271082,A,2025-04,2025-04-16 12:00:00,0.16029344675210305,range,True,True,a_fvg_absent+a_ob+a_room+a_trend_counter||range||short,1,4
BTC+ETH+SOL+XRP+DOGE+AVAX+LINK+BNB+ADA v19b norefine rpboost (9coins),orderbook_split_proxy,v19b_norefine_rpboost_9coins,1.0,3.0,capFixed,BNBUSDT,2025-04-21 08:00:00+00:00,2025-04-23 08:00:00+00:00,long,597.41,597.41,0.0,597.41,586.6650285714286,122.02405607763038,72898.39134133716,72898.39134133716,0.012,0.012,1311.1449961525298,10.744971428571375,1.2924255457702494,1694.5572872363648,time_exit_non_runner,time_exit_non_runner,12,12.25,S,3,rp_pass_rp3,S,1.0,5,1,0.10237748665696267,base,False,False,True,True,False,True,True,True,False,True,True,False,False,False,True,True,0.49497206703910435,592.98,601.93,engulf,10,1.3,0.45,legacy,1,True,True,True,False,5,"a_volume,a_pre_total_ge4,a_score_ge13,a_wick_le_q1,a_pre_total_ge1,a_mss,a_fvg,a_room",False,True,True,True,False,False,False,SWEEP+VOLUME,2,False,True,0.49497206703910435,2.126576152565731,,False,False,False,False,109262.08301271082,A,direct_under_threshold,0.0,1,110956.64029994719,A,2025-04,2025-04-21 04:00:00,0.51984365118735,range,False,True,a_mss+a_room+a_score_ge13+a_trend_counter||range||long,1,4
BTC+ETH+SOL+XRP+DOGE+AVAX+LINK+BNB+ADA v19b norefine rpboost (9coins),orderbook_split_proxy,v19b_norefine_rpboost_9coins,1.0,3.0,capFixed,ETHUSDT,2025-04-23 12:00:00+00:00,2025-04-23 20:00:00+00:00,short,1821.59,1821.59,0.0,1821.59,1833.4773214285713,140.0104821342612,255041.69415094884,255041.69415094884,0.015,0.015,1664.349604499208,11.88732142857134,1.7882050754855934,2976.198410147924,win,stop,2,8.0,B,1,rp_boost_rp1_x1.5,B,1.0,0,0,0.10708715993761819,base,False,False,True,False,False,False,True,False,False,False,False,True,False,True,False,False,0.0,1821.59,1826.9,engulf,10,1.3,0.45,legacy,1,True,True,False,False,5,"a_volume,a_wick_le_q1,a_room",False,True,False,True,False,False,False,SWEEP,1,False,False,0.0,4.051375264762895,3.096576484549884,False,False,False,False,110956.64029994719,A,direct_under_threshold,0.0,1,113932.83871009511,A,2025-04,2025-04-23 08:00:00,4.170925073172763,up,True,True,a_fvg_absent+a_ob+a_room+a_trend_counter||up||short,1,4
BTC+ETH+SOL+XRP+DOGE+AVAX+LINK+BNB+ADA v19b norefine rpboost (9coins),orderbook_split_proxy,v19b_norefine_rpboost_9coins,1.0,3.0,capFixed,BNBUSDT,2025-04-24 08:00:00+00:00,2025-04-24 12:00:00+00:00,long,604.31,604.31,0.0,604.31,601.3574857142856,463.0609481336943,279832.3615666728,279832.3615666728,0.012,0.012,1367.1940645211414,2.952514285714301,-1.2041764017108894,-1646.3428290555535,loss,stop,1,8.5,B,2,rp_pass_rp2,B,1.0,2,1,0.18258609486680533,base,False,False,True,False,False,False,True,True,True,False,False,True,False,True,False,False,0.0,601.93,604.31,engulf,10,1.3,0.45,legacy,1,True,False,False,False,4,"a_volume,a_wick_le_q1,a_pre_total_ge1,a_trend_align,a_room",False,True,False,False,False,False,False,none,0,False,False,0.0,0.0,,False,False,False,False,113932.83871009511,A,direct_under_threshold,0.0,1,112286.49588103955,A,2025-04,2025-04-24 04:00:00,4.967431441427076,up,True,False,a_fvg_absent+a_room+a_volume||up||long,1,3
BTC+ETH+SOL+XRP+DOGE+AVAX+LINK+BNB+ADA v19b norefine rpboost (9coins),orderbook_split_proxy,v19b_norefine_rpboost_9coins,1.0,3.0,capFixed,LINKUSDT,2025-04-28 04:00:00+00:00,2025-04-28 12:00:00+00:00,long,14.781,14.781,0.0,14.781,14.637371428571429,6254.2707075176095,92444.37532781779,92444.37532781779,0.008,0.008,898.2919670483163,0.14362857142857166,0.3468637209071017,311.58489415133863,win,stop,2,12.0,A,2,rp_pass_rp2,B,1.0,3,1,0.1978287092883008,expansion,True,False,True,True,False,True,True,True,True,False,False,True,False,True,False,True,0.4007782101167311,14.548,14.805,engulf,10,1.3,0.45,legacy,1,True,False,True,False,5,"a_volume,a_pre_total_ge4,a_score_ge13,a_wick_le_q1,a_pre_total_ge1,a_trend_align,a_room",False,True,True,True,False,False,False,SWEEP+VOLUME,2,False,True,0.4007782101167311,2.2210065645514123,,False,False,False,False,112286.49588103955,A,direct_under_threshold,0.0,1,112598.08077519089,A,2025-04,2025-04-28 00:00:00,0.22889357418147452,range,True,False,a_fvg_absent+a_ob+a_score_ge13+a_volume||range||long,2,4
BTC+ETH+SOL+XRP+DOGE+AVAX+LINK+BNB+ADA v19b norefine rpboost (9coins),orderbook_split_proxy,v19b_norefine_rpboost_9coins,1.0,3.0,capFixed,ADAUSDT,2025-04-29 12:00:00+00:00,2025-04-29 20:00:00+00:00,long,0.7052,0.7052,0.0,0.7052,0.6888411428571429,55064.0327949097,38831.15592697032,38831.15592697032,0.008,0.008,900.7846462015272,0.01635885714285712,-1.0426081458711751,-939.1654098053967,loss,stop,2,10.5,A,2,rp_pass_rp2,B,1.0,0,0,0.11989795918367155,base,False,False,True,False,False,True,True,False,True,False,False,True,False,True,False,True,1.0,0.7032,0.7052,engulf,10,1.3,0.45,legacy,1,True,False,True,False,5,"a_volume,a_score_ge13,a_wick_le_q1,a_trend_align,a_room",False,True,False,False,False,False,False,none,0,False,True,1.0,0.7702249545899097,,False,False,False,False,112598.08077519089,A,direct_under_threshold,0.0,1,111658.91536538549,A,2025-04,2025-04-29 08:00:00,0.25452908619813036,range,True,False,a_fvg_absent+a_ob+a_score_ge13+a_volume||range||long,2,4
BTC+ETH+SOL+XRP+DOGE+AVAX+LINK+BNB+ADA v19b norefine rpboost (9coins),orderbook_split_proxy,v19b_norefine_rpboost_9coins,1.0,3.0,capFixed,ETHUSDT,2025-04-29 16:00:00+00:00,2025-04-29 20:00:00+00:00,short,1820.77,1820.77,0.0,1820.77,1859.7005714285715,43.384187533099286,78992.62713464118,78992.62713464118,0.015,0.015,1688.9712116278633,38.93057142857151,0.20335532945096407,343.4612971737781,win,stop,1,8.5,B,1,rp_boost_rp1_x1.5,C,1.0,2,1,0.4264276228419644,base,False,False,True,False,False,False,False,True,False,False,False,True,False,True,False,False,0.0,1820.77,1828.9,engulf,10,1.3,0.45,legacy,1,True,False,True,False,5,"a_volume,a_pre_total_ge1,a_room",False,True,True,False,False,False,False,VOLUME,1,False,False,0.0,1.0636884710510284,,False,False,False,False,112598.08077519089,A,direct_under_threshold,0.0,1,112002.37666255927,A,2025-04,2025-04-29 12:00:00,0.3121344492645987,range,True,True,a_fvg_absent+a_ob+a_room+a_trend_counter||range||short,1,4
BTC+ETH+SOL+XRP+DOGE+AVAX+LINK+BNB+ADA v19b norefine rpboost (9coins),orderbook_split_proxy,v19b_norefine_rpboost_9coins,1.0,3.0,capFixed,SOLUSDT,2025-05-04 20:00:00+00:00,2025-05-05 04:00:00+00:00,short,145.99,145.99,0.0,145.99,147.62702857142858,684.1809521065295,99883.57719803225,99883.57719803225,0.01,0.01,1120.0237666255928,1.6370285714285728,0.5611451270594807,628.4958788327564,win,stop,2,10.25,A,2,rp_pass_rp2,C,1.0,2,1,0.45000000000001,base,False,False,True,False,False,True,False,True,False,False,True,False,False,False,True,True,0.22972972972973363,145.99,147.47,engulf,10,1.3,0.45,legacy,1,True,False,True,False,4,"a_volume,a_score_ge13,a_pre_total_ge1,a_fvg,a_room",False,True,False,False,False,False,False,none,0,False,True,0.22972972972973363,2.180780508237934,,False,False,False,False,112002.37666255927,A,direct_under_threshold,0.0,1,112630.87254139202,A,2025-05,2025-05-04 16:00:00,0.10223129273867909,range,False,True,a_room+a_score_ge13+a_volume||range||short,1,3
BTC+ETH+SOL+XRP+DOGE+AVAX+LINK+BNB+ADA v19b norefine rpboost (9coins),orderbook_split_proxy,v19b_norefine_rpboost_9coins,1.0,3.0,capFixed,LINKUSDT,2025-05-05 08:00:00+00:00,2025-05-07 08:00:00+00:00,long,13.713,13.713,0.0,13.713,12.832954285714287,1023.8638353718585,14040.244774454295,14040.244774454295,0.008,0.008,901.0469803311362,0.8800457142857123,0.14569243156199851,131.27572551603947,time_exit_non_runner,time_exit_non_runner,12,12.25,S,3,tier_d_skip,D,1.0,0,0,0.2549019607843154,base,False,False,True,False,False,True,True,False,False,True,True,False,False,False,True,False,0.0,13.515,13.713,engulf,10,1.3,0.45,legacy,1,True,True,False,False,5,"a_volume,a_score_ge13,a_wick_le_q1,a_mss,a_fvg,a_room",False,True,False,True,False,False,False,SWEEP,1,False,False,0.0,0.4136148771492408,,False,False,False,False,112630.87254139202,A,direct_under_threshold,0.0,1,112762.14826690806,A,2025-05,2025-05-05 04:00:00,-0.4553367798787156,range,False,True,a_mss+a_room+a_score_ge13+a_trend_counter||range||long,1,4
BTC+ETH+SOL+XRP+DOGE+AVAX+LINK+BNB+ADA v19b norefine rpboost (9coins),orderbook_split_proxy,v19b_norefine_rpboost_9coins,1.0,3.0,capFixed,BNBUSDT,2025-05-07 00:00:00+00:00,2025-05-07 08:00:00+00:00,short,606.27,606.27,0.0,606.27,608.08881,557.3302614745511,337892.6176241761,337892.6176241761,0.012,0.012,1013.6778528725199,1.818809999999985,0.31699166666666395,321.32743204514543,win,stop,2,10.5,A,2,tier_d_skip,D,1.0,0,0,0.23225806451613706,base,False,False,True,False,False,True,True,False,True,False,False,True,False,True,False,False,0.0,606.27,609.6,engulf,10,1.3,0.45,legacy,1,True,True,False,False,5,"a_volume,a_score_ge13,a_wick_le_q1,a_trend_align,a_room",False,True,True,True,False,False,False,SWEEP+VOLUME,2,False,False,0.0,2.4191641787762403,,False,False,False,False,112630.87254139202,A,direct_under_threshold,0.0,1,113083.4756989532,A,2025-05,2025-05-06 20:00:00,-0.9772622768473038,range,True,False,a_room+a_score_ge13+a_volume||range||short,1,3
BTC+ETH+SOL+XRP+DOGE+AVAX+LINK+BNB+ADA v19b norefine rpboost (9coins),orderbook_split_proxy,v19b_norefine_rpboost_9coins,1.0,3.0,capFixed,LINKUSDT,2025-05-08 12:00:00+00:00,2025-05-08 16:00:00+00:00,short,15.057,15.057,0.0,15.057,15.140464285714286,10838.980982698176,163202.53665648645,163202.53665648645,0.008,0.008,904.6678055916257,0.08346428571428532,-1.1809005134788197,-1068.322676150908,loss,stop,1,8.5,B,1,tier_d_skip,D,1.0,0,0,0.32147562582344913,base,False,False,False,False,False,False,True,False,False,False,False,True,False,True,False,False,0.0,15.057,15.159,engulf,10,1.3,0.45,legacy,1,True,True,False,False,4,"a_wick_le_q1,a_room",False,False,False,False,False,False,False,none,0,False,False,0.0,0.0,,False,False,False,False,113083.4756989532,A,direct_under_threshold,0.0,1,112015.15302280229,A,2025-05,2025-05-08 08:00:00,1.8040682317853411,up,True,True,a_fvg_absent+a_ob+a_room+a_trend_counter||up||short,1,4
BTC+ETH+SOL+XRP+DOGE+AVAX+LINK+BNB+ADA v19b norefine rpboost (9coins),orderbook_split_proxy,v19b_norefine_rpboost_9coins,1.0,3.0,capFixed,ADAUSDT,2025-05-09 12:00:00+00:00,2025-05-10 00:00:00+00:00,long,0.7711,0.7711,0.0,0.7711,0.7610520000000001,89184.03903089403,68769.81249672238,68769.81249672238,0.008,0.008,896.1212241824184,0.010047999999999946,0.17313335987261105,155.1484783958594,win,stop,3,7.75,B,3,rp_pass_rp3,B,1.0,3,0,0.10391363022941748,base,False,False,True,True,False,False,True,True,True,False,True,False,False,False,True,True,0.7068965517241401,0.7629,0.7745,engulf,10,1.3,0.45,legacy,1,True,True,False,True,3,"a_volume,a_pre_total_ge4,a_wick_le_q1,a_pre_total_ge1,a_trend_align,a_fvg,a_room",False,True,True,False,False,False,False,VOLUME,1,False,True,0.7068965517241401,1.990445859872624,,False,False,False,False,112015.15302280229,A,direct_under_threshold,0.0,1,112170.30150119815,A,2025-05,2025-05-09 08:00:00,3.945275680282829,up,False,False,a_room+a_vol_expansion+a_volume||up||long,1,3
BTC+ETH+SOL+XRP+DOGE+AVAX+LINK+BNB+ADA v19b norefine rpboost (9coins),orderbook_split_proxy,v19b_norefine_rpboost_9coins,1.0,3.0,capFixed,BNBUSDT,2025-05-10 04:00:00+00:00,2025-05-10 08:00:00+00:00,long,661.44,661.44,0.0,661.44,657.0653714285714,307.69323521672203,203520.61350174862,203520.61350174862,0.012,0.012,1346.043618014378,4.374628571428616,-1.1506991222111904,-1548.8912097071195,loss,stop,1,8.75,B,3,rp_pass_rp3,B,1.0,0,0,0.08081296878780891,base,False,False,True,False,False,False,True,False,True,False,True,False,False,False,True,False,0.0,658.0,661.44,engulf,10,1.3,0.45,legacy,1,True,True,False,True,3,"a_volume,a_wick_le_q1,a_trend_align,a_fvg,a_room",False,True,False,False,False,False,False,none,0,False,False,0.0,0.5349025549923997,,False,False,False,False,112170.30150119815,A,direct_under_threshold,0.0,1,110621.41029149103,A,2025-05,2025-05-10 00:00:00,4.560730783047918,up,False,False,a_room+a_vol_expansion+a_volume||up||long,1,3
BTC+ETH+SOL+XRP+DOGE+AVAX+LINK+BNB+ADA v19b norefine rpboost (9coins),orderbook_split_proxy,v19b_norefine_rpboost_9coins,1.0,3.0,capFixed,XRPUSDT,2025-05-10 04:00:00+00:00,2025-05-10 20:00:00+00:00,long,2.3492,2.3492,0.0,2.3492,2.3166851428571427,27598.534665766092,64834.47763681771,64834.47763681771,0.008,0.008,897.3624120095852,0.03251485714285751,1.8498143960562958,1659.9539082151318,win,stop,4,8.75,B,3,rp_pass_rp3,C,1.0,2,0,0.5053507728894154,base,False,False,True,False,False,False,False,True,True,False,True,False,False,False,True,True,0.506637168141602,2.3211,2.3663,engulf,10,1.3,0.45,legacy,1,True,True,False,True,3,"a_volume,a_pre_total_ge1,a_trend_align,a_fvg,a_room",False,True,True,False,False,False,False,VOLUME,1,False,True,0.506637168141602,3.936661921583046,3.936661921583046,True,True,True,False,112170.30150119815,A,direct_under_threshold,0.0,1,112281.36419970616,A,2025-05,2025-05-10 00:00:00,4.560730783047918,up,False,False,a_room+a_vol_expansion+a_volume||up||long,1,3
BTC+ETH+SOL+XRP+DOGE+AVAX+LINK+BNB+ADA v19b norefine rpboost (9coins),orderbook_split_proxy,v19b_norefine_rpboost_9coins,1.0,3.0,capFixed,ADAUSDT,2025-05-11 04:00:00+00:00,2025-05-11 08:00:00+00:00,long,0.7872,0.7872,0.0,0.7872,0.772,59095.45484195065,46519.94205158355,46519.94205158355,0.008,0.008,898.2509135976493,0.015199999999999991,0.19808552631578946,177.93050498362908,win,stop,1,8.75,B,3,tier_d_skip,D,1.0,0,0,0.35453100158982515,base,False,False,True,False,False,False,False,False,True,False,True,False,False,False,True,False,0.0,0.784,0.7872,engulf,10,1.3,0.45,legacy,1,True,False,False,True,3,"a_volume,a_trend_align,a_fvg,a_room",False,True,True,False,False,False,False,VOLUME,1,False,False,0.0,1.092105263157892,,False,False,False,False,112281.36419970616,A,direct_under_threshold,0.0,1,112459.29470468979,A,2025-05,2025-05-11 00:00:00,3.3939456145711993,up,False,False,a_room+a_vol_expansion+a_volume||up||long,1,3
BTC+ETH+SOL+XRP+DOGE+AVAX+LINK+BNB+ADA v19b norefine rpboost (9coins),orderbook_split_proxy,v19b_norefine_rpboost_9coins,1.0,3.0,capFixed,ETHUSDT,2025-05-09 12:00:00+00:00,2025-05-11 12:00:00+00:00,long,2334.51,2334.51,0.0,2334.51,2230.200057142857,16.10802622759727,37604.34830858811,37604.34830858811,0.015,0.015,1680.2272953420345,104.30994285714314,1.2950702797404838,2176.012433406205,time_exit_non_runner,time_exit_non_runner,12,8.75,B,3,rp_pass_rp3,B,1.0,0,0,0.07884744248380554,base,False,False,True,False,False,False,True,False,True,False,True,False,False,False,True,False,0.0,2316.84,2334.51,engulf,10,1.3,0.45,legacy,1,True,True,False,True,3,"a_volume,a_wick_le_q1,a_trend_align,a_fvg,a_room",False,True,True,False,False,False,False,VOLUME,1,False,False,0.0,2.621897707053256,,False,False,False,False,112015.15302280229,A,direct_under_threshold,0.0,1,114635.30713809599,A,2025-05,2025-05-09 08:00:00,3.945275680282829,up,False,False,a_room+a_vol_expansion+a_volume||up||long,1,3
BTC+ETH+SOL+XRP+DOGE+AVAX+LINK+BNB+ADA v19b norefine rpboost (9coins),orderbook_split_proxy,v19b_norefine_rpboost_9coins,1.0,3.0,capFixed,AVAXUSDT,2025-05-11 04:00:00+00:00,2025-05-11 12:00:00+00:00,long,24.312,24.312,0.0,24.312,23.780520000000003,1901.3552302953233,46225.748358939905,46225.748358939905,0.009,0.009,1010.5322777973554,0.5314799999999984,0.20413103973808974,206.2810045556743,win,stop,2,7.75,B,3,rp_pass_rp3,B,1.0,0,0,0.21582075903063408,base,False,False,True,False,False,False,True,False,True,False,True,False,False,False,True,True,0.5606060606060617,23.85,24.312,engulf,10,1.3,0.45,legacy,1,True,True,False,True,3,"a_volume,a_wick_le_q1,a_trend_align,a_fvg,a_room",False,True,True,False,False,False,False,VOLUME,1,False,True,0.5606060606060617,1.132686084142399,,False,False,False,False,112281.36419970616,A,direct_under_threshold,0.0,1,114841.58814265166,A,2025-05,2025-05-11 00:00:00,3.3939456145711993,up,False,False,a_room+a_vol_expansion+a_volume||up||long,1,3
BTC+ETH+SOL+XRP+DOGE+AVAX+LINK+BNB+ADA v19b norefine rpboost (9coins),orderbook_split_proxy,v19b_norefine_rpboost_9coins,1.0,3.0,capFixed,DOGEUSDT,2025-05-11 12:00:00+00:00,2025-05-11 16:00:00+00:00,long,0.23028,0.23028,0.0,0.23028,0.2273264285714286,311058.2314867482,71630.48954676838,71630.48954676838,0.008,0.008,918.7327051412133,0.0029535714285714165,0.1719083736396611,157.9378451503923,win,stop,1,9.25,B,3,tier_d_skip,D,1.0,0,0,0.27675718849840214,base,False,False,True,False,False,False,True,False,True,False,True,False,False,False,True,False,0.0,0.2288,0.23028,engulf,10,1.3,0.45,legacy,1,True,True,False,True,3,"a_volume,a_wick_le_q1,a_trend_align,a_fvg,a_room",False,True,False,False,False,False,False,none,0,False,False,0.0,1.0157194679564647,,False,False,False,False,114841.58814265166,A,direct_under_threshold,0.0,1,114999.52598780204,A,2025-05,2025-05-11 08:00:00,2.9084632288352634,up,False,False,a_room+a_vol_expansion+a_volume||up||long,1,3
BTC+ETH+SOL+XRP+DOGE+AVAX+LINK+BNB+ADA v19b norefine rpboost (9coins),orderbook_split_proxy,v19b_norefine_rpboost_9coins,1.0,3.0,capFixed,BTCUSDT,2025-05-09 00:00:00+00:00,2025-05-12 08:00:00+00:00,long,102777.1,102777.1,0.0,102777.1,101192.284,1.5549649716444311,159814.79038719687,159814.79038719687,0.022,0.022,2464.3333665016503,1584.8160000000062,0.5825484086480686,1435.593481033874,time_exit_non_runner,time_exit_non_runner,20,8.75,B,3,rp_pass_rp3,B,1.0,1,1,0.1779892700774929,expansion,True,False,True,False,False,False,True,True,True,False,True,False,False,False,True,False,0.0,101305.1,102777.1,engulf,10,1.3,0.45,legacy,1,True,True,False,True,3,"a_volume,a_wick_le_q1,a_pre_total_ge1,a_trend_align,a_fvg,a_room",False,True,True,False,False,False,False,VOLUME,1,False,False,0.0,1.9472292051569318,,False,False,False,False,112015.15302280229,A,direct_under_threshold,0.0,1,116435.11946883592,A,2025-05,2025-05-08 20:00:00,2.7737783839345025,up,False,False,a_room+a_vol_expansion+a_volume||up||long,1,3
BTC+ETH+SOL+XRP+DOGE+AVAX+LINK+BNB+ADA v19b norefine rpboost (9coins),orderbook_split_proxy,v19b_norefine_rpboost_9coins,1.0,3.0,capFixed,XRPUSDT,2025-05-11 20:00:00+00:00,2025-05-12 08:00:00+00:00,long,2.4032,2.4032,0.0,2.4032,2.339841142857143,14520.404082227567,34895.43509040929,34895.43509040929,0.008,0.008,919.9962079024164,0.06335885714285716,0.2119450229080611,194.98861735920698,win,stop,3,8.75,B,3,rp_pass_rp3,B,1.0,1,0,0.20636042402826818,base,False,False,True,False,False,False,True,True,True,False,True,False,False,False,True,True,0.2905844155844166,2.3445,2.4061,engulf,10,1.3,0.45,legacy,1,True,False,False,True,3,"a_volume,a_wick_le_q1,a_pre_total_ge1,a_trend_align,a_fvg,a_room",False,True,True,True,False,False,False,SWEEP+VOLUME,2,False,True,0.2905844155844166,1.261070726383951,,False,False,False,False,114999.52598780204,A,direct_under_threshold,0.0,1,116630.10808619513,A,2025-05,2025-05-11 16:00:00,2.4946003960822565,up,False,False,a_room+a_vol_expansion+a_volume||up||long,1,3
BTC+ETH+SOL+XRP+DOGE+AVAX+LINK+BNB+ADA v19b norefine rpboost (9coins),orderbook_split_proxy,v19b_norefine_rpboost_9coins,1.0,3.0,capFixed,SOLUSDT,2025-05-11 12:00:00+00:00,2025-05-12 16:00:00+00:00,long,171.13,171.13,0.0,171.13,168.37845714285714,417.3716133278801,71424.80418880012,71424.80418880012,0.01,0.01,1148.4158814265165,2.7515428571428515,0.8673408024588827,996.067952153,win,stop,7,8.75,B,3,tier_d_skip,D,1.0,0,0,0.23294346978557734,expansion,True,False,True,False,False,False,True,False,True,False,True,False,False,False,True,False,0.0,168.79,171.13,engulf,10,1.3,0.45,legacy,1,True,False,False,True,3,"a_volume,a_wick_le_q1,a_trend_align,a_fvg,a_room",False,True,True,False,False,False,False,VOLUME,1,False,False,0.0,3.7469887024422746,,True,True,True,False,114841.58814265166,A,direct_under_threshold,0.0,1,117626.17603834813,A,2025-05,2025-05-11 08:00:00,2.9084632288352634,up,False,False,a_room+a_vol_expansion+a_volume||up||long,1,3
BTC+ETH+SOL+XRP+DOGE+AVAX+LINK+BNB+ADA v19b norefine rpboost (9coins),orderbook_split_proxy,v19b_norefine_rpboost_9coins,1.0,3.0,capFixed,AVAXUSDT,2025-05-12 12:00:00+00:00,2025-05-12 16:00:00+00:00,long,24.658,24.658,0.0,24.658,24.17246857142857,2161.9011891036216,53308.15952091711,53308.15952091711,0.009,0.009,1049.6709727757561,0.4855314285714307,-1.050285589869127,-1102.4542968102853,loss,stop,1,9.25,B,3,rp_pass_rp3,B,1.0,0,0,0.18062500000000006,expansion,True,False,True,False,False,False,True,False,True,False,True,False,False,False,True,True,0.04901960784313606,24.25,24.658,engulf,10,1.3,0.45,legacy,1,True,False,False,True,3,"a_volume,a_wick_le_q1,a_trend_align,a_fvg,a_room",False,True,True,False,False,False,False,VOLUME,1,False,True,0.04901960784313606,1.05245504189812,,False,False,False,False,116630.10808619513,A,direct_under_threshold,0.0,1,116523.72174153784,A,2025-05,2025-05-12 08:00:00,1.808996158759804,up,False,False,a_room+a_vol_expansion+a_volume||up||long,1,3
BTC+ETH+SOL+XRP+DOGE+AVAX+LINK+BNB+ADA v19b norefine rpboost (9coins),orderbook_split_proxy,v19b_norefine_rpboost_9coins,1.0,3.0,capFixed,ETHUSDT,2025-05-12 12:00:00+00:00,2025-05-12 16:00:00+00:00,long,2478.76,2478.76,0.0,2478.76,2450.0829714285715,61.00533104172183,151217.57437297842,151217.57437297842,0.015,0.015,1749.451621292927,28.677028571428764,-1.0859371283735308,-1899.794469855259,loss,stop,1,9.25,B,3,rp_pass_rp3,B,1.0,0,0,0.18801448798156142,base,False,False,True,False,False,False,True,False,True,False,True,False,False,False,True,False,0.0,2457.08,2478.76,engulf,10,1.3,0.45,legacy,1,True,False,False,True,3,"a_volume,a_wick_le_q1,a_trend_align,a_fvg,a_room",False,True,False,False,False,False,False,none,0,False,False,0.0,1.1570236406242393,,False,False,False,False,116630.10808619513,A,direct_under_threshold,0.0,1,114623.92727168258,A,2025-05,2025-05-12 08:00:00,1.808996158759804,up,False,False,a_room+a_vol_expansion+a_volume||up||long,1,3
BTC+ETH+SOL+XRP+DOGE+AVAX+LINK+BNB+ADA v19b norefine rpboost (9coins),orderbook_split_proxy,v19b_norefine_rpboost_9coins,1.0,3.0,capFixed,LINKUSDT,2025-05-09 12:00:00+00:00,2025-05-15 20:00:00+00:00,long,15.673,15.673,0.0,15.673,15.4284,3663.619068611684,57419.90166235092,57419.90166235092,0.008,0.008,896.1212241824184,0.24460000000000015,0.8654589574816021,775.5561404580528,win,stop,38,7.75,B,3,rp_pass_rp3,B,1.0,2,0,0.1131928181108519,expansion,True,False,True,False,False,False,True,True,True,False,True,False,False,False,True,True,0.2341772151898737,15.464,15.78,engulf,10,1.3,0.45,legacy,1,True,True,False,True,3,"a_volume,a_wick_le_q1,a_pre_total_ge1,a_trend_align,a_fvg,a_room",False,True,True,False,False,False,False,VOLUME,1,False,True,0.2341772151898737,9.415372035977096,,True,True,True,True,112015.15302280229,A,direct_under_threshold,0.0,1,115399.48341214063,A,2025-05,2025-05-09 08:00:00,3.945275680282829,up,False,False,a_room+a_vol_expansion+a_volume||up||long,1,3
BTC+ETH+SOL+XRP+DOGE+AVAX+LINK+BNB+ADA v19b norefine rpboost (9coins),orderbook_split_proxy,v19b_norefine_rpboost_9coins,1.0,3.0,capFixed,ADAUSDT,2025-05-12 16:00:00+00:00,2025-05-13 00:00:00+00:00,long,0.7896,0.7896,0.0,0.7896,0.7817214285714286,116390.56984975967,91901.99395337024,91901.99395337024,0.008,0.008,916.9914181734606,0.007878571428571401,0.6494037851314592,595.4976978949101,win,stop,2,8.25,B,3,tier_d_skip,D,1.0,0,0,0.278466741826381,expansion,True,False,True,False,False,False,True,False,True,False,True,False,False,False,True,False,0.0,0.7871,0.7896,engulf,10,1.3,0.45,legacy,1,True,False,False,True,3,"a_volume,a_wick_le_q1,a_trend_align,a_fvg,a_room",False,True,True,False,False,False,False,VOLUME,1,False,False,0.0,4.391659111514077,,False,False,False,False,114623.92727168258,A,direct_under_threshold,0.0,1,115994.98111003554,A,2025-05,2025-05-12 12:00:00,1.3986518053881287,up,False,False,a_room+a_vol_expansion+a_volume||up||long,1,3
BTC+ETH+SOL+XRP+DOGE+AVAX+LINK+BNB+ADA v19b norefine rpboost (9coins),orderbook_split_proxy,v19b_norefine_rpboost_9coins,1.0,3.0,capFixed,SOLUSDT,2025-05-14 00:00:00+00:00,2025-05-15 12:00:00+00:00,long,176.39,176.39,0.0,176.39,167.82577142857144,135.44124861054144,23890.481842413403,23890.481842413403,0.01,0.01,1159.9498111003554,8.564228571428544,-1.0200961340859656,-1183.2603180372187,loss,stop,9,13.75,S,4,rp_pass_rp4,S,1.0,3,0,0.11783854166666834,expansion,True,False,True,True,False,True,True,True,True,True,True,False,False,False,True,True,0.0419753086419721,176.22,180.27,engulf,10,1.3,0.45,legacy,1,True,False,False,True,5,"a_volume,a_pre_total_ge4,a_score_ge13,a_wick_le_q1,a_pre_total_ge1,a_trend_align,a_mss,a_fvg,a_room",False,True,False,True,False,False,False,SWEEP,1,False,True,0.0419753086419721,0.8839091503529686,,False,False,False,False,115994.98111003554,A,direct_under_threshold,0.0,1,114811.72079199832,A,2025-05,2025-05-13 20:00:00,-0.313135817968442,range,False,False,a_mss+a_score_ge13+a_vol_expansion||range||long,1,3
BTC+ETH+SOL+XRP+DOGE+AVAX+LINK+BNB+ADA v19b norefine rpboost (9coins),orderbook_split_proxy,v19b_norefine_rpboost_9coins,1.0,3.0,capFixed,DOGEUSDT,2025-05-12 16:00:00+00:00,2025-05-16 00:00:00+00:00,long,0.23028,0.23028,0.0,0.23028,0.19824319999999998,28623.065292833857,6591.319475633781,6591.319475633781,0.008,0.008,916.9914181734606,0.03203680000000003,-0.13853365504669676,-127.03417280602346,time_exit_non_runner,time_exit_non_runner,20,8.75,B,3,rp_pass_rp3,B,1.0,0,0,0.16343490304709063,expansion,True,False,True,False,False,False,True,False,True,False,True,False,False,False,True,False,0.0,0.21864,0.23028,engulf,10,1.3,0.45,legacy,1,True,True,False,True,3,"a_volume,a_wick_le_q1,a_trend_align,a_fvg,a_room",False,True,False,False,False,False,False,none,0,False,False,0.0,0.5378190081406375,,False,False,False,False,114623.92727168258,A,direct_under_threshold,0.0,1,114684.68661919229,A,2025-05,2025-05-12 12:00:00,1.3986518053881287,up,False,False,a_room+a_vol_expansion+a_volume||up||long,1,3
BTC+ETH+SOL+XRP+DOGE+AVAX+LINK+BNB+ADA v19b norefine rpboost (9coins),orderbook_split_proxy,v19b_norefine_rpboost_9coins,1.0,3.0,capFixed,XRPUSDT,2025-05-18 04:00:00+00:00,2025-05-18 12:00:00+00:00,short,2.3541,2.3541,0.0,2.3541,2.409991428571429,16415.352342998485,38643.38095065273,38643.38095065273,0.008,0.008,917.4774929535383,0.055891428571428925,-1.042619159595133,-956.5796126506679,loss,stop,2,8.5,B,1,rp_boost_rp1_x1.5,B,1.0,1,1,0.14440734557596108,base,False,True,True,False,False,False,True,True,False,False,False,True,False,True,False,False,0.0,2.3541,2.385,engulf,10,1.3,0.45,legacy,1,True,True,False,False,6,"a_sweep,a_volume,a_wick_le_q1,a_pre_total_ge1,a_room",True,True,False,True,False,False,False,SWEEP,1,False,False,0.0,0.0,,False,False,False,False,114684.68661919229,A,direct_under_threshold,0.0,1,113728.10700654163,A,2025-05,2025-05-18 00:00:00,-0.025952730373919992,range,True,True,a_fvg_absent+a_ob+a_room+a_trend_counter||range||short,1,4
BTC+ETH+SOL+XRP+DOGE+AVAX+LINK+BNB+ADA v19b norefine rpboost (9coins),orderbook_split_proxy,v19b_norefine_rpboost_9coins,1.0,3.0,capFixed,AVAXUSDT,2025-05-19 04:00:00+00:00,2025-05-19 16:00:00+00:00,short,22.592,22.592,0.0,22.592,23.188954285714285,1714.6253700719164,38736.816360664736,38736.816360664736,0.009,0.009,1023.5529630588745,0.5969542857142862,0.6124795559841864,626.9052643405978,win,stop,3,9.5,B,1,rp_boost_rp1_x1.5,B,1.0,3,0,0.17845230153435523,base,False,False,True,True,False,False,True,True,False,False,False,True,False,True,False,True,0.28737864077670155,22.011,23.041,engulf,10,1.3,0.45,legacy,1,True,False,False,False,5,"a_volume,a_pre_total_ge4,a_wick_le_q1,a_pre_total_ge1,a_room",False,True,True,False,False,False,False,VOLUME,1,False,True,0.28737864077670155,2.01020417931021,,False,False,False,False,113728.10700654163,A,direct_under_threshold,0.0,1,114355.01227088223,A,2025-05,2025-05-19 00:00:00,0.3673507334041706,range,True,True,a_fvg_absent+a_ob+a_room+a_trend_counter||range||short,1,4
BTC+ETH+SOL+XRP+DOGE+AVAX+LINK+BNB+ADA v19b norefine rpboost (9coins),orderbook_split_proxy,v19b_norefine_rpboost_9coins,1.0,3.0,capFixed,XRPUSDT,2025-05-19 16:00:00+00:00,2025-05-20 00:00:00+00:00,short,2.404,2.404,0.0,2.404,2.418123214285714,64775.62965906646,155720.61370039577,155720.61370039577,0.008,0.008,914.8400981670578,0.01412321428571417,0.4801087906182817,439.22277314009625,win,stop,2,10.5,B,1,tier_d_skip,D,1.0,0,0,0.27754056362083807,base,False,False,True,False,False,True,True,False,False,False,False,True,False,True,False,True,0.3898305084745774,2.368,2.427,engulf,10,1.3,0.45,legacy,1,True,False,False,False,6,"a_volume,a_score_ge13,a_wick_le_q1,a_room",False,True,True,True,False,False,False,SWEEP+VOLUME,2,False,True,0.3898305084745774,2.7472499683904443,,False,False,False,False,114355.01227088223,A,direct_under_threshold,0.0,1,114794.23504402232,A,2025-05,2025-05-19 12:00:00,0.5420793515162351,range,True,True,a_fvg_absent+a_ob+a_room+a_score_ge13+a_trend_counter||range||short,3,5
BTC+ETH+SOL+XRP+DOGE+AVAX+LINK+BNB+ADA v19b norefine rpboost (9coins),orderbook_split_proxy,v19b_norefine_rpboost_9coins,1.0,3.0,capFixed,XRPUSDT,2025-05-21 04:00:00+00:00,2025-05-21 08:00:00+00:00,long,2.3543,2.3543,0.0,2.3543,2.3411910714285713,70055.60182498589,164931.90337656427,164931.90337656427,0.008,0.008,918.3538803521785,0.013108928571428535,-1.179095150524452,-1082.8266067885666,loss,stop,1,8.0,B,1,rp_boost_rp1_x1.5,C,1.0,2,0,0.3405688622754533,base,False,False,True,False,False,False,True,True,False,False,False,False,False,True,False,True,0.637499999999957,2.3492,2.3572,engulf,10,1.3,0.45,legacy,1,True,False,True,False,4,"a_volume,a_wick_le_q1,a_pre_total_ge1,a_room",False,True,False,False,False,False,False,none,0,False,True,0.637499999999957,0.4043045906552315,,False,False,False,False,114794.23504402232,A,direct_under_threshold,0.0,1,113711.40843723375,A,2025-05,2025-05-21 00:00:00,1.307201564894034,up,True,True,a_fvg_absent+a_room+a_volume||up||long,1,3
BTC+ETH+SOL+XRP+DOGE+AVAX+LINK+BNB+ADA v19b norefine rpboost (9coins),orderbook_split_proxy,v19b_norefine_rpboost_9coins,1.0,3.0,capFixed,DOGEUSDT,2025-05-20 12:00:00+00:00,2025-05-25 08:00:00+00:00,long,0.21777,0.21777,0.0,0.21777,0.21281885714285714,185483.21202796645,40392.67908333025,40392.67908333025,0.008,0.008,918.3538803521785,0.004951142857142848,0.8855512155923599,813.2493950898323,win,stop,29,10.5,A,2,tier_d_skip,D,1.0,0,0,0.3324360699865426,expansion,True,False,True,False,False,True,True,False,True,False,False,False,False,True,False,False,0.0,0.21706,0.21777,engulf,10,1.3,0.45,legacy,1,True,False,False,False,4,"a_volume,a_score_ge13,a_wick_le_q1,a_trend_align,a_room",False,True,True,False,False,False,False,VOLUME,1,False,False,0.0,7.396272144959332,,True,True,True,True,114794.23504402232,A,direct_under_threshold,0.0,1,114524.65783232359,A,2025-05,2025-05-20 08:00:00,0.7492881690268651,range,True,False,a_fvg_absent+a_room+a_score_ge13||range||long,1,3
BTC+ETH+SOL+XRP+DOGE+AVAX+LINK+BNB+ADA v19b norefine rpboost (9coins),orderbook_split_proxy,v19b_norefine_rpboost_9coins,1.0,3.0,capFixed,SOLUSDT,2025-05-23 16:00:00+00:00,2025-05-23 20:00:00+00:00,long,179.022,179.022,0.0,179.022,177.63592857142856,820.3863530643004,146867.20569827716,146867.20569827716,0.01,0.01,1137.1140843723376,1.3860714285714266,-1.1286578459160013,-1283.4127330284286,loss,stop,1,8.0,B,2,rp_pass_rp2,B,1.0,0,0,0.08476339053561975,base,False,False,True,False,False,False,True,False,True,False,False,False,False,True,False,False,0.0,178.82,179.022,engulf,10,1.3,0.45,legacy,1,True,False,False,True,4,"a_volume,a_wick_le_q1,a_trend_align,a_room",False,True,True,False,False,False,False,VOLUME,1,False,False,0.0,0.12842051017778744,,False,False,False,False,113711.40843723375,A,direct_under_threshold,0.0,1,113241.24509929516,A,2025-05,2025-05-23 12:00:00,3.021438759452226,up,True,False,a_fvg_absent+a_room+a_vol_expansion||up||long,3,3
BTC+ETH+SOL+XRP+DOGE+AVAX+LINK+BNB+ADA v19b norefine rpboost (9coins),orderbook_split_proxy,v19b_norefine_rpboost_9coins,1.0,3.0,capFixed,ETHUSDT,2025-05-23 20:00:00+00:00,2025-05-24 00:00:00+00:00,long,2527.32,2527.32,0.0,2527.32,2506.8844642857143,83.12082933563504,210072.93439653717,210072.93439653717,0.015,0.015,1698.6186764894273,20.435535714285834,0.12620219614816697,214.36940739125848,win,stop,1,8.0,B,2,tier_d_skip,D,1.0,0,0,0.3000433275563271,base,False,False,True,False,False,False,True,False,True,False,False,False,False,True,False,False,0.0,2522.13,2527.32,engulf,10,1.3,0.45,legacy,1,True,False,False,False,3,"a_volume,a_wick_le_q1,a_trend_align,a_room",False,True,False,False,False,False,False,none,0,False,False,0.0,1.3569499908247993,,False,False,False,False,113241.24509929516,A,direct_under_threshold,0.0,1,113455.61450668643,A,2025-05,2025-05-23 16:00:00,2.579879206849156,up,True,False,a_fvg_absent+a_room+a_volume||up||long,1,3
BTC+ETH+SOL+XRP+DOGE+AVAX+LINK+BNB+ADA v19b norefine rpboost (9coins),orderbook_split_proxy,v19b_norefine_rpboost_9coins,1.0,3.0,capFixed,ADAUSDT,2025-05-31 04:00:00+00:00,2025-06-01 00:00:00+00:00,long,0.6562,0.6562,0.0,0.6562,0.6506464285714286,163434.4543376076,107245.6889363381,107245.6889363381,0.008,0.008,907.6449160534914,0.00555357142857138,3.222125807073977,2924.546107675448,win,stop,5,8.0,B,1,rp_boost_rp1_x1.5,B,1.0,0,0,0.20762711864406416,base,False,True,True,False,False,False,True,False,False,False,False,False,False,True,False,False,0.0,0.6551,0.6562,engulf,10,1.3,0.45,legacy,1,True,True,False,False,5,"a_sweep,a_volume,a_wick_le_q1,a_room",True,True,False,True,False,False,False,SWEEP,1,False,False,0.0,6.950482315112596,6.950482315112596,True,True,True,True,113455.61450668643,A,direct_under_threshold,0.0,1,116380.16061436187,A,2025-06,2025-05-31 00:00:00,-2.2328747225755206,down,True,True,a_fvg_absent+a_room+a_sweep+a_trend_counter+a_volume||down||long,1,5
BTC+ETH+SOL+XRP+DOGE+AVAX+LINK+BNB+ADA v19b norefine rpboost (9coins),orderbook_split_proxy,v19b_norefine_rpboost_9coins,1.0,3.0,capFixed,LINKUSDT,2025-06-06 04:00:00+00:00,2025-06-09 12:00:00+00:00,short,13.234,13.234,0.0,13.234,14.496594285714286,737.4033729197325,9758.79623721974,9758.79623721974,0.008,0.008,931.041284914895,1.262594285714286,-0.5580410967893774,-519.5592997900992,time_exit_non_runner,time_exit_non_runner,20,12.75,S,4,rp_pass_rp4,B,1.0,2,1,0.0899408284023674,expansion,True,False,True,False,False,True,True,True,True,True,True,False,False,False,True,True,0.7147887323943624,13.234,13.518,engulf,10,1.3,0.45,legacy,1,True,True,False,False,4,"a_volume,a_score_ge13,a_wick_le_q1,a_pre_total_ge1,a_trend_align,a_mss,a_fvg,a_room",False,True,True,False,False,False,False,VOLUME,1,False,True,0.7147887323943624,0.07048978520416045,,False,False,False,False,116380.16061436187,A,direct_under_threshold,0.0,1,115860.60131457177,A,2025-06,2025-06-06 00:00:00,-0.7454376290856238,range,False,False,a_room+a_score_ge13+a_volume||range||short,1,3
BTC+ETH+SOL+XRP+DOGE+AVAX+LINK+BNB+ADA v19b norefine rpboost (9coins),orderbook_split_proxy,v19b_norefine_rpboost_9coins,1.0,3.0,capFixed,ETHUSDT,2025-06-09 16:00:00+00:00,2025-06-09 20:00:00+00:00,short,2573.0,2573.0,0.0,2573.0,2655.449657142857,21.078426277836087,54234.79081287225,54234.79081287225,0.015,0.015,1737.9090197185765,82.44965714285718,-1.0317069217649004,-1793.012765041308,loss,stop,1,13.25,S,3,rp_pass_rp3,A,1.0,0,0,0.27012889968242304,base,False,False,True,False,False,True,True,False,False,True,True,False,False,False,True,False,0.0,2573.0,2653.0,engulf,10,1.3,0.45,legacy,1,True,False,True,False,5,"a_volume,a_score_ge13,a_wick_le_q1,a_mss,a_fvg,a_room",False,True,False,True,False,False,False,SWEEP,1,False,False,0.0,0.0,,False,False,False,False,115860.60131457177,A,direct_under_threshold,0.0,1,114067.58854953047,A,2025-06,2025-06-09 12:00:00,1.1277621880396815,up,False,True,a_mss+a_room+a_volume||up||short,3,3
BTC+ETH+SOL+XRP+DOGE+AVAX+LINK+BNB+ADA v19b norefine rpboost (9coins),orderbook_split_proxy,v19b_norefine_rpboost_9coins,1.0,3.0,capFixed,BTCUSDT,2025-06-10 04:00:00+00:00,2025-06-10 08:00:00+00:00,long,109386.8,109386.8,0.0,109386.8,109000.07428571428,3.128373493406804,342202.7656485914,342202.7656485914,0.022,0.022,1209.8224737902815,386.725714285727,-0.03297870214399825,-39.89837501024482,loss,stop,1,9.5,B,2,rp_pass_rp2,B,1.0,1,0,0.19633388880472846,base,False,False,True,False,False,False,True,True,True,False,False,True,False,True,False,True,1.0,109074.4,109386.8,engulf,10,1.3,0.45,legacy,1,True,True,False,False,4,"a_volume,a_wick_le_q1,a_pre_total_ge1,a_trend_align,a_room",False,True,True,False,False,False,False,VOLUME,1,False,True,1.0,1.0684575261905391,,False,False,False,False,114067.58854953047,A,direct_under_threshold,0.0,1,114027.69017452022,A,2025-06,2025-06-10 00:00:00,1.8105409805497081,up,True,False,a_fvg_absent+a_room+a_volume||up||long,1,3
BTC+ETH+SOL+XRP+DOGE+AVAX+LINK+BNB+ADA v19b norefine rpboost (9coins),orderbook_split_proxy,v19b_norefine_rpboost_9coins,1.0,3.0,capFixed,SOLUSDT,2025-06-11 04:00:00+00:00,2025-06-11 12:00:00+00:00,long,163.91,163.91,0.0,163.91,162.28005714285715,699.5809066239348,114668.30640472914,114668.30640472914,0.01,0.01,1140.2769017452022,1.6299428571428507,0.5491131923993826,626.1410897365851,win,stop,2,7.75,B,2,rp_pass_rp2,C,1.0,1,0,0.32643884892086367,base,False,True,True,False,False,False,True,True,False,False,True,False,False,False,True,True,0.16814159292035052,162.6,164.86,engulf,10,1.3,0.45,legacy,1,False,True,False,True,4,"a_sweep,a_volume,a_wick_le_q1,a_pre_total_ge1,a_fvg",True,True,False,True,False,False,False,SWEEP,1,False,True,0.16814159292035052,2.693345954284131,,False,False,False,False,114027.69017452022,A,direct_under_threshold,0.0,1,114653.8312642568,A,2025-06,2025-06-11 00:00:00,2.524181054466762,up,False,True,a_trend_counter+a_vol_expansion+a_volume||up||long,1,3
BTC+ETH+SOL+XRP+DOGE+AVAX+LINK+BNB+ADA v19b norefine rpboost (9coins),orderbook_split_proxy,v19b_norefine_rpboost_9coins,1.0,3.0,capFixed,DOGEUSDT,2025-06-11 16:00:00+00:00,2025-06-11 20:00:00+00:00,long,0.19677,0.19677,0.0,0.19677,0.19465845714285715,434388.83895312843,85474.69184080708,85474.69184080708,0.008,0.008,917.2306501140545,0.0021115428571428507,-1.092687784152414,-1002.2467266298045,loss,stop,1,8.75,B,2,rp_pass_rp2,B,1.0,1,0,0.13457556935817758,base,False,False,True,False,False,False,True,True,False,False,True,False,False,False,True,True,0.043478260869563905,0.19514,0.19698,engulf,10,1.3,0.45,legacy,1,True,False,False,True,4,"a_volume,a_wick_le_q1,a_pre_total_ge1,a_fvg,a_room",False,True,True,False,False,False,False,VOLUME,1,False,True,0.043478260869563905,0.18469906906256892,,False,False,False,False,114653.8312642568,A,direct_under_threshold,0.0,1,113651.584537627,A,2025-06,2025-06-11 12:00:00,2.1896750792677517,up,False,True,a_room+a_vol_expansion+a_volume||up||long,2,3
BTC+ETH+SOL+XRP+DOGE+AVAX+LINK+BNB+ADA v19b norefine rpboost (9coins),orderbook_split_proxy,v19b_norefine_rpboost_9coins,1.0,3.0,capFixed,XRPUSDT,2025-06-11 20:00:00+00:00,2025-06-12 00:00:00+00:00,long,2.252,2.252,0.0,2.252,2.240665142857143,80213.86285172497,180641.61914208462,180641.61914208462,0.008,0.008,909.2126763010161,0.011334857142856869,-1.198179169187341,-1089.3996891049503,loss,stop,1,10.0,B,1,tier_d_skip,D,1.0,0,0,0.31493212669683524,base,False,False,False,False,False,True,True,False,False,False,False,True,False,True,False,False,0.0,2.2437,2.252,engulf,10,1.3,0.45,legacy,1,True,False,True,False,5,"a_score_ge13,a_wick_le_q1,a_room",False,False,False,False,False,False,False,none,0,False,False,0.0,1.8085803589433953,,False,False,False,False,113651.584537627,A,direct_under_threshold,0.0,1,112562.18484852205,A,2025-06,2025-06-11 16:00:00,1.9681449279450844,up,True,True,a_fvg_absent+a_ob+a_room+a_score_ge13+a_trend_counter||up||long,2,5
BTC+ETH+SOL+XRP+DOGE+AVAX+LINK+BNB+ADA v19b norefine rpboost (9coins),orderbook_split_proxy,v19b_norefine_rpboost_9coins,1.0,3.0,capFixed,LINKUSDT,2025-06-10 16:00:00+00:00,2025-06-12 16:00:00+00:00,short,15.475,15.475,0.0,15.475,15.975142857142856,1823.9219222431134,28225.19174671218,28225.19174671218,0.008,0.008,912.2215213961617,0.5001428571428566,2.104701963724652,1919.9544274343912,time_exit_non_runner,time_exit_non_runner,12,8.0,B,1,rp_boost_rp1_x1.5,B,1.0,0,0,0.15977742448330737,base,False,False,False,False,False,False,True,False,False,False,False,True,False,True,False,False,0.0,15.475,15.524,engulf,10,1.3,0.45,legacy,1,True,True,False,False,4,"a_wick_le_q1,a_room",False,False,True,True,False,False,False,SWEEP+VOLUME,2,False,False,0.0,2.8751785204227374,,False,False,False,False,114027.69017452022,A,direct_under_threshold,0.0,1,114482.13927595645,A,2025-06,2025-06-10 12:00:00,2.291831188178096,up,True,True,a_fvg_absent+a_ob+a_room+a_trend_counter||up||short,1,4
BTC+ETH+SOL+XRP+DOGE+AVAX+LINK+BNB+ADA v19b norefine rpboost (9coins),orderbook_split_proxy,v19b_norefine_rpboost_9coins,1.0,3.0,capFixed,AVAXUSDT,2025-06-11 20:00:00+00:00,2025-06-12 16:00:00+00:00,long,21.978,21.978,0.0,21.978,20.71001142857143,806.6825552585539,17729.2691994725,17729.2691994725,0.009,0.009,1022.864260838643,1.267988571428571,-1.0168329637941758,-1040.0820979076962,loss,stop,5,9.25,B,2,rp_pass_rp2,A,1.0,3,3,0.253259779338014,base,False,False,True,True,True,False,True,True,False,False,True,False,False,False,True,False,0.0,20.762,21.978,engulf,10,1.3,0.45,legacy,1,True,False,False,True,4,"a_volume,a_pre_total_ge4,a_sweep_count_2_4,a_wick_le_q1,a_pre_total_ge1,a_fvg,a_room",False,True,True,False,False,False,False,VOLUME,1,False,False,0.0,0.0,,False,False,False,False,113651.584537627,A,direct_under_threshold,0.0,1,113442.05717804875,A,2025-06,2025-06-11 16:00:00,1.9681449279450844,up,False,True,a_room+a_vol_expansion+a_volume||up||long,2,3
BTC+ETH+SOL+XRP+DOGE+AVAX+LINK+BNB+ADA v19b norefine rpboost (9coins),orderbook_split_proxy,v19b_norefine_rpboost_9coins,1.0,3.0,capFixed,ETHUSDT,2025-06-11 20:00:00+00:00,2025-06-12 20:00:00+00:00,long,2745.0,2745.0,0.0,2745.0,2637.8896571428572,15.916051826462063,43689.56226363836,43689.56226363836,0.015,0.015,1704.773768064405,107.11034285714277,-1.0251277771761138,-1747.6109434440111,loss,stop,6,8.75,B,3,rp_pass_rp3,B,1.0,0,0,0.21740096919041693,expansion,True,False,True,False,False,False,True,False,True,False,True,False,False,False,True,False,0.0,2694.76,2745.0,engulf,10,1.3,0.45,legacy,1,True,False,False,True,3,"a_volume,a_wick_le_q1,a_trend_align,a_fvg,a_room",False,True,True,False,False,False,False,VOLUME,1,False,False,0.0,0.3631768787434705,,False,False,False,False,113651.584537627,A,direct_under_threshold,0.0,1,111694.44623460474,A,2025-06,2025-06-11 16:00:00,1.9681449279450844,up,False,False,a_room+a_vol_expansion+a_volume||up||long,1,3
BTC+ETH+SOL+XRP+DOGE+AVAX+LINK+BNB+ADA v19b norefine rpboost (9coins),orderbook_split_proxy,v19b_norefine_rpboost_9coins,1.0,3.0,capFixed,SOLUSDT,2025-06-12 16:00:00+00:00,2025-06-13 08:00:00+00:00,short,158.69,158.69,0.0,158.69,161.0658857142857,477.4727020577835,75770.14308954966,75770.14308954966,0.01,0.01,1134.4205717804875,2.3758857142857153,3.446299055991147,3909.5525456240316,win,stop,4,9.5,B,1,rp_boost_rp1_x1.5,S,1.0,9,5,0.1310240963855474,base,False,False,True,True,True,False,True,True,False,False,False,True,False,True,False,True,0.19424460431654383,157.96,160.74,engulf,10,1.3,0.45,legacy,1,True,True,False,True,6,"a_volume,a_pre_total_ge4,a_sweep_count_2_4,a_wick_le_q1,a_pre_total_ge1,a_room",False,True,True,False,False,False,False,VOLUME,1,False,True,0.19424460431654383,7.559286160950503,6.818509788830624,True,True,True,True,113442.05717804875,A,direct_under_threshold,0.0,1,115603.99878022877,A,2025-06,2025-06-12 12:00:00,0.6629728883785726,range,True,True,a_fvg_absent+a_ob+a_room+a_trend_counter+a_vol_expansion+a_volume||range||short,2,6
BTC+ETH+SOL+XRP+DOGE+AVAX+LINK+BNB+ADA v19b norefine rpboost (9coins),orderbook_split_proxy,v19b_norefine_rpboost_9coins,1.0,3.0,capFixed,SOLUSDT,2025-06-22 00:00:00+00:00,2025-06-23 12:00:00+00:00,short,137.28,137.28,0.0,137.28,138.6576,839.1695614128098,115201.19739075053,115201.19739075053,0.01,0.01,1156.0399878022877,1.377600000000001,0.8308134320557555,960.4535498597123,win,stop,9,10.25,S,3,rp_pass_rp3,C,1.0,1,0,0.3962053571428568,expansion,True,False,True,False,False,True,False,True,True,False,True,False,False,False,True,False,0.0,137.28,138.37,engulf,10,1.3,0.45,legacy,1,True,True,False,False,3,"a_volume,a_score_ge13,a_pre_total_ge1,a_trend_align,a_fvg,a_room",False,True,False,False,False,False,False,none,0,False,False,0.0,8.311556329849008,,True,True,True,True,115603.99878022877,A,direct_under_threshold,0.0,1,116564.45233008848,A,2025-06,2025-06-21 20:00:00,-0.9184810826457749,range,False,False,a_room+a_score_ge13+a_volume||range||short,1,3
BTC+ETH+SOL+XRP+DOGE+AVAX+LINK+BNB+ADA v19b norefine rpboost (9coins),orderbook_split_proxy,v19b_norefine_rpboost_9coins,1.0,3.0,capFixed,BNBUSDT,2025-06-23 20:00:00+00:00,2025-06-25 00:00:00+00:00,short,636.63,636.63,0.0,636.63,650.1373714285714,103.55630148752026,65927.04821600002,65927.04821600002,0.012,0.012,1398.7734279610618,13.507371428571446,-1.0476320421864886,-1465.3998628910424,loss,stop,7,13.75,S,4,rp_pass_rp4,S,1.0,0,0,0.12741184298070637,base,False,False,True,False,False,True,True,False,True,True,True,False,False,False,True,False,0.0,636.63,638.9,engulf,10,1.3,0.45,legacy,1,True,False,False,True,5,"a_volume,a_score_ge13,a_wick_le_q1,a_trend_align,a_mss,a_fvg,a_room",False,True,False,False,False,False,False,none,0,False,False,0.0,0.06514961142910285,,False,False,False,False,116564.45233008848,A,direct_under_threshold,0.0,1,115099.05246719743,A,2025-06,2025-06-23 16:00:00,-1.7790988603566094,down,False,False,a_room+a_score_ge13+a_vol_expansion+a_volume||down||short,2,4
BTC+ETH+SOL+XRP+DOGE+AVAX+LINK+BNB+ADA v19b norefine rpboost (9coins),orderbook_split_proxy,v19b_norefine_rpboost_9coins,1.0,3.0,capFixed,LINKUSDT,2025-06-25 12:00:00+00:00,2025-06-25 16:00:00+00:00,long,13.152,13.152,0.0,13.152,13.01409142857143,6676.832412947642,87813.69989508738,87813.69989508738,0.008,0.008,920.7924197375794,0.13790857142856972,-1.0948675312836673,-1008.145723422798,loss,stop,1,9.0,B,1,rp_boost_rp1_x1.5,B,1.0,0,0,0.21981981981982043,base,False,False,True,False,False,False,True,False,False,False,False,True,False,True,False,False,0.0,13.044,13.152,engulf,10,1.3,0.45,legacy,1,True,True,False,False,5,"a_volume,a_wick_le_q1,a_room",False,True,False,False,False,False,False,none,0,False,False,0.0,0.6453551006878373,,False,False,False,False,115099.05246719743,A,direct_under_threshold,0.0,1,114090.90674377463,A,2025-06,2025-06-25 08:00:00,2.2518608151094943,up,True,True,a_fvg_absent+a_ob+a_room+a_trend_counter||up||long,2,4
BTC+ETH+SOL+XRP+DOGE+AVAX+LINK+BNB+ADA v19b norefine rpboost (9coins),orderbook_split_proxy,v19b_norefine_rpboost_9coins,1.0,3.0,capFixed,XRPUSDT,2025-06-27 00:00:00+00:00,2025-06-27 04:00:00+00:00,long,2.0978,2.0978,0.0,2.09800731220802,2.0892660714285713,106952.76463948781,224387.68227450876,224365.5096607175,0.008,0.008,934.8998677414472,0.00874124077944849,-1.2395125297018061,-1158.8201000820852,loss,stop,1,7.5,B,1,tier_d_skip,D,1.0,0,0,0.23552894211577338,base,False,False,True,False,False,False,True,False,False,False,False,True,False,True,False,False,0.0,2.0888,2.0978,engulf,10,1.3,0.45,legacy,1,True,True,False,False,5,"a_volume,a_wick_le_q1,a_room",False,True,True,True,False,False,False,SWEEP+VOLUME,2,False,False,0.0,1.7266070312883666,,False,False,False,False,114090.90674377463,A,orderbook_split_proxy,0.091,5,112932.08664369254,A,2025-06,2025-06-26 20:00:00,2.637108716622066,up,True,True,a_fvg_absent+a_ob+a_room+a_trend_counter||up||long,2,4
BTC+ETH+SOL+XRP+DOGE+AVAX+LINK+BNB+ADA v19b norefine rpboost (9coins),orderbook_split_proxy,v19b_norefine_rpboost_9coins,1.0,3.0,capFixed,SOLUSDT,2025-06-27 20:00:00+00:00,2025-06-28 12:00:00+00:00,short,142.07,142.07,0.0,142.07,148.19788571428572,184.29209014198474,26182.377246471773,26182.377246471773,0.01,0.01,1129.3208664369254,6.127885714285725,-1.023684179115612,-1156.0679041166156,loss,stop,4,11.0,A,2,rp_pass_rp2,A,1.0,4,3,0.25312145289444254,base,False,False,True,True,True,True,True,True,True,False,False,True,False,True,False,True,0.4592592592592646,142.07,143.42,engulf,10,1.3,0.45,legacy,1,True,False,True,False,5,"a_volume,a_pre_total_ge4,a_sweep_count_2_4,a_score_ge13,a_wick_le_q1,a_pre_total_ge1,a_trend_align,a_room",False,True,True,False,False,False,False,VOLUME,1,False,True,0.4592592592592646,0.1631884220145841,,False,False,False,False,112932.08664369254,A,direct_under_threshold,0.0,1,111776.01873957593,A,2025-06,2025-06-27 16:00:00,1.5006543145224127,up,True,False,a_room+a_score_ge13+a_volume||up||short,1,3
BTC+ETH+SOL+XRP+DOGE+AVAX+LINK+BNB+ADA v19b norefine rpboost (9coins),orderbook_split_proxy,v19b_norefine_rpboost_9coins,1.0,3.0,capFixed,LINKUSDT,2025-06-28 00:00:00+00:00,2025-06-28 20:00:00+00:00,long,12.968,12.968,0.0,12.968,12.893553571428571,12135.661985218027,157375.26462430737,157375.26462430737,0.008,0.008,903.4566931495403,0.07444642857142902,2.6178242096425994,2365.090803690512,win,stop,5,9.5,B,1,rp_boost_rp1_x1.5,S,1.0,5,0,0.20394088669950763,base,False,False,False,True,False,False,True,True,False,False,False,True,False,True,False,True,0.4819277108433728,12.872,13.038,engulf,10,1.3,0.45,legacy,1,True,False,True,False,4,"a_pre_total_ge4,a_wick_le_q1,a_pre_total_ge1,a_room",False,False,False,True,False,False,False,SWEEP,1,False,True,0.4819277108433728,6.340129527464575,6.340129527464575,True,True,True,True,112932.08664369254,A,direct_under_threshold,0.0,1,114141.10954326644,A,2025-06,2025-06-27 20:00:00,1.2337855594427989,up,True,True,a_fvg_absent+a_ob+a_room+a_trend_counter||up||long,1,4
BTC+ETH+SOL+XRP+DOGE+AVAX+LINK+BNB+ADA v19b norefine rpboost (9coins),orderbook_split_proxy,v19b_norefine_rpboost_9coins,1.0,3.0,capFixed,BNBUSDT,2025-06-30 00:00:00+00:00,2025-06-30 04:00:00+00:00,short,656.58,656.58,0.0,656.58,658.54974,521.5256764290708,342423.32862979936,342423.32862979936,0.012,0.012,1027.2699858893989,1.9697400000000016,0.31699166666666695,325.636024943724,win,stop,1,9.5,B,1,rp_boost_rp1_x1.5,B,1.0,0,0,0.22977346278318517,base,False,False,True,False,False,False,True,False,False,False,False,True,False,True,False,False,0.0,656.58,657.88,engulf,10,1.3,0.45,legacy,1,True,True,True,False,5,"a_volume,a_wick_le_q1,a_room",False,True,True,True,False,False,False,SWEEP+VOLUME,2,False,False,0.0,2.1424147349396487,,False,False,False,False,114141.10954326644,A,direct_under_threshold,0.0,1,114466.74556821017,A,2025-06,2025-06-29 20:00:00,0.23865534281783343,range,True,True,a_fvg_absent+a_ob+a_room+a_trend_counter||range||short,1,4
BTC+ETH+SOL+XRP+DOGE+AVAX+LINK+BNB+ADA v19b norefine rpboost (9coins),orderbook_split_proxy,v19b_norefine_rpboost_9coins,1.0,3.0,capFixed,XRPUSDT,2025-06-30 16:00:00+00:00,2025-06-30 20:00:00+00:00,short,2.2563,2.2563,0.0,2.2555920701641257,2.2630689,135285.49166713734,305148.8822126498,305244.654848562,0.008,0.008,1011.5066004577733,0.007476829835874277,0.3486474013817113,352.6591477300516,win,stop,1,10.75,A,2,tier_d_skip,D,1.0,0,0,0.3205342237061698,base,False,False,True,False,False,True,True,False,False,False,True,False,False,False,True,False,0.0,2.2563,2.2891,engulf,10,1.3,0.45,legacy,1,True,False,True,False,4,"a_volume,a_score_ge13,a_wick_le_q1,a_fvg,a_room",False,True,True,True,False,False,False,SWEEP+VOLUME,2,False,False,0.0,2.954737589202147,,False,False,False,False,114466.74556821017,A,orderbook_split_proxy,0.091,5,114819.40471594023,A,2025-06,2025-06-30 12:00:00,0.29341498121969245,range,False,True,a_room+a_score_ge13+a_volume||range||short,1,3
BTC+ETH+SOL+XRP+DOGE+AVAX+LINK+BNB+ADA v19b norefine rpboost (9coins),orderbook_split_proxy,v19b_norefine_rpboost_9coins,1.0,3.0,capFixed,XRPUSDT,2025-07-04 04:00:00+00:00,2025-07-04 08:00:00+00:00,long,2.2366,2.2366,0.0,2.2366691477050806,2.226676785714286,92566.30072474667,207040.18894823134,207033.7882009684,0.008,0.008,924.9559849904281,0.009992361990794674,-1.2233378823510979,-1131.5336959461642,loss,stop,1,8.0,B,2,rp_pass_rp2,B,1.0,0,0,0.17546848381600572,base,False,False,True,False,False,False,True,False,True,False,False,False,False,True,False,False,0.0,2.2358,2.2366,engulf,10,1.3,0.45,legacy,1,True,False,True,False,3,"a_volume,a_wick_le_q1,a_trend_align,a_room",False,True,False,False,False,False,False,none,0,False,False,0.0,0.253278683983901,,False,False,False,False,114819.40471594023,A,orderbook_split_proxy,0.091,5,113687.87101999405,A,2025-07,2025-07-04 00:00:00,1.2583293818626482,up,True,False,a_fvg_absent+a_room+a_volume||up||long,1,3
BTC+ETH+SOL+XRP+DOGE+AVAX+LINK+BNB+ADA v19b norefine rpboost (9coins),orderbook_split_proxy,v19b_norefine_rpboost_9coins,1.0,3.0,capFixed,AVAXUSDT,2025-07-04 16:00:00+00:00,2025-07-05 00:00:00+00:00,long,17.539,17.539,0.0,17.539,17.42757142857143,9182.481890076388,161051.54987004978,161051.54987004978,0.009,0.009,1023.1908391799465,0.1114285714285721,1.5427225897435914,1578.4996212216056,win,stop,2,8.5,B,1,tier_d_skip,D,1.0,0,0,0.2858638743455473,base,False,False,False,False,False,False,True,False,False,False,False,True,False,True,False,False,0.0,17.32,17.539,engulf,10,1.3,0.45,legacy,1,True,False,False,False,4,"a_wick_le_q1,a_room",False,False,False,True,False,False,False,SWEEP,1,False,False,0.0,3.0692307692307397,2.8538461538461175,False,False,False,False,113687.87101999405,A,direct_under_threshold,0.0,1,115266.37064121566,A,2025-07,2025-07-04 12:00:00,1.0175994746805337,up,True,True,a_fvg_absent+a_ob+a_room+a_trend_counter||up||long,1,4
BTC+ETH+SOL+XRP+DOGE+AVAX+LINK+BNB+ADA v19b norefine rpboost (9coins),orderbook_split_proxy,v19b_norefine_rpboost_9coins,1.0,3.0,capFixed,ADAUSDT,2025-07-03 08:00:00+00:00,2025-07-05 08:00:00+00:00,short,0.5991,0.5991,0.0,0.5991,0.612704,67520.96719549528,40451.81144682122,40451.81144682122,0.008,0.008,918.5552377275219,0.01360400000000006,1.5972992355189595,1467.2075790041067,time_exit_non_runner,time_exit_non_runner,12,9.5,B,1,rp_boost_rp1_x1.5,B,1.0,0,0,0.16442953020134876,base,False,False,True,False,False,False,True,False,False,False,False,True,False,True,False,False,0.0,0.5991,0.6116,engulf,10,1.3,0.45,legacy,1,True,True,False,False,5,"a_volume,a_wick_le_q1,a_room",False,True,True,False,False,False,False,VOLUME,1,False,False,0.0,2.683034401646561,,False,False,False,False,114819.40471594023,A,direct_under_threshold,0.0,1,116733.57822021977,A,2025-07,2025-07-03 04:00:00,0.15273516958309155,range,True,True,a_fvg_absent+a_ob+a_room+a_trend_counter||range||short,1,4
BTC+ETH+SOL+XRP+DOGE+AVAX+LINK+BNB+ADA v19b norefine rpboost (9coins),orderbook_split_proxy,v19b_norefine_rpboost_9coins,1.0,3.0,capFixed,ADAUSDT,2025-07-06 20:00:00+00:00,2025-07-07 00:00:00+00:00,short,0.5846,0.5846,0.0,0.5846,0.5935885714285715,103895.11093980112,60737.081855407734,60737.081855407734,0.008,0.008,933.8686257617582,0.008988571428571457,-1.065538143674507,-995.0726419300468,loss,stop,1,8.5,B,1,rp_boost_rp1_x1.5,B,1.0,0,0,0.1885521885521875,base,False,False,False,False,False,False,True,False,False,False,False,True,False,True,False,False,0.0,0.5846,0.5929,engulf,10,1.3,0.45,legacy,1,True,False,True,False,4,"a_wick_le_q1,a_room",False,False,False,False,False,False,False,none,0,False,False,0.0,0.3448823903369338,,False,False,False,False,116733.57822021977,A,direct_under_threshold,0.0,1,115738.50557828973,A,2025-07,2025-07-06 16:00:00,-0.1066681459197765,range,True,True,a_fvg_absent+a_ob+a_room+a_trend_counter||range||short,1,4
BTC+ETH+SOL+XRP+DOGE+AVAX+LINK+BNB+ADA v19b norefine rpboost (9coins),orderbook_split_proxy,v19b_norefine_rpboost_9coins,1.0,3.0,capFixed,AVAXUSDT,2025-07-08 12:00:00+00:00,2025-07-08 16:00:00+00:00,short,18.009,18.009,0.0,18.00421098834609,18.087107142857143,13336.124099556117,240106.39205517535,240170.2589089061,0.009,0.009,1105.5134039353536,0.08289615451105092,-1.2176899419766927,-1346.1725526924968,loss,stop,1,7.5,B,1,rp_boost_rp1_x1.5,B,1.0,0,0,0.2146690518783506,base,False,False,True,False,False,False,True,False,False,False,False,True,False,True,False,False,0.0,18.009,18.201,engulf,10,1.3,0.45,legacy,1,True,False,True,False,5,"a_volume,a_wick_le_q1,a_room",False,True,True,False,False,False,False,VOLUME,1,False,False,0.0,1.2571269314091125,,False,False,False,False,115738.50557828973,A,orderbook_split_proxy,0.09800000000000002,5,114392.33302559723,A,2025-07,2025-07-08 08:00:00,0.10437047161868461,range,True,True,a_fvg_absent+a_ob+a_room+a_trend_counter||range||short,1,4
BTC+ETH+SOL+XRP+DOGE+AVAX+LINK+BNB+ADA v19b norefine rpboost (9coins),orderbook_split_proxy,v19b_norefine_rpboost_9coins,1.0,3.0,capFixed,DOGEUSDT,2025-07-10 16:00:00+00:00,2025-07-10 20:00:00+00:00,short,0.1844,0.1844,0.0,0.1844,0.18657902857142858,419975.5231317656,77443.48646549758,77443.48646549758,0.008,0.008,915.1386642047778,0.0021790285714285706,-1.085124865601972,-993.0397200023779,loss,stop,1,8.5,B,1,rp_boost_rp1_x1.5,B,1.0,0,0,0.20926243567753075,base,False,False,True,False,False,False,True,False,False,False,False,True,False,True,False,False,0.0,0.1844,0.18628,engulf,10,1.3,0.45,legacy,1,True,True,False,False,5,"a_volume,a_wick_le_q1,a_room",False,True,True,False,False,False,False,VOLUME,1,False,False,0.0,0.0,,False,False,False,False,114392.33302559723,A,direct_under_threshold,0.0,1,113399.29330559485,A,2025-07,2025-07-10 12:00:00,1.0990705970279184,up,True,True,a_fvg_absent+a_ob+a_room+a_trend_counter||up||short,1,4
BTC+ETH+SOL+XRP+DOGE+AVAX+LINK+BNB+ADA v19b norefine rpboost (9coins),orderbook_split_proxy,v19b_norefine_rpboost_9coins,1.0,3.0,capFixed,BNBUSDT,2025-07-10 16:00:00+00:00,2025-07-11 04:00:00+00:00,long,667.82,667.82,0.0,667.82,665.5944571428571,513.876492283537,343176.9990767917,343176.9990767917,0.012,0.012,1143.6541568553025,2.2255428571429547,4.340807524327789,4964.382569306251,win,stop,3,8.5,B,2,rp_pass_rp2,B,1.0,0,0,0.171830985915499,base,False,False,True,False,False,False,True,False,True,False,False,True,False,True,False,False,0.0,665.93,667.82,engulf,10,1.3,0.45,legacy,1,True,True,False,False,4,"a_volume,a_wick_le_q1,a_trend_align,a_room",False,True,False,False,False,False,False,none,0,False,False,0.0,12.392482091046231,12.392482091046231,True,True,True,True,114392.33302559723,A,direct_under_threshold,0.0,1,118363.6758749011,A,2025-07,2025-07-10 12:00:00,1.0990705970279184,up,True,False,a_fvg_absent+a_room+a_volume||up||long,1,3
BTC+ETH+SOL+XRP+DOGE+AVAX+LINK+BNB+ADA v19b norefine rpboost (9coins),orderbook_split_proxy,v19b_norefine_rpboost_9coins,1.0,3.0,capFixed,ADAUSDT,2025-07-11 20:00:00+00:00,2025-07-12 00:00:00+00:00,long,0.7331,0.7331,0.0,0.7331,0.7100719999999999,41119.91519016879,30145.009825912737,30145.009825912737,0.008,0.008,946.9094069992088,0.02302800000000005,-1.0313351571999305,-976.580962121622,loss,stop,1,9.25,B,3,rp_pass_rp3,C,1.0,2,0,0.2803889789303084,base,False,False,True,False,False,False,True,True,True,False,True,False,False,False,True,True,0.2422907488986756,0.7119,0.7346,engulf,10,1.3,0.45,legacy,1,True,True,False,True,3,"a_volume,a_wick_le_q1,a_pre_total_ge1,a_trend_align,a_fvg,a_room",False,True,True,False,False,False,False,VOLUME,1,False,True,0.2422907488986756,0.17370158068438402,,False,False,False,False,118363.6758749011,A,direct_under_threshold,0.0,1,117387.09491277949,A,2025-07,2025-07-11 16:00:00,3.5851173074551856,up,False,False,a_room+a_vol_expansion+a_volume||up||long,1,3
BTC+ETH+SOL+XRP+DOGE+AVAX+LINK+BNB+ADA v19b norefine rpboost (9coins),orderbook_split_proxy,v19b_norefine_rpboost_9coins,1.0,3.0,capFixed,DOGEUSDT,2025-07-11 20:00:00+00:00,2025-07-12 00:00:00+00:00,long,0.19936,0.19936,0.0,0.19936,0.1970538857142857,410608.1874888116,81858.84825776948,81858.84825776948,0.008,0.008,946.9094069992088,0.0023061142857143113,1.0130015523948768,959.2206992675107,win,stop,1,7.75,B,3,rp_pass_rp3,C,1.0,2,0,0.2536818851251847,base,False,False,True,False,False,False,True,True,True,False,True,False,False,False,True,True,0.13310580204778136,0.19759,0.20052,engulf,10,1.3,0.45,legacy,1,True,True,False,True,3,"a_volume,a_wick_le_q1,a_pre_total_ge1,a_trend_align,a_fvg,a_room",False,True,True,False,False,False,False,VOLUME,1,False,True,0.13310580204778136,3.1134623485392487,,False,False,False,False,118363.6758749011,A,direct_under_threshold,0.0,1,118346.315612047,A,2025-07,2025-07-11 16:00:00,3.5851173074551856,up,False,False,a_room+a_vol_expansion+a_volume||up||long,1,3
BTC+ETH+SOL+XRP+DOGE+AVAX+LINK+BNB+ADA v19b norefine rpboost (9coins),orderbook_split_proxy,v19b_norefine_rpboost_9coins,1.0,3.0,capFixed,LINKUSDT,2025-07-11 20:00:00+00:00,2025-07-12 00:00:00+00:00,long,15.07,15.07,0.0,15.07,14.676297142857143,2405.137249627877,36245.418351892105,36245.418351892105,0.008,0.008,946.9094069992088,0.39370285714285735,0.21159740123080498,200.3635697220352,win,stop,1,7.75,B,3,tier_d_skip,D,1.0,0,0,0.23703112529928183,base,False,False,True,False,False,False,True,False,True,False,True,False,False,False,True,False,0.0,14.705,15.07,engulf,10,1.3,0.45,legacy,1,True,True,False,True,3,"a_volume,a_wick_le_q1,a_trend_align,a_fvg,a_room",False,True,False,False,False,False,False,none,0,False,False,0.0,1.04139452524021,,False,False,False,False,118363.6758749011,A,direct_under_threshold,0.0,1,118546.67918176902,A,2025-07,2025-07-11 16:00:00,3.5851173074551856,up,False,False,a_room+a_vol_expansion+a_volume||up||long,1,3
BTC+ETH+SOL+XRP+DOGE+AVAX+LINK+BNB+ADA v19b norefine rpboost (9coins),orderbook_split_proxy,v19b_norefine_rpboost_9coins,1.0,3.0,capFixed,XRPUSDT,2025-07-11 20:00:00+00:00,2025-07-12 00:00:00+00:00,long,2.7386,2.7386,0.0,2.7386,2.688472,18889.830174736868,51731.68891653438,51731.68891653438,0.008,0.008,946.9094069992087,0.05012799999999995,0.595042858282796,563.4516800756766,win,stop,1,8.75,B,3,rp_pass_rp3,B,1.0,1,0,0.20722082283795104,base,False,False,True,False,False,False,True,True,True,False,True,False,False,False,True,True,0.620535714285714,2.6951,2.7623,engulf,10,1.3,0.45,legacy,1,True,True,False,True,3,"a_volume,a_wick_le_q1,a_pre_total_ge1,a_trend_align,a_fvg,a_room",False,True,True,False,False,False,False,VOLUME,1,False,True,0.620535714285714,2.2163262049154184,,False,False,False,False,118363.6758749011,A,direct_under_threshold,0.0,1,119110.13086184471,A,2025-07,2025-07-11 16:00:00,3.5851173074551856,up,False,False,a_room+a_vol_expansion+a_volume||up||long,1,3
BTC+ETH+SOL+XRP+DOGE+AVAX+LINK+BNB+ADA v19b norefine rpboost (9coins),orderbook_split_proxy,v19b_norefine_rpboost_9coins,1.0,3.0,capFixed,AVAXUSDT,2025-07-11 16:00:00+00:00,2025-07-12 12:00:00+00:00,long,20.8,20.8,0.0,20.8,20.237422857142857,1893.5591258897202,39386.029818506184,39386.029818506184,0.009,0.009,1065.2730828741098,0.562577142857144,-1.0364727072350712,-1104.126476151179,loss,stop,5,8.75,B,2,rp_pass_rp2,B,1.0,1,0,0.15963302752293482,base,False,False,True,False,False,False,True,True,False,False,True,False,False,False,True,True,0.3750000000000139,20.739,20.899,engulf,10,1.3,0.45,legacy,1,True,True,False,True,4,"a_volume,a_wick_le_q1,a_pre_total_ge1,a_fvg,a_room",False,True,True,False,False,False,False,VOLUME,1,False,True,0.3750000000000139,0.9492031569003831,,False,False,False,False,118363.6758749011,A,direct_under_threshold,0.0,1,118006.00438569352,A,2025-07,2025-07-11 12:00:00,3.2474956527149392,up,False,True,a_room+a_vol_expansion+a_volume||up||long,2,3
BTC+ETH+SOL+XRP+DOGE+AVAX+LINK+BNB+ADA v19b norefine rpboost (9coins),orderbook_split_proxy,v19b_norefine_rpboost_9coins,1.0,3.0,capFixed,SOLUSDT,2025-07-12 12:00:00+00:00,2025-07-13 20:00:00+00:00,long,159.82,159.82,0.0,159.82,157.27982857142857,464.55921461985434,74245.85368054511,74245.85368054511,0.01,0.01,1180.0600438569352,2.5401714285714263,0.18695798652509388,220.62164977820657,win,stop,8,9.25,B,3,tier_d_skip,D,1.0,0,0,0.3559027777777736,base,False,False,True,False,False,False,False,False,True,False,True,False,False,False,True,False,0.0,157.56,159.82,engulf,10,1.3,0.45,legacy,1,True,False,False,True,3,"a_volume,a_trend_align,a_fvg,a_room",False,True,False,False,False,False,False,none,0,False,False,0.0,1.692799136166294,,False,False,False,False,118006.00438569352,A,direct_under_threshold,0.0,1,118226.62603547172,A,2025-07,2025-07-12 08:00:00,4.654854364171157,up,False,False,a_room+a_vol_expansion+a_volume||up||long,1,3
BTC+ETH+SOL+XRP+DOGE+AVAX+LINK+BNB+ADA v19b norefine rpboost (9coins),orderbook_split_proxy,v19b_norefine_rpboost_9coins,1.0,3.0,capFixed,BNBUSDT,2025-07-12 20:00:00+00:00,2025-07-14 12:00:00+00:00,long,682.34,682.34,0.0,682.34,674.5646285714286,182.12275331629903,124269.63949784348,124269.63949784348,0.012,0.012,1416.0720526283224,7.775371428571475,2.096533880237227,2968.8430351923516,win,stop,10,8.75,B,3,tier_d_skip,D,1.0,0,0,0.3776711731356296,base,False,False,True,False,False,False,False,False,True,False,True,False,False,False,True,False,0.0,675.26,682.34,engulf,10,1.3,0.45,legacy,1,True,False,False,True,3,"a_volume,a_trend_align,a_fvg,a_room",False,True,True,False,False,False,False,VOLUME,1,False,False,0.0,3.300163887439437,3.195988799800085,False,False,False,False,118006.00438569352,A,direct_under_threshold,0.0,1,121195.46907066407,A,2025-07,2025-07-12 16:00:00,4.24521009920519,up,False,False,a_room+a_vol_expansion+a_volume||up||long,1,3
BTC+ETH+SOL+XRP+DOGE+AVAX+LINK+BNB+ADA v19b norefine rpboost (9coins),orderbook_split_proxy,v19b_norefine_rpboost_9coins,1.0,3.0,capFixed,AVAXUSDT,2025-07-14 16:00:00+00:00,2025-07-14 20:00:00+00:00,long,21.251,21.251,0.0,21.251,21.106245714285713,7535.2464782209145,160131.52290867266,160131.52290867266,0.009,0.009,1090.7592216359765,0.1447542857142885,0.1030676022422261,112.42193759761696,win,stop,1,8.5,B,3,tier_d_skip,D,1.0,0,0,0.30704697986577445,base,False,False,True,False,False,False,True,False,True,False,True,False,False,False,True,False,0.0,21.151,21.251,engulf,10,1.3,0.45,legacy,1,True,True,False,True,3,"a_volume,a_wick_le_q1,a_trend_align,a_fvg,a_room",False,True,True,False,False,False,False,VOLUME,1,False,False,0.0,1.1053213327017009,,False,False,False,False,121195.46907066407,A,direct_under_threshold,0.0,1,121307.89100826168,A,2025-07,2025-07-14 12:00:00,2.3887249466025375,up,False,False,a_room+a_vol_expansion+a_volume||up||long,1,3
BTC+ETH+SOL+XRP+DOGE+AVAX+LINK+BNB+ADA v19b norefine rpboost (9coins),orderbook_split_proxy,v19b_norefine_rpboost_9coins,1.0,3.0,capFixed,XRPUSDT,2025-07-15 00:00:00+00:00,2025-07-15 20:00:00+00:00,long,2.806,2.806,0.0,2.806,2.7603697142857144,21267.960804423965,59677.89801721364,59677.89801721364,0.008,0.008,970.4631280660934,0.04563028571428562,1.7916330519830215,1738.7138159740448,win,stop,5,9.5,B,2,tier_d_skip,D,1.0,0,0,0.2717933665981812,base,False,False,True,False,False,False,True,False,True,False,False,True,False,True,False,False,0.0,2.7675,2.806,engulf,10,1.3,0.45,legacy,1,True,True,False,False,4,"a_volume,a_wick_le_q1,a_trend_align,a_room",False,True,True,False,False,False,False,VOLUME,1,False,False,0.0,3.090052972336675,2.7196849210424183,True,False,False,False,121307.89100826168,A,direct_under_threshold,0.0,1,123046.60482423572,A,2025-07,2025-07-14 20:00:00,2.246769885124685,up,True,False,a_fvg_absent+a_room+a_volume||up||long,1,3
BTC+ETH+SOL+XRP+DOGE+AVAX+LINK+BNB+ADA v19b norefine rpboost (9coins),orderbook_split_proxy,v19b_norefine_rpboost_9coins,1.0,3.0,capFixed,LINKUSDT,2025-07-14 16:00:00+00:00,2025-07-16 16:00:00+00:00,long,15.842,15.842,0.0,15.842,14.832474285714287,960.4151126069378,15214.896213919108,15214.896213919108,0.008,0.008,969.5637525653126,1.0095257142857132,0.9960404907254886,965.7247558948002,time_exit_non_runner,time_exit_non_runner,12,8.25,B,3,tier_d_skip,D,1.0,0,0,0.3585237258348,base,False,False,True,False,False,False,False,False,True,False,True,False,False,False,True,True,0.021276595744706583,15.841,15.888,engulf,10,1.3,0.45,legacy,1,True,True,False,True,3,"a_volume,a_trend_align,a_fvg,a_room",False,True,False,False,False,False,False,none,0,False,True,0.021276595744706583,1.1807524891462464,,False,False,False,False,121195.46907066407,A,direct_under_threshold,0.0,1,124012.32958013052,A,2025-07,2025-07-14 12:00:00,2.3887249466025375,up,False,False,a_room+a_vol_expansion+a_volume||up||long,1,3
BTC+ETH+SOL+XRP+DOGE+AVAX+LINK+BNB+ADA v19b norefine rpboost (9coins),orderbook_split_proxy,v19b_norefine_rpboost_9coins,1.0,3.0,capFixed,ETHUSDT,2025-07-15 08:00:00+00:00,2025-07-17 00:00:00+00:00,long,2968.4,2968.4,0.0,2968.4,2853.7865714285713,15.87613587521214,47126.72173197972,47126.72173197972,0.015,0.015,1819.618365123925,114.61342857142881,2.4929243843279347,4536.170992588364,win,stop,10,7.75,B,3,rp_pass_rp3,C,1.0,1,1,0.4340243296921586,base,False,False,True,False,False,False,False,True,True,False,True,False,False,False,True,False,0.0,2932.99,2968.4,engulf,10,1.3,0.45,legacy,1,True,False,False,True,3,"a_volume,a_pre_total_ge1,a_trend_align,a_fvg,a_room",False,True,True,False,False,False,False,VOLUME,1,False,False,0.0,3.9704771567529997,3.9704771567529997,False,False,False,False,121307.89100826168,A,direct_under_threshold,0.0,1,128548.50057271888,A,2025-07,2025-07-15 04:00:00,1.6797223514577626,up,False,False,a_room+a_vol_expansion+a_volume||up||long,1,3
BTC+ETH+SOL+XRP+DOGE+AVAX+LINK+BNB+ADA v19b norefine rpboost (9coins),orderbook_split_proxy,v19b_norefine_rpboost_9coins,1.0,3.0,capFixed,ADAUSDT,2025-07-14 08:00:00+00:00,2025-07-17 16:00:00+00:00,long,0.7404,0.7404,0.0,0.7404,0.6743617142857143,14322.19201412693,10604.150967259578,10604.150967259578,0.008,0.008,945.8130082837738,0.0660382857142856,0.8951686032777546,846.6621095873171,time_exit_non_runner,time_exit_non_runner,20,8.75,B,3,rp_pass_rp3,S,1.0,6,2,0.16142857142857278,expansion,True,False,True,True,True,False,True,True,True,False,True,False,False,False,True,True,0.21004566210045347,0.724,0.7459,engulf,10,1.3,0.45,legacy,1,True,True,False,True,3,"a_volume,a_pre_total_ge4,a_sweep_count_2_4,a_wick_le_q1,a_pre_total_ge1,a_trend_align,a_fvg,a_room",False,True,True,False,False,False,False,VOLUME,1,False,True,0.21004566210045347,1.2916749591146288,,False,False,False,False,118226.62603547172,A,direct_under_threshold,0.0,1,129395.1626823062,A,2025-07,2025-07-14 04:00:00,2.5209258981289593,up,False,False,a_room+a_vol_expansion+a_volume||up||long,1,3
BTC+ETH+SOL+XRP+DOGE+AVAX+LINK+BNB+ADA v19b norefine rpboost (9coins),orderbook_split_proxy,v19b_norefine_rpboost_9coins,1.0,3.0,capFixed,AVAXUSDT,2025-07-17 00:00:00+00:00,2025-07-19 00:00:00+00:00,long,22.446,22.446,0.0,22.446,20.327154285714286,546.0220616131481,12256.011194968723,12256.011194968723,0.009,0.009,1156.9365051544698,2.1188457142857153,0.7250342427008764,838.8185828676695,time_exit_non_runner,time_exit_non_runner,12,12.5,S,4,rp_pass_rp4,A,1.0,3,2,0.3118664281454978,base,False,False,False,True,True,True,True,True,True,True,True,False,False,False,True,True,0.8987341772152019,22.367,22.446,engulf,10,1.3,0.45,legacy,1,False,True,False,True,3,"a_pre_total_ge4,a_sweep_count_2_4,a_score_ge13,a_wick_le_q1,a_pre_total_ge1,a_trend_align,a_mss,a_fvg",False,False,True,False,False,False,False,VOLUME,1,False,True,0.8987341772152019,1.2233075690807382,,False,False,False,False,128548.50057271888,A,direct_under_threshold,0.0,1,130233.98126517386,A,2025-07,2025-07-16 20:00:00,-0.4543279495282716,range,False,False,a_mss+a_score_ge13+a_vol_expansion||range||long,1,3
BTC+ETH+SOL+XRP+DOGE+AVAX+LINK+BNB+ADA v19b norefine rpboost (9coins),orderbook_split_proxy,v19b_norefine_rpboost_9coins,1.0,3.0,capFixed,SOLUSDT,2025-07-17 00:00:00+00:00,2025-07-19 00:00:00+00:00,long,172.03,172.03,0.0,172.03,156.81194285714287,84.4710329091223,14531.551791356309,14531.551791356309,0.01,0.01,1285.4850057271888,15.218057142857134,0.34401664751648414,442.2282421029759,time_exit_non_runner,time_exit_non_runner,12,13.75,S,4,rp_pass_rp4,A,1.0,1,0,0.27322033898304954,base,False,False,True,False,False,True,True,True,True,True,True,False,False,False,True,True,0.8966480446927365,168.82,172.4,engulf,10,1.3,0.45,legacy,1,False,True,False,True,4,"a_volume,a_score_ge13,a_wick_le_q1,a_pre_total_ge1,a_trend_align,a_mss,a_fvg",False,True,True,False,False,False,False,VOLUME,1,False,True,0.8966480446927365,0.8522769942474357,,False,False,False,False,128548.50057271888,A,direct_under_threshold,0.0,1,130676.20950727684,A,2025-07,2025-07-16 20:00:00,-0.4543279495282716,range,False,False,a_mss+a_score_ge13+a_vol_expansion||range||long,1,3
BTC+ETH+SOL+XRP+DOGE+AVAX+LINK+BNB+ADA v19b norefine rpboost (9coins),orderbook_split_proxy,v19b_norefine_rpboost_9coins,1.0,3.0,capFixed,SOLUSDT,2025-07-30 04:00:00+00:00,2025-07-30 12:00:00+00:00,short,182.84,182.84,0.0,182.84,183.91517857142858,1215.3907544274114,222222.0455395079,222222.0455395079,0.01,0.01,1306.7620950727685,1.0751785714285802,2.252264532469676,2943.1739191081633,win,stop,2,7.5,B,1,tier_d_skip,D,1.0,0,0,0.27652733118971073,base,False,False,True,False,False,False,True,False,False,False,False,True,False,True,False,True,0.5088757396449624,182.01,183.7,engulf,10,1.3,0.45,legacy,1,True,True,False,False,5,"a_volume,a_wick_le_q1,a_room",False,True,False,False,False,False,False,none,0,False,True,0.5088757396449624,6.073409732602509,5.840890217571785,True,True,True,True,130676.20950727684,A,direct_under_threshold,0.0,1,133619.383426385,A,2025-07,2025-07-30 00:00:00,0.1651385425144321,range,True,True,a_fvg_absent+a_ob+a_room+a_trend_counter||range||short,1,4
BTC+ETH+SOL+XRP+DOGE+AVAX+LINK+BNB+ADA v19b norefine rpboost (9coins),orderbook_split_proxy,v19b_norefine_rpboost_9coins,1.0,3.0,capFixed,BTCUSDT,2025-07-31 00:00:00+00:00,2025-07-31 12:00:00+00:00,short,118374.8,118374.8,0.0,118374.8,118950.292,3.386347012025828,400858.150279155,400858.150279155,0.022,0.022,1948.8156146447623,575.4919999999984,0.044431784455734674,86.58935533386617,win,stop,3,9.5,B,1,rp_boost_rp1_x1.5,B,1.0,1,1,0.1593079016719205,base,False,False,True,False,False,False,True,True,False,False,False,True,False,True,False,False,0.0,118374.8,119352.2,engulf,10,1.3,0.45,legacy,1,True,False,True,False,5,"a_volume,a_wick_le_q1,a_pre_total_ge1,a_room",False,True,True,False,False,False,False,VOLUME,1,False,False,0.0,1.027816199008851,,False,False,False,False,133619.383426385,A,direct_under_threshold,0.0,1,133705.97278171885,A,2025-07,2025-07-30 20:00:00,-0.3269899220169389,range,True,True,a_fvg_absent+a_ob+a_room+a_trend_counter||range||short,1,4
BTC+ETH+SOL+XRP+DOGE+AVAX+LINK+BNB+ADA v19b norefine rpboost (9coins),orderbook_split_proxy,v19b_norefine_rpboost_9coins,1.0,3.0,capFixed,SOLUSDT,2025-07-31 12:00:00+00:00,2025-08-01 04:00:00+00:00,short,180.82,180.82,0.0,180.82,183.82565714285715,444.84772023804,80437.36477344239,80437.36477344239,0.01,0.01,1337.0597278171886,3.00565714285716,2.4625727380748588,3292.6068349003995,win,stop,4,9.5,B,1,rp_boost_rp1_x1.5,C,1.0,2,1,0.2692307692307824,base,False,False,False,False,False,False,True,True,False,False,False,True,False,True,False,False,0.0,180.82,183.5,engulf,10,1.3,0.45,legacy,1,True,False,False,False,4,"a_wick_le_q1,a_pre_total_ge1,a_room",False,False,False,True,False,False,False,SWEEP,1,False,False,0.0,4.518146732827589,4.518146732827589,True,True,True,False,133705.97278171885,A,direct_under_threshold,0.0,1,136998.57961661924,A,2025-08,2025-07-31 08:00:00,-0.2393859725559721,range,True,True,a_fvg_absent+a_ob+a_room+a_trend_counter||range||short,1,4
BTC+ETH+SOL+XRP+DOGE+AVAX+LINK+BNB+ADA v19b norefine rpboost (9coins),orderbook_split_proxy,v19b_norefine_rpboost_9coins,1.0,3.0,capFixed,LINKUSDT,2025-08-01 00:00:00+00:00,2025-08-03 00:00:00+00:00,long,16.671,16.671,0.0,16.671,15.132714285714284,695.3505270966059,11592.188637227517,11592.188637227517,0.008,0.008,1069.6477822537508,1.5382857142857151,-0.5189413075780087,-555.0844187706786,time_exit_non_runner,time_exit_non_runner,12,12.0,A,2,rp_pass_rp2,B,1.0,0,0,0.2044989775051107,base,False,False,False,False,False,True,True,False,False,True,False,True,False,True,False,False,0.0,16.424,16.671,engulf,10,1.3,0.45,legacy,1,True,True,True,False,6,"a_score_ge13,a_wick_le_q1,a_mss,a_room",False,False,False,False,False,False,False,none,0,False,False,0.0,0.12221396731055126,,False,False,False,False,133705.97278171885,A,direct_under_threshold,0.0,1,136443.49519784856,A,2025-08,2025-07-31 20:00:00,-0.4286780602116675,range,True,True,a_mss+a_room+a_score_ge13+a_trend_counter||range||long,2,4
BTC+ETH+SOL+XRP+DOGE+AVAX+LINK+BNB+ADA v19b norefine rpboost (9coins),orderbook_split_proxy,v19b_norefine_rpboost_9coins,1.0,3.0,capFixed,AVAXUSDT,2025-08-06 04:00:00+00:00,2025-08-06 12:00:00+00:00,short,22.452,22.452,0.0,22.4494021526076,22.59094642857143,8837.87708260058,198405.05680261485,198428.01625854825,0.009,0.009,1250.9509127140343,0.141544275963831,1.8036787060460104,2256.313523571125,win,stop,2,9.5,B,1,tier_d_skip,D,1.0,0,0,0.3145025295109603,base,False,False,True,False,False,False,True,False,False,False,False,True,False,True,False,True,0.36689038031319515,22.209,22.656,engulf,10,1.3,0.45,legacy,1,True,False,True,False,5,"a_volume,a_wick_le_q1,a_room",False,True,True,False,False,False,False,VOLUME,1,False,True,0.36689038031319515,4.927095411373679,4.927095411373679,False,False,False,False,136443.49519784856,A,orderbook_split_proxy,0.09800000000000002,5,138699.8087214197,A,2025-08,2025-08-06 00:00:00,0.140738812084747,range,True,True,a_fvg_absent+a_ob+a_room+a_trend_counter||range||short,1,4
BTC+ETH+SOL+XRP+DOGE+AVAX+LINK+BNB+ADA v19b norefine rpboost (9coins),orderbook_split_proxy,v19b_norefine_rpboost_9coins,1.0,3.0,capFixed,DOGEUSDT,2025-08-06 04:00:00+00:00,2025-08-06 12:00:00+00:00,short,0.20485,0.20485,0.0,0.2048260666449426,0.20617482142857144,823920.8228687962,168760.46137508,168780.1805646729,0.008,0.008,1111.2671511756957,0.001348754783628836,2.1326756159392692,2369.972356106704,win,stop,2,11.0,A,2,tier_d_skip,D,1.0,0,0,0.34296028880866475,base,False,False,True,False,False,True,True,False,True,False,False,True,False,True,False,True,0.36785714285714255,0.20178,0.20738,engulf,10,1.3,0.45,legacy,1,True,False,True,False,5,"a_volume,a_score_ge13,a_wick_le_q1,a_trend_align,a_room",False,True,True,False,False,False,False,VOLUME,1,False,True,0.36785714285714255,4.7422012678493966,4.7422012678493966,False,False,False,False,136443.49519784856,A,orderbook_split_proxy,0.10500000000000001,5,141069.7810775264,A,2025-08,2025-08-06 00:00:00,0.140738812084747,range,True,False,a_room+a_score_ge13+a_volume||range||short,1,3
BTC+ETH+SOL+XRP+DOGE+AVAX+LINK+BNB+ADA v19b norefine rpboost (9coins),orderbook_split_proxy,v19b_norefine_rpboost_9coins,1.0,3.0,capFixed,LINKUSDT,2025-08-06 04:00:00+00:00,2025-08-06 12:00:00+00:00,short,16.744,16.744,0.0,16.742083578297812,16.83530357142857,11955.150762494783,200154.13325683848,200177.04436721263,0.008,0.008,1114.459071956956,0.09321999313075935,2.1388873603511347,2383.7024226373887,win,stop,2,9.5,B,1,tier_d_skip,D,1.0,0,0,0.324473975636766,base,False,False,True,False,False,False,True,False,False,False,False,True,False,True,False,True,0.2459459459459482,16.494,16.864,engulf,10,1.3,0.45,legacy,1,True,False,True,False,5,"a_volume,a_wick_le_q1,a_room",False,True,True,False,False,False,False,VOLUME,1,False,True,0.2459459459459482,5.461098646335686,5.461098646335686,True,True,True,True,136443.49519784856,A,orderbook_split_proxy,0.091,5,143453.48350016377,A,2025-08,2025-08-06 00:00:00,0.140738812084747,range,True,True,a_fvg_absent+a_ob+a_room+a_trend_counter||range||short,1,4
BTC+ETH+SOL+XRP+DOGE+AVAX+LINK+BNB+ADA v19b norefine rpboost (9coins),orderbook_split_proxy,v19b_norefine_rpboost_9coins,1.0,3.0,capFixed,BTCUSDT,2025-08-07 08:00:00+00:00,2025-08-07 12:00:00+00:00,short,115687.4,115687.4,0.0,115687.4,116586.27485714287,3.511030052653893,406181.938113392,406181.938113392,0.022,0.022,3155.9766370036027,898.8748571428732,-1.1292024540520793,-3563.7365634354965,loss,stop,1,7.5,B,1,tier_d_skip,D,1.0,0,0,0.3252657498048217,base,False,False,True,False,False,False,True,False,False,False,False,True,False,True,False,False,0.0,115687.4,116504.6,engulf,10,1.3,0.45,legacy,1,True,True,True,False,5,"a_volume,a_wick_le_q1,a_room",False,True,False,True,False,False,False,SWEEP,1,False,False,0.0,0.0,,False,False,False,False,143453.48350016377,A,direct_under_threshold,0.0,1,139889.74693672828,A,2025-08,2025-08-07 04:00:00,0.2953204370490029,range,True,True,a_fvg_absent+a_ob+a_room+a_trend_counter||range||short,1,4
BTC+ETH+SOL+XRP+DOGE+AVAX+LINK+BNB+ADA v19b norefine rpboost (9coins),orderbook_split_proxy,v19b_norefine_rpboost_9coins,1.0,3.0,capFixed,LINKUSDT,2025-08-07 20:00:00+00:00,2025-08-08 00:00:00+00:00,short,18.344,18.344,0.0,18.34304285235954,18.454582857142857,10120.175987568355,185634.8218133864,185644.50831595392,0.008,0.008,1128.804478061362,0.11154000478331483,-1.1649525915880494,-1315.0037021137791,loss,stop,1,8.5,B,1,rp_boost_rp1_x1.5,B,1.0,0,0,0.18023952095808093,base,False,False,False,False,False,False,True,False,False,False,False,True,False,True,False,False,0.0,18.344,18.421,engulf,10,1.3,0.45,legacy,1,True,True,False,False,4,"a_wick_le_q1,a_room",False,False,False,False,False,False,False,none,0,False,False,0.0,2.3403518124879095,,False,False,False,False,139889.74693672828,A,orderbook_split_proxy,0.091,5,138574.7432346145,A,2025-08,2025-08-07 16:00:00,0.7715507399445923,range,True,True,a_fvg_absent+a_ob+a_room+a_trend_counter||range||short,1,4
BTC+ETH+SOL+XRP+DOGE+AVAX+LINK+BNB+ADA v19b norefine rpboost (9coins),orderbook_split_proxy,v19b_norefine_rpboost_9coins,1.0,3.0,capFixed,DOGEUSDT,2025-08-08 08:00:00+00:00,2025-08-09 00:00:00+00:00,short,0.22429,0.22429,0.0,0.22429,0.2324701714285714,135522.5811044551,30396.359715918235,30396.359715918235,0.008,0.008,1108.597945876916,0.008180171428571414,-1.0279187407878285,-1139.5486045657726,loss,stop,4,8.0,B,1,rp_boost_rp1_x1.5,C,1.0,1,1,0.4771115409413276,base,False,False,True,False,False,False,False,True,False,False,False,True,False,True,False,False,0.0,0.22429,0.22481,engulf,10,1.3,0.45,legacy,1,True,True,False,False,5,"a_volume,a_pre_total_ge1,a_room",False,True,True,True,False,False,False,SWEEP+VOLUME,2,False,False,0.0,0.5855623004757144,,False,False,False,False,138574.7432346145,A,direct_under_threshold,0.0,1,137435.19463004873,A,2025-08,2025-08-08 04:00:00,1.0672395263923602,up,True,True,a_fvg_absent+a_ob+a_room+a_trend_counter||up||short,1,4
BTC+ETH+SOL+XRP+DOGE+AVAX+LINK+BNB+ADA v19b norefine rpboost (9coins),orderbook_split_proxy,v19b_norefine_rpboost_9coins,1.0,3.0,capFixed,BNBUSDT,2025-08-07 16:00:00+00:00,2025-08-09 08:00:00+00:00,short,776.88,776.88,0.0,776.88,811.3758857142857,48.66310658449199,37805.39424336014,37805.39424336014,0.012,0.012,1678.6769632407393,34.49588571428569,-1.023020946597358,-1717.3216959657198,loss,stop,10,9.0,B,1,rp_boost_rp1_x1.5,B,1.0,0,0,0.2116816934535433,base,False,False,True,False,False,False,True,False,False,False,False,True,False,True,False,False,0.0,776.88,779.76,engulf,10,1.3,0.45,legacy,1,True,True,True,False,5,"a_volume,a_wick_le_q1,a_room",False,True,True,False,False,False,False,VOLUME,1,False,False,0.0,0.0,,False,False,False,False,139889.74693672828,A,direct_under_threshold,0.0,1,135717.87293408302,A,2025-08,2025-08-07 12:00:00,0.5808363206677595,range,True,True,a_fvg_absent+a_ob+a_room+a_trend_counter||range||short,1,4
BTC+ETH+SOL+XRP+DOGE+AVAX+LINK+BNB+ADA v19b norefine rpboost (9coins),orderbook_split_proxy,v19b_norefine_rpboost_9coins,1.0,3.0,capFixed,BTCUSDT,2025-08-09 16:00:00+00:00,2025-08-10 00:00:00+00:00,long,116479.9,116479.9,0.0,116479.9,116130.46029999999,3.49548393158175,407153.6188022491,407153.6188022491,0.022,0.022,1221.4608564067564,349.43970000000263,0.8860566666666777,1082.283534891596,win,stop,2,8.5,B,2,rp_pass_rp2,B,1.0,0,0,0.08931880847985853,base,False,False,True,False,False,False,True,False,True,False,False,False,False,True,False,True,0.16652994257584408,116384.4,116628.2,engulf,10,1.3,0.45,legacy,1,True,False,False,False,3,"a_volume,a_wick_le_q1,a_trend_align,a_room",False,True,False,False,False,False,False,none,0,False,True,0.16652994257584408,5.780968790895798,,True,True,True,True,135717.87293408302,A,direct_under_threshold,0.0,1,136800.1564689746,A,2025-08,2025-08-09 12:00:00,1.013934391872609,up,True,False,a_fvg_absent+a_room+a_volume||up||long,1,3
BTC+ETH+SOL+XRP+DOGE+AVAX+LINK+BNB+ADA v19b norefine rpboost (9coins),orderbook_split_proxy,v19b_norefine_rpboost_9coins,1.0,3.0,capFixed,AVAXUSDT,2025-08-10 04:00:00+00:00,2025-08-12 04:00:00+00:00,long,23.804,23.804,0.0,23.804,22.148462857142857,743.6869740632651,17702.72473060196,17702.72473060196,0.009,0.009,1231.2014082207713,1.655537142857142,-0.4273307929407448,-526.1302740447438,time_exit_non_runner,time_exit_non_runner,12,10.5,A,2,rp_pass_rp2,B,1.0,0,0,0.18963254593176126,base,False,False,True,False,False,True,True,False,True,False,False,False,False,True,False,False,0.0,23.797,23.804,engulf,10,1.3,0.45,legacy,1,True,True,False,False,4,"a_volume,a_score_ge13,a_wick_le_q1,a_trend_align,a_room",False,True,False,False,False,False,False,none,0,False,False,0.0,0.4922873542984765,,False,False,False,False,136800.1564689746,A,direct_under_threshold,0.0,1,136274.02619492984,A,2025-08,2025-08-10 00:00:00,0.8916716495074346,range,True,False,a_fvg_absent+a_room+a_score_ge13||range||long,1,3
BTC+ETH+SOL+XRP+DOGE+AVAX+LINK+BNB+ADA v19b norefine rpboost (9coins),orderbook_split_proxy,v19b_norefine_rpboost_9coins,1.0,3.0,capFixed,BTCUSDT,2025-08-11 20:00:00+00:00,2025-08-12 04:00:00+00:00,long,118384.6,118384.6,0.0,118384.6,117949.51142857142,3.4666710822769495,410400.4694069238,410400.4694069238,0.022,0.022,1508.3089688006585,435.08857142858324,-0.022218104195525917,-33.51176582785928,loss,stop,2,8.75,B,3,tier_d_skip,D,1.0,0,0,0.28906612464927056,base,False,False,True,False,False,False,True,False,True,False,True,False,False,False,True,False,0.0,118053.5,118384.6,engulf,10,1.3,0.45,legacy,1,True,False,False,True,3,"a_volume,a_wick_le_q1,a_trend_align,a_fvg,a_room",False,True,False,False,False,False,False,none,0,False,False,0.0,1.980746120658439,,False,False,False,False,136800.1564689746,A,direct_under_threshold,0.0,1,136240.51442910198,A,2025-08,2025-08-11 16:00:00,1.7487256855215838,up,False,False,a_room+a_vol_expansion+a_volume||up||long,1,3
BTC+ETH+SOL+XRP+DOGE+AVAX+LINK+BNB+ADA v19b norefine rpboost (9coins),orderbook_split_proxy,v19b_norefine_rpboost_9coins,1.0,3.0,capFixed,LINKUSDT,2025-08-11 08:00:00+00:00,2025-08-12 12:00:00+00:00,long,21.451,21.451,0.0,21.451,19.87634285714286,695.0092321469149,14908.643038783472,14908.643038783472,0.008,0.008,1094.4012517517967,1.5746571428571414,0.23625235198591982,258.5548697426967,win,stop,7,7.75,B,3,rp_pass_rp3,B,1.0,0,0,0.2294879703886491,base,False,False,True,False,False,False,True,False,True,False,True,False,False,False,True,False,0.0,20.577,21.451,engulf,10,1.3,0.45,legacy,1,True,False,False,True,3,"a_volume,a_wick_le_q1,a_trend_align,a_fvg,a_room",False,True,True,False,False,False,False,VOLUME,1,False,False,0.0,1.6803657939143235,,False,False,False,False,136800.1564689746,A,direct_under_threshold,0.0,1,136499.06929884467,A,2025-08,2025-08-11 04:00:00,1.4638115996930239,up,False,False,a_room+a_vol_expansion+a_volume||up||long,1,3
BTC+ETH+SOL+XRP+DOGE+AVAX+LINK+BNB+ADA v19b norefine rpboost (9coins),orderbook_split_proxy,v19b_norefine_rpboost_9coins,1.0,3.0,capFixed,SOLUSDT,2025-08-11 20:00:00+00:00,2025-08-12 12:00:00+00:00,long,175.343,175.343,0.0,175.343,172.52389142857143,485.260333196931,85087.00260374947,85087.00260374947,0.01,0.01,1368.0015646897461,2.8191085714285578,0.5874769698222738,803.6694139360613,win,stop,4,8.75,B,3,tier_d_skip,D,1.0,0,0,0.371126228269086,base,False,False,True,False,False,False,False,False,True,False,True,False,False,False,True,False,0.0,172.88,175.343,engulf,10,1.3,0.45,legacy,1,True,True,True,True,3,"a_volume,a_trend_align,a_fvg,a_room",False,True,False,True,False,False,False,SWEEP,1,False,False,0.0,2.3613847538431756,,False,False,False,False,136800.1564689746,A,direct_under_threshold,0.0,1,137302.73871278073,A,2025-08,2025-08-11 16:00:00,1.7487256855215838,up,False,False,a_room+a_vol_expansion+a_volume||up||long,1,3
BTC+ETH+SOL+XRP+DOGE+AVAX+LINK+BNB+ADA v19b norefine rpboost (9coins),orderbook_split_proxy,v19b_norefine_rpboost_9coins,1.0,3.0,capFixed,ADAUSDT,2025-08-11 20:00:00+00:00,2025-08-14 08:00:00+00:00,long,0.7776,0.7776,0.0,0.7776,0.7376257142857143,27377.631199566127,21288.84602078262,21288.84602078262,0.008,0.008,1094.4012517517967,0.03997428571428563,3.24585705810879,3552.2700274016643,win,stop,15,9.25,B,3,tier_d_skip,D,1.0,0,0,0.3196022727272737,base,False,False,True,False,False,False,True,False,True,False,True,False,False,False,True,False,0.0,0.7659,0.7776,engulf,10,1.3,0.45,legacy,1,True,True,True,True,3,"a_volume,a_wick_le_q1,a_trend_align,a_fvg,a_room",False,True,True,True,False,False,False,SWEEP+VOLUME,2,False,False,0.0,6.0613966121077985,6.0613966121077985,True,True,True,True,136800.1564689746,A,direct_under_threshold,0.0,1,140855.00874018238,A,2025-08,2025-08-11 16:00:00,1.7487256855215838,up,False,False,a_room+a_vol_expansion+a_volume||up||long,1,3
BTC+ETH+SOL+XRP+DOGE+AVAX+LINK+BNB+ADA v19b norefine rpboost (9coins),orderbook_split_proxy,v19b_norefine_rpboost_9coins,1.0,3.0,capFixed,DOGEUSDT,2025-08-14 08:00:00+00:00,2025-08-14 12:00:00+00:00,long,0.23953,0.23953,0.0,0.23953,0.23318274285714286,177531.81327930672,42524.195234792336,42524.195234792336,0.008,0.008,1126.8400699214592,0.006347257142857138,-1.0372375604310524,-1168.8008451212909,loss,stop,1,7.75,B,3,rp_pass_rp3,B,1.0,0,0,0.13742926434923236,base,False,False,True,False,False,False,True,False,True,False,True,False,False,False,True,False,0.0,0.23379,0.23953,engulf,10,1.3,0.45,legacy,1,True,True,False,True,3,"a_volume,a_wick_le_q1,a_trend_align,a_fvg,a_room",False,True,True,False,False,False,False,VOLUME,1,False,False,0.0,0.0,,False,False,False,False,140855.00874018238,A,direct_under_threshold,0.0,1,139686.2078950611,A,2025-08,2025-08-14 04:00:00,1.3027064241206774,up,False,False,a_room+a_vol_expansion+a_volume||up||long,1,3
BTC+ETH+SOL+XRP+DOGE+AVAX+LINK+BNB+ADA v19b norefine rpboost (9coins),orderbook_split_proxy,v19b_norefine_rpboost_9coins,1.0,3.0,capFixed,BTCUSDT,2025-08-14 12:00:00+00:00,2025-08-14 16:00:00+00:00,long,118471.3,118471.3,0.0,118471.3,118115.8861,3.5372163864597015,419058.62368518324,419058.62368518324,0.022,0.022,1257.1758710555482,355.41389999999956,-1.3328333333333338,-1675.6059068052036,loss,stop,1,8.75,B,3,tier_d_skip,D,1.0,0,0,0.2344325481798639,base,False,False,True,False,False,False,True,False,True,False,True,False,False,False,True,False,0.0,118363.0,118471.3,engulf,10,1.3,0.45,legacy,1,True,False,False,True,3,"a_volume,a_wick_le_q1,a_trend_align,a_fvg,a_room",False,True,True,False,False,False,False,VOLUME,1,False,False,0.0,0.08075092167187925,,False,False,False,False,139686.2078950611,A,direct_under_threshold,0.0,1,138010.6019882559,A,2025-08,2025-08-14 08:00:00,1.3057477965653783,up,False,False,a_room+a_vol_expansion+a_volume||up||long,1,3
BTC+ETH+SOL+XRP+DOGE+AVAX+LINK+BNB+ADA v19b norefine rpboost (9coins),orderbook_split_proxy,v19b_norefine_rpboost_9coins,1.0,3.0,capFixed,SOLUSDT,2025-08-14 12:00:00+00:00,2025-08-14 16:00:00+00:00,long,194.7,194.7,0.0,194.7,193.20005714285716,931.2768631809283,181319.60526132674,181319.60526132674,0.01,0.01,1396.862078950611,1.4999428571428268,-1.1293049449502863,-1577.4832531724624,loss,stop,1,8.75,B,3,tier_d_skip,D,1.0,0,0,0.33529411764705985,base,False,False,True,False,False,False,True,False,True,False,True,False,False,False,True,False,0.0,193.68,194.7,engulf,10,1.3,0.45,legacy,1,True,True,False,True,3,"a_volume,a_wick_le_q1,a_trend_align,a_fvg,a_room",False,True,True,False,False,False,False,VOLUME,1,False,False,0.0,0.5333536515676971,,False,False,False,False,139686.2078950611,A,direct_under_threshold,0.0,1,136433.11873508344,A,2025-08,2025-08-14 08:00:00,1.3057477965653783,up,False,False,a_room+a_vol_expansion+a_volume||up||long,1,3
BTC+ETH+SOL+XRP+DOGE+AVAX+LINK+BNB+ADA v19b norefine rpboost (9coins),orderbook_split_proxy,v19b_norefine_rpboost_9coins,1.0,3.0,capFixed,BNBUSDT,2025-08-14 16:00:00+00:00,2025-08-14 20:00:00+00:00,long,845.62,845.62,0.0,845.62,840.2712,306.086865244729,258833.17498824772,258833.17498824772,0.012,0.012,1637.197424821001,5.348799999999983,-1.1575952737062525,-1895.2120010968383,loss,stop,1,8.75,B,3,tier_d_skip,D,1.0,0,0,0.26591441345539646,base,False,False,True,False,False,False,True,False,True,False,True,False,False,False,True,False,0.0,841.62,845.62,engulf,10,1.3,0.45,legacy,1,True,False,False,True,3,"a_volume,a_wick_le_q1,a_trend_align,a_fvg,a_room",False,True,True,True,False,False,False,SWEEP+VOLUME,2,False,False,0.0,0.0,,False,False,False,False,136433.11873508344,A,direct_under_threshold,0.0,1,134537.9067339866,A,2025-08,2025-08-14 12:00:00,1.1094078966579646,up,False,False,a_room+a_vol_expansion+a_volume||up||long,1,3
BTC+ETH+SOL+XRP+DOGE+AVAX+LINK+BNB+ADA v19b norefine rpboost (9coins),orderbook_split_proxy,v19b_norefine_rpboost_9coins,1.0,3.0,capFixed,AVAXUSDT,2025-08-14 16:00:00+00:00,2025-08-15 12:00:00+00:00,long,24.137,24.137,0.0,24.137,23.003897142857145,1083.6598468314903,26156.29772297168,26156.29772297168,0.009,0.009,1227.8980686157508,1.1331028571428554,0.2285733151195453,280.66473217238905,win,stop,5,10.75,S,3,tier_d_skip,D,1.0,0,0,0.3650958052822373,base,False,False,True,False,False,True,False,False,True,False,True,False,False,False,True,False,0.0,23.214,24.137,engulf,10,1.3,0.45,legacy,1,True,False,False,True,4,"a_volume,a_score_ge13,a_trend_align,a_fvg,a_room",False,True,True,False,False,False,False,VOLUME,1,False,False,0.0,1.340566737101159,,False,False,False,False,136433.11873508344,A,direct_under_threshold,0.0,1,134818.571466159,A,2025-08,2025-08-14 12:00:00,1.1094078966579646,up,False,False,a_room+a_score_ge13+a_vol_expansion+a_volume||up||long,3,4
BTC+ETH+SOL+XRP+DOGE+AVAX+LINK+BNB+ADA v19b norefine rpboost (9coins),orderbook_split_proxy,v19b_norefine_rpboost_9coins,1.0,3.0,capFixed,SOLUSDT,2025-08-19 04:00:00+00:00,2025-08-19 16:00:00+00:00,long,180.68,180.68,0.0,180.68,176.8253714285714,349.7576198792934,63194.20675979073,63194.20675979073,0.01,0.01,1348.1857146615898,3.8546285714286057,-1.0463735175521816,-1410.7058285640496,loss,stop,3,10.25,A,2,tier_d_skip,D,1.0,0,0,0.2674418604651169,base,False,False,True,False,False,True,True,False,False,False,True,False,False,False,True,False,0.0,176.41,180.68,engulf,10,1.3,0.45,legacy,1,True,True,False,False,4,"a_volume,a_score_ge13,a_wick_le_q1,a_fvg,a_room",False,True,True,True,False,False,False,SWEEP+VOLUME,2,False,False,0.0,0.6978623102466726,,False,False,False,False,134818.571466159,A,direct_under_threshold,0.0,1,133407.86563759495,A,2025-08,2025-08-19 00:00:00,-1.147613465810874,down,False,True,a_room+a_score_ge13+a_trend_counter||down||long,1,3
BTC+ETH+SOL+XRP+DOGE+AVAX+LINK+BNB+ADA v19b norefine rpboost (9coins),orderbook_split_proxy,v19b_norefine_rpboost_9coins,1.0,3.0,capFixed,DOGEUSDT,2025-08-23 04:00:00+00:00,2025-08-23 08:00:00+00:00,short,0.23872,0.23872,0.0,0.23872,0.24044785714285713,617680.0724022589,147452.58688386722,147452.58688386722,0.008,0.008,1067.2629251007597,0.001727857142857142,0.111965429929723,119.49655225696031,win,stop,1,9.5,B,1,rp_boost_rp1_x1.5,A,1.0,3,2,0.3820678513731826,base,False,False,True,True,True,False,False,True,False,False,False,True,False,True,False,False,0.0,0.23872,0.2405,engulf,10,1.3,0.45,legacy,1,True,False,False,False,5,"a_volume,a_pre_total_ge4,a_sweep_count_2_4,a_pre_total_ge1,a_room",False,True,True,False,False,False,False,VOLUME,1,False,False,0.0,1.8809425382389282,,False,False,False,False,133407.86563759495,A,direct_under_threshold,0.0,1,133527.3621898519,A,2025-08,2025-08-23 00:00:00,-0.1353170379086087,range,True,True,a_fvg_absent+a_ob+a_room+a_trend_counter||range||short,1,4
BTC+ETH+SOL+XRP+DOGE+AVAX+LINK+BNB+ADA v19b norefine rpboost (9coins),orderbook_split_proxy,v19b_norefine_rpboost_9coins,1.0,3.0,capFixed,ADAUSDT,2025-08-22 16:00:00+00:00,2025-08-24 16:00:00+00:00,short,0.9285,0.9285,0.0,0.9285,0.9705440000000001,25384.42881506892,23569.442154791494,23569.442154791494,0.008,0.008,1067.2629251007597,0.04204400000000008,0.11831533631433752,126.27357191912,time_exit_non_runner,time_exit_non_runner,12,10.0,B,1,tier_d_skip,D,1.0,0,0,0.25246548323471263,base,False,False,True,False,False,True,True,False,False,False,False,False,False,True,False,False,0.0,0.9285,0.931,engulf,10,1.3,0.45,legacy,1,True,False,False,False,5,"a_volume,a_score_ge13,a_wick_le_q1,a_room",False,True,True,False,False,False,False,VOLUME,1,False,False,0.0,0.970411949386354,,False,False,False,False,133407.86563759495,A,direct_under_threshold,0.0,1,133653.63576177103,A,2025-08,2025-08-22 12:00:00,-0.884556267599721,range,True,True,a_room+a_score_ge13+a_volume||range||short,1,3
BTC+ETH+SOL+XRP+DOGE+AVAX+LINK+BNB+ADA v19b norefine rpboost (9coins),orderbook_split_proxy,v19b_norefine_rpboost_9coins,1.0,3.0,capFixed,LINKUSDT,2025-08-23 16:00:00+00:00,2025-08-25 16:00:00+00:00,long,25.842,25.842,0.0,25.842,24.039828571428572,592.7398917680033,15317.58428306874,15317.58428306874,0.008,0.008,1068.2188975188153,1.8021714285714268,-1.0138393683810007,-1083.0023723531247,loss,stop,12,13.0,S,3,rp_pass_rp3,A,1.0,2,1,0.3037694013303758,base,False,False,False,False,False,True,True,True,True,True,False,True,False,True,False,True,0.5874439461883445,25.646,25.869,engulf,10,1.3,0.45,legacy,1,True,False,True,False,5,"a_score_ge13,a_wick_le_q1,a_pre_total_ge1,a_trend_align,a_mss,a_room",False,False,False,False,False,False,False,none,0,False,True,0.5874439461883445,0.4255976916735388,,False,False,False,False,133527.3621898519,A,direct_under_threshold,0.0,1,132570.6333894179,A,2025-08,2025-08-23 12:00:00,0.6141998660147201,range,True,False,a_fvg_absent+a_room+a_score_ge13||range||long,1,3
BTC+ETH+SOL+XRP+DOGE+AVAX+LINK+BNB+ADA v19b norefine rpboost (9coins),orderbook_split_proxy,v19b_norefine_rpboost_9coins,1.0,3.0,capFixed,AVAXUSDT,2025-08-24 04:00:00+00:00,2025-08-25 20:00:00+00:00,long,25.661,25.661,0.0,25.661,23.177742857142857,483.9395159560406,12418.37191894796,12418.37191894796,0.009,0.009,1201.7462597086671,2.483257142857145,-1.0098336056331545,-1213.5637584977605,loss,stop,10,8.75,B,3,rp_pass_rp3,C,1.0,1,0,0.28883495145631,base,False,False,True,False,False,False,True,True,True,False,True,False,False,False,True,True,0.11117974058060515,24.125,25.744,engulf,10,1.3,0.45,legacy,1,True,True,False,True,3,"a_volume,a_wick_le_q1,a_pre_total_ge1,a_trend_align,a_fvg,a_room",False,True,True,False,False,False,False,VOLUME,1,False,True,0.11117974058060515,0.3672595899394797,,False,False,False,False,133527.3621898519,A,direct_under_threshold,0.0,1,131357.06963092013,A,2025-08,2025-08-24 00:00:00,1.3029666478443311,up,False,False,a_room+a_vol_expansion+a_volume||up||long,1,3
BTC+ETH+SOL+XRP+DOGE+AVAX+LINK+BNB+ADA v19b norefine rpboost (9coins),orderbook_split_proxy,v19b_norefine_rpboost_9coins,1.0,3.0,capFixed,LINKUSDT,2025-08-28 08:00:00+00:00,2025-08-28 12:00:00+00:00,short,24.171,24.171,0.0,24.171,24.334732142857142,6418.144529899916,155132.97143221088,155132.97143221088,0.008,0.008,1050.856557047361,0.16373214285714255,-1.1481252590249758,-1206.5149567580957,loss,stop,1,8.5,B,1,rp_boost_rp1_x1.5,C,1.0,1,0,0.3708040593286482,base,False,False,False,False,False,False,False,True,False,False,False,True,False,True,False,True,0.29065743944636757,23.966,24.255,engulf,10,1.3,0.45,legacy,1,True,False,True,False,4,"a_pre_total_ge1,a_room",False,False,False,False,False,False,False,none,0,False,True,0.29065743944636757,2.381939142763668,,False,False,False,False,131357.06963092013,A,direct_under_threshold,0.0,1,130150.55467416203,A,2025-08,2025-08-28 04:00:00,-0.6152922538048291,range,True,True,a_fvg_absent+a_ob+a_room+a_trend_counter||range||short,1,4
BTC+ETH+SOL+XRP+DOGE+AVAX+LINK+BNB+ADA v19b norefine rpboost (9coins),orderbook_split_proxy,v19b_norefine_rpboost_9coins,1.0,3.0,capFixed,XRPUSDT,2025-08-25 12:00:00+00:00,2025-08-28 20:00:00+00:00,short,2.9671,2.9671,0.0,2.9671,3.1320177142857144,6483.409564128227,19236.924517724863,19236.924517724863,0.008,0.008,1069.2290860941682,0.16491771428571456,-0.0034314082174329717,-3.6689614723418753,time_exit_non_runner,time_exit_non_runner,20,10.75,S,3,rp_pass_rp3,B,1.0,1,1,0.2141959798994979,expansion,True,False,True,False,False,True,True,True,True,False,True,False,False,False,True,True,0.31410256410257104,2.9564,2.972,engulf,10,1.3,0.45,legacy,1,True,True,False,False,3,"a_volume,a_score_ge13,a_wick_le_q1,a_pre_total_ge1,a_trend_align,a_fvg,a_room",False,True,False,True,False,False,False,SWEEP,1,False,True,0.31410256410257104,0.8907472471119784,,False,False,False,False,133653.63576177103,A,direct_under_threshold,0.0,1,130146.88571268969,A,2025-08,2025-08-25 08:00:00,-0.3730349646162241,range,False,False,a_room+a_score_ge13+a_volume||range||short,1,3
BTC+ETH+SOL+XRP+DOGE+AVAX+LINK+BNB+ADA v19b norefine rpboost (9coins),orderbook_split_proxy,v19b_norefine_rpboost_9coins,1.0,3.0,capFixed,DOGEUSDT,2025-08-28 08:00:00+00:00,2025-08-29 00:00:00+00:00,short,0.22528,0.22528,0.0,0.22528,0.22841605714285715,335088.45954572316,75488.72816646051,75488.72816646051,0.008,0.008,1050.856557047361,0.0031360571428571404,0.17828957426067302,187.35676816501066,win,stop,4,10.25,A,2,tier_d_skip,D,1.0,0,0,0.3320031923383858,base,False,False,True,False,False,True,True,False,False,False,True,False,False,False,True,False,0.0,0.22528,0.22803,engulf,10,1.3,0.45,legacy,1,True,True,True,False,4,"a_volume,a_score_ge13,a_wick_le_q1,a_fvg,a_room",False,True,False,True,False,False,False,SWEEP,1,False,False,0.0,1.9674386399664772,,False,False,False,False,131357.06963092013,A,direct_under_threshold,0.0,1,130334.24248085471,A,2025-08,2025-08-28 04:00:00,-0.6152922538048291,range,False,True,a_room+a_score_ge13+a_volume||range||short,1,3
BTC+ETH+SOL+XRP+DOGE+AVAX+LINK+BNB+ADA v19b norefine rpboost (9coins),orderbook_split_proxy,v19b_norefine_rpboost_9coins,1.0,3.0,capFixed,BTCUSDT,2025-09-01 08:00:00+00:00,2025-09-02 00:00:00+00:00,short,109738.5,109738.5,0.0,109738.5,110573.34857142858,3.4345789556449016,376905.542724038,376905.542724038,0.022,0.022,2867.3533345788032,834.848571428578,0.5188778085503968,1487.8060145859222,win,stop,4,12.25,S,4,rp_pass_rp4,B,1.0,0,0,0.18895768213512792,base,False,False,True,False,False,True,True,False,True,True,True,False,False,False,True,False,0.0,109738.5,110508.0,engulf,10,1.3,0.45,legacy,1,True,False,True,False,4,"a_volume,a_score_ge13,a_wick_le_q1,a_trend_align,a_mss,a_fvg,a_room",False,True,True,False,False,False,False,VOLUME,1,False,False,0.0,2.801106787543998,,False,False,False,False,130334.24248085471,A,direct_under_threshold,0.0,1,131822.04849544063,A,2025-09,2025-09-01 04:00:00,-1.1829920642660612,down,False,False,a_mss+a_room+a_volume||down||short,1,3
BTC+ETH+SOL+XRP+DOGE+AVAX+LINK+BNB+ADA v19b norefine rpboost (9coins),orderbook_split_proxy,v19b_norefine_rpboost_9coins,1.0,3.0,capFixed,SOLUSDT,2025-09-01 20:00:00+00:00,2025-09-02 00:00:00+00:00,long,198.3,198.3,0.0,198.3,197.0974857142857,1083.8477682070559,214927.01243545918,214927.01243545918,0.01,0.01,1303.342424808547,1.202514285714301,0.9345455141608081,1218.032816520298,win,stop,1,10.0,A,2,rp_pass_rp2,C,1.0,1,0,0.3437185929648214,base,False,False,False,False,False,True,True,True,True,False,False,False,False,True,False,True,0.03846153846155738,198.26,199.3,engulf,10,1.3,0.45,legacy,1,True,False,True,False,3,"a_score_ge13,a_wick_le_q1,a_pre_total_ge1,a_trend_align,a_room",False,False,False,True,False,False,False,SWEEP,1,False,True,0.03846153846155738,4.157954761452142,,False,False,False,False,130334.24248085471,A,direct_under_threshold,0.0,1,133040.08131196094,A,2025-09,2025-09-01 16:00:00,-0.9296334212723807,range,True,False,a_fvg_absent+a_room+a_score_ge13||range||long,1,3
BTC+ETH+SOL+XRP+DOGE+AVAX+LINK+BNB+ADA v19b norefine rpboost (9coins),orderbook_split_proxy,v19b_norefine_rpboost_9coins,1.0,3.0,capFixed,AVAXUSDT,2025-09-02 08:00:00+00:00,2025-09-02 16:00:00+00:00,short,24.242,24.242,0.0,24.23657393848764,24.369982142857143,9355.685918965894,226749.77352028457,226800.5380475712,0.009,0.009,1248.1252590942736,0.13340820436950196,1.869483918809073,2333.3501005361522,win,stop,2,8.5,B,1,rp_boost_rp1_x1.5,B,1.0,0,0,0.1873873873873882,base,False,False,False,False,False,False,True,False,False,False,False,True,False,True,False,False,0.0,24.242,24.397,engulf,10,1.3,0.45,legacy,1,True,False,True,False,4,"a_wick_le_q1,a_room",False,False,True,True,False,False,False,SWEEP+VOLUME,2,False,False,0.0,5.5212042015612885,4.914045141271016,True,True,True,True,133040.08131196094,A,orderbook_split_proxy,0.09800000000000002,5,135373.4314124971,A,2025-09,2025-09-02 04:00:00,-0.375353553761972,range,True,True,a_fvg_absent+a_ob+a_room+a_trend_counter||range||short,1,4
BTC+ETH+SOL+XRP+DOGE+AVAX+LINK+BNB+ADA v19b norefine rpboost (9coins),orderbook_split_proxy,v19b_norefine_rpboost_9coins,1.0,3.0,capFixed,BNBUSDT,2025-09-02 08:00:00+00:00,2025-09-03 12:00:00+00:00,short,856.84,856.84,0.0,856.84,868.4737714285715,137.22815387473798,117582.5713660305,117582.5713660305,0.012,0.012,1596.4809757435312,11.633771428571436,0.17647390540348054,281.7372326918202,win,stop,7,10.5,B,1,tier_d_skip,D,1.0,0,0,0.2307692307692325,base,False,False,True,False,False,True,True,False,False,False,False,True,False,True,False,False,0.0,856.84,865.94,engulf,10,1.3,0.45,legacy,1,True,False,True,False,6,"a_volume,a_score_ge13,a_wick_le_q1,a_room",False,True,True,True,False,False,False,SWEEP+VOLUME,2,False,False,0.0,1.344361980637649,,False,False,False,False,133040.08131196094,A,direct_under_threshold,0.0,1,135655.1686451889,A,2025-09,2025-09-02 04:00:00,-0.375353553761972,range,True,True,a_fvg_absent+a_ob+a_room+a_score_ge13+a_trend_counter||range||short,3,5
BTC+ETH+SOL+XRP+DOGE+AVAX+LINK+BNB+ADA v19b norefine rpboost (9coins),orderbook_split_proxy,v19b_norefine_rpboost_9coins,1.0,3.0,capFixed,AVAXUSDT,2025-09-03 20:00:00+00:00,2025-09-04 04:00:00+00:00,long,25.169,25.169,0.0,25.172690357456048,25.01967857142857,8176.29813407974,205819.4211994349,205789.24773665296,0.009,0.009,1251.0699805886695,0.15301178602747711,-1.1640147149183375,-1456.2638667978101,loss,stop,2,8.5,B,2,rp_pass_rp2,B,1.0,2,0,0.11986863711001743,expansion,True,False,True,False,False,False,True,True,True,False,False,True,False,True,False,True,0.4838709677419349,25.079,25.265,engulf,10,1.3,0.45,legacy,1,True,True,False,False,4,"a_volume,a_wick_le_q1,a_pre_total_ge1,a_trend_align,a_room",False,True,False,False,False,False,False,none,0,False,True,0.4838709677419349,0.6228908570927819,,False,False,False,False,135655.1686451889,A,orderbook_split_proxy,0.09800000000000002,5,134198.9047783911,A,2025-09,2025-09-03 16:00:00,1.3816209684257577,up,True,False,a_fvg_absent+a_room+a_volume||up||long,1,3
BTC+ETH+SOL+XRP+DOGE+AVAX+LINK+BNB+ADA v19b norefine rpboost (9coins),orderbook_split_proxy,v19b_norefine_rpboost_9coins,1.0,3.0,capFixed,LINKUSDT,2025-09-04 12:00:00+00:00,2025-09-04 16:00:00+00:00,long,22.821,22.821,0.0,22.826321840273895,22.716875,10310.600127031268,235353.07686598468,235298.2054989806,0.008,0.008,1128.462605231175,0.10944684027389329,-1.208060811652036,-1363.2514507945443,loss,stop,1,8.5,B,1,rp_boost_rp1_x1.5,B,1.0,0,0,0.20793140407288221,base,False,False,True,False,False,False,True,False,False,False,False,True,False,True,False,False,0.0,22.505,22.821,engulf,10,1.3,0.45,legacy,1,True,False,True,False,5,"a_volume,a_wick_le_q1,a_room",False,True,True,False,False,False,False,VOLUME,1,False,False,0.0,0.0,,False,False,False,False,134198.9047783911,A,orderbook_split_proxy,0.091,5,132835.65332759655,A,2025-09,2025-09-04 08:00:00,1.2996089540065745,up,True,True,a_fvg_absent+a_ob+a_room+a_trend_counter||up||long,2,4
BTC+ETH+SOL+XRP+DOGE+AVAX+LINK+BNB+ADA v19b norefine rpboost (9coins),orderbook_split_proxy,v19b_norefine_rpboost_9coins,1.0,3.0,capFixed,BTCUSDT,2025-09-04 20:00:00+00:00,2025-09-05 04:00:00+00:00,short,110150.0,110150.0,0.0,110150.0,112633.32628571428,1.176802416186141,129624.78614290344,129624.78614290344,0.022,0.022,2922.384373207124,2483.3262857142836,-1.044855830578388,-3053.4703515366314,loss,stop,2,10.75,S,3,rp_pass_rp3,S,1.0,2,2,0.1730549026698011,expansion,True,False,True,False,True,True,True,True,True,False,True,False,False,False,True,False,0.0,110150.0,110366.0,engulf,10,1.3,0.45,legacy,1,True,False,True,False,3,"a_volume,a_sweep_count_2_4,a_score_ge13,a_wick_le_q1,a_pre_total_ge1,a_trend_align,a_fvg,a_room",False,True,False,False,False,False,False,none,0,False,False,0.0,0.0,,False,False,False,False,132835.65332759655,A,direct_under_threshold,0.0,1,129782.18297605992,A,2025-09,2025-09-04 16:00:00,0.9788352254763824,range,False,False,a_room+a_score_ge13+a_volume||range||short,1,3
BTC+ETH+SOL+XRP+DOGE+AVAX+LINK+BNB+ADA v19b norefine rpboost (9coins),orderbook_split_proxy,v19b_norefine_rpboost_9coins,1.0,3.0,capFixed,DOGEUSDT,2025-09-07 20:00:00+00:00,2025-09-08 00:00:00+00:00,short,0.22554,0.22554,0.0,0.22554,0.2281885714285714,392006.59367094864,88413.16713654576,88413.16713654576,0.008,0.008,1038.2574638084793,0.002648571428571417,-1.0856553398058255,-1127.1897596769293,loss,stop,1,10.25,A,2,tier_d_skip,D,1.0,0,0,0.35893290218270024,base,False,False,True,False,False,True,False,False,False,False,True,False,False,False,True,False,0.0,0.22554,0.2279,engulf,10,1.3,0.45,legacy,1,True,False,False,False,4,"a_volume,a_score_ge13,a_fvg,a_room",False,True,True,False,False,False,False,VOLUME,1,False,False,0.0,0.0,,False,False,False,False,129782.18297605992,A,direct_under_threshold,0.0,1,128654.993216383,A,2025-09,2025-09-07 16:00:00,-0.27344667066216927,range,False,True,a_room+a_score_ge13+a_volume||range||short,1,3
BTC+ETH+SOL+XRP+DOGE+AVAX+LINK+BNB+ADA v19b norefine rpboost (9coins),orderbook_split_proxy,v19b_norefine_rpboost_9coins,1.0,3.0,capFixed,AVAXUSDT,2025-09-11 12:00:00+00:00,2025-09-13 12:00:00+00:00,long,28.548,28.548,0.0,28.548,26.79382857142857,660.0808336562748,18843.98763921933,18843.98763921933,0.009,0.009,1157.894938947447,1.7541714285714285,0.7754658772558476,897.908014600988,time_exit_non_runner,time_exit_non_runner,12,7.75,B,3,rp_pass_rp3,B,1.0,0,0,0.18883974140864251,base,False,False,True,False,False,False,True,False,True,False,True,False,False,False,True,False,0.0,26.86,28.548,engulf,10,1.3,0.45,legacy,1,True,True,False,True,3,"a_volume,a_wick_le_q1,a_trend_align,a_fvg,a_room",False,True,True,False,False,False,False,VOLUME,1,False,False,0.0,1.531777314483029,,False,False,False,False,128654.993216383,A,direct_under_threshold,0.0,1,129552.90123098399,A,2025-09,2025-09-11 08:00:00,1.076704023699722,up,False,False,a_room+a_vol_expansion+a_volume||up||long,1,3
BTC+ETH+SOL+XRP+DOGE+AVAX+LINK+BNB+ADA v19b norefine rpboost (9coins),orderbook_split_proxy,v19b_norefine_rpboost_9coins,1.0,3.0,capFixed,AVAXUSDT,2025-09-14 12:00:00+00:00,2025-09-15 00:00:00+00:00,long,28.948,28.948,0.0,28.948,28.513577142857145,2683.965845506687,77695.44329572757,77695.44329572757,0.009,0.009,1165.9761110788559,0.4344228571428559,1.7971971555035273,2095.4889502159845,win,stop,3,8.5,B,2,rp_pass_rp2,B,1.0,0,0,0.19655724579663736,base,False,False,True,False,False,False,True,False,True,False,False,True,False,True,False,False,0.0,28.573,28.948,engulf,10,1.3,0.45,legacy,1,True,False,False,True,5,"a_volume,a_wick_le_q1,a_trend_align,a_room",False,True,True,False,False,False,False,VOLUME,1,False,False,0.0,3.3469693780911403,1.9335999158160633,False,False,False,False,129552.90123098399,A,direct_under_threshold,0.0,1,131648.39018119997,A,2025-09,2025-09-14 08:00:00,1.2221247018712413,up,True,False,a_fvg_absent+a_room+a_vol_expansion||up||long,3,3
BTC+ETH+SOL+XRP+DOGE+AVAX+LINK+BNB+ADA v19b norefine rpboost (9coins),orderbook_split_proxy,v19b_norefine_rpboost_9coins,1.0,3.0,capFixed,ETHUSDT,2025-09-17 20:00:00+00:00,2025-09-18 04:00:00+00:00,long,4489.23,4489.23,0.0,4489.23,4458.006971428571,63.24581384539429,283925.00488915935,283925.00488915935,0.015,0.015,1974.7258527179995,31.223028571428586,2.4167764037715855,4772.470844766584,win,stop,2,10.5,A,2,tier_d_skip,D,1.0,0,0,0.42141144740784986,base,False,False,True,False,False,True,False,False,True,False,False,False,False,True,False,True,1.0,4487.65,4489.23,engulf,10,1.3,0.45,legacy,1,True,False,True,False,4,"a_volume,a_score_ge13,a_trend_align,a_room",False,True,True,True,False,False,False,SWEEP+VOLUME,2,False,True,1.0,4.912079545683338,4.124199537703868,False,False,False,False,131648.39018119997,A,direct_under_threshold,0.0,1,136420.86102596656,A,2025-09,2025-09-17 16:00:00,0.35183591715849344,range,True,False,a_fvg_absent+a_room+a_score_ge13||range||long,1,3
BTC+ETH+SOL+XRP+DOGE+AVAX+LINK+BNB+ADA v19b norefine rpboost (9coins),orderbook_split_proxy,v19b_norefine_rpboost_9coins,1.0,3.0,capFixed,SOLUSDT,2025-09-23 04:00:00+00:00,2025-09-25 04:00:00+00:00,short,219.62,219.62,0.0,219.62,227.82074285714285,166.35183348926014,36534.18967091131,36534.18967091131,0.01,0.01,1364.2086102596656,8.200742857142842,1.6649462538236977,2271.334015085863,time_exit_non_runner,time_exit_non_runner,12,8.75,B,2,rp_pass_rp2,B,1.0,3,0,0.07363636363636385,base,False,True,True,True,False,False,True,True,False,False,True,False,False,False,True,True,0.35772357723576936,218.04,220.5,engulf,10,1.3,0.45,legacy,1,True,True,False,True,5,"a_sweep,a_volume,a_pre_total_ge4,a_wick_le_q1,a_pre_total_ge1,a_fvg,a_room",True,True,True,True,False,False,False,SWEEP+VOLUME,2,False,True,0.35772357723576936,2.0754217387971874,,False,False,False,False,136420.86102596656,A,direct_under_threshold,0.0,1,138692.19504105242,A,2025-09,2025-09-23 00:00:00,-1.5159321346441108,down,False,True,a_sweep+a_trend_counter+a_vol_expansion+a_volume||down||short,1,4
BTC+ETH+SOL+XRP+DOGE+AVAX+LINK+BNB+ADA v19b norefine rpboost (9coins),orderbook_split_proxy,v19b_norefine_rpboost_9coins,1.0,3.0,capFixed,BTCUSDT,2025-09-24 04:00:00+00:00,2025-09-25 08:00:00+00:00,long,111238.5,111238.5,0.0,111238.5,110164.14857142857,2.7935541972164932,310750.7785670669,310750.7785670669,0.022,0.022,3001.258942571264,1074.3514285714336,0.5461348575087168,1639.0921249479193,win,stop,7,10.25,A,2,tier_d_skip,D,1.0,0,0,0.38267204780124114,base,False,False,False,False,False,True,False,False,False,False,True,False,False,False,True,False,0.0,110254.9,111238.5,engulf,10,1.3,0.45,legacy,1,True,False,False,True,4,"a_score_ge13,a_fvg,a_room",False,False,True,False,False,False,False,VOLUME,1,False,False,0.0,2.4733992335575126,,True,False,False,False,136420.86102596656,A,direct_under_threshold,0.0,1,140331.28716600034,A,2025-09,2025-09-24 00:00:00,-1.731618829730094,down,False,True,a_room+a_score_ge13+a_trend_counter||down||long,1,3
BTC+ETH+SOL+XRP+DOGE+AVAX+LINK+BNB+ADA v19b norefine rpboost (9coins),orderbook_split_proxy,v19b_norefine_rpboost_9coins,1.0,3.0,capFixed,BTCUSDT,2025-09-27 20:00:00+00:00,2025-09-29 12:00:00+00:00,short,109637.3,109637.3,0.0,109637.3,113968.69885714287,0.712769342994306,78146.10628866963,78146.10628866963,0.022,0.022,3087.2883176520068,4331.398857142864,-1.0258122152025317,-3166.9780680995023,loss,stop,10,13.25,S,4,rp_pass_rp4,A,1.0,0,0,0.2724077328646926,expansion,True,False,True,False,False,True,True,False,True,True,True,False,False,False,True,False,0.0,109637.3,110555.0,engulf,10,1.3,0.45,legacy,1,True,False,False,False,4,"a_volume,a_score_ge13,a_wick_le_q1,a_trend_align,a_mss,a_fvg,a_room",False,True,False,False,False,False,False,none,0,False,False,0.0,0.11562084594775635,,False,False,False,False,140331.28716600034,A,direct_under_threshold,0.0,1,137164.30909790084,A,2025-09,2025-09-27 16:00:00,-1.6054987225324528,down,False,False,a_mss+a_room+a_volume||down||short,1,3
BTC+ETH+SOL+XRP+DOGE+AVAX+LINK+BNB+ADA v19b norefine rpboost (9coins),orderbook_split_proxy,v19b_norefine_rpboost_9coins,1.0,3.0,capFixed,BTCUSDT,2025-10-01 20:00:00+00:00,2025-10-02 00:00:00+00:00,short,117945.0,117945.0,0.0,117945.0,118651.59885714286,3.4888543583339904,411492.9272937025,411492.9272937025,0.022,0.022,2465.220502336686,706.5988571428607,-1.1674193189427333,-2877.9460398815568,loss,stop,1,8.75,B,2,rp_pass_rp2,B,1.0,0,0,0.210961592374544,base,False,True,True,False,False,False,True,False,False,False,True,False,False,False,True,False,0.0,117945.0,118010.0,engulf,10,1.3,0.45,legacy,1,True,True,False,True,5,"a_sweep,a_volume,a_wick_le_q1,a_fvg,a_room",True,True,False,True,False,False,False,SWEEP,1,False,False,0.0,0.0,,False,False,False,False,137164.30909790084,A,direct_under_threshold,0.0,1,134286.36305801928,A,2025-10,2025-10-01 16:00:00,2.299725519879418,up,False,True,a_room+a_sweep+a_trend_counter+a_vol_expansion+a_volume||up||short,1,5
BTC+ETH+SOL+XRP+DOGE+AVAX+LINK+BNB+ADA v19b norefine rpboost (9coins),orderbook_split_proxy,v19b_norefine_rpboost_9coins,1.0,3.0,capFixed,DOGEUSDT,2025-10-02 04:00:00+00:00,2025-10-02 08:00:00+00:00,short,0.25382,0.25382,0.0,0.25382,0.25604885714285713,481991.8171547928,122339.1630302295,122339.1630302295,0.008,0.008,1074.2909044641542,0.0022288571428571435,-1.1143789898730931,-1197.1672129466158,loss,stop,1,9.0,B,1,tier_d_skip,D,1.0,0,0,0.28404255319149024,base,False,False,True,False,False,False,True,False,False,False,False,True,False,True,False,False,0.0,0.25382,0.25565,engulf,10,1.3,0.45,legacy,1,True,True,False,False,5,"a_volume,a_wick_le_q1,a_room",False,True,True,False,False,False,False,VOLUME,1,False,False,0.0,0.0,,False,False,False,False,134286.36305801928,A,direct_under_threshold,0.0,1,133089.19584507268,A,2025-10,2025-10-02 00:00:00,2.6889418692849696,up,True,True,a_fvg_absent+a_ob+a_room+a_trend_counter||up||short,1,4
BTC+ETH+SOL+XRP+DOGE+AVAX+LINK+BNB+ADA v19b norefine rpboost (9coins),orderbook_split_proxy,v19b_norefine_rpboost_9coins,1.0,3.0,capFixed,DOGEUSDT,2025-10-03 04:00:00+00:00,2025-10-03 08:00:00+00:00,long,0.25458,0.25458,0.0,0.2546390223472106,0.25317196428571426,756169.4323220354,192550.24497532833,192505.61408054375,0.008,0.008,1109.344461545145,0.0014670580614963291,0.07630380399192178,84.64720235326475,win,stop,1,8.5,B,2,rp_pass_rp2,B,1.0,0,0,0.2078571428571356,base,False,False,True,False,False,False,True,False,True,False,False,False,False,True,False,False,0.0,0.25428,0.25458,engulf,10,1.3,0.45,legacy,1,True,True,False,False,3,"a_volume,a_wick_le_q1,a_trend_align,a_room",False,True,False,False,False,False,False,none,0,False,False,0.0,1.7661043695480971,,False,False,False,False,133089.19584507268,A,orderbook_split_proxy,0.10500000000000001,5,133173.84304742594,A,2025-10,2025-10-03 00:00:00,3.6024895422504963,up,True,False,a_fvg_absent+a_room+a_volume||up||long,1,3
BTC+ETH+SOL+XRP+DOGE+AVAX+LINK+BNB+ADA v19b norefine rpboost (9coins),orderbook_split_proxy,v19b_norefine_rpboost_9coins,1.0,3.0,capFixed,BTCUSDT,2025-10-07 04:00:00+00:00,2025-10-07 08:00:00+00:00,long,123678.0,123678.0,0.0,123678.0,123306.59885714286,3.2303362695247158,399521.5291422778,399521.5291422778,0.022,0.022,1199.7505823143476,371.40114285713935,0.3166711781793086,379.92643042279605,win,stop,1,8.75,B,3,tier_d_skip,D,1.0,0,0,0.3947492236755445,base,False,False,True,False,False,False,False,False,True,False,True,False,False,False,True,False,0.0,123413.3,123678.0,engulf,10,1.3,0.45,legacy,1,True,False,True,True,3,"a_volume,a_trend_align,a_fvg,a_room",False,True,False,False,False,False,False,none,0,False,False,0.0,2.1362346757914477,,False,False,False,False,133173.84304742594,A,direct_under_threshold,0.0,1,133553.76947784872,A,2025-10,2025-10-07 00:00:00,1.329095859179293,up,False,False,a_room+a_vol_expansion+a_volume||up||long,1,3
BTC+ETH+SOL+XRP+DOGE+AVAX+LINK+BNB+ADA v19b norefine rpboost (9coins),orderbook_split_proxy,v19b_norefine_rpboost_9coins,1.0,3.0,capFixed,DOGEUSDT,2025-10-07 16:00:00+00:00,2025-10-08 00:00:00+00:00,long,0.25681,0.25681,0.0,0.25681,0.24608411428571428,99612.30095895559,25581.435009269382,25581.435009269382,0.008,0.008,1068.4301558227899,0.010725885714285704,-1.0234430110333879,-1093.4773757541477,loss,stop,2,10.25,S,3,tier_d_skip,D,1.0,0,0,0.4836795252225466,expansion,True,False,True,False,False,True,False,False,True,False,True,False,False,False,True,False,0.0,0.25119,0.25681,engulf,10,1.3,0.45,legacy,1,True,False,False,True,4,"a_volume,a_score_ge13,a_trend_align,a_fvg,a_room",False,True,True,True,False,False,False,SWEEP+VOLUME,2,False,False,0.0,0.0,,False,False,False,False,133553.76947784872,A,direct_under_threshold,0.0,1,132460.29210209457,A,2025-10,2025-10-07 12:00:00,1.0656375820186792,up,False,False,a_room+a_score_ge13+a_vol_expansion+a_volume||up||long,3,4
BTC+ETH+SOL+XRP+DOGE+AVAX+LINK+BNB+ADA v19b norefine rpboost (9coins),orderbook_split_proxy,v19b_norefine_rpboost_9coins,1.0,3.0,capFixed,LINKUSDT,2025-10-07 08:00:00+00:00,2025-10-09 08:00:00+00:00,long,22.782,22.782,0.0,22.782,21.42492,787.3007898007413,17936.28659324049,17936.28659324049,0.008,0.008,1068.4301558227899,1.3570799999999998,-0.8026413328617328,-857.5662043392729,time_exit_non_runner,time_exit_non_runner,12,8.25,B,2,rp_pass_rp2,B,1.0,0,0,0.18642611683848476,base,False,False,True,False,False,False,True,False,False,False,True,False,False,False,True,False,0.0,22.234,22.782,engulf,10,1.3,0.45,legacy,1,True,False,False,True,4,"a_volume,a_wick_le_q1,a_fvg,a_room",False,True,True,False,False,False,False,VOLUME,1,False,False,0.0,0.21074660300056106,,False,False,False,False,133553.76947784872,A,direct_under_threshold,0.0,1,131602.7258977553,A,2025-10,2025-10-07 04:00:00,1.2575249077446937,up,False,True,a_room+a_vol_expansion+a_volume||up||long,2,3
BTC+ETH+SOL+XRP+DOGE+AVAX+LINK+BNB+ADA v19b norefine rpboost (9coins),orderbook_split_proxy,v19b_norefine_rpboost_9coins,1.0,3.0,capFixed,BTCUSDT,2025-10-10 20:00:00+00:00,2025-10-11 00:00:00+00:00,long,111947.0,111947.0,0.0,111947.0,111497.43571428572,3.5267419197769114,394808.1776932659,394808.1776932659,0.022,0.022,1585.4972120631198,449.56428571428114,-1.2485122181795096,-1979.5126411503543,loss,stop,1,8.5,B,2,rp_pass_rp2,B,1.0,0,0,0.18505982655786665,base,False,False,True,False,False,False,True,False,True,False,False,True,False,True,False,False,0.0,111639.7,111947.0,engulf,10,1.3,0.45,legacy,1,True,True,False,True,5,"a_volume,a_wick_le_q1,a_trend_align,a_room",False,True,True,False,False,False,False,VOLUME,1,False,False,0.0,3.0098031427255396,,False,False,False,False,131602.7258977553,A,direct_under_threshold,0.0,1,129623.21325660494,A,2025-10,2025-10-10 16:00:00,-1.3377682105114233,down,True,False,a_fvg_absent+a_room+a_vol_expansion+a_volume||down||long,1,4
BTC+ETH+SOL+XRP+DOGE+AVAX+LINK+BNB+ADA v19b norefine rpboost (9coins),orderbook_split_proxy,v19b_norefine_rpboost_9coins,1.0,3.0,capFixed,BNBUSDT,2025-10-10 20:00:00+00:00,2025-10-11 04:00:00+00:00,long,862.67,862.67,0.0,862.67,852.9144642857142,161.880675446708,139649.6022876116,139649.6022876116,0.012,0.012,1579.2327107730637,9.75553571428577,10.843046620233883,17123.69390711066,win,stop,2,9.5,B,2,rp_pass_rp2,B,1.0,0,0,0.19683319683319433,base,False,False,True,False,False,False,True,False,True,False,False,True,False,True,False,False,0.0,858.29,862.67,engulf,10,1.3,0.45,legacy,1,True,False,False,True,5,"a_volume,a_wick_le_q1,a_trend_align,a_room",False,True,True,False,False,False,False,VOLUME,1,False,False,0.0,28.8246599915797,28.45358862184458,True,True,True,True,131602.7258977553,A,direct_under_threshold,0.0,1,146746.9071637156,A,2025-10,2025-10-10 16:00:00,-1.3377682105114233,down,True,False,a_fvg_absent+a_room+a_vol_expansion+a_volume||down||long,1,4
BTC+ETH+SOL+XRP+DOGE+AVAX+LINK+BNB+ADA v19b norefine rpboost (9coins),orderbook_split_proxy,v19b_norefine_rpboost_9coins,1.0,3.0,capFixed,DOGEUSDT,2025-10-10 20:00:00+00:00,2025-10-11 04:00:00+00:00,long,0.14705,0.14705,0.0,0.14705,0.1443548,390628.4532435626,57441.91404946588,57441.91404946588,0.008,0.008,1052.8218071820424,0.002695199999999981,7.615702978840737,8017.978173144769,win,stop,2,11.0,B,1,rp_boost_rp1_x1.5,B,1.0,0,0,0.19072580645161213,base,False,False,False,False,False,True,True,False,False,False,False,True,False,True,False,False,0.0,0.14495,0.14705,engulf,10,1.3,0.45,legacy,1,True,True,False,True,6,"a_score_ge13,a_wick_le_q1,a_room",False,False,False,False,False,False,False,none,0,False,False,0.0,19.757346393588747,18.506975363609513,True,True,True,True,131602.7258977553,A,direct_under_threshold,0.0,1,154764.88533686037,A,2025-10,2025-10-10 16:00:00,-1.3377682105114233,down,True,True,a_fvg_absent+a_ob+a_room+a_score_ge13+a_vol_expansion||down||long,3,5
BTC+ETH+SOL+XRP+DOGE+AVAX+LINK+BNB+ADA v19b norefine rpboost (9coins),orderbook_split_proxy,v19b_norefine_rpboost_9coins,1.0,3.0,capFixed,SOLUSDT,2025-10-10 20:00:00+00:00,2025-10-11 20:00:00+00:00,long,175.0,175.0,0.0,175.0,169.63685714285714,245.38359205271064,42942.12860922436,42942.12860922436,0.01,0.01,1316.027258977553,5.363142857142861,0.6170448790687763,812.0478808670173,win,stop,6,10.25,A,2,rp_pass_rp2,B,1.0,0,0,0.12839737582005664,base,False,False,False,False,False,True,True,False,False,False,True,False,False,False,True,False,0.0,172.72,175.0,engulf,10,1.3,0.45,legacy,1,True,True,False,True,4,"a_score_ge13,a_wick_le_q1,a_fvg,a_room",False,False,False,False,False,False,False,none,0,False,False,0.0,2.91620052208193,,True,False,False,False,131602.7258977553,A,direct_under_threshold,0.0,1,155576.9332177274,A,2025-10,2025-10-10 16:00:00,-1.3377682105114233,down,False,True,a_room+a_score_ge13+a_trend_counter||down||long,1,3
BTC+ETH+SOL+XRP+DOGE+AVAX+LINK+BNB+ADA v19b norefine rpboost (9coins),orderbook_split_proxy,v19b_norefine_rpboost_9coins,1.0,3.0,capFixed,BTCUSDT,2025-10-14 16:00:00+00:00,2025-10-15 08:00:00+00:00,short,113639.0,113639.0,0.0,113639.0,114212.15257142858,4.107135751398571,466730.7996531823,466730.7996531823,0.022,0.022,2354.0154171203512,573.1525714285817,1.810313552362516,4261.506012083273,win,stop,4,7.5,B,1,rp_boost_rp1_x1.5,C,1.0,1,0,0.24428202923473963,base,False,False,False,False,False,False,True,True,False,False,False,True,False,True,False,True,0.7182652210175243,113470.1,114069.6,engulf,10,1.3,0.45,legacy,1,True,False,False,False,4,"a_wick_le_q1,a_pre_total_ge1,a_room",False,False,False,False,False,False,False,none,0,False,True,0.7182652210175243,3.546874080897857,3.546874080897857,True,True,True,False,155576.9332177274,A,direct_under_threshold,0.0,1,159838.43922981067,A,2025-10,2025-10-14 12:00:00,-0.6267606668498719,range,True,True,a_fvg_absent+a_ob+a_room+a_trend_counter||range||short,1,4
BTC+ETH+SOL+XRP+DOGE+AVAX+LINK+BNB+ADA v19b norefine rpboost (9coins),orderbook_split_proxy,v19b_norefine_rpboost_9coins,1.0,3.0,capFixed,BNBUSDT,2025-10-16 00:00:00+00:00,2025-10-16 04:00:00+00:00,short,1171.34,1171.34,0.0,1171.34,1181.766607142857,183.95833318336082,215477.75399099785,215477.75399099785,0.012,0.012,1918.0612707577282,10.426607142857165,-1.1128414341742447,-2134.4980553841046,loss,stop,1,8.5,B,1,rp_boost_rp1_x1.5,B,1.0,2,0,0.15987814509759737,base,False,False,True,False,False,False,True,True,False,False,False,True,False,True,False,True,0.5202099737532802,1171.34,1190.39,engulf,10,1.3,0.45,legacy,1,True,False,False,False,5,"a_volume,a_wick_le_q1,a_pre_total_ge1,a_room",False,True,True,False,False,False,False,VOLUME,1,False,True,0.5202099737532802,0.0,,False,False,False,False,159838.43922981067,A,direct_under_threshold,0.0,1,157703.94117442655,A,2025-10,2025-10-15 20:00:00,-0.6433134146390895,range,True,True,a_fvg_absent+a_ob+a_room+a_trend_counter||range||short,1,4
BTC+ETH+SOL+XRP+DOGE+AVAX+LINK+BNB+ADA v19b norefine rpboost (9coins),orderbook_split_proxy,v19b_norefine_rpboost_9coins,1.0,3.0,capFixed,ADAUSDT,2025-10-14 12:00:00+00:00,2025-10-16 12:00:00+00:00,short,0.6876,0.6876,0.0,0.6876,0.7377085714285715,24838.374558651845,17078.86634652901,17078.86634652901,0.008,0.008,1244.6154657418192,0.0501085714285715,0.7030803113239821,875.0646291324011,time_exit_non_runner,time_exit_non_runner,12,10.75,S,3,rp_pass_rp3,B,1.0,3,1,0.2204724409448814,base,False,False,True,True,False,True,True,True,True,False,True,False,False,False,True,True,0.15966386554622003,0.6862,0.71,engulf,10,1.3,0.45,legacy,1,True,False,False,False,3,"a_volume,a_pre_total_ge4,a_score_ge13,a_wick_le_q1,a_pre_total_ge1,a_trend_align,a_fvg,a_room",False,True,False,True,False,False,False,SWEEP,1,False,True,0.15966386554622003,0.7882882882882867,,False,False,False,False,155576.9332177274,A,direct_under_threshold,0.0,1,158579.00580355895,A,2025-10,2025-10-14 08:00:00,-0.6845329341624942,range,False,False,a_room+a_score_ge13+a_volume||range||short,1,3
BTC+ETH+SOL+XRP+DOGE+AVAX+LINK+BNB+ADA v19b norefine rpboost (9coins),orderbook_split_proxy,v19b_norefine_rpboost_9coins,1.0,3.0,capFixed,ETHUSDT,2025-10-14 12:00:00+00:00,2025-10-16 12:00:00+00:00,short,4025.04,4025.04,0.0,4025.04,4303.325371428571,8.385830653929654,33753.30381529302,33753.30381529302,0.015,0.015,2333.653998265911,278.2853714285711,0.41696392233748175,973.0495244955011,time_exit_non_runner,time_exit_non_runner,12,10.75,S,3,rp_pass_rp3,B,1.0,2,0,0.22090713683236773,base,False,False,True,False,False,True,True,True,True,False,True,False,False,False,True,True,0.23350880078960265,4013.42,4135.0,engulf,10,1.3,0.45,legacy,1,True,False,False,True,4,"a_volume,a_score_ge13,a_wick_le_q1,a_pre_total_ge1,a_trend_align,a_fvg,a_room",False,True,True,True,False,False,False,SWEEP+VOLUME,2,False,True,0.23350880078960265,0.4852572713641951,,False,False,False,False,155576.9332177274,A,direct_under_threshold,0.0,1,159552.05532805444,A,2025-10,2025-10-14 08:00:00,-0.6845329341624942,range,False,False,a_room+a_score_ge13+a_vol_expansion+a_volume||range||short,2,4
BTC+ETH+SOL+XRP+DOGE+AVAX+LINK+BNB+ADA v19b norefine rpboost (9coins),orderbook_split_proxy,v19b_norefine_rpboost_9coins,1.0,3.0,capFixed,SOLUSDT,2025-10-14 12:00:00+00:00,2025-10-16 12:00:00+00:00,short,197.43,197.43,0.0,197.43,209.8085142857143,125.68304210568677,24813.603002925738,24813.603002925738,0.01,0.01,1555.769332177274,12.378514285714289,0.23417558996233104,364.3232012079149,win,stop,12,10.75,S,3,rp_pass_rp3,B,1.0,3,0,0.22880658436213874,base,False,False,True,True,False,True,True,True,True,False,True,False,False,False,True,True,0.19676549865228868,197.43,204.85,engulf,10,1.3,0.45,legacy,1,True,False,False,True,4,"a_volume,a_pre_total_ge4,a_score_ge13,a_wick_le_q1,a_pre_total_ge1,a_trend_align,a_fvg,a_room",False,True,True,True,False,False,False,SWEEP+VOLUME,2,False,True,0.19676549865228868,1.0227398626190998,,False,False,False,False,155576.9332177274,A,direct_under_threshold,0.0,1,159916.37852926235,A,2025-10,2025-10-14 08:00:00,-0.6845329341624942,range,False,False,a_room+a_score_ge13+a_vol_expansion+a_volume||range||short,2,4
BTC+ETH+SOL+XRP+DOGE+AVAX+LINK+BNB+ADA v19b norefine rpboost (9coins),orderbook_split_proxy,v19b_norefine_rpboost_9coins,1.0,3.0,capFixed,XRPUSDT,2025-10-14 12:00:00+00:00,2025-10-16 12:00:00+00:00,short,2.4796,2.4796,0.0,2.4796,2.5887051428571426,11407.486697226212,28286.004014442115,28286.004014442115,0.008,0.008,1244.6154657418192,0.10910514285714257,1.0912173408088677,1358.1459788563784,time_exit_non_runner,time_exit_non_runner,12,10.75,S,3,rp_pass_rp3,B,1.0,2,0,0.18946144905075288,base,False,False,True,False,False,True,True,True,True,False,True,False,False,False,True,True,0.20873124147339608,2.4742,2.5475,engulf,10,1.3,0.45,legacy,1,True,False,False,False,3,"a_volume,a_score_ge13,a_wick_le_q1,a_pre_total_ge1,a_trend_align,a_fvg,a_room",False,True,False,True,False,False,False,SWEEP,1,False,True,0.20873124147339608,1.3766537128012848,,False,False,False,False,155576.9332177274,A,direct_under_threshold,0.0,1,161274.52450811872,A,2025-10,2025-10-14 08:00:00,-0.6845329341624942,range,False,False,a_room+a_score_ge13+a_volume||range||short,1,3
BTC+ETH+SOL+XRP+DOGE+AVAX+LINK+BNB+ADA v19b norefine rpboost (9coins),orderbook_split_proxy,v19b_norefine_rpboost_9coins,1.0,3.0,capFixed,LINKUSDT,2025-10-14 12:00:00+00:00,2025-10-17 20:00:00+00:00,short,18.756,18.756,0.0,18.756,19.476017142857145,1728.5914343691632,32421.460943028025,32421.460943028025,0.008,0.008,1244.6154657418192,0.7200171428571451,2.526850202971351,3144.9568422309985,time_exit_non_runner,time_exit_non_runner,20,10.75,S,3,rp_pass_rp3,B,1.0,2,1,0.2221283783783766,expansion,True,False,True,False,False,True,True,True,True,False,True,False,False,False,True,True,0.26032315978456005,18.747,19.304,engulf,10,1.3,0.45,legacy,1,True,False,False,False,3,"a_volume,a_score_ge13,a_wick_le_q1,a_pre_total_ge1,a_trend_align,a_fvg,a_room",False,True,False,True,False,False,False,SWEEP,1,False,True,0.26032315978456005,4.267953937604648,,False,False,False,False,155576.9332177274,A,direct_under_threshold,0.0,1,164419.48135034973,A,2025-10,2025-10-14 08:00:00,-0.6845329341624942,range,False,False,a_room+a_score_ge13+a_volume||range||short,1,3
BTC+ETH+SOL+XRP+DOGE+AVAX+LINK+BNB+ADA v19b norefine rpboost (9coins),orderbook_split_proxy,v19b_norefine_rpboost_9coins,1.0,3.0,capFixed,BTCUSDT,2025-10-22 12:00:00+00:00,2025-10-23 04:00:00+00:00,short,109367.0,109367.0,0.0,109367.0,111801.56857142856,1.4857780685081152,162495.09001852703,162495.09001852703,0.022,0.022,3617.228589707694,2434.5685714285646,0.2052024616564506,742.26421098211,win,stop,4,10.75,S,3,rp_pass_rp3,B,1.0,0,0,0.08568824065633106,base,False,False,True,False,False,True,True,False,True,False,True,False,False,False,True,True,0.24910799923268861,108649.4,111255.9,engulf,10,1.3,0.45,legacy,1,True,False,False,False,3,"a_volume,a_score_ge13,a_wick_le_q1,a_trend_align,a_fvg,a_room",False,True,False,True,False,False,False,SWEEP,1,False,True,0.24910799923268861,1.141475345000995,,False,False,False,False,164419.48135034973,A,direct_under_threshold,0.0,1,165161.74556133183,A,2025-10,2025-10-22 08:00:00,0.7260703247883351,range,False,False,a_room+a_score_ge13+a_volume||range||short,1,3
BTC+ETH+SOL+XRP+DOGE+AVAX+LINK+BNB+ADA v19b norefine rpboost (9coins),orderbook_split_proxy,v19b_norefine_rpboost_9coins,1.0,3.0,capFixed,XRPUSDT,2025-10-22 04:00:00+00:00,2025-10-24 04:00:00+00:00,short,2.4335,2.4335,0.0,2.4335,2.4843439999999997,25870.424254637845,62955.6774236612,62955.6774236612,0.008,0.008,1315.355850802798,0.05084399999999967,0.6024629120446855,792.4531162496685,win,stop,12,10.75,S,3,rp_pass_rp3,B,1.0,1,0,0.197109826589598,base,False,False,True,False,False,True,True,True,True,False,True,False,False,False,True,True,1.0,2.4335,2.4715,engulf,10,1.3,0.45,legacy,1,True,False,True,False,3,"a_volume,a_score_ge13,a_wick_le_q1,a_pre_total_ge1,a_trend_align,a_fvg,a_room",False,True,False,False,False,False,False,none,0,False,True,1.0,2.1634804500039455,,False,False,False,False,164419.48135034973,A,direct_under_threshold,0.0,1,165954.1986775815,A,2025-10,2025-10-22 00:00:00,1.4246426361136932,up,False,False,a_room+a_score_ge13+a_volume||up||short,1,3
BTC+ETH+SOL+XRP+DOGE+AVAX+LINK+BNB+ADA v19b norefine rpboost (9coins),orderbook_split_proxy,v19b_norefine_rpboost_9coins,1.0,3.0,capFixed,LINKUSDT,2025-10-21 12:00:00+00:00,2025-10-24 20:00:00+00:00,short,18.429,18.429,0.0,18.429,19.224308571428573,1653.8937188116658,30479.607343980188,30479.607343980188,0.008,0.008,1315.355850802798,0.7953085714285741,0.9034583272260858,1188.3691966733406,time_exit_non_runner,time_exit_non_runner,20,10.75,S,3,rp_pass_rp3,B,1.0,2,0,0.1459170013386857,expansion,True,False,True,False,False,True,True,True,True,False,True,False,False,False,True,True,0.39400921658986754,18.166,18.6,engulf,10,1.3,0.45,legacy,1,True,False,False,False,3,"a_volume,a_score_ge13,a_wick_le_q1,a_pre_total_ge1,a_trend_align,a_fvg,a_room",False,True,True,True,False,False,False,SWEEP+VOLUME,2,False,True,0.39400921658986754,2.1853153133734176,,False,False,False,False,164419.48135034973,A,direct_under_threshold,0.0,1,167142.56787425483,A,2025-10,2025-10-21 08:00:00,1.5963930703291254,up,False,False,a_room+a_score_ge13+a_volume||up||short,1,3
BTC+ETH+SOL+XRP+DOGE+AVAX+LINK+BNB+ADA v19b norefine rpboost (9coins),orderbook_split_proxy,v19b_norefine_rpboost_9coins,1.0,3.0,capFixed,ETHUSDT,2025-10-23 04:00:00+00:00,2025-10-25 04:00:00+00:00,short,3887.45,3887.45,0.0,3887.45,4047.4425142857144,15.484638106229083,60195.756406060245,60195.756406060245,0.015,0.015,2477.4261834199774,159.9925142857146,-0.2734338552982304,-677.4121925493052,time_exit_non_runner,time_exit_non_runner,12,10.75,S,3,rp_pass_rp3,B,1.0,0,0,0.21202349418403627,base,False,False,True,False,False,True,True,False,True,False,True,False,False,False,True,False,0.0,3887.45,3963.19,engulf,10,1.3,0.45,legacy,1,True,False,False,False,3,"a_volume,a_score_ge13,a_wick_le_q1,a_trend_align,a_fvg,a_room",False,True,False,False,False,False,False,none,0,False,False,0.0,0.5027735226183762,,False,False,False,False,165161.74556133183,A,direct_under_threshold,0.0,1,166465.15568170554,A,2025-10,2025-10-23 00:00:00,0.19241808603697444,range,False,False,a_room+a_score_ge13+a_volume||range||short,1,3
BTC+ETH+SOL+XRP+DOGE+AVAX+LINK+BNB+ADA v19b norefine rpboost (9coins),orderbook_split_proxy,v19b_norefine_rpboost_9coins,1.0,3.0,capFixed,SOLUSDT,2025-10-23 04:00:00+00:00,2025-10-25 04:00:00+00:00,short,187.36,187.36,0.0,187.36,198.1136,153.5873991605901,28776.135106728165,28776.135106728165,0.01,0.01,1651.6174556133183,10.753599999999977,-0.6231043557506328,-1029.130030626436,time_exit_non_runner,time_exit_non_runner,12,10.75,S,3,tier_d_skip,D,1.0,0,0,0.25160370634354906,base,False,False,True,False,False,True,True,False,True,False,True,False,False,False,True,False,0.0,187.36,192.01,engulf,10,1.3,0.45,legacy,1,True,False,False,False,3,"a_volume,a_score_ge13,a_wick_le_q1,a_trend_align,a_fvg,a_room",False,True,True,False,False,False,False,VOLUME,1,False,False,0.0,0.07997321827109205,,False,False,False,False,165161.74556133183,A,direct_under_threshold,0.0,1,165436.0256510791,A,2025-10,2025-10-23 00:00:00,0.19241808603697444,range,False,False,a_room+a_score_ge13+a_volume||range||short,1,3
BTC+ETH+SOL+XRP+DOGE+AVAX+LINK+BNB+ADA v19b norefine rpboost (9coins),orderbook_split_proxy,v19b_norefine_rpboost_9coins,1.0,3.0,capFixed,LINKUSDT,2025-10-26 20:00:00+00:00,2025-10-27 04:00:00+00:00,long,18.116,18.116,0.0,18.123886550613125,18.044535714285715,18519.57508537839,335646.6778129594,335500.6222467149,0.008,0.008,1469.5437714530535,0.07935083632741069,3.9439543497004546,5795.813549497481,win,stop,2,9.5,B,1,tier_d_skip,D,1.0,0,0,0.3240740740740798,base,False,False,True,False,False,False,True,False,False,False,False,False,False,True,False,False,0.0,18.113,18.116,engulf,10,1.3,0.45,legacy,1,True,False,True,False,4,"a_volume,a_wick_le_q1,a_room",False,True,True,False,False,False,False,VOLUME,1,False,False,0.0,11.746737558516308,11.746737558516308,True,True,True,True,165436.0256510791,A,orderbook_split_proxy,0.091,5,171231.8392005766,A,2025-10,2025-10-26 16:00:00,1.6296495382992233,up,True,True,a_fvg_absent+a_room+a_volume||up||long,1,3
BTC+ETH+SOL+XRP+DOGE+AVAX+LINK+BNB+ADA v19b norefine rpboost (9coins),orderbook_split_proxy,v19b_norefine_rpboost_9coins,1.0,3.0,capFixed,LINKUSDT,2025-10-28 04:00:00+00:00,2025-10-28 16:00:00+00:00,short,18.47,18.47,0.0,18.47,18.948240000000002,2864.3666644458926,52904.852292315634,52904.852292315634,0.008,0.008,1369.8547136046127,0.4782400000000031,0.2115042238206761,289.73005794803817,win,stop,3,8.5,B,1,rp_boost_rp1_x1.5,C,1.0,3,0,0.2538253825382537,base,False,False,True,True,False,False,True,True,False,False,False,True,False,True,False,True,0.44071588366890724,18.47,18.917,engulf,10,1.3,0.45,legacy,1,True,False,True,False,5,"a_volume,a_pre_total_ge4,a_wick_le_q1,a_pre_total_ge1,a_room",False,True,True,True,False,False,False,SWEEP+VOLUME,2,False,True,0.44071588366890724,1.3006022080963446,,False,False,False,False,171231.8392005766,A,direct_under_threshold,0.0,1,171521.56925852463,A,2025-10,2025-10-28 00:00:00,2.1826340745061623,up,True,True,a_fvg_absent+a_ob+a_room+a_trend_counter||up||short,1,4
BTC+ETH+SOL+XRP+DOGE+AVAX+LINK+BNB+ADA v19b norefine rpboost (9coins),orderbook_split_proxy,v19b_norefine_rpboost_9coins,1.0,3.0,capFixed,XRPUSDT,2025-10-29 16:00:00+00:00,2025-10-30 08:00:00+00:00,short,2.6405,2.6405,0.0,2.6405,2.678692,35928.271734085596,94868.601513853,94868.601513853,0.008,0.008,1372.1725540681973,0.038192000000000004,2.034861471362738,2792.1810623347783,win,stop,4,9.5,B,1,rp_boost_rp1_x1.5,A,1.0,4,2,0.3085106382978744,base,False,False,False,True,True,False,True,True,False,False,False,True,False,True,False,True,0.3734177215189875,2.633,2.6488,engulf,10,1.3,0.45,legacy,1,True,False,True,False,4,"a_pre_total_ge4,a_sweep_count_2_4,a_wick_le_q1,a_pre_total_ge1,a_room",False,False,True,False,False,False,False,VOLUME,1,False,True,0.3734177215189875,4.108190196899869,2.6104943443653092,True,True,True,False,171521.56925852463,A,direct_under_threshold,0.0,1,174313.7503208594,A,2025-10,2025-10-29 12:00:00,0.3025469010947786,range,True,True,a_fvg_absent+a_ob+a_room+a_trend_counter||range||short,1,4
BTC+ETH+SOL+XRP+DOGE+AVAX+LINK+BNB+ADA v19b norefine rpboost (9coins),orderbook_split_proxy,v19b_norefine_rpboost_9coins,1.0,3.0,capFixed,LINKUSDT,2025-10-30 12:00:00+00:00,2025-11-01 12:00:00+00:00,long,17.329,17.329,0.0,17.329,15.958685714285716,1017.6570565634718,17634.979133188404,17634.979133188404,0.008,0.008,1394.5100025668753,1.3703142857142847,-0.07172697608473522,-100.0239856040383,time_exit_non_runner,time_exit_non_runner,12,10.25,A,2,tier_d_skip,D,1.0,0,0,0.2872796569795143,base,False,False,False,False,False,True,True,False,False,False,True,False,False,False,True,False,0.0,16.885,17.329,engulf,10,1.3,0.45,legacy,1,True,False,True,False,3,"a_score_ge13,a_wick_le_q1,a_fvg,a_room",False,False,False,False,False,False,False,none,0,False,False,0.0,0.08903067075332038,,False,False,False,False,174313.7503208594,A,direct_under_threshold,0.0,1,174213.72633525537,A,2025-11,2025-10-30 08:00:00,-1.2158944126087776,down,False,True,a_room+a_score_ge13+a_trend_counter||down||long,1,3
BTC+ETH+SOL+XRP+DOGE+AVAX+LINK+BNB+ADA v19b norefine rpboost (9coins),orderbook_split_proxy,v19b_norefine_rpboost_9coins,1.0,3.0,capFixed,BTCUSDT,2025-11-03 12:00:00+00:00,2025-11-05 12:00:00+00:00,short,108088.8,108088.8,0.0,108088.8,111293.18457142857,1.196080524650302,129282.90861282156,129282.90861282156,0.022,0.022,3832.7019793756176,3204.384571428571,1.3757066717959483,5272.673684032574,time_exit_non_runner,time_exit_non_runner,12,10.75,S,3,rp_pass_rp3,C,1.0,3,1,0.23284958703525072,base,False,False,True,True,False,True,True,True,True,False,True,False,False,False,True,True,0.3993438012655266,108088.8,109368.9,engulf,10,1.3,0.45,legacy,1,True,True,True,False,3,"a_volume,a_pre_total_ge4,a_score_ge13,a_wick_le_q1,a_pre_total_ge1,a_trend_align,a_fvg,a_room",False,True,True,True,False,False,False,SWEEP+VOLUME,2,False,True,0.3993438012655266,2.87106612671602,,False,False,False,False,174213.72633525537,A,direct_under_threshold,0.0,1,179486.40001928795,A,2025-11,2025-11-03 08:00:00,-0.11864558389523781,range,False,False,a_room+a_score_ge13+a_volume||range||short,1,3
BTC+ETH+SOL+XRP+DOGE+AVAX+LINK+BNB+ADA v19b norefine rpboost (9coins),orderbook_split_proxy,v19b_norefine_rpboost_9coins,1.0,3.0,capFixed,AVAXUSDT,2025-11-10 16:00:00+00:00,2025-11-11 00:00:00+00:00,short,17.899,17.899,0.0,17.899,18.515125714285713,2621.8311664630564,46928.15604852225,46928.15604852225,0.009,0.009,1615.3776001735914,0.6161257142857117,-1.0295508894288736,-1663.1134450222005,loss,stop,2,10.25,A,2,rp_pass_rp2,S,1.0,5,2,0.21818181818181834,base,False,False,False,True,True,True,True,True,False,False,True,False,False,False,True,True,0.10514541387024363,17.585,18.479,engulf,10,1.3,0.45,legacy,1,True,False,False,False,3,"a_pre_total_ge4,a_sweep_count_2_4,a_score_ge13,a_wick_le_q1,a_pre_total_ge1,a_fvg,a_room",False,False,True,True,False,False,False,SWEEP+VOLUME,2,False,True,0.10514541387024363,0.15256626662462464,,False,False,False,False,179486.40001928795,A,direct_under_threshold,0.0,1,177823.28657426575,A,2025-11,2025-11-10 12:00:00,1.24305354951453,up,False,True,a_room+a_score_ge13+a_trend_counter||up||short,1,3
BTC+ETH+SOL+XRP+DOGE+AVAX+LINK+BNB+ADA v19b norefine rpboost (9coins),orderbook_split_proxy,v19b_norefine_rpboost_9coins,1.0,3.0,capFixed,AVAXUSDT,2025-11-11 16:00:00+00:00,2025-11-11 20:00:00+00:00,long,17.432,17.432,0.0,17.435948597328228,17.30942857142857,13056.954608599814,227660.3893931943,227608.83273711192,0.009,0.009,1651.9662352507153,0.1265200258996586,-1.1373117691120016,-1878.8006415262842,loss,stop,1,8.0,B,1,rp_boost_rp1_x1.5,B,1.0,0,0,0.186885245901642,base,False,False,True,False,False,False,True,False,False,False,False,True,False,True,False,False,0.0,17.357,17.432,engulf,10,1.3,0.45,legacy,1,True,False,True,False,5,"a_volume,a_wick_le_q1,a_room",False,True,False,False,False,False,False,none,0,False,False,0.0,0.0,,False,False,False,False,177823.28657426575,A,orderbook_split_proxy,0.09800000000000002,5,175944.48593273945,A,2025-11,2025-11-11 12:00:00,2.0826324382171633,up,True,True,a_fvg_absent+a_ob+a_room+a_trend_counter||up||long,2,4
BTC+ETH+SOL+XRP+DOGE+AVAX+LINK+BNB+ADA v19b norefine rpboost (9coins),orderbook_split_proxy,v19b_norefine_rpboost_9coins,1.0,3.0,capFixed,LINKUSDT,2025-11-10 20:00:00+00:00,2025-11-12 20:00:00+00:00,short,16.245,16.245,0.0,16.245,17.69336,991.3910907193696,16105.14826873616,16105.14826873616,0.008,0.008,1435.8912001543035,1.4483599999999974,0.7507156369963293,1077.9459769812618,time_exit_non_runner,time_exit_non_runner,12,9.25,B,4,rp_pass_rp4,C,1.0,2,1,0.2804078659868887,base,False,False,True,False,False,False,True,True,True,True,True,False,False,False,True,True,0.9090909090908798,16.237,16.325,engulf,10,1.3,0.45,legacy,1,True,True,False,False,3,"a_volume,a_wick_le_q1,a_pre_total_ge1,a_trend_align,a_mss,a_fvg,a_room",False,True,True,True,False,False,False,SWEEP+VOLUME,2,False,True,0.9090909090908798,0.9238034742743539,,False,False,False,False,179486.40001928795,A,direct_under_threshold,0.0,1,177022.4319097207,A,2025-11,2025-11-10 16:00:00,1.5857893950625344,up,False,False,a_mss+a_room+a_volume||up||short,1,3
BTC+ETH+SOL+XRP+DOGE+AVAX+LINK+BNB+ADA v19b norefine rpboost (9coins),orderbook_split_proxy,v19b_norefine_rpboost_9coins,1.0,3.0,capFixed,SOLUSDT,2025-11-11 00:00:00+00:00,2025-11-14 08:00:00+00:00,short,170.9,170.9,0.0,170.9,189.38754285714285,96.18546279965052,16438.095592460275,16438.095592460275,0.01,0.01,1778.2328657426576,18.48754285714284,1.5304877161300907,2721.563557437946,time_exit_non_runner,time_exit_non_runner,20,10.0,S,4,tier_d_skip,D,1.0,0,0,0.29928315412186496,expansion,True,False,True,False,False,True,True,False,True,True,True,False,False,False,True,False,0.0,170.9,173.1,engulf,10,1.3,0.45,legacy,1,True,True,False,False,4,"a_volume,a_score_ge13,a_wick_le_q1,a_trend_align,a_mss,a_fvg,a_room",False,True,True,True,False,False,False,SWEEP+VOLUME,2,False,False,0.0,1.7536132438213246,,False,False,False,False,177823.28657426575,A,direct_under_threshold,0.0,1,179743.99546715865,A,2025-11,2025-11-10 20:00:00,1.9104458038820944,up,False,False,a_mss+a_room+a_volume||up||short,2,3
BTC+ETH+SOL+XRP+DOGE+AVAX+LINK+BNB+ADA v19b norefine rpboost (9coins),orderbook_split_proxy,v19b_norefine_rpboost_9coins,1.0,3.0,capFixed,BTCUSDT,2025-11-12 08:00:00+00:00,2025-11-15 16:00:00+00:00,short,103694.8,103694.8,0.0,103694.8,107578.74742857143,0.9966094448255702,103343.21705929855,103343.21705929855,0.022,0.022,3870.778690520268,3883.947428571424,1.816870605435592,7032.704022952747,time_exit_non_runner,time_exit_non_runner,20,10.75,S,3,tier_d_skip,D,1.0,0,0,0.3586066392361992,expansion,True,False,True,False,False,True,False,False,True,False,True,False,False,False,True,True,0.10279460621457659,103694.8,104718.2,engulf,10,1.3,0.45,legacy,1,True,True,False,False,3,"a_volume,a_score_ge13,a_trend_align,a_fvg,a_room",False,True,False,False,False,False,False,none,0,False,True,0.10279460621457659,2.5077064453425035,,False,False,False,False,175944.48593273945,A,direct_under_threshold,0.0,1,186776.69949011138,A,2025-11,2025-11-12 04:00:00,0.8100874544371774,range,False,False,a_room+a_score_ge13+a_volume||range||short,1,3
BTC+ETH+SOL+XRP+DOGE+AVAX+LINK+BNB+ADA v19b norefine rpboost (9coins),orderbook_split_proxy,v19b_norefine_rpboost_9coins,1.0,3.0,capFixed,BTCUSDT,2025-11-17 00:00:00+00:00,2025-11-17 08:00:00+00:00,short,95588.0,95588.0,0.0,95588.0,95923.85,5.861929305669479,560330.0984703342,560330.0984703342,0.022,0.022,1968.7289573091286,335.8500000000058,0.36570984442459925,719.983560691725,win,stop,2,12.25,S,4,rp_pass_rp4,C,1.0,2,0,0.43252125061961944,base,False,False,True,False,False,True,False,True,True,True,True,False,False,False,True,True,0.21094143312635552,95146.2,95742.1,engulf,10,1.3,0.45,legacy,1,True,True,False,False,4,"a_volume,a_score_ge13,a_pre_total_ge1,a_trend_align,a_mss,a_fvg,a_room",False,True,True,False,False,False,False,VOLUME,1,False,True,0.21094143312635552,2.1974095578382826,,False,False,False,False,186776.69949011138,A,direct_under_threshold,0.0,1,187496.6830508031,A,2025-11,2025-11-16 20:00:00,-3.0242667376726873,down,False,False,a_mss+a_room+a_volume||down||short,1,3
BTC+ETH+SOL+XRP+DOGE+AVAX+LINK+BNB+ADA v19b norefine rpboost (9coins),orderbook_split_proxy,v19b_norefine_rpboost_9coins,1.0,3.0,capFixed,AVAXUSDT,2025-11-18 08:00:00+00:00,2025-11-21 16:00:00+00:00,short,14.867,14.867,0.0,14.867,15.91046857142857,1617.1739079280396,24042.524489166168,24042.524489166168,0.009,0.009,1687.470147457228,1.0434685714285692,1.4977761480939973,2527.4525374820964,time_exit_non_runner,time_exit_non_runner,20,12.75,S,4,tier_d_skip,D,1.0,0,0,0.2502923976608188,expansion,True,False,True,False,False,True,True,False,True,True,True,False,False,False,True,True,0.15075376884421735,14.7,15.098,engulf,10,1.3,0.45,legacy,1,True,False,False,False,4,"a_volume,a_score_ge13,a_wick_le_q1,a_trend_align,a_mss,a_fvg,a_room",False,True,True,True,False,False,False,SWEEP+VOLUME,2,False,True,0.15075376884421735,2.5079816217341127,,False,False,False,False,187496.6830508031,A,direct_under_threshold,0.0,1,190024.13558828522,A,2025-11,2025-11-18 04:00:00,-2.5166033162683585,down,False,False,a_mss+a_room+a_volume||down||short,1,3
BTC+ETH+SOL+XRP+DOGE+AVAX+LINK+BNB+ADA v19b norefine rpboost (9coins),orderbook_split_proxy,v19b_norefine_rpboost_9coins,1.0,3.0,capFixed,BNBUSDT,2025-11-29 04:00:00+00:00,2025-11-29 12:00:00+00:00,long,880.58,880.58,0.0,880.58,877.5801785714286,647.3828689782366,570072.4067648556,570072.4067648556,0.012,0.012,1942.0330028509507,2.9998214285714084,-1.2930441395321168,-2511.1343931143806,loss,stop,2,8.0,B,1,tier_d_skip,D,1.0,0,0,0.23372422159320536,base,False,False,False,False,False,False,True,False,False,False,False,True,False,True,False,False,0.0,879.18,880.58,engulf,10,1.3,0.45,legacy,1,True,False,False,False,4,"a_wick_le_q1,a_room",False,False,False,True,False,False,False,SWEEP,1,False,False,0.0,0.7233763914518634,,False,False,False,False,190024.13558828522,A,direct_under_threshold,0.0,1,187513.00119517083,A,2025-11,2025-11-29 00:00:00,2.2826424547765503,up,True,True,a_fvg_absent+a_ob+a_room+a_trend_counter||up||long,1,4
BTC+ETH+SOL+XRP+DOGE+AVAX+LINK+BNB+ADA v19b norefine rpboost (9coins),orderbook_split_proxy,v19b_norefine_rpboost_9coins,1.0,3.0,capFixed,ETHUSDT,2025-11-29 12:00:00+00:00,2025-11-29 16:00:00+00:00,short,2999.11,2999.11,0.0,2999.11,3023.085314285714,117.316293935031,351844.4703034908,351844.4703034908,0.015,0.015,2812.6950179275623,23.97531428571392,0.12503341770582885,351.68087105564064,win,stop,1,9.5,B,1,rp_boost_rp1_x1.5,B,1.0,1,0,0.21260221260220996,base,False,False,True,False,False,False,True,True,False,False,False,True,False,True,False,False,0.0,2999.11,3012.26,engulf,10,1.3,0.45,legacy,1,True,False,True,False,5,"a_volume,a_wick_le_q1,a_pre_total_ge1,a_room",False,True,True,True,False,False,False,SWEEP+VOLUME,2,False,False,0.0,1.6308441063189014,,False,False,False,False,187513.00119517083,A,direct_under_threshold,0.0,1,187864.68206622647,A,2025-11,2025-11-29 08:00:00,1.8415127050160578,up,True,True,a_fvg_absent+a_ob+a_room+a_trend_counter||up||short,1,4
BTC+ETH+SOL+XRP+DOGE+AVAX+LINK+BNB+ADA v19b norefine rpboost (9coins),orderbook_split_proxy,v19b_norefine_rpboost_9coins,1.0,3.0,capFixed,BNBUSDT,2025-11-30 12:00:00+00:00,2025-11-30 20:00:00+00:00,short,892.18,892.18,0.0,892.18,905.9953714285714,163.1788328276476,145584.89107217063,145584.89107217063,0.012,0.012,2254.3761847947176,13.815371428571439,0.18554620784715992,418.2909521496081,win,stop,2,9.5,B,1,rp_boost_rp1_x1.5,B,1.0,0,0,0.22364672364672594,base,False,False,True,False,False,False,True,False,False,False,False,True,False,True,False,False,0.0,892.18,902.27,engulf,10,1.3,0.45,legacy,1,True,True,True,False,5,"a_volume,a_wick_le_q1,a_room",False,True,True,False,False,False,False,VOLUME,1,False,False,0.0,1.3043442294090617,,False,False,False,False,187864.68206622647,A,direct_under_threshold,0.0,1,188282.97301837607,A,2025-11,2025-11-30 08:00:00,0.776478868919022,range,True,True,a_fvg_absent+a_ob+a_room+a_trend_counter||range||short,1,4
BTC+ETH+SOL+XRP+DOGE+AVAX+LINK+BNB+ADA v19b norefine rpboost (9coins),orderbook_split_proxy,v19b_norefine_rpboost_9coins,1.0,3.0,capFixed,BTCUSDT,2025-12-03 04:00:00+00:00,2025-12-03 20:00:00+00:00,short,93770.3,93770.3,0.0,93770.3,94500.44514285715,5.673153409191013,531973.2971258641,531973.2971258641,0.022,0.022,4142.225406404274,730.1451428571454,0.5218980688379771,2161.8194402939953,win,stop,4,10.0,A,2,rp_pass_rp2,B,1.0,0,0,0.14432847740479166,base,False,False,True,False,False,True,True,False,True,False,False,True,False,True,False,False,0.0,93770.3,94350.0,engulf,10,1.3,0.45,legacy,1,True,True,False,False,5,"a_volume,a_score_ge13,a_wick_le_q1,a_trend_align,a_room",False,True,True,False,False,False,False,VOLUME,1,False,False,0.0,2.921200011895875,,False,False,False,False,188282.97301837607,A,direct_under_threshold,0.0,1,190444.79245867007,A,2025-12,2025-12-03 00:00:00,-1.4261384832598776,down,True,False,a_fvg_absent+a_ob+a_score_ge13+a_volume||down||short,1,4
BTC+ETH+SOL+XRP+DOGE+AVAX+LINK+BNB+ADA v19b norefine rpboost (9coins),orderbook_split_proxy,v19b_norefine_rpboost_9coins,1.0,3.0,capFixed,SOLUSDT,2025-12-04 16:00:00+00:00,2025-12-04 20:00:00+00:00,long,141.26,141.26,0.0,141.2601201101967,140.30017857142857,1984.1690004996576,280283.95132951054,280283.7130105816,0.01,0.01,1904.6862435156731,0.9599415387681347,-1.1466549197584175,-2184.017851723426,loss,stop,1,8.5,B,1,tier_d_skip,D,1.0,0,0,0.24827586206896954,base,False,False,False,False,False,False,True,False,False,False,False,True,False,True,False,False,0.0,140.27,141.26,engulf,10,1.3,0.45,legacy,1,True,True,False,False,4,"a_wick_le_q1,a_room",False,False,False,False,False,False,False,none,0,False,False,0.0,0.0,,False,False,False,False,190444.79245867007,A,orderbook_split_proxy,0.08399999999999998,5,188260.77460694665,A,2025-12,2025-12-04 12:00:00,3.0505463210203123,up,True,True,a_fvg_absent+a_ob+a_room+a_trend_counter||up||long,1,4
BTC+ETH+SOL+XRP+DOGE+AVAX+LINK+BNB+ADA v19b norefine rpboost (9coins),orderbook_split_proxy,v19b_norefine_rpboost_9coins,1.0,3.0,capFixed,LINKUSDT,2025-12-04 20:00:00+00:00,2025-12-05 12:00:00+00:00,long,14.222,14.222,0.0,14.222,13.797559999999999,3548.4077769662877,50465.455404014545,50465.455404014545,0.008,0.008,1506.0861968555732,0.4244400000000006,-1.0330076807086983,-1555.79860916116,loss,stop,4,8.75,B,2,rp_pass_rp2,B,1.0,0,0,0.07878151260504142,base,False,False,True,False,False,False,True,False,False,False,True,False,False,False,True,False,0.0,13.834,14.222,engulf,10,1.3,0.45,legacy,1,True,False,False,True,4,"a_volume,a_wick_le_q1,a_fvg,a_room",False,True,True,False,False,False,False,VOLUME,1,False,False,0.0,0.4028837998303669,,False,False,False,False,188260.77460694665,A,direct_under_threshold,0.0,1,186704.97599778548,A,2025-12,2025-12-04 16:00:00,2.927874907992753,up,False,True,a_room+a_vol_expansion+a_volume||up||long,2,3
BTC+ETH+SOL+XRP+DOGE+AVAX+LINK+BNB+ADA v19b norefine rpboost (9coins),orderbook_split_proxy,v19b_norefine_rpboost_9coins,1.0,3.0,capFixed,BNBUSDT,2025-12-03 20:00:00+00:00,2025-12-05 20:00:00+00:00,short,922.55,922.55,0.0,922.55,950.3445714285715,82.222441003527,75854.31294780383,75854.31294780383,0.012,0.012,2285.337509504041,27.794571428571544,1.2584844047141721,2876.061615219162,time_exit_non_runner,time_exit_non_runner,12,10.25,A,2,tier_d_skip,D,1.0,0,0,0.3615743829219441,base,False,False,True,False,False,True,False,False,False,False,True,False,False,False,True,False,0.0,922.55,931.6,engulf,10,1.3,0.45,legacy,1,True,True,False,False,4,"a_volume,a_score_ge13,a_fvg,a_room",False,True,True,False,False,False,False,VOLUME,1,False,False,0.0,1.8719482735580344,,False,False,False,False,190444.79245867007,A,direct_under_threshold,0.0,1,189581.03761300465,A,2025-12,2025-12-03 16:00:00,1.5356800657870806,up,False,True,a_room+a_score_ge13+a_trend_counter||up||short,2,3
BTC+ETH+SOL+XRP+DOGE+AVAX+LINK+BNB+ADA v19b norefine rpboost (9coins),orderbook_split_proxy,v19b_norefine_rpboost_9coins,1.0,3.0,capFixed,ETHUSDT,2025-12-03 20:00:00+00:00,2025-12-05 20:00:00+00:00,short,3161.86,3161.86,0.0,3161.86,3442.200171428571,10.190019761787559,32219.41588400561,32219.41588400561,0.015,0.015,2856.6718868800504,280.340171428571,0.49364627015383233,1410.1854220116472,time_exit_non_runner,time_exit_non_runner,12,10.25,A,2,tier_d_skip,D,1.0,0,0,0.4098381493093795,base,False,False,True,False,False,True,False,False,False,False,True,False,False,False,True,False,0.0,3161.86,3177.07,engulf,10,1.3,0.45,legacy,1,True,True,False,False,4,"a_volume,a_score_ge13,a_fvg,a_room",False,True,True,True,False,False,False,SWEEP+VOLUME,2,False,False,0.0,0.6558460710895533,,False,False,False,False,190444.79245867007,A,direct_under_threshold,0.0,1,190991.2230350163,A,2025-12,2025-12-03 16:00:00,1.5356800657870806,up,False,True,a_room+a_score_ge13+a_trend_counter||up||short,2,3
BTC+ETH+SOL+XRP+DOGE+AVAX+LINK+BNB+ADA v19b norefine rpboost (9coins),orderbook_split_proxy,v19b_norefine_rpboost_9coins,1.0,3.0,capFixed,ADAUSDT,2025-12-05 16:00:00+00:00,2025-12-05 20:00:00+00:00,long,0.4199,0.4199,0.0,0.41995354919771205,0.41720357142857145,553932.6440199255,232625.9798726405,232596.3172239667,0.008,0.008,1523.3024566560684,0.002749977769140599,-1.1522116160393372,-1755.166785300381,loss,stop,1,8.5,B,1,tier_d_skip,D,1.0,0,0,0.2648221343873507,base,False,False,False,False,False,False,True,False,False,False,False,True,False,True,False,False,0.0,0.4183,0.4199,engulf,10,1.3,0.45,legacy,1,True,True,False,False,4,"a_wick_le_q1,a_room",False,False,True,False,False,False,False,VOLUME,1,False,False,0.0,0.0,,False,False,False,False,186704.97599778548,A,orderbook_split_proxy,0.091,5,189236.0562497159,A,2025-12,2025-12-05 12:00:00,2.0854527746134033,up,True,True,a_fvg_absent+a_ob+a_room+a_trend_counter||up||long,1,4
BTC+ETH+SOL+XRP+DOGE+AVAX+LINK+BNB+ADA v19b norefine rpboost (9coins),orderbook_split_proxy,v19b_norefine_rpboost_9coins,1.0,3.0,capFixed,ADAUSDT,2025-12-08 16:00:00+00:00,2025-12-09 08:00:00+00:00,short,0.4393,0.4393,0.0,0.4393,0.4475011428571428,184594.8151822772,81092.50230957438,81092.50230957438,0.008,0.008,1513.8884499977273,0.008201142857142796,0.19655929487179447,297.56884624610717,win,stop,4,9.0,B,1,tier_d_skip,D,1.0,0,0,0.3666666666666638,base,False,False,False,False,False,False,False,False,False,False,False,True,False,True,False,False,0.0,0.4393,0.4413,engulf,10,1.3,0.45,legacy,1,True,True,True,False,4,a_room,False,False,False,True,False,False,False,SWEEP,1,False,False,0.0,1.9509476031215325,,False,False,False,False,189236.0562497159,A,direct_under_threshold,0.0,1,189533.62509596202,A,2025-12,2025-12-08 12:00:00,-0.6422422604078083,range,True,True,a_fvg_absent+a_ob+a_room+a_trend_counter||range||short,1,4
BTC+ETH+SOL+XRP+DOGE+AVAX+LINK+BNB+ADA v19b norefine rpboost (9coins),orderbook_split_proxy,v19b_norefine_rpboost_9coins,1.0,3.0,capFixed,BNBUSDT,2025-12-08 12:00:00+00:00,2025-12-09 16:00:00+00:00,short,909.51,909.51,0.0,909.51,923.9126285714286,157.66793288701334,143400.5616400675,143400.5616400675,0.012,0.012,2270.832674996591,14.402628571428636,0.18697611051157356,424.5914611934548,win,stop,7,8.5,B,1,rp_boost_rp1_x1.5,C,1.0,1,1,0.377656675749328,base,False,False,True,False,False,False,False,True,False,False,False,True,False,True,False,False,0.0,909.51,922.95,engulf,10,1.3,0.45,legacy,1,True,True,True,False,5,"a_volume,a_pre_total_ge1,a_room",False,True,True,True,False,False,False,SWEEP+VOLUME,2,False,False,0.0,1.9225657221300747,,False,False,False,False,189236.0562497159,A,direct_under_threshold,0.0,1,189958.21655715548,A,2025-12,2025-12-08 08:00:00,-0.8088824054264173,range,True,True,a_fvg_absent+a_ob+a_room+a_trend_counter||range||short,1,4
BTC+ETH+SOL+XRP+DOGE+AVAX+LINK+BNB+ADA v19b norefine rpboost (9coins),orderbook_split_proxy,v19b_norefine_rpboost_9coins,1.0,3.0,capFixed,ETHUSDT,2025-12-09 12:00:00+00:00,2025-12-09 16:00:00+00:00,short,3203.48,3203.48,0.0,3203.48,3264.194228571429,46.82599850700067,150006.1496972065,150006.1496972065,0.015,0.015,2843.0043764394304,60.714228571428976,-1.0532632496595287,-2994.4320283248567,loss,stop,1,8.5,B,1,rp_boost_rp1_x1.5,B,1.0,0,0,0.1555746946445354,base,False,False,True,False,False,False,True,False,False,False,False,True,False,True,False,False,0.0,3203.48,3258.51,engulf,10,1.3,0.45,legacy,1,True,False,True,False,5,"a_volume,a_wick_le_q1,a_room",False,True,True,False,False,False,False,VOLUME,1,False,False,0.0,0.0,,False,False,False,False,189533.62509596202,A,direct_under_threshold,0.0,1,186963.7845288306,A,2025-12,2025-12-09 08:00:00,0.1937975571841117,range,True,True,a_fvg_absent+a_ob+a_room+a_trend_counter||range||short,1,4
BTC+ETH+SOL+XRP+DOGE+AVAX+LINK+BNB+ADA v19b norefine rpboost (9coins),orderbook_split_proxy,v19b_norefine_rpboost_9coins,1.0,3.0,capFixed,ADAUSDT,2025-12-10 16:00:00+00:00,2025-12-11 00:00:00+00:00,long,0.4578,0.4578,0.0,0.4578,0.43474,64861.677199941325,29693.675822133137,29693.675822133137,0.008,0.008,1495.710276230645,0.02305999999999997,-1.0193525585429315,-1524.6560969146628,loss,stop,2,8.75,B,2,tier_d_skip,D,1.0,0,0,0.25355450236967014,base,False,False,True,False,False,False,True,False,False,False,True,False,False,False,True,False,0.0,0.444,0.4578,engulf,10,1.3,0.45,legacy,1,True,True,False,True,4,"a_volume,a_wick_le_q1,a_fvg,a_room",False,True,True,False,False,False,False,VOLUME,1,False,False,0.0,0.7241977450130102,,False,False,False,False,186963.7845288306,A,direct_under_threshold,0.0,1,185439.12843191595,A,2025-12,2025-12-10 12:00:00,1.4169979976199052,up,False,True,a_room+a_vol_expansion+a_volume||up||long,2,3
BTC+ETH+SOL+XRP+DOGE+AVAX+LINK+BNB+ADA v19b norefine rpboost (9coins),orderbook_split_proxy,v19b_norefine_rpboost_9coins,1.0,3.0,capFixed,ETHUSDT,2025-12-10 20:00:00+00:00,2025-12-11 00:00:00+00:00,long,3338.63,3338.63,0.0,3338.63,3183.0746285714285,18.028671991055088,60191.06516949625,60191.06516949625,0.015,0.015,2804.456767932459,155.55537142857156,-1.020962646833337,-2863.245604717989,loss,stop,1,7.75,B,2,rp_pass_rp2,A,1.0,4,0,0.4467137592137603,base,False,False,True,True,False,False,False,True,False,False,True,False,False,False,True,True,0.2728918388897293,3272.34,3338.63,engulf,10,1.3,0.45,legacy,1,False,True,False,True,3,"a_volume,a_pre_total_ge4,a_pre_total_ge1,a_fvg",False,True,True,False,False,False,False,VOLUME,1,False,True,0.2728918388897293,0.0,,False,False,False,False,186963.7845288306,A,direct_under_threshold,0.0,1,182575.88282719796,A,2025-12,2025-12-10 16:00:00,1.5741332990787016,up,False,True,a_trend_counter+a_vol_expansion+a_volume||up||long,1,3
BTC+ETH+SOL+XRP+DOGE+AVAX+LINK+BNB+ADA v19b norefine rpboost (9coins),orderbook_split_proxy,v19b_norefine_rpboost_9coins,1.0,3.0,capFixed,DOGEUSDT,2025-12-11 00:00:00+00:00,2025-12-11 04:00:00+00:00,long,0.14208,0.14208,0.0,0.14208,0.13940982857142856,547008.7227317125,77718.99932572171,77718.99932572171,0.008,0.008,1460.6070626175838,0.002670171428571455,-1.0527100667693883,-1537.5957584119967,loss,stop,1,8.5,B,1,tier_d_skip,D,1.0,0,0,0.29963898916967396,base,False,False,True,False,False,False,True,False,False,False,False,True,False,True,False,False,0.0,0.1397,0.14208,engulf,10,1.3,0.45,legacy,1,True,False,False,False,5,"a_volume,a_wick_le_q1,a_room",False,True,False,False,False,False,False,none,0,False,False,0.0,0.0,,False,False,False,False,182575.88282719796,A,direct_under_threshold,0.0,1,181038.28706878595,A,2025-12,2025-12-10 20:00:00,1.6420566304755488,up,True,True,a_fvg_absent+a_ob+a_room+a_trend_counter||up||long,2,4
BTC+ETH+SOL+XRP+DOGE+AVAX+LINK+BNB+ADA v19b norefine rpboost (9coins),orderbook_split_proxy,v19b_norefine_rpboost_9coins,1.0,3.0,capFixed,LINKUSDT,2025-12-11 00:00:00+00:00,2025-12-11 04:00:00+00:00,long,14.017,14.017,0.0,14.017,13.755765714285713,5591.17674245509,78371.52439899299,78371.52439899299,0.008,0.008,1460.6070626175838,0.261234285714286,-1.0531568159944003,-1538.248283485268,loss,stop,1,9.25,B,2,rp_pass_rp2,A,1.0,3,3,0.2627789776817854,base,False,False,True,True,True,False,True,True,False,False,True,False,False,False,True,True,0.026315789473685236,13.789,14.017,engulf,10,1.3,0.45,legacy,1,True,False,False,True,4,"a_volume,a_pre_total_ge4,a_sweep_count_2_4,a_wick_le_q1,a_pre_total_ge1,a_fvg,a_room",False,True,True,False,False,False,False,VOLUME,1,False,True,0.026315789473685236,0.0,,False,False,False,False,182575.88282719796,A,direct_under_threshold,0.0,1,179500.03878530068,A,2025-12,2025-12-10 20:00:00,1.6420566304755488,up,False,True,a_room+a_vol_expansion+a_volume||up||long,2,3
BTC+ETH+SOL+XRP+DOGE+AVAX+LINK+BNB+ADA v19b norefine rpboost (9coins),orderbook_split_proxy,v19b_norefine_rpboost_9coins,1.0,3.0,capFixed,AVAXUSDT,2025-12-11 00:00:00+00:00,2025-12-12 12:00:00+00:00,long,13.536,13.536,0.0,13.536,12.840234285714287,2361.6900225267727,31967.836144922396,31967.836144922396,0.009,0.009,1643.1829454447816,0.695765714285713,-1.0189548246946838,-1674.3291901169816,loss,stop,9,8.75,B,2,tier_d_skip,D,1.0,0,0,0.2750000000000011,base,False,False,True,False,False,False,True,False,False,False,True,False,False,False,True,False,0.0,13.117,13.536,engulf,10,1.3,0.45,legacy,1,True,False,False,True,4,"a_volume,a_wick_le_q1,a_fvg,a_room",False,True,True,False,False,False,False,VOLUME,1,False,False,0.0,0.35787908902011495,,False,False,False,False,182575.88282719796,A,direct_under_threshold,0.0,1,177825.7095951837,A,2025-12,2025-12-10 20:00:00,1.6420566304755488,up,False,True,a_room+a_vol_expansion+a_volume||up||long,2,3
BTC+ETH+SOL+XRP+DOGE+AVAX+LINK+BNB+ADA v19b norefine rpboost (9coins),orderbook_split_proxy,v19b_norefine_rpboost_9coins,1.0,3.0,capFixed,SOLUSDT,2025-12-16 20:00:00+00:00,2025-12-18 12:00:00+00:00,short,128.57,128.57,0.0,128.57,135.66914285714287,250.4889860277462,32205.368933587328,32205.368933587328,0.01,0.01,1778.257095951837,7.09914285714288,0.2320143629009539,412.5811871913659,win,stop,10,13.0,S,3,rp_pass_rp3,A,1.0,2,1,0.32233502538071307,base,False,False,True,False,False,True,True,True,True,True,False,True,False,True,False,False,0.0,128.57,129.69,engulf,10,1.3,0.45,legacy,1,True,False,False,False,6,"a_volume,a_score_ge13,a_wick_le_q1,a_pre_total_ge1,a_trend_align,a_mss,a_room",False,True,True,False,False,False,False,VOLUME,1,False,False,0.0,1.0325190163802436,,False,False,False,False,177825.7095951837,A,direct_under_threshold,0.0,1,178238.29078237506,A,2025-12,2025-12-16 16:00:00,-2.2072085657821523,down,True,False,a_fvg_absent+a_mss+a_ob+a_room+a_score_ge13+a_volume||down||short,3,6
BTC+ETH+SOL+XRP+DOGE+AVAX+LINK+BNB+ADA v19b norefine rpboost (9coins),orderbook_split_proxy,v19b_norefine_rpboost_9coins,1.0,3.0,capFixed,ETHUSDT,2025-12-18 08:00:00+00:00,2025-12-20 08:00:00+00:00,short,2877.73,2877.73,0.0,2877.73,3034.813142857143,16.980724955023177,48865.94162481885,48865.94162481885,0.015,0.015,2667.385643927755,157.08314285714278,-0.7077898555996737,-1887.9484997442685,time_exit_non_runner,time_exit_non_runner,12,12.25,S,4,rp_pass_rp4,B,1.0,0,0,0.1843678160919536,base,False,False,True,False,False,True,True,False,True,True,True,False,False,False,True,True,0.10374891020051873,2836.61,2882.49,engulf,10,1.3,0.45,legacy,1,True,True,False,False,4,"a_volume,a_score_ge13,a_wick_le_q1,a_trend_align,a_mss,a_fvg,a_room",False,True,False,True,False,False,False,SWEEP,1,False,True,0.10374891020051873,0.6669079704833308,,False,False,False,False,177825.7095951837,A,direct_under_threshold,0.0,1,176350.3422826308,A,2025-12,2025-12-18 04:00:00,-1.2372212520684533,down,False,False,a_mss+a_room+a_volume||down||short,1,3
BTC+ETH+SOL+XRP+DOGE+AVAX+LINK+BNB+ADA v19b norefine rpboost (9coins),orderbook_split_proxy,v19b_norefine_rpboost_9coins,1.0,3.0,capFixed,ADAUSDT,2025-12-18 12:00:00+00:00,2025-12-20 12:00:00+00:00,short,0.3719,0.3719,0.0,0.3719,0.40073085714285717,49457.645993444516,18393.298544962017,18393.298544962017,0.008,0.008,1425.9063262590005,0.028830857142857158,-0.20376258572164754,-290.5463600353891,time_exit_non_runner,time_exit_non_runner,12,12.75,S,4,rp_pass_rp4,B,1.0,0,0,0.21854304635761834,base,False,False,True,False,False,True,True,False,True,True,True,False,False,False,True,False,0.0,0.3719,0.378,engulf,10,1.3,0.45,legacy,1,True,True,False,False,4,"a_volume,a_score_ge13,a_wick_le_q1,a_trend_align,a_mss,a_fvg,a_room",False,True,False,True,False,False,False,SWEEP,1,False,False,0.0,0.8879375272525468,,False,False,False,False,178238.29078237506,A,direct_under_threshold,0.0,1,176059.7959225954,A,2025-12,2025-12-18 08:00:00,-1.1545236601212774,down,False,False,a_mss+a_room+a_volume||down||short,1,3
BTC+ETH+SOL+XRP+DOGE+AVAX+LINK+BNB+ADA v19b norefine rpboost (9coins),orderbook_split_proxy,v19b_norefine_rpboost_9coins,1.0,3.0,capFixed,DOGEUSDT,2025-12-18 12:00:00+00:00,2025-12-21 20:00:00+00:00,short,0.12777,0.12777,0.0,0.12777,0.13650571428571429,163227.21641558458,20855.541441419242,20855.541441419242,0.008,0.008,1425.9063262590005,0.008735714285714291,-0.3902840556009816,-556.5085039194591,time_exit_non_runner,time_exit_non_runner,20,12.75,S,4,rp_pass_rp4,B,1.0,0,0,0.22287968441814632,expansion,True,False,True,False,False,True,True,False,True,True,True,False,False,False,True,False,0.0,0.12777,0.1293,engulf,10,1.3,0.45,legacy,1,True,True,False,False,4,"a_volume,a_score_ge13,a_wick_le_q1,a_trend_align,a_mss,a_fvg,a_room",False,True,False,True,False,False,False,SWEEP,1,False,False,0.0,0.9066230580539647,,False,False,False,False,178238.29078237506,A,direct_under_threshold,0.0,1,175503.28741867593,A,2025-12,2025-12-18 08:00:00,-1.1545236601212774,down,False,False,a_mss+a_room+a_volume||down||short,1,3
BTC+ETH+SOL+XRP+DOGE+AVAX+LINK+BNB+ADA v19b norefine rpboost (9coins),orderbook_split_proxy,v19b_norefine_rpboost_9coins,1.0,3.0,capFixed,LINKUSDT,2025-12-23 08:00:00+00:00,2025-12-25 08:00:00+00:00,short,12.369,12.369,0.0,12.369,13.197308571428572,1695.0522399253985,20966.101155637254,20966.101155637254,0.008,0.008,1404.0262993494075,0.8283085714285718,0.20731766629413373,291.079455796708,time_exit_non_runner,time_exit_non_runner,12,12.25,S,4,tier_d_skip,D,1.0,0,0,0.28675136116152666,base,False,False,True,False,False,True,True,False,True,True,True,False,False,False,True,False,0.0,12.369,12.463,engulf,10,1.3,0.45,legacy,1,True,False,True,False,4,"a_volume,a_score_ge13,a_wick_le_q1,a_trend_align,a_mss,a_fvg,a_room",False,True,False,True,False,False,False,SWEEP,1,False,False,0.0,0.45635167018502415,,False,False,False,False,175503.28741867593,A,direct_under_threshold,0.0,1,175794.36687447265,A,2025-12,2025-12-23 04:00:00,0.7199726164617279,range,False,False,a_room+a_score_ge13+a_volume||range||short,1,3
BTC+ETH+SOL+XRP+DOGE+AVAX+LINK+BNB+ADA v19b norefine rpboost (9coins),orderbook_split_proxy,v19b_norefine_rpboost_9coins,1.0,3.0,capFixed,AVAXUSDT,2025-12-24 04:00:00+00:00,2025-12-26 00:00:00+00:00,short,12.112,12.112,0.0,12.112,12.565491428571427,3483.041767170469,42186.601883968724,42186.601883968724,0.009,0.009,1579.5295867680832,0.4534914285714269,-1.0272083328083064,-1622.5059534454358,loss,stop,11,10.0,A,2,rp_pass_rp2,C,1.0,1,0,0.4007989347536604,expansion,True,False,True,False,False,True,False,True,True,False,False,True,False,True,False,True,0.6129032258064617,12.112,12.174,engulf,10,1.3,0.45,legacy,1,True,False,True,False,5,"a_volume,a_score_ge13,a_pre_total_ge1,a_trend_align,a_room",False,True,False,False,False,False,False,none,0,False,True,0.6129032258064617,0.5204067489068972,,False,False,False,False,175503.28741867593,A,direct_under_threshold,0.0,1,174171.8609210272,A,2025-12,2025-12-24 00:00:00,-0.2837273907569457,range,True,False,a_room+a_score_ge13+a_volume||range||short,1,3
BTC+ETH+SOL+XRP+DOGE+AVAX+LINK+BNB+ADA v19b norefine rpboost (9coins),orderbook_split_proxy,v19b_norefine_rpboost_9coins,1.0,3.0,capFixed,DOGEUSDT,2025-12-23 16:00:00+00:00,2025-12-27 00:00:00+00:00,short,0.13043,0.13043,0.0,0.13043,0.13438365714285713,355120.9041699495,46318.41953088652,46318.41953088652,0.008,0.008,1404.0262993494075,0.003953657142857142,1.6908703879952,2374.0264935363975,time_exit_non_runner,time_exit_non_runner,20,11.0,A,2,rp_pass_rp2,C,1.0,3,1,0.31645569620253083,expansion,True,False,True,True,False,True,True,True,True,False,False,False,False,True,False,True,0.2923076923077232,0.1304,0.13105,engulf,10,1.3,0.45,legacy,1,True,False,True,False,4,"a_volume,a_pre_total_ge4,a_score_ge13,a_wick_le_q1,a_pre_total_ge1,a_trend_align,a_room",False,True,True,False,False,False,False,VOLUME,1,False,True,0.2923076923077232,2.506540056945466,,False,False,False,False,175503.28741867593,A,direct_under_threshold,0.0,1,176545.8874145636,A,2025-12,2025-12-23 12:00:00,0.529975175377184,range,True,False,a_room+a_score_ge13+a_volume||range||short,1,3
BTC+ETH+SOL+XRP+DOGE+AVAX+LINK+BNB+ADA v19b norefine rpboost (9coins),orderbook_split_proxy,v19b_norefine_rpboost_9coins,1.0,3.0,capFixed,AVAXUSDT,2025-12-27 00:00:00+00:00,2025-12-27 08:00:00+00:00,short,12.408,12.408,0.0,12.402293156536388,12.467785714285714,26576.80025595559,329613.2679370726,329764.93757589697,0.009,0.009,1740.5826255554896,0.06549255774932661,-1.1898695036924087,-2071.06618480534,loss,stop,2,10.5,A,2,rp_pass_rp2,B,1.0,1,0,0.17910447761194,expansion,True,False,True,False,False,True,True,True,True,False,False,True,False,True,False,True,0.531914893617022,12.408,12.455,engulf,10,1.3,0.45,legacy,1,True,False,True,False,5,"a_volume,a_score_ge13,a_wick_le_q1,a_pre_total_ge1,a_trend_align,a_room",False,True,True,True,False,False,False,SWEEP+VOLUME,2,False,True,0.531914893617022,0.32512330054182914,,False,False,False,False,176545.8874145636,A,orderbook_split_proxy,0.09800000000000002,5,174474.82122975826,A,2025-12,2025-12-26 20:00:00,-0.0667981957928971,range,True,False,a_room+a_score_ge13+a_volume||range||short,1,3
BTC+ETH+SOL+XRP+DOGE+AVAX+LINK+BNB+ADA v19b norefine rpboost (9coins),orderbook_split_proxy,v19b_norefine_rpboost_9coins,1.0,3.0,capFixed,SOLUSDT,2025-12-27 00:00:00+00:00,2025-12-27 20:00:00+00:00,short,122.66,122.66,0.0,122.66,124.59262857142858,913.5013836831698,112050.0797225776,112050.0797225776,0.01,0.01,1765.458874145636,1.9326285714285802,-1.0639679636911976,-1878.3916833052865,loss,stop,5,11.0,A,2,rp_pass_rp2,C,1.0,1,0,0.3113207547169787,expansion,True,False,True,False,False,True,True,True,True,False,False,True,False,True,False,True,1.0,122.66,123.8,engulf,10,1.3,0.45,legacy,1,True,False,True,False,5,"a_volume,a_score_ge13,a_wick_le_q1,a_pre_total_ge1,a_trend_align,a_room",False,True,True,True,False,False,False,SWEEP+VOLUME,2,False,True,1.0,0.10866029981372147,,False,False,False,False,176545.8874145636,A,direct_under_threshold,0.0,1,172596.42954645297,A,2025-12,2025-12-26 20:00:00,-0.0667981957928971,range,True,False,a_room+a_score_ge13+a_volume||range||short,1,3
BTC+ETH+SOL+XRP+DOGE+AVAX+LINK+BNB+ADA v19b norefine rpboost (9coins),orderbook_split_proxy,v19b_norefine_rpboost_9coins,1.0,3.0,capFixed,BTCUSDT,2025-12-29 00:00:00+00:00,2025-12-29 04:00:00+00:00,short,88433.0,88433.0,0.0,88433.0,88698.299,5.855159144655942,517789.2886393589,517789.2886393589,0.022,0.022,1553.3678659180712,265.29899999999907,-1.3338333333333345,-2071.933838490389,loss,stop,1,10.5,A,2,tier_d_skip,D,1.0,0,0,0.40360516676304126,expansion,True,False,True,False,False,True,False,False,True,False,False,True,False,True,False,False,0.0,88433.0,88507.5,engulf,10,1.3,0.45,legacy,1,True,False,True,False,5,"a_volume,a_score_ge13,a_trend_align,a_room",False,True,True,True,False,False,False,SWEEP+VOLUME,2,False,False,0.0,0.0,,False,False,False,False,172596.42954645297,A,direct_under_threshold,0.0,1,170524.49570796257,A,2025-12,2025-12-28 20:00:00,0.026521624992976865,range,True,False,a_room+a_score_ge13+a_volume||range||short,1,3
BTC+ETH+SOL+XRP+DOGE+AVAX+LINK+BNB+ADA v19b norefine rpboost (9coins),orderbook_split_proxy,v19b_norefine_rpboost_9coins,1.0,3.0,capFixed,AVAXUSDT,2025-12-31 20:00:00+00:00,2026-01-01 00:00:00+00:00,short,12.33,12.33,0.0,12.322853411094071,12.37417857142857,34739.02418626293,428083.90269176965,428332.1682166219,0.009,0.009,1782.9859862240091,0.05132516033449974,0.010031187710223358,17.885467112510753,win,stop,1,9.0,B,1,tier_d_skip,D,1.0,0,0,0.30353430353430155,base,False,False,True,False,False,False,True,False,False,False,False,True,False,True,False,False,0.0,12.33,12.348,engulf,10,1.3,0.45,legacy,1,True,False,False,False,5,"a_volume,a_wick_le_q1,a_room",False,True,True,False,False,False,False,VOLUME,1,False,False,0.0,1.0882267240873686,,False,False,False,False,170524.49570796257,A,orderbook_split_proxy,0.09800000000000002,5,170542.38117507508,A,2026-01,2025-12-31 16:00:00,0.3371308138595078,range,True,True,a_fvg_absent+a_ob+a_room+a_trend_counter||range||short,1,4
BTC+ETH+SOL+XRP+DOGE+AVAX+LINK+BNB+ADA v19b norefine rpboost (9coins),orderbook_split_proxy,v19b_norefine_rpboost_9coins,1.0,3.0,capFixed,SOLUSDT,2026-01-01 08:00:00+00:00,2026-01-01 16:00:00+00:00,short,124.77,124.77,0.0,124.7375935494904,125.29497142857143,3248.603102823323,405222.93344358896,405328.209139266,0.01,0.01,1810.6995074277197,0.5573778790810309,-1.2242935846236844,-2216.8277906250228,loss,stop,2,8.5,B,1,rp_boost_rp1_x1.5,A,1.0,4,0,0.43389830508474575,base,False,False,True,True,False,False,False,True,False,False,False,True,False,True,False,True,0.30434782608696903,124.48,125.17,engulf,10,1.3,0.45,legacy,1,True,False,False,False,5,"a_volume,a_pre_total_ge4,a_pre_total_ge1,a_room",False,True,False,True,False,False,False,SWEEP,1,False,True,0.30434782608696903,0.9645046379966596,,False,False,False,False,170542.38117507508,A,orderbook_split_proxy,0.08399999999999998,5,168325.55338445006,A,2026-01,2026-01-01 04:00:00,0.16487355418263563,range,True,True,a_fvg_absent+a_ob+a_room+a_trend_counter||range||short,1,4
BTC+ETH+SOL+XRP+DOGE+AVAX+LINK+BNB+ADA v19b norefine rpboost (9coins),orderbook_split_proxy,v19b_norefine_rpboost_9coins,1.0,3.0,capFixed,XRPUSDT,2026-01-03 00:00:00+00:00,2026-01-03 04:00:00+00:00,short,2.0161,2.0161,0.0,2.0153222109643485,2.0239196428571424,172207.91942506423,347054.44492129085,347188.38635287195,0.008,0.008,1480.545858656736,0.008597431892793939,0.8661402092514954,1282.3602998233803,win,stop,1,8.0,B,1,rp_boost_rp1_x1.5,B,1.0,0,0,0.14468864468864487,base,False,False,True,False,False,False,True,False,False,False,False,True,False,True,False,False,0.0,2.0161,2.0197,engulf,10,1.3,0.45,legacy,1,True,True,False,False,5,"a_volume,a_wick_le_q1,a_room",False,True,False,True,False,False,False,SWEEP,1,False,False,0.0,3.712993759346265,,False,False,False,False,168325.55338445006,A,orderbook_split_proxy,0.091,5,169607.91368427343,A,2026-01,2026-01-02 20:00:00,0.6387187488957208,range,True,True,a_fvg_absent+a_ob+a_room+a_trend_counter||range||short,1,4
BTC+ETH+SOL+XRP+DOGE+AVAX+LINK+BNB+ADA v19b norefine rpboost (9coins),orderbook_split_proxy,v19b_norefine_rpboost_9coins,1.0,3.0,capFixed,BNBUSDT,2026-01-03 00:00:00+00:00,2026-01-05 00:00:00+00:00,long,878.16,878.16,0.0,878.16,855.5966857142857,89.52171720146129,78614.39117763525,78614.39117763525,0.012,0.012,2019.9066406134004,22.563314285714227,0.9528287438142352,1924.6251069976981,time_exit_non_runner,time_exit_non_runner,12,12.25,S,3,tier_d_skip,D,1.0,0,0,0.254676258992809,base,False,False,True,False,False,True,True,False,False,True,True,False,False,False,True,False,0.0,874.94,878.16,engulf,10,1.3,0.45,legacy,1,True,True,False,False,5,"a_volume,a_score_ge13,a_wick_le_q1,a_mss,a_fvg,a_room",False,True,True,False,False,False,False,VOLUME,1,False,False,0.0,1.306988841558235,,False,False,False,False,168325.55338445006,A,direct_under_threshold,0.0,1,171532.53879127113,A,2026-01,2026-01-02 20:00:00,0.6387187488957208,range,False,True,a_mss+a_room+a_score_ge13+a_trend_counter||range||long,1,4
BTC+ETH+SOL+XRP+DOGE+AVAX+LINK+BNB+ADA v19b norefine rpboost (9coins),orderbook_split_proxy,v19b_norefine_rpboost_9coins,1.0,3.0,capFixed,ADAUSDT,2026-01-03 08:00:00+00:00,2026-01-05 08:00:00+00:00,long,0.3838,0.3838,0.0,0.3838,0.3745554285714286,146774.06302261347,56331.88538807905,56331.88538807905,0.008,0.008,1356.8633094741874,0.00924457142857138,1.547699864012864,2100.0171595572447,time_exit_non_runner,time_exit_non_runner,12,8.75,B,2,tier_d_skip,D,1.0,0,0,0.3777777777777753,base,False,False,True,False,False,False,False,False,False,False,True,False,False,False,True,True,1.0,0.3775,0.3838,engulf,10,1.3,0.45,legacy,1,True,True,False,True,4,"a_volume,a_fvg,a_room",False,True,False,False,False,False,False,none,0,False,True,1.0,2.5961181851897797,,False,False,False,False,169607.91368427343,A,direct_under_threshold,0.0,1,173632.55595082836,A,2026-01,2026-01-03 04:00:00,1.068805119132081,up,False,True,a_room+a_vol_expansion+a_volume||up||long,2,3
BTC+ETH+SOL+XRP+DOGE+AVAX+LINK+BNB+ADA v19b norefine rpboost (9coins),orderbook_split_proxy,v19b_norefine_rpboost_9coins,1.0,3.0,capFixed,LINKUSDT,2026-01-05 00:00:00+00:00,2026-01-05 08:00:00+00:00,short,13.695,13.695,0.0,13.688456733072524,13.746005714285715,26904.050449000253,368274.93051554036,368450.97089905845,0.008,0.008,1548.3006938482665,0.0575489812131913,1.7444168403603542,2700.8818042905373,win,stop,2,8.0,B,1,rp_boost_rp1_x1.5,B,1.0,0,0,0.05745062836624476,base,False,False,True,False,False,False,True,False,False,False,False,True,False,True,False,False,0.0,13.695,13.73,engulf,10,1.3,0.45,legacy,1,True,True,False,False,5,"a_volume,a_wick_le_q1,a_room",False,True,False,True,False,False,False,SWEEP,1,False,False,0.0,5.1340045791253575,4.543203503532981,True,True,True,True,171532.53879127113,A,orderbook_split_proxy,0.091,5,176333.4377551189,A,2026-01,2026-01-04 20:00:00,1.5877144116390158,up,True,True,a_fvg_absent+a_ob+a_room+a_trend_counter||up||short,1,4
BTC+ETH+SOL+XRP+DOGE+AVAX+LINK+BNB+ADA v19b norefine rpboost (9coins),orderbook_split_proxy,v19b_norefine_rpboost_9coins,1.0,3.0,capFixed,DOGEUSDT,2026-01-03 16:00:00+00:00,2026-01-05 16:00:00+00:00,long,0.14186,0.14186,0.0,0.14186,0.13444554285714286,183002.38079888895,25960.71774013039,25960.71774013039,0.008,0.008,1356.8633094741874,0.007414457142857156,1.2255971412992346,1662.9677932253828,time_exit_non_runner,time_exit_non_runner,12,8.0,B,2,tier_d_skip,D,1.0,0,0,0.26494845360824665,base,False,False,True,False,False,False,True,False,False,False,True,False,False,False,True,True,0.9500000000000208,0.14146,0.14186,engulf,10,1.3,0.45,legacy,1,False,True,False,True,3,"a_volume,a_wick_le_q1,a_fvg",False,True,True,False,False,False,False,VOLUME,1,False,True,0.9500000000000208,1.660269897420479,,False,False,False,False,169607.91368427343,A,direct_under_threshold,0.0,1,177996.40554834428,A,2026-01,2026-01-03 12:00:00,1.1791065797280242,up,False,True,a_trend_counter+a_vol_expansion+a_volume||up||long,1,3
BTC+ETH+SOL+XRP+DOGE+AVAX+LINK+BNB+ADA v19b norefine rpboost (9coins),orderbook_split_proxy,v19b_norefine_rpboost_9coins,1.0,3.0,capFixed,LINKUSDT,2026-01-06 04:00:00+00:00,2026-01-06 08:00:00+00:00,long,13.78,13.78,0.0,13.785096773118823,13.713446428571428,21395.86522287598,294944.07264195284,294835.02277123096,0.008,0.008,1533.0211151086912,0.07165034454739505,0.057480994636909234,88.11957849583129,win,stop,1,8.75,B,2,rp_pass_rp2,B,1.0,0,0,0.20610687022901122,base,False,False,True,False,False,False,True,False,False,False,True,False,False,False,True,True,1.0,13.776,13.78,engulf,10,1.3,0.45,legacy,1,False,True,False,True,3,"a_volume,a_wick_le_q1,a_fvg",False,True,True,False,False,False,False,VOLUME,1,False,True,1.0,1.6594927439954563,,False,False,False,False,177996.40554834428,A,orderbook_split_proxy,0.091,5,178084.5251268401,A,2026-01,2026-01-06 00:00:00,2.3846802116986168,up,False,True,a_trend_counter+a_vol_expansion+a_volume||up||long,1,3
BTC+ETH+SOL+XRP+DOGE+AVAX+LINK+BNB+ADA v19b norefine rpboost (9coins),orderbook_split_proxy,v19b_norefine_rpboost_9coins,1.0,3.0,capFixed,ADAUSDT,2026-01-06 08:00:00+00:00,2026-01-06 16:00:00+00:00,long,0.4185,0.4185,0.0,0.4185,0.40764285714285714,131220.17640925077,54915.643827271444,54915.643827271444,0.008,0.008,1424.6762010147208,0.010857142857142843,0.211328947368421,301.07532190128194,win,stop,2,8.75,B,2,rp_pass_rp2,B,1.0,1,0,0.20069204152249204,base,False,False,True,False,False,False,True,True,False,False,True,False,False,False,True,True,0.12371134020618356,0.4103,0.42,engulf,10,1.3,0.45,legacy,1,False,True,False,True,3,"a_volume,a_wick_le_q1,a_pre_total_ge1,a_fvg",False,True,False,False,False,False,False,none,0,False,True,0.12371134020618356,1.7315789473684269,,False,False,False,False,178084.5251268401,A,direct_under_threshold,0.0,1,178385.60044874137,A,2026-01,2026-01-06 04:00:00,2.384917649253054,up,False,True,a_trend_counter+a_vol_expansion+a_volume||up||long,1,3
BTC+ETH+SOL+XRP+DOGE+AVAX+LINK+BNB+ADA v19b norefine rpboost (9coins),orderbook_split_proxy,v19b_norefine_rpboost_9coins,1.0,3.0,capFixed,ETHUSDT,2026-01-06 16:00:00+00:00,2026-01-07 00:00:00+00:00,long,3221.36,3221.36,0.0,3221.36,3205.1888,165.46601407014217,533025.5990849932,533025.5990849932,0.015,0.015,2675.7840067311204,16.171200000000226,1.7605773798922784,4710.924795728339,win,stop,2,8.75,B,3,rp_pass_rp3,B,1.0,2,0,0.22537988632408745,base,False,False,True,False,False,False,True,True,True,False,True,False,False,False,True,True,0.10116638895501019,3208.99,3251.0,engulf,10,1.3,0.45,legacy,1,True,True,False,True,3,"a_volume,a_wick_le_q1,a_pre_total_ge1,a_trend_align,a_fvg,a_room",False,True,True,False,False,False,False,VOLUME,1,False,True,0.10116638895501019,4.964381121994572,4.602626892252819,False,False,False,False,178385.60044874137,A,direct_under_threshold,0.0,1,183096.52524446973,A,2026-01,2026-01-06 12:00:00,2.483967638262168,up,False,False,a_room+a_vol_expansion+a_volume||up||long,1,3
BTC+ETH+SOL+XRP+DOGE+AVAX+LINK+BNB+ADA v19b norefine rpboost (9coins),orderbook_split_proxy,v19b_norefine_rpboost_9coins,1.0,3.0,capFixed,BNBUSDT,2026-01-06 16:00:00+00:00,2026-01-07 12:00:00+00:00,long,911.38,911.38,0.0,911.38,899.1644571428571,175.23799232002185,159708.4014406215,159708.4014406215,0.012,0.012,2140.6272053848966,12.21554285714285,-1.074108227457291,-2299.2652932228257,loss,stop,5,9.25,B,3,rp_pass_rp3,S,1.0,10,6,0.1607445008460259,base,False,False,True,True,True,False,True,True,True,False,True,False,False,False,True,True,0.12754065040650392,899.94,919.62,engulf,10,1.3,0.45,legacy,1,True,True,False,True,3,"a_volume,a_pre_total_ge4,a_sweep_count_2_4,a_wick_le_q1,a_pre_total_ge1,a_trend_align,a_fvg,a_room",False,True,True,False,False,False,False,VOLUME,1,False,True,0.12754065040650392,0.7850653967778786,,False,False,False,False,178385.60044874137,A,direct_under_threshold,0.0,1,180797.2599512469,A,2026-01,2026-01-06 12:00:00,2.483967638262168,up,False,False,a_room+a_vol_expansion+a_volume||up||long,1,3
BTC+ETH+SOL+XRP+DOGE+AVAX+LINK+BNB+ADA v19b norefine rpboost (9coins),orderbook_split_proxy,v19b_norefine_rpboost_9coins,1.0,3.0,capFixed,XRPUSDT,2026-01-06 16:00:00+00:00,2026-01-07 12:00:00+00:00,long,2.2141,2.2141,0.0,2.2141,2.150743428571429,22524.653266612404,49871.83479760653,49871.83479760653,0.008,0.008,1427.084803589931,0.06335657142857132,0.21492834884643824,306.72098049942747,win,stop,5,9.25,B,3,rp_pass_rp3,B,1.0,0,0,0.18051771117166018,base,False,False,True,False,False,False,True,False,True,False,True,False,False,False,True,False,0.0,2.1824,2.2141,engulf,10,1.3,0.45,legacy,1,True,True,False,True,3,"a_volume,a_wick_le_q1,a_trend_align,a_fvg,a_room",False,True,False,False,False,False,False,none,0,False,False,0.0,1.6604433861861234,,False,False,False,False,178385.60044874137,A,direct_under_threshold,0.0,1,181103.98093174634,A,2026-01,2026-01-06 12:00:00,2.483967638262168,up,False,False,a_room+a_vol_expansion+a_volume||up||long,1,3
BTC+ETH+SOL+XRP+DOGE+AVAX+LINK+BNB+ADA v19b norefine rpboost (9coins),orderbook_split_proxy,v19b_norefine_rpboost_9coins,1.0,3.0,capFixed,SOLUSDT,2026-01-06 04:00:00+00:00,2026-01-08 04:00:00+00:00,long,136.08,136.08,0.0,136.08,125.54480000000001,168.9539881049664,22991.25870132383,22991.25870132383,0.01,0.01,1779.9640554834427,10.535200000000003,-0.038532253777812484,-68.58602670127232,time_exit_non_runner,time_exit_non_runner,12,8.75,B,2,rp_pass_rp2,B,1.0,3,1,0.07726597325408749,base,False,False,True,True,False,False,True,True,False,False,True,False,False,False,True,True,0.08548009367681719,128.78,137.32,engulf,10,1.3,0.45,legacy,1,True,True,False,True,4,"a_volume,a_pre_total_ge4,a_wick_le_q1,a_pre_total_ge1,a_fvg,a_room",False,True,True,False,False,False,False,VOLUME,1,False,True,0.08548009367681719,0.6995595717214645,,False,False,False,False,177996.40554834428,A,direct_under_threshold,0.0,1,181035.39490504508,A,2026-01,2026-01-06 00:00:00,2.3846802116986168,up,False,True,a_room+a_vol_expansion+a_volume||up||long,2,3
BTC+ETH+SOL+XRP+DOGE+AVAX+LINK+BNB+ADA v19b norefine rpboost (9coins),orderbook_split_proxy,v19b_norefine_rpboost_9coins,1.0,3.0,capFixed,BTCUSDT,2026-01-07 08:00:00+00:00,2026-01-08 04:00:00+00:00,long,91825.0,91825.0,0.0,91825.0,90347.96114285715,2.727161533969558,250421.60785675468,250421.60785675468,0.022,0.022,4028.1235553783335,1477.0388571428484,-1.0616683035323962,-4276.531101457399,loss,stop,5,7.75,B,3,rp_pass_rp3,B,1.0,0,0,0.1464423855356641,base,False,False,True,False,False,False,True,False,True,False,True,False,False,False,True,False,0.0,90445.6,91825.0,engulf,10,1.3,0.45,legacy,1,True,False,False,True,3,"a_volume,a_wick_le_q1,a_trend_align,a_fvg,a_room",False,True,False,True,False,False,False,SWEEP,1,False,False,0.0,0.2872639388924131,,False,False,False,False,183096.52524446973,A,direct_under_threshold,0.0,1,176758.86380358768,A,2026-01,2026-01-07 04:00:00,1.768489657085493,up,False,False,a_room+a_vol_expansion+a_volume||up||long,1,3
BTC+ETH+SOL+XRP+DOGE+AVAX+LINK+BNB+ADA v19b norefine rpboost (9coins),orderbook_split_proxy,v19b_norefine_rpboost_9coins,1.0,3.0,capFixed,LINKUSDT,2026-01-07 08:00:00+00:00,2026-01-08 04:00:00+00:00,long,13.649,13.649,0.0,13.649,13.15805142857143,2983.55527890333,40722.54600175155,40722.54600175155,0.008,0.008,1464.7722019557577,0.49094857142856974,-1.0273012826481682,-1504.7623618565315,loss,stop,5,8.75,B,3,rp_pass_rp3,B,1.0,1,0,0.0985603543743063,base,False,False,True,False,False,False,True,True,True,False,True,False,False,False,True,True,0.08169934640522386,13.353,13.659,engulf,10,1.3,0.45,legacy,1,True,False,False,True,3,"a_volume,a_wick_le_q1,a_pre_total_ge1,a_trend_align,a_fvg,a_room",False,True,False,False,False,False,False,none,0,False,True,0.08169934640522386,0.1548023651007977,,False,False,False,False,183096.52524446973,A,direct_under_threshold,0.0,1,175254.10144173115,A,2026-01,2026-01-07 04:00:00,1.768489657085493,up,False,False,a_room+a_vol_expansion+a_volume||up||long,1,3
BTC+ETH+SOL+XRP+DOGE+AVAX+LINK+BNB+ADA v19b norefine rpboost (9coins),orderbook_split_proxy,v19b_norefine_rpboost_9coins,1.0,3.0,capFixed,DOGEUSDT,2026-01-06 16:00:00+00:00,2026-01-08 16:00:00+00:00,long,0.14565,0.14565,0.0,0.14565,0.13204257142857143,104875.42125235705,15275.105105405804,15275.105105405804,0.008,0.008,1427.084803589931,0.013607428571428576,-0.29129236131524716,-415.69890223481667,time_exit_non_runner,time_exit_non_runner,12,8.75,B,3,rp_pass_rp3,B,1.0,0,0,0.2299829642248758,base,False,False,True,False,False,False,True,False,True,False,True,False,False,False,True,False,0.0,0.14084,0.14565,engulf,10,1.3,0.45,legacy,1,True,False,False,True,3,"a_volume,a_wick_le_q1,a_trend_align,a_fvg,a_room",False,True,True,False,False,False,False,VOLUME,1,False,False,0.0,0.6165749800529127,,False,False,False,False,178385.60044874137,A,direct_under_threshold,0.0,1,174838.40253949634,A,2026-01,2026-01-06 12:00:00,2.483967638262168,up,False,False,a_room+a_vol_expansion+a_volume||up||long,1,3
BTC+ETH+SOL+XRP+DOGE+AVAX+LINK+BNB+ADA v19b norefine rpboost (9coins),orderbook_split_proxy,v19b_norefine_rpboost_9coins,1.0,3.0,capFixed,AVAXUSDT,2026-01-12 16:00:00+00:00,2026-01-13 12:00:00+00:00,long,13.72,13.72,0.0,13.72,13.449485714285714,5816.867004641023,79807.41530367485,79807.41530367485,0.009,0.009,1573.545622855467,0.2705142857142864,0.5989567912970005,942.4858372249506,win,stop,5,12.0,A,2,rp_pass_rp2,C,1.0,1,0,0.23579201934703406,base,False,False,True,False,False,True,True,True,True,False,False,True,False,True,False,True,0.7500000000000048,13.638,13.73,engulf,10,1.3,0.45,legacy,1,True,False,True,False,5,"a_volume,a_score_ge13,a_wick_le_q1,a_pre_total_ge1,a_trend_align,a_room",False,True,True,True,False,False,False,SWEEP+VOLUME,2,False,True,0.7500000000000048,2.388043937473586,,False,False,False,False,174838.40253949634,A,direct_under_threshold,0.0,1,175780.8883767213,A,2026-01,2026-01-12 12:00:00,0.18779542965172522,range,True,False,a_fvg_absent+a_ob+a_score_ge13+a_volume||range||long,2,4
BTC+ETH+SOL+XRP+DOGE+AVAX+LINK+BNB+ADA v19b norefine rpboost (9coins),orderbook_split_proxy,v19b_norefine_rpboost_9coins,1.0,3.0,capFixed,BTCUSDT,2026-01-14 04:00:00+00:00,2026-01-14 12:00:00+00:00,long,95025.6,95025.6,0.0,95025.6,94477.59714285715,5.549479983606142,527342.6651301639,527342.6651301639,0.022,0.022,3041.130886673254,548.0028571428556,0.5762215245228122,1752.365075792274,win,stop,2,9.5,B,2,rp_pass_rp2,B,1.0,1,0,0.12303174431593157,expansion,True,False,True,False,False,False,True,True,True,False,False,True,False,True,False,True,0.8161778101657948,94577.6,95126.5,engulf,10,1.3,0.45,legacy,1,True,True,False,True,5,"a_volume,a_wick_le_q1,a_pre_total_ge1,a_trend_align,a_room",False,True,True,False,False,False,False,VOLUME,1,False,True,0.8161778101657948,3.7853817237657776,,False,False,False,False,175780.8883767213,A,direct_under_threshold,0.0,1,177533.25345251357,A,2026-01,2026-01-14 00:00:00,1.5377161203060394,up,True,False,a_fvg_absent+a_room+a_vol_expansion||up||long,3,3
BTC+ETH+SOL+XRP+DOGE+AVAX+LINK+BNB+ADA v19b norefine rpboost (9coins),orderbook_split_proxy,v19b_norefine_rpboost_9coins,1.0,3.0,capFixed,ETHUSDT,2026-01-14 04:00:00+00:00,2026-01-16 04:00:00+00:00,long,3313.35,3313.35,0.0,3313.35,3084.391942857143,11.51614124680338,38157.00660009598,38157.00660009598,0.015,0.015,2636.7133256508196,228.9580571428569,-0.03712800111112082,-97.8958952844707,time_exit_non_runner,time_exit_non_runner,12,7.75,B,3,rp_pass_rp3,B,1.0,0,0,0.14013943874155088,base,False,False,True,False,False,False,True,False,True,False,True,False,False,False,True,True,0.7750791974656788,3276.65,3324.0,engulf,10,1.3,0.45,legacy,1,True,True,False,True,3,"a_volume,a_wick_le_q1,a_trend_align,a_fvg,a_room",False,True,True,False,False,False,False,VOLUME,1,False,True,0.7750791974656788,0.3949194936764471,,False,False,False,False,175780.8883767213,A,direct_under_threshold,0.0,1,177435.3575572291,A,2026-01,2026-01-14 00:00:00,1.5377161203060394,up,False,False,a_room+a_vol_expansion+a_volume||up||long,1,3
BTC+ETH+SOL+XRP+DOGE+AVAX+LINK+BNB+ADA v19b norefine rpboost (9coins),orderbook_split_proxy,v19b_norefine_rpboost_9coins,1.0,3.0,capFixed,BNBUSDT,2026-01-14 08:00:00+00:00,2026-01-16 08:00:00+00:00,long,939.04,939.04,0.0,939.04,896.1426285714285,49.17249216616865,46174.93704371901,46174.93704371901,0.012,0.012,2109.3706605206557,42.89737142857143,-0.09877971211023145,-208.36302657999914,time_exit_non_runner,time_exit_non_runner,12,13.75,S,4,rp_pass_rp4,S,1.0,1,0,0.2015355086372376,base,False,False,True,False,False,True,True,True,True,True,True,False,False,False,True,True,0.6874466268146823,917.29,940.71,engulf,10,1.3,0.45,legacy,1,True,True,False,True,5,"a_volume,a_score_ge13,a_wick_le_q1,a_pre_total_ge1,a_trend_align,a_mss,a_fvg,a_room",False,True,True,False,False,False,False,VOLUME,1,False,True,0.6874466268146823,0.274142671412434,,False,False,False,False,175780.8883767213,A,direct_under_threshold,0.0,1,177226.9945306491,A,2026-01,2026-01-14 04:00:00,1.7604503781189786,up,False,False,a_room+a_score_ge13+a_vol_expansion+a_volume||up||long,3,4
BTC+ETH+SOL+XRP+DOGE+AVAX+LINK+BNB+ADA v19b norefine rpboost (9coins),orderbook_split_proxy,v19b_norefine_rpboost_9coins,1.0,3.0,capFixed,XRPUSDT,2026-01-15 16:00:00+00:00,2026-01-16 12:00:00+00:00,long,2.0526,2.0526,0.0,2.0526,2.031844571428571,68428.65338734526,140456.65394286488,140456.65394286488,0.008,0.008,1420.2660276201086,0.02075542857142887,0.15098039067232122,214.43231970870974,win,stop,5,9.0,B,2,tier_d_skip,D,1.0,0,0,0.3191763191763197,base,False,False,True,False,False,False,True,False,True,False,False,False,False,True,False,False,0.0,2.049,2.0526,engulf,10,1.3,0.45,legacy,1,True,False,False,False,3,"a_volume,a_wick_le_q1,a_trend_align,a_room",False,True,False,True,False,False,False,SWEEP,1,False,False,0.0,1.5803094543251768,,False,False,False,False,177533.25345251357,A,direct_under_threshold,0.0,1,177441.42685035782,A,2026-01,2026-01-15 12:00:00,3.3018668909043427,up,True,False,a_fvg_absent+a_room+a_volume||up||long,1,3
BTC+ETH+SOL+XRP+DOGE+AVAX+LINK+BNB+ADA v19b norefine rpboost (9coins),orderbook_split_proxy,v19b_norefine_rpboost_9coins,1.0,3.0,capFixed,ADAUSDT,2026-01-15 20:00:00+00:00,2026-01-16 12:00:00+00:00,long,0.3904,0.3904,0.0,0.3904,0.38428799999999996,232373.36839334003,90718.56302075996,90718.56302075996,0.008,0.008,1420.2660276201086,0.006112000000000062,-1.0633743455497378,-1510.2744576270586,loss,stop,4,7.75,B,3,tier_d_skip,D,1.0,0,0,0.39076923076923076,base,False,False,True,False,False,False,False,False,True,False,True,False,False,False,True,False,0.0,0.3852,0.3904,engulf,10,1.3,0.45,legacy,1,True,True,False,True,3,"a_volume,a_trend_align,a_fvg,a_room",False,True,True,True,False,False,False,SWEEP+VOLUME,2,False,False,0.0,0.638089005235589,,False,False,False,False,177533.25345251357,A,direct_under_threshold,0.0,1,175931.15239273076,A,2026-01,2026-01-15 16:00:00,3.1008033847392724,up,False,False,a_room+a_vol_expansion+a_volume||up||long,1,3
BTC+ETH+SOL+XRP+DOGE+AVAX+LINK+BNB+ADA v19b norefine rpboost (9coins),orderbook_split_proxy,v19b_norefine_rpboost_9coins,1.0,3.0,capFixed,BTCUSDT,2026-01-15 12:00:00+00:00,2026-01-17 12:00:00+00:00,long,96153.2,96153.2,0.0,96153.2,93222.57485714286,1.3327298393910252,128146.23879293312,128146.23879293312,0.022,0.022,3905.731575955298,2930.6251428571413,-0.2456953942932499,-959.6202595579333,time_exit_non_runner,time_exit_non_runner,12,9.25,B,3,rp_pass_rp3,B,1.0,1,1,0.19340890008396183,base,False,False,True,False,False,False,True,True,True,False,True,False,False,False,True,False,0.0,95119.9,96153.2,engulf,10,1.3,0.45,legacy,1,True,True,False,True,3,"a_volume,a_wick_le_q1,a_pre_total_ge1,a_trend_align,a_fvg,a_room",False,True,True,False,False,False,False,VOLUME,1,False,False,0.0,0.30519085737728824,,False,False,False,False,177533.25345251357,A,direct_under_threshold,0.0,1,174971.53213317282,A,2026-01,2026-01-15 08:00:00,3.3832612200565757,up,False,False,a_room+a_vol_expansion+a_volume||up||long,1,3
BTC+ETH+SOL+XRP+DOGE+AVAX+LINK+BNB+ADA v19b norefine rpboost (9coins),orderbook_split_proxy,v19b_norefine_rpboost_9coins,1.0,3.0,capFixed,SOLUSDT,2026-01-14 08:00:00+00:00,2026-01-17 16:00:00+00:00,long,143.76,143.76,0.0,143.76,137.2865142857143,271.5397795484558,39036.558707886004,39036.558707886004,0.01,0.01,1757.8088837672133,6.473485714285687,0.045728068781667484,80.38120554193327,time_exit_non_runner,time_exit_non_runner,20,8.75,B,3,rp_pass_rp3,C,1.0,1,0,0.28042959427207587,expansion,True,False,True,False,False,False,True,True,True,False,True,False,False,False,True,True,0.3343949044585887,142.6,143.856,engulf,10,1.3,0.45,legacy,1,True,False,False,True,3,"a_volume,a_wick_le_q1,a_pre_total_ge1,a_trend_align,a_fvg,a_room",False,True,True,False,False,False,False,VOLUME,1,False,True,0.3343949044585887,0.7167699450947214,,False,False,False,False,175780.8883767213,A,direct_under_threshold,0.0,1,175051.91333871474,A,2026-01,2026-01-14 04:00:00,1.7604503781189786,up,False,False,a_room+a_vol_expansion+a_volume||up||long,1,3
BTC+ETH+SOL+XRP+DOGE+AVAX+LINK+BNB+ADA v19b norefine rpboost (9coins),orderbook_split_proxy,v19b_norefine_rpboost_9coins,1.0,3.0,capFixed,LINKUSDT,2026-01-15 16:00:00+00:00,2026-01-17 16:00:00+00:00,long,13.889,13.889,0.0,13.889,12.993017142857143,1585.148662496854,22016.129773418805,22016.129773418805,0.008,0.008,1420.2660276201086,0.8959828571428563,-0.13374809467017862,-189.95787511897282,time_exit_non_runner,time_exit_non_runner,12,8.75,B,3,rp_pass_rp3,C,1.0,3,0,0.2634315424610039,base,False,False,True,True,False,False,True,True,True,False,True,False,False,False,True,True,0.04158415841583973,13.438,13.943,engulf,10,1.3,0.45,legacy,1,True,False,False,True,3,"a_volume,a_pre_total_ge4,a_wick_le_q1,a_pre_total_ge1,a_trend_align,a_fvg,a_room",False,True,True,False,False,False,False,VOLUME,1,False,True,0.04158415841583973,0.0011160927823887833,,False,False,False,False,177533.25345251357,A,direct_under_threshold,0.0,1,174861.95546359578,A,2026-01,2026-01-15 12:00:00,3.3018668909043427,up,False,False,a_room+a_vol_expansion+a_volume||up||long,1,3
BTC+ETH+SOL+XRP+DOGE+AVAX+LINK+BNB+ADA v19b norefine rpboost (9coins),orderbook_split_proxy,v19b_norefine_rpboost_9coins,1.0,3.0,capFixed,AVAXUSDT,2026-01-17 12:00:00+00:00,2026-01-19 04:00:00+00:00,short,13.86,13.86,0.0,13.86,14.38449142857143,3002.4204465795037,41613.54738959192,41613.54738959192,0.009,0.009,1574.7437891985553,0.5244914285714302,2.0878628826836283,3287.8491072042357,win,stop,10,10.25,A,2,tier_d_skip,D,1.0,0,0,0.24609374999999353,base,False,False,True,False,False,True,True,False,False,False,True,False,False,False,True,False,0.0,13.86,14.364,engulf,10,1.3,0.45,legacy,1,True,False,False,False,4,"a_volume,a_score_ge13,a_wick_le_q1,a_fvg,a_room",False,True,True,False,False,False,False,VOLUME,1,False,False,0.0,3.4852809796700903,2.5110038567973256,False,False,False,False,174971.53213317282,A,direct_under_threshold,0.0,1,178149.8045708,A,2026-01,2026-01-17 08:00:00,0.5097931588699878,range,False,True,a_room+a_score_ge13+a_volume||range||short,1,3
BTC+ETH+SOL+XRP+DOGE+AVAX+LINK+BNB+ADA v19b norefine rpboost (9coins),orderbook_split_proxy,v19b_norefine_rpboost_9coins,1.0,3.0,capFixed,ETHUSDT,2026-01-20 12:00:00+00:00,2026-01-21 12:00:00+00:00,long,3014.52,3014.52,0.0,3014.52,2903.070514285714,23.977204124679645,72279.76137792929,72279.76137792929,0.015,0.015,2672.247068562,111.44948571428586,-1.026548307856064,-2743.1907064056486,loss,stop,6,10.25,A,2,tier_d_skip,D,1.0,0,0,0.3143300642065902,base,False,False,False,False,False,True,True,False,False,False,True,False,False,False,True,False,0.0,2997.97,3014.52,engulf,10,1.3,0.45,legacy,1,True,True,False,False,3,"a_score_ge13,a_wick_le_q1,a_fvg,a_room",False,False,False,True,False,False,False,SWEEP,1,False,False,0.0,0.24280058204460006,,False,False,False,False,178149.8045708,A,direct_under_threshold,0.0,1,175406.61386439437,A,2026-01,2026-01-20 08:00:00,-1.9473067495171723,down,False,True,a_room+a_score_ge13+a_trend_counter||down||long,1,3
BTC+ETH+SOL+XRP+DOGE+AVAX+LINK+BNB+ADA v19b norefine rpboost (9coins),orderbook_split_proxy,v19b_norefine_rpboost_9coins,1.0,3.0,capFixed,LINKUSDT,2026-01-20 20:00:00+00:00,2026-01-21 12:00:00+00:00,long,12.083,12.083,0.0,12.083,11.852360000000001,6179.320311162004,74664.72731977049,74664.72731977049,0.008,0.008,1425.1984365664002,0.2306399999999993,0.19748599549080803,281.4567320172588,win,stop,4,10.25,A,2,rp_pass_rp2,B,1.0,0,0,0.22033898305084884,base,False,False,False,False,False,True,True,False,False,False,True,False,False,False,True,False,0.0,12.045,12.083,engulf,10,1.3,0.45,legacy,1,True,True,False,False,3,"a_score_ge13,a_wick_le_q1,a_fvg,a_room",False,False,False,False,False,False,False,none,0,False,False,0.0,1.9901144640999004,,False,False,False,False,178149.8045708,A,direct_under_threshold,0.0,1,175688.07059641162,A,2026-01,2026-01-20 16:00:00,-2.166431440149055,down,False,True,a_room+a_score_ge13+a_trend_counter||down||long,1,3
BTC+ETH+SOL+XRP+DOGE+AVAX+LINK+BNB+ADA v19b norefine rpboost (9coins),orderbook_split_proxy,v19b_norefine_rpboost_9coins,1.0,3.0,capFixed,BNBUSDT,2026-01-22 04:00:00+00:00,2026-01-22 08:00:00+00:00,long,890.08,890.08,0.0,890.08,886.3160714285715,560.1213750867694,498552.8335372317,498552.8335372317,0.012,0.012,2108.2568471569393,3.7639285714285506,0.4131986739728613,871.1289336394526,win,stop,1,9.5,B,1,rp_boost_rp1_x1.5,C,1.0,3,0,0.27542754275427156,base,False,False,True,True,False,False,True,True,False,False,False,True,False,True,False,True,0.9656249999999962,883.68,890.08,engulf,10,1.3,0.45,legacy,1,True,False,False,True,6,"a_volume,a_pre_total_ge4,a_wick_le_q1,a_pre_total_ge1,a_room",False,True,False,True,False,False,False,SWEEP,1,False,True,0.9656249999999962,2.045734889458196,,False,False,False,False,175688.07059641162,A,direct_under_threshold,0.0,1,176559.19953005106,A,2026-01,2026-01-22 00:00:00,-3.091668451488547,down,True,True,a_fvg_absent+a_ob+a_room+a_trend_counter+a_vol_expansion||down||long,2,5
BTC+ETH+SOL+XRP+DOGE+AVAX+LINK+BNB+ADA v19b norefine rpboost (9coins),orderbook_split_proxy,v19b_norefine_rpboost_9coins,1.0,3.0,capFixed,ETHUSDT,2026-01-22 12:00:00+00:00,2026-01-22 20:00:00+00:00,long,2904.19,2904.19,0.0,2904.19,2884.824642857143,136.75905760031952,397174.287492272,397174.287492272,0.015,0.015,2648.3879929507657,19.365357142857192,1.6679596590007861,4417.404333623936,win,stop,2,8.5,B,1,tier_d_skip,D,1.0,0,0,0.32535646624787784,base,False,True,True,False,False,False,True,False,False,False,False,True,False,True,False,False,0.0,2884.31,2904.19,engulf,10,1.3,0.45,legacy,1,True,False,False,True,7,"a_sweep,a_volume,a_wick_le_q1,a_room",True,True,True,True,False,False,False,SWEEP+VOLUME,2,False,False,0.0,3.493351529793626,2.7786732567360617,False,False,False,False,176559.19953005106,A,direct_under_threshold,0.0,1,180976.603863675,A,2026-01,2026-01-22 08:00:00,-2.7888932195596055,down,True,True,a_fvg_absent+a_ob+a_room+a_trend_counter+a_vol_expansion||down||long,3,5
BTC+ETH+SOL+XRP+DOGE+AVAX+LINK+BNB+ADA v19b norefine rpboost (9coins),orderbook_split_proxy,v19b_norefine_rpboost_9coins,1.0,3.0,capFixed,AVAXUSDT,2026-01-27 20:00:00+00:00,2026-01-31 04:00:00+00:00,short,11.978,11.978,0.0,11.978,12.671045714285713,2350.190472574793,28150.58148050087,28150.58148050087,0.009,0.009,1628.7894347730748,0.6930457142857129,1.7769592702604682,2894.2924854223234,time_exit_non_runner,time_exit_non_runner,20,12.25,S,4,tier_d_skip,D,1.0,0,0,0.3644251626898068,expansion,True,False,True,False,False,True,False,False,True,True,True,False,False,False,True,False,0.0,11.978,12.065,engulf,10,1.3,0.45,legacy,1,True,True,False,False,4,"a_volume,a_score_ge13,a_trend_align,a_mss,a_fvg,a_room",False,True,False,True,False,False,False,SWEEP,1,False,False,0.0,2.0243974835714864,,False,False,False,False,180976.603863675,A,direct_under_threshold,0.0,1,183870.8963490973,A,2026-01,2026-01-27 16:00:00,-0.6254191070517154,range,False,False,a_room+a_score_ge13+a_volume||range||short,1,3
BTC+ETH+SOL+XRP+DOGE+AVAX+LINK+BNB+ADA v19b norefine rpboost (9coins),orderbook_split_proxy,v19b_norefine_rpboost_9coins,1.0,3.0,capFixed,BNBUSDT,2026-02-02 12:00:00+00:00,2026-02-03 04:00:00+00:00,short,776.67,776.67,0.0,776.67,787.4106857142857,205.4292262973916,159550.71718839512,159550.71718839512,0.012,0.012,2206.450756189168,10.740685714285746,0.17781397436715957,392.3377782034205,win,stop,4,9.25,B,4,rp_pass_rp4,B,1.0,0,0,0.2219844357976646,base,False,False,True,False,False,False,True,False,True,True,True,False,False,False,True,False,0.0,776.67,785.43,engulf,10,1.3,0.45,legacy,1,True,False,False,True,4,"a_volume,a_wick_le_q1,a_trend_align,a_mss,a_fvg,a_room",False,True,True,False,False,False,False,VOLUME,1,False,False,0.0,1.3015928751556038,,False,False,False,False,183870.8963490973,A,direct_under_threshold,0.0,1,184263.23412730073,A,2026-02,2026-02-02 08:00:00,-5.717665820942567,down,False,False,a_mss+a_room+a_volume||down||short,1,3
BTC+ETH+SOL+XRP+DOGE+AVAX+LINK+BNB+ADA v19b norefine rpboost (9coins),orderbook_split_proxy,v19b_norefine_rpboost_9coins,1.0,3.0,capFixed,AVAXUSDT,2026-02-05 00:00:00+00:00,2026-02-06 04:00:00+00:00,short,9.72,9.72,0.0,9.72,10.378525714285715,2518.305771771565,24477.932101619615,24477.932101619615,0.009,0.009,1658.3691071457065,0.6585257142857142,2.0898362432967152,3465.719864876711,win,stop,7,11.0,B,1,tier_d_skip,D,1.0,0,0,0.3374083129584368,base,False,False,True,False,False,True,True,False,True,False,False,True,False,True,False,False,0.0,9.72,9.933,engulf,10,1.3,0.45,legacy,1,True,False,True,False,5,"a_volume,a_score_ge13,a_wick_le_q1,a_trend_align,a_room",False,True,True,False,False,False,False,VOLUME,1,False,False,0.0,3.3195362801756323,2.2656670311171294,False,False,False,False,184263.23412730073,A,direct_under_threshold,0.0,1,187728.95399217744,A,2026-02,2026-02-04 20:00:00,-2.8010630118806863,down,True,False,a_fvg_absent+a_ob+a_score_ge13+a_volume||down||short,1,4
BTC+ETH+SOL+XRP+DOGE+AVAX+LINK+BNB+ADA v19b norefine rpboost (9coins),orderbook_split_proxy,v19b_norefine_rpboost_9coins,1.0,3.0,capFixed,BTCUSDT,2026-02-06 04:00:00+00:00,2026-02-06 08:00:00+00:00,short,64500.0,64500.0,0.0,64500.0,65135.675,6.497088902077138,419062.2341839754,419062.2341839754,0.022,0.022,4130.036987827903,635.6750000000029,-1.1019669445864628,-4551.164240505793,loss,stop,1,12.25,S,4,tier_d_skip,D,1.0,0,0,0.31517818825957183,base,False,False,True,False,False,True,True,False,True,True,True,False,False,False,True,False,0.0,64500.0,64656.1,engulf,10,1.3,0.45,legacy,1,True,True,False,True,5,"a_volume,a_score_ge13,a_wick_le_q1,a_trend_align,a_mss,a_fvg,a_room",False,True,True,False,False,False,False,VOLUME,1,False,False,0.0,0.09611829944546862,,False,False,False,False,187728.95399217744,A,direct_under_threshold,0.0,1,183177.78975167166,A,2026-02,2026-02-06 00:00:00,-7.242622730819146,down,False,False,a_room+a_score_ge13+a_vol_expansion+a_volume||down||short,2,4
BTC+ETH+SOL+XRP+DOGE+AVAX+LINK+BNB+ADA v19b norefine rpboost (9coins),orderbook_split_proxy,v19b_norefine_rpboost_9coins,1.0,3.0,capFixed,AVAXUSDT,2026-02-23 08:00:00+00:00,2026-02-25 12:00:00+00:00,short,8.602,8.602,0.0,8.602,9.46234857142857,1916.200203630975,16483.154151633647,16483.154151633647,0.009,0.009,1648.6001077650449,0.8603485714285704,-1.0104982731251786,-1665.9075619705611,loss,stop,13,12.75,S,3,rp_pass_rp3,B,1.0,1,1,0.1091127098321354,expansion,True,False,True,False,False,True,True,True,True,True,True,False,False,False,True,True,0.923076923076917,8.602,8.784,engulf,10,1.3,0.45,legacy,1,True,True,False,False,4,"a_volume,a_score_ge13,a_wick_le_q1,a_pre_total_ge1,a_trend_align,a_mss,a_fvg,a_room",False,True,False,False,False,False,False,none,0,False,True,0.923076923076917,0.49863510470839156,,False,False,False,False,183177.78975167166,A,direct_under_threshold,0.0,1,181511.8821897011,A,2026-02,2026-02-23 04:00:00,0.10001066186418363,range,False,False,a_room+a_score_ge13+a_volume||range||short,1,3
BTC+ETH+SOL+XRP+DOGE+AVAX+LINK+BNB+ADA v19b norefine rpboost (9coins),orderbook_split_proxy,v19b_norefine_rpboost_9coins,1.0,3.0,capFixed,ADAUSDT,2026-02-26 16:00:00+00:00,2026-02-27 04:00:00+00:00,long,0.2897,0.2897,0.0,0.2897,0.28369485714285714,241808.5784238089,70051.94516937745,70051.94516937745,0.008,0.008,1452.095057517609,0.0060051428571428755,0.20163301693786292,292.7903073278351,win,stop,3,7.75,B,2,rp_pass_rp2,B,1.0,0,0,0.17616580310880967,base,False,False,True,False,False,False,True,False,False,False,True,False,False,False,True,False,0.0,0.2844,0.2897,engulf,10,1.3,0.45,legacy,1,True,True,False,True,4,"a_volume,a_wick_le_q1,a_fvg,a_room",False,True,True,False,False,False,False,VOLUME,1,False,False,0.0,1.0824055571414954,,False,False,False,False,181511.8821897011,A,direct_under_threshold,0.0,1,181804.67249702895,A,2026-02,2026-02-26 12:00:00,1.2973243169985598,up,False,True,a_room+a_vol_expansion+a_volume||up||long,2,3
BTC+ETH+SOL+XRP+DOGE+AVAX+LINK+BNB+ADA v19b norefine rpboost (9coins),orderbook_split_proxy,v19b_norefine_rpboost_9coins,1.0,3.0,capFixed,LINKUSDT,2026-02-26 16:00:00+00:00,2026-02-27 08:00:00+00:00,long,9.03,9.03,0.0,9.03,8.862131428571429,8650.190116948048,78111.21675604087,78111.21675604087,0.008,0.008,1452.0950575176087,0.1678685714285706,0.1960829177587906,284.7310357411716,win,stop,4,9.25,B,2,rp_pass_rp2,B,1.0,0,0,0.16803278688523424,base,False,False,True,False,False,False,True,False,False,False,True,False,False,False,True,False,0.0,8.882,9.03,engulf,10,1.3,0.45,legacy,1,True,True,False,True,4,"a_volume,a_wick_le_q1,a_fvg,a_room",False,True,True,False,False,False,False,VOLUME,1,False,False,0.0,1.5667018415767509,,False,False,False,False,181511.8821897011,A,direct_under_threshold,0.0,1,182089.4035327701,A,2026-02,2026-02-26 12:00:00,1.2973243169985598,up,False,True,a_room+a_vol_expansion+a_volume||up||long,2,3
BTC+ETH+SOL+XRP+DOGE+AVAX+LINK+BNB+ADA v19b norefine rpboost (9coins),orderbook_split_proxy,v19b_norefine_rpboost_9coins,1.0,3.0,capFixed,AVAXUSDT,2026-02-27 04:00:00+00:00,2026-02-27 08:00:00+00:00,long,9.312,9.312,0.0,9.313831874305054,9.242410714285713,23512.844479984975,218994.68037326168,218951.60779762006,0.009,0.009,1679.314628114882,0.07142116001934085,-1.129907177253672,-1897.4696511740863,loss,stop,1,9.25,B,2,rp_pass_rp2,B,1.0,0,0,0.12068965517241236,base,False,False,True,False,False,False,True,False,False,False,True,False,False,False,True,True,0.13235294117644678,9.293,9.361,engulf,10,1.3,0.45,legacy,1,True,False,False,True,4,"a_volume,a_wick_le_q1,a_fvg,a_room",False,True,False,False,False,False,False,none,0,False,True,0.13235294117644678,1.5425138105445544,,False,False,False,False,181804.67249702895,A,orderbook_split_proxy,0.09800000000000002,5,180191.93388159602,A,2026-02,2026-02-27 00:00:00,2.4207662865566535,up,False,True,a_room+a_vol_expansion+a_volume||up||long,2,3
BTC+ETH+SOL+XRP+DOGE+AVAX+LINK+BNB+ADA v19b norefine rpboost (9coins),orderbook_split_proxy,v19b_norefine_rpboost_9coins,1.0,3.0,capFixed,SOLUSDT,2026-02-27 08:00:00+00:00,2026-02-27 12:00:00+00:00,long,84.81,84.81,0.0,84.81,83.37428571428572,1255.068196190223,106442.33371889281,106442.33371889281,0.01,0.01,1801.91933881596,1.4357142857142833,-1.058571641791045,-1907.4607128654447,loss,stop,1,9.25,B,2,tier_d_skip,D,1.0,0,0,0.4,base,False,False,True,False,False,False,False,False,False,False,True,False,False,False,True,False,0.0,83.58,84.81,engulf,10,1.3,0.45,legacy,1,True,False,False,True,4,"a_volume,a_fvg,a_room",False,True,False,False,False,False,False,none,0,False,False,0.0,0.0,,False,False,False,False,180191.93388159602,A,direct_under_threshold,0.0,1,178284.4731687306,A,2026-02,2026-02-27 04:00:00,2.4802869043624516,up,False,True,a_room+a_vol_expansion+a_volume||up||long,2,3
BTC+ETH+SOL+XRP+DOGE+AVAX+LINK+BNB+ADA v19b norefine rpboost (9coins),orderbook_split_proxy,v19b_norefine_rpboost_9coins,1.0,3.0,capFixed,BNBUSDT,2026-02-27 16:00:00+00:00,2026-02-27 20:00:00+00:00,long,610.49,610.49,0.0,610.49,607.7983928571429,794.8461883459603,485245.6495233253,485245.6495233253,0.012,0.012,2139.4136780247673,2.6916071428571513,0.023062553904332973,49.34034327311346,win,stop,1,8.0,B,1,rp_boost_rp1_x1.5,B,1.0,0,0,0.1950442477876095,base,False,False,True,False,False,False,True,False,False,False,False,True,False,True,False,False,0.0,608.19,610.49,engulf,10,1.3,0.45,legacy,1,True,True,False,False,5,"a_volume,a_wick_le_q1,a_room",False,True,False,True,False,False,False,SWEEP,1,False,False,0.0,1.452663703310539,,False,False,False,False,178284.4731687306,A,direct_under_threshold,0.0,1,178333.8135120037,A,2026-02,2026-02-27 12:00:00,1.9453807288995217,up,True,True,a_fvg_absent+a_ob+a_room+a_trend_counter||up||long,2,4
BTC+ETH+SOL+XRP+DOGE+AVAX+LINK+BNB+ADA v19b norefine rpboost (9coins),orderbook_split_proxy,v19b_norefine_rpboost_9coins,1.0,3.0,capFixed,ETHUSDT,2026-02-26 16:00:00+00:00,2026-02-28 04:00:00+00:00,long,2012.14,2012.14,0.0,2012.14,1841.2894285714285,15.936020641194057,32065.50457297221,32065.50457297221,0.015,0.015,2722.6782328455165,170.85057142857158,-1.0112771920993615,-2753.3823983020657,loss,stop,9,9.25,B,2,rp_pass_rp2,B,1.0,0,0,0.2175370310303829,base,False,False,True,False,False,False,True,False,False,False,True,False,False,False,True,False,0.0,1927.89,2012.14,engulf,10,1.3,0.45,legacy,1,True,True,False,True,4,"a_volume,a_wick_le_q1,a_fvg,a_room",False,True,True,False,False,False,False,VOLUME,1,False,False,0.0,0.301842713014045,,False,False,False,False,181511.8821897011,A,direct_under_threshold,0.0,1,175580.43111370163,A,2026-02,2026-02-26 12:00:00,1.2973243169985598,up,False,True,a_room+a_vol_expansion+a_volume||up||long,2,3
BTC+ETH+SOL+XRP+DOGE+AVAX+LINK+BNB+ADA v19b norefine rpboost (9coins),orderbook_split_proxy,v19b_norefine_rpboost_9coins,1.0,3.0,capFixed,ETHUSDT,2026-03-03 12:00:00+00:00,2026-03-03 16:00:00+00:00,long,1969.04,1969.04,0.0,1969.04,1949.903142857143,137.62481723330285,270988.7701250626,270988.7701250626,0.015,0.015,2633.7064667055242,19.136857142857025,0.5467824515893034,1440.0644786318487,win,stop,1,9.25,B,2,rp_pass_rp2,B,1.0,0,0,0.22939447383891892,base,False,False,True,False,False,False,True,False,False,False,True,False,False,False,True,False,0.0,1954.67,1969.04,engulf,10,1.3,0.45,legacy,1,True,False,False,True,4,"a_volume,a_wick_le_q1,a_fvg,a_room",False,True,False,False,False,False,False,none,0,False,False,0.0,2.314382119768895,,False,False,False,False,175580.43111370163,A,direct_under_threshold,0.0,1,177020.4955923335,A,2026-03,2026-03-03 08:00:00,1.2095732712324625,up,False,True,a_room+a_vol_expansion+a_volume||up||long,2,3
BTC+ETH+SOL+XRP+DOGE+AVAX+LINK+BNB+ADA v19b norefine rpboost (9coins),orderbook_split_proxy,v19b_norefine_rpboost_9coins,1.0,3.0,capFixed,AVAXUSDT,2026-03-03 12:00:00+00:00,2026-03-03 20:00:00+00:00,long,8.94,8.94,0.0,8.94288513388216,8.885857142857143,29186.193034731576,261008.77180491612,260924.56573050027,0.009,0.009,1664.4299544391213,0.05702799102501821,2.6518207800371494,4413.769940097947,win,stop,2,8.5,B,1,tier_d_skip,D,1.0,0,0,0.3407821229050271,base,False,False,True,False,False,False,True,False,False,False,False,False,False,True,False,False,0.0,8.929,8.94,engulf,10,1.3,0.45,legacy,1,True,False,False,False,4,"a_volume,a_wick_le_q1,a_room",False,True,False,False,False,False,False,none,0,False,False,0.0,6.823225912817707,5.245053538474083,True,True,True,True,175580.43111370163,A,orderbook_split_proxy,0.09800000000000002,5,181434.26553243143,A,2026-03,2026-03-03 08:00:00,1.2095732712324625,up,True,True,a_fvg_absent+a_room+a_volume||up||long,1,3
BTC+ETH+SOL+XRP+DOGE+AVAX+LINK+BNB+ADA v19b norefine rpboost (9coins),orderbook_split_proxy,v19b_norefine_rpboost_9coins,1.0,3.0,capFixed,BTCUSDT,2026-03-03 12:00:00+00:00,2026-03-04 00:00:00+00:00,long,67417.4,67417.4,0.0,67417.4,66199.10057142857,3.170624063273933,213755.23072336402,213755.23072336402,0.022,0.022,3862.7694845014357,1218.299428571423,0.19453770079511276,751.4542942164322,win,stop,3,9.25,B,2,tier_d_skip,D,1.0,0,0,0.28054627964723894,base,False,False,True,False,False,False,True,False,False,False,True,False,False,False,True,False,0.0,66320.0,67417.4,engulf,10,1.3,0.45,legacy,1,True,False,False,True,4,"a_volume,a_wick_le_q1,a_fvg,a_room",False,True,True,False,False,False,False,VOLUME,1,False,False,0.0,1.2767797173014996,,False,False,False,False,175580.43111370163,A,direct_under_threshold,0.0,1,182185.71982664787,A,2026-03,2026-03-03 08:00:00,1.2095732712324625,up,False,True,a_room+a_vol_expansion+a_volume||up||long,2,3
BTC+ETH+SOL+XRP+DOGE+AVAX+LINK+BNB+ADA v19b norefine rpboost (9coins),orderbook_split_proxy,v19b_norefine_rpboost_9coins,1.0,3.0,capFixed,BTCUSDT,2026-03-04 04:00:00+00:00,2026-03-04 08:00:00+00:00,short,68489.9,68489.9,0.0,68489.9,69011.43714285715,7.68513976632352,526354.4540815211,526354.4540815211,0.022,0.022,4008.085836186253,521.5371428571525,-1.1318231491525028,-4536.444333185867,loss,stop,1,8.5,B,1,tier_d_skip,D,1.0,0,0,0.43059183521157796,base,False,False,True,False,False,False,False,False,False,False,False,True,False,True,False,False,0.0,68489.9,68882.2,engulf,10,1.3,0.45,legacy,1,True,False,False,True,6,"a_volume,a_room",False,True,True,False,False,False,False,VOLUME,1,False,False,0.0,0.0,,False,False,False,False,182185.71982664787,A,direct_under_threshold,0.0,1,177649.275493462,A,2026-03,2026-03-04 00:00:00,2.1831769218605452,up,True,True,a_fvg_absent+a_ob+a_room+a_trend_counter||up||short,1,4
BTC+ETH+SOL+XRP+DOGE+AVAX+LINK+BNB+ADA v19b norefine rpboost (9coins),orderbook_split_proxy,v19b_norefine_rpboost_9coins,1.0,3.0,capFixed,BNBUSDT,2026-03-03 12:00:00+00:00,2026-03-04 20:00:00+00:00,long,621.28,621.28,0.0,621.28,615.3588571428571,355.83758477009616,221074.77466596532,221074.77466596532,0.012,0.012,2106.9651733644196,5.921142857142854,3.577535381683069,7537.742455685212,win,stop,8,9.25,B,2,tier_d_skip,D,1.0,0,0,0.35868586858685947,base,False,False,True,False,False,False,False,False,False,False,True,False,False,False,True,False,0.0,616.34,621.28,engulf,10,1.3,0.45,legacy,1,True,False,False,True,4,"a_volume,a_fvg,a_room",False,True,False,False,False,False,False,none,0,False,False,0.0,7.62521713954835,7.62521713954835,True,True,True,True,175580.43111370163,A,direct_under_threshold,0.0,1,185187.0179491472,A,2026-03,2026-03-03 08:00:00,1.2095732712324625,up,False,True,a_room+a_vol_expansion+a_volume||up||long,2,3
BTC+ETH+SOL+XRP+DOGE+AVAX+LINK+BNB+ADA v19b norefine rpboost (9coins),orderbook_split_proxy,v19b_norefine_rpboost_9coins,1.0,3.0,capFixed,SOLUSDT,2026-03-03 12:00:00+00:00,2026-03-05 12:00:00+00:00,long,84.22,84.22,0.0,84.22,80.04685714285715,420.7390859221942,35434.64581636719,35434.64581636719,0.01,0.01,1755.8043111370164,4.1731428571428495,1.3329277899493375,2340.3603600273823,time_exit_non_runner,time_exit_non_runner,12,8.75,B,2,tier_d_skip,D,1.0,0,0,0.3303769401330372,base,False,False,True,False,False,False,True,False,False,False,True,False,False,False,True,False,0.0,82.87,84.22,engulf,10,1.3,0.45,legacy,1,True,False,False,True,4,"a_volume,a_wick_le_q1,a_fvg,a_room",False,True,True,False,False,False,False,VOLUME,1,False,False,0.0,2.3795015746953365,,False,False,False,False,175580.43111370163,A,direct_under_threshold,0.0,1,187527.3783091746,A,2026-03,2026-03-03 08:00:00,1.2095732712324625,up,False,True,a_room+a_vol_expansion+a_volume||up||long,2,3
BTC+ETH+SOL+XRP+DOGE+AVAX+LINK+BNB+ADA v19b norefine rpboost (9coins),orderbook_split_proxy,v19b_norefine_rpboost_9coins,1.0,3.0,capFixed,BTCUSDT,2026-03-05 00:00:00+00:00,2026-03-05 12:00:00+00:00,long,72678.0,72678.0,0.0,72678.0,71414.396,3.2242018819829763,234328.54437875876,234328.54437875876,0.022,0.022,4074.1143948812382,1263.6040000000066,-1.0570164371116264,-4306.405882062556,loss,stop,3,7.75,B,2,rp_pass_rp2,C,1.0,1,1,0.3044815975850429,base,False,False,True,False,False,False,True,True,False,False,True,False,False,False,True,False,0.0,71548.0,72678.0,engulf,10,1.3,0.45,legacy,1,False,True,False,True,3,"a_volume,a_wick_le_q1,a_pre_total_ge1,a_fvg",False,True,True,False,False,False,False,VOLUME,1,False,False,0.0,0.6814634964751626,,False,False,False,False,185187.0179491472,A,direct_under_threshold,0.0,1,183220.97242711202,A,2026-03,2026-03-04 20:00:00,3.2002682765358004,up,False,True,a_trend_counter+a_vol_expansion+a_volume||up||long,1,3
BTC+ETH+SOL+XRP+DOGE+AVAX+LINK+BNB+ADA v19b norefine rpboost (9coins),orderbook_split_proxy,v19b_norefine_rpboost_9coins,1.0,3.0,capFixed,DOGEUSDT,2026-03-05 12:00:00+00:00,2026-03-05 16:00:00+00:00,long,0.0967,0.0967,0.0,0.0967,0.09526554285714285,1021827.5162249805,98810.72081895561,98810.72081895561,0.008,0.008,1465.7677794168962,0.0014344571428571429,-1.0669122614826914,-1563.8456163461435,loss,stop,1,9.25,B,2,rp_pass_rp2,A,1.0,5,1,0.2849264705882338,base,False,False,True,True,False,False,True,True,False,False,True,False,False,False,True,True,0.28571428571428464,0.09554,0.09743,engulf,10,1.3,0.45,legacy,1,True,False,False,True,4,"a_volume,a_pre_total_ge4,a_wick_le_q1,a_pre_total_ge1,a_fvg,a_room",False,True,True,False,False,False,False,VOLUME,1,False,True,0.28571428571428464,0.0,,False,False,False,False,183220.97242711202,A,direct_under_threshold,0.0,1,181657.12681076588,A,2026-03,2026-03-05 08:00:00,4.079362347085555,up,False,True,a_room+a_vol_expansion+a_volume||up||long,2,3
BTC+ETH+SOL+XRP+DOGE+AVAX+LINK+BNB+ADA v19b norefine rpboost (9coins),orderbook_split_proxy,v19b_norefine_rpboost_9coins,1.0,3.0,capFixed,ETHUSDT,2026-03-05 08:00:00+00:00,2026-03-05 20:00:00+00:00,short,2161.99,2161.99,0.0,2161.99,2197.4825142857144,78.26453902014059,169207.15071615373,169207.15071615373,0.015,0.015,2777.805269237208,35.492514285714606,1.9627128093811195,5452.033983898237,win,stop,3,8.75,B,2,rp_pass_rp2,C,1.0,2,0,0.39811542991755094,base,False,True,True,False,False,False,False,True,False,False,True,False,False,False,True,True,0.34867469879518687,2151.06,2192.56,engulf,10,1.3,0.45,legacy,1,True,True,False,True,5,"a_sweep,a_volume,a_pre_total_ge1,a_fvg,a_room",True,True,False,True,False,False,False,SWEEP,1,False,True,0.34867469879518687,3.0623358808859105,2.6828192343173876,True,False,False,False,185187.0179491472,A,direct_under_threshold,0.0,1,187109.16079466412,A,2026-03,2026-03-05 04:00:00,3.883387933171259,up,False,True,a_room+a_sweep+a_trend_counter+a_vol_expansion+a_volume||up||short,1,5
BTC+ETH+SOL+XRP+DOGE+AVAX+LINK+BNB+ADA v19b norefine rpboost (9coins),orderbook_split_proxy,v19b_norefine_rpboost_9coins,1.0,3.0,capFixed,LINKUSDT,2026-03-05 20:00:00+00:00,2026-03-06 00:00:00+00:00,long,9.165,9.165,0.0,9.16633561170971,9.099160714285713,22735.260112831194,208399.02441372792,208368.65893409788,0.008,0.008,1527.2387659873452,0.06717489742399785,0.11342022354007956,173.21976223735996,win,stop,1,8.25,B,2,tier_d_skip,D,1.0,0,0,0.3450134770889487,base,False,False,True,False,False,False,True,False,False,False,True,False,False,False,True,False,0.0,9.08,9.165,engulf,10,1.3,0.45,legacy,1,True,False,False,True,4,"a_volume,a_wick_le_q1,a_fvg,a_room",False,True,True,False,False,False,False,VOLUME,1,False,False,0.0,1.9153641199952878,,False,False,False,False,187109.16079466412,A,orderbook_split_proxy,0.091,5,187282.38055690148,A,2026-03,2026-03-05 16:00:00,4.448938834943122,up,False,True,a_room+a_vol_expansion+a_volume||up||long,2,3
BTC+ETH+SOL+XRP+DOGE+AVAX+LINK+BNB+ADA v19b norefine rpboost (9coins),orderbook_split_proxy,v19b_norefine_rpboost_9coins,1.0,3.0,capFixed,ETHUSDT,2026-03-06 00:00:00+00:00,2026-03-06 12:00:00+00:00,long,2066.0,2066.0,0.0,2066.0,2006.4772,47.195960343826634,97506.85407034583,97506.85407034583,0.015,0.015,2809.235708353522,59.52279999999996,-1.034209388671232,-2905.3379445696914,loss,stop,3,9.75,B,2,tier_d_skip,D,1.0,0,0,0.3181034994949794,base,False,False,True,False,False,False,True,False,False,False,True,False,False,False,True,False,0.0,2062.72,2066.0,engulf,10,1.3,0.45,legacy,1,True,False,False,True,4,"a_volume,a_wick_le_q1,a_fvg,a_room",False,True,True,False,False,False,False,VOLUME,1,False,False,0.0,0.3455818610683667,,False,False,False,False,187282.38055690148,A,direct_under_threshold,0.0,1,184377.0426123318,A,2026-03,2026-03-05 20:00:00,4.4527472540201956,up,False,True,a_room+a_vol_expansion+a_volume||up||long,2,3
BTC+ETH+SOL+XRP+DOGE+AVAX+LINK+BNB+ADA v19b norefine rpboost (9coins),orderbook_split_proxy,v19b_norefine_rpboost_9coins,1.0,3.0,capFixed,AVAXUSDT,2026-03-06 12:00:00+00:00,2026-03-06 16:00:00+00:00,long,8.94,8.94,0.0,8.942591439350274,8.880302857142857,27796.86437392767,248576.0013910662,248503.96750291335,0.009,0.009,1731.4272716638163,0.062288582207417065,-1.1430671052773687,-1979.1375594190506,loss,stop,1,8.0,B,1,tier_d_skip,D,1.0,0,0,0.39230769230769474,base,False,False,True,False,False,False,False,False,False,False,False,False,False,True,False,False,0.0,8.926,8.94,engulf,10,1.3,0.45,legacy,1,True,True,False,False,4,"a_volume,a_room",False,True,False,False,False,False,False,none,0,False,False,0.0,0.8895460241046848,,False,False,False,False,184377.0426123318,A,orderbook_split_proxy,0.09800000000000002,5,182397.90505291274,A,2026-03,2026-03-06 08:00:00,3.062294589941752,up,True,True,a_fvg_absent+a_room+a_volume||up||long,1,3
BTC+ETH+SOL+XRP+DOGE+AVAX+LINK+BNB+ADA v19b norefine rpboost (9coins),orderbook_split_proxy,v19b_norefine_rpboost_9coins,1.0,3.0,capFixed,XRPUSDT,2026-03-06 12:00:00+00:00,2026-03-08 12:00:00+00:00,long,1.3557,1.3557,0.0,1.3557,1.3104891428571428,32625.268223469047,44230.07613055698,44230.07613055698,0.008,0.008,1475.0163408986546,0.04521085714285711,-0.27759040179981803,-409.4503787313549,time_exit_non_runner,time_exit_non_runner,12,8.0,B,1,tier_d_skip,D,1.0,0,0,0.39179104477611865,base,False,False,False,False,False,False,False,False,False,False,False,True,False,True,False,False,0.0,1.3518,1.3557,engulf,10,1.3,0.45,legacy,1,True,True,False,False,4,a_room,False,False,False,False,False,False,False,none,0,False,False,0.0,0.4091937461292527,,False,False,False,False,184377.0426123318,A,direct_under_threshold,0.0,1,181988.45467418138,A,2026-03,2026-03-06 08:00:00,3.062294589941752,up,True,True,a_fvg_absent+a_ob+a_room+a_trend_counter||up||long,1,4
BTC+ETH+SOL+XRP+DOGE+AVAX+LINK+BNB+ADA v19b norefine rpboost (9coins),orderbook_split_proxy,v19b_norefine_rpboost_9coins,1.0,3.0,capFixed,AVAXUSDT,2026-03-10 20:00:00+00:00,2026-03-11 00:00:00+00:00,long,9.623,9.623,0.0,9.625441314581217,9.556249999999999,24537.769169552266,236186.85713226564,236126.95271860145,0.009,0.009,1697.8005057318023,0.06919131458121797,-1.1386134331359279,-1933.1384626112022,loss,stop,1,7.75,B,2,rp_pass_rp2,B,1.0,1,1,0.19294377067254764,base,False,False,True,False,False,False,True,True,False,False,True,False,False,False,True,True,0.4505494505494385,9.582,9.673,engulf,10,1.3,0.45,legacy,1,False,True,False,True,3,"a_volume,a_wick_le_q1,a_pre_total_ge1,a_fvg",False,True,True,False,False,False,False,VOLUME,1,False,True,0.4505494505494385,0.0,,False,False,False,False,181988.45467418138,A,orderbook_split_proxy,0.09800000000000002,5,180055.31621157017,A,2026-03,2026-03-10 16:00:00,1.120577016841402,up,False,True,a_trend_counter+a_vol_expansion+a_volume||up||long,1,3
BTC+ETH+SOL+XRP+DOGE+AVAX+LINK+BNB+ADA v19b norefine rpboost (9coins),orderbook_split_proxy,v19b_norefine_rpboost_9coins,1.0,3.0,capFixed,BTCUSDT,2026-03-11 12:00:00+00:00,2026-03-13 12:00:00+00:00,long,68951.8,68951.8,0.0,68951.8,66616.868,1.6965020637237154,116976.87099746488,116976.87099746488,0.022,0.022,3961.2169566545435,2334.9320000000007,1.2907107753459193,5112.785409436989,time_exit_non_runner,time_exit_non_runner,12,10.5,B,1,rp_boost_rp1_x1.5,B,1.0,0,0,0.13824524863316925,base,False,False,True,False,False,True,True,False,False,False,False,True,False,True,False,False,0.0,68394.1,68951.8,engulf,10,1.3,0.45,legacy,1,True,False,False,False,6,"a_volume,a_score_ge13,a_wick_le_q1,a_room",False,True,True,False,False,False,False,VOLUME,1,False,False,0.0,2.10635684465329,,False,False,False,False,180055.31621157017,A,direct_under_threshold,0.0,1,185168.10162100717,A,2026-03,2026-03-11 08:00:00,2.1200634761220947,up,True,True,a_fvg_absent+a_ob+a_room+a_score_ge13+a_trend_counter||up||long,4,5
BTC+ETH+SOL+XRP+DOGE+AVAX+LINK+BNB+ADA v19b norefine rpboost (9coins),orderbook_split_proxy,v19b_norefine_rpboost_9coins,1.0,3.0,capFixed,XRPUSDT,2026-03-12 00:00:00+00:00,2026-03-14 00:00:00+00:00,long,1.3778,1.3778,0.0,1.3778,1.3184697142857142,24278.368329949382,33450.73588500426,33450.73588500426,0.008,0.008,1440.4425296925615,0.05933028571428567,0.5046175790730829,726.8726221273677,time_exit_non_runner,time_exit_non_runner,12,10.0,B,1,rp_boost_rp1_x1.5,B,1.0,1,0,0.21791443850267128,base,False,False,True,False,False,True,True,True,False,False,False,True,False,True,False,True,1.0,1.3727,1.3778,engulf,10,1.3,0.45,legacy,1,True,False,True,False,6,"a_volume,a_score_ge13,a_wick_le_q1,a_pre_total_ge1,a_room",False,True,True,False,False,False,False,VOLUME,1,False,True,1.0,1.2641098740224257,,False,False,False,False,180055.31621157017,A,direct_under_threshold,0.0,1,185894.97424313452,A,2026-03,2026-03-11 20:00:00,2.2131470198818493,up,True,True,a_fvg_absent+a_ob+a_room+a_score_ge13+a_trend_counter||up||long,4,5
BTC+ETH+SOL+XRP+DOGE+AVAX+LINK+BNB+ADA v19b norefine rpboost (9coins),orderbook_split_proxy,v19b_norefine_rpboost_9coins,1.0,3.0,capFixed,BNBUSDT,2026-03-13 12:00:00+00:00,2026-03-14 00:00:00+00:00,short,679.55,679.55,0.0,679.55,681.7905357142856,817.4590609418314,555504.3048630215,555504.3048630215,0.012,0.012,1831.5462210065994,2.24053571428567,4.797504095799866,8786.850496925927,win,stop,3,10.25,A,2,tier_d_skip,D,1.0,0,0,0.3652222847495724,base,False,False,False,False,False,True,False,False,False,False,True,False,False,False,True,False,0.0,679.55,682.09,engulf,10,1.3,0.45,legacy,1,True,True,True,False,3,"a_score_ge13,a_fvg,a_room",False,False,False,True,False,False,False,SWEEP,1,False,False,0.0,12.050689407826809,12.050689407826809,True,True,True,True,185168.10162100717,A,direct_under_threshold,0.0,1,194681.82474006046,A,2026-03,2026-03-13 08:00:00,1.556070757357037,up,False,True,a_room+a_score_ge13+a_trend_counter||up||short,1,3
BTC+ETH+SOL+XRP+DOGE+AVAX+LINK+BNB+ADA v19b norefine rpboost (9coins),orderbook_split_proxy,v19b_norefine_rpboost_9coins,1.0,3.0,capFixed,XRPUSDT,2026-03-18 00:00:00+00:00,2026-03-18 08:00:00+00:00,long,1.5186,1.5186,0.0,1.5186,1.4940788571428572,63514.76385069103,96453.5203836594,96453.5203836594,0.008,0.008,1557.4545979204838,0.024521142857142797,-1.061430229306488,-1653.129391005183,loss,stop,2,8.75,B,2,rp_pass_rp2,A,1.0,5,3,0.3410696266397599,base,False,False,True,True,True,False,True,True,False,False,True,False,False,False,True,True,0.2528301886792429,1.4971,1.5236,engulf,10,1.3,0.45,legacy,1,True,False,False,True,4,"a_volume,a_pre_total_ge4,a_sweep_count_2_4,a_wick_le_q1,a_pre_total_ge1,a_fvg,a_room",False,True,False,False,False,False,False,none,0,False,True,0.2528301886792429,0.901263049962717,,False,False,False,False,194681.82474006046,A,direct_under_threshold,0.0,1,193028.69534905528,A,2026-03,2026-03-17 20:00:00,2.2949324308453796,up,False,True,a_room+a_vol_expansion+a_volume||up||long,2,3
BTC+ETH+SOL+XRP+DOGE+AVAX+LINK+BNB+ADA v19b norefine rpboost (9coins),orderbook_split_proxy,v19b_norefine_rpboost_9coins,1.0,3.0,capFixed,XRPUSDT,2026-03-18 20:00:00+00:00,2026-03-20 20:00:00+00:00,short,1.4732,1.4732,0.0,1.4732,1.5549628571428573,18886.68787704351,27823.8685804605,27823.8685804605,0.008,0.008,1544.2295627924425,0.08176285714285725,0.3343963378411448,516.3847105838249,time_exit_non_runner,time_exit_non_runner,12,8.25,B,2,rp_pass_rp2,B,1.0,1,0,0.15559293523969875,base,False,True,True,False,False,False,True,True,False,False,True,False,False,False,True,True,0.5730994152046763,1.4659,1.483,engulf,10,1.3,0.45,legacy,1,True,True,False,True,5,"a_sweep,a_volume,a_wick_le_q1,a_pre_total_ge1,a_fvg,a_room",True,True,False,True,False,False,False,SWEEP,1,False,True,0.5730994152046763,0.6347625537268057,,False,False,False,False,193028.69534905528,A,direct_under_threshold,0.0,1,193545.08005963912,A,2026-03,2026-03-18 16:00:00,1.1626028853940442,up,False,True,a_room+a_sweep+a_trend_counter+a_vol_expansion+a_volume||up||short,1,5
BTC+ETH+SOL+XRP+DOGE+AVAX+LINK+BNB+ADA v19b norefine rpboost (9coins),orderbook_split_proxy,v19b_norefine_rpboost_9coins,1.0,3.0,capFixed,AVAXUSDT,2026-03-22 00:00:00+00:00,2026-03-23 08:00:00+00:00,long,9.083,9.083,0.0,9.083,8.848205714285713,7418.859088659498,67385.49710229422,67385.49710229422,0.009,0.009,1741.905720536752,0.23479428571428684,0.6109900721604326,1064.2871018874202,win,stop,8,10.0,B,1,tier_d_skip,D,1.0,0,0,0.23111111111111396,base,False,False,True,False,False,True,True,False,False,False,False,False,False,True,False,False,0.0,9.079,9.083,engulf,10,1.3,0.45,legacy,1,True,True,True,False,5,"a_volume,a_score_ge13,a_wick_le_q1,a_room",False,True,True,False,False,False,False,VOLUME,1,False,False,0.0,2.133782764243459,,False,False,False,False,193545.08005963912,A,direct_under_threshold,0.0,1,194609.36716152655,A,2026-03,2026-03-21 20:00:00,-1.7057646347983273,down,True,True,a_room+a_score_ge13+a_trend_counter||down||long,1,3
BTC+ETH+SOL+XRP+DOGE+AVAX+LINK+BNB+ADA v19b norefine rpboost (9coins),orderbook_split_proxy,v19b_norefine_rpboost_9coins,1.0,3.0,capFixed,ETHUSDT,2026-03-25 20:00:00+00:00,2026-03-26 00:00:00+00:00,long,2166.0,2166.0,0.0,2166.0,2155.4841071428573,269.54205978050766,583828.1014845796,583828.1014845796,0.015,0.015,2834.4754211453755,10.515892857142717,-1.205473950992548,-3416.8862849193824,loss,stop,1,8.0,B,2,tier_d_skip,D,1.0,0,0,0.39706626201315315,expansion,True,False,True,False,False,False,False,False,True,False,False,False,False,True,False,True,1.0,2165.27,2166.0,engulf,10,1.3,0.45,legacy,1,True,False,False,False,3,"a_volume,a_trend_align,a_room",False,True,True,False,False,False,False,VOLUME,1,False,True,1.0,0.5059009322624143,,False,False,False,False,194609.36716152655,A,direct_under_threshold,0.0,1,191192.48087660718,A,2026-03,2026-03-25 16:00:00,1.0428280860818113,up,True,False,a_fvg_absent+a_room+a_volume||up||long,1,3
BTC+ETH+SOL+XRP+DOGE+AVAX+LINK+BNB+ADA v19b norefine rpboost (9coins),orderbook_split_proxy,v19b_norefine_rpboost_9coins,1.0,3.0,capFixed,BNBUSDT,2026-04-04 16:00:00+00:00,2026-04-06 16:00:00+00:00,short,592.88,592.88,0.0,592.88,623.1081142857142,75.89986424007843,44999.5115106577,44999.5115106577,0.012,0.012,2294.3097705192863,30.22811428571424,-0.49126468358689807,-1127.113363464486,time_exit_non_runner,time_exit_non_runner,12,12.75,S,3,tier_d_skip,D,1.0,0,0,0.2697142857142778,base,False,False,True,False,False,True,True,False,True,True,True,False,False,False,True,False,0.0,592.88,609.62,engulf,10,1.3,0.45,legacy,1,True,True,False,False,4,"a_volume,a_score_ge13,a_wick_le_q1,a_trend_align,a_mss,a_fvg,a_room",False,True,True,True,False,False,False,SWEEP+VOLUME,2,False,False,0.0,0.18558881797834445,,False,False,False,False,191192.48087660718,A,direct_under_threshold,0.0,1,190065.3675131427,A,2026-04,2026-04-04 12:00:00,-0.47966020690557953,range,False,False,a_room+a_score_ge13+a_volume||range||short,1,3
BTC+ETH+SOL+XRP+DOGE+AVAX+LINK+BNB+ADA v19b norefine rpboost (9coins),orderbook_split_proxy,v19b_norefine_rpboost_9coins,1.0,3.0,capFixed,ADAUSDT,2026-04-06 12:00:00+00:00,2026-04-07 04:00:00+00:00,short,0.2557,0.2557,0.0,0.25567673546168057,0.25746,869056.731257286,222197.5879788619,222217.806182488,0.008,0.008,1549.7580506389356,0.0017832645383194512,3.2921716808513612,5102.069566484914,win,stop,4,8.5,B,1,tier_d_skip,D,1.0,0,0,0.5196078431372554,base,False,False,True,False,False,False,False,False,False,False,False,True,False,True,False,True,0.3571428571428543,0.2557,0.2571,engulf,10,1.3,0.45,legacy,1,True,True,False,False,5,"a_volume,a_room",False,True,False,True,False,False,False,SWEEP,1,False,True,0.3571428571428543,7.5573394592263075,7.5573394592263075,True,True,True,True,191192.48087660718,A,orderbook_split_proxy,0.091,5,195167.43707962762,A,2026-04,2026-04-06 08:00:00,0.8418058311126017,range,True,True,a_fvg_absent+a_ob+a_room+a_trend_counter||range||short,1,4
BTC+ETH+SOL+XRP+DOGE+AVAX+LINK+BNB+ADA v19b norefine rpboost (9coins),orderbook_split_proxy,v19b_norefine_rpboost_9coins,1.0,3.0,capFixed,ADAUSDT,2026-04-08 00:00:00+00:00,2026-04-08 12:00:00+00:00,long,0.2619,0.2619,0.0,0.2619,0.2550142857142857,226750.54930413028,59385.968862751724,59385.968862751724,0.008,0.008,1561.339496637021,0.006885714285714328,-1.0375352697095432,-1619.9447957514542,loss,stop,3,8.25,B,2,rp_pass_rp2,B,1.0,0,0,0.14814814814814814,base,False,False,True,False,False,False,True,False,False,False,True,False,False,False,True,False,0.0,0.2609,0.2619,engulf,10,1.3,0.45,legacy,1,False,False,False,True,3,"a_volume,a_wick_le_q1,a_fvg",False,True,False,True,False,False,False,SWEEP,1,False,False,0.0,0.26141078838173654,,False,False,False,False,195167.43707962762,A,direct_under_threshold,0.0,1,193547.49228387617,A,2026-04,2026-04-07 20:00:00,1.9013534083237673,up,False,True,a_trend_counter+a_vol_expansion+a_volume||up||long,1,3
BTC+ETH+SOL+XRP+DOGE+AVAX+LINK+BNB+ADA v19b norefine rpboost (9coins),orderbook_split_proxy,v19b_norefine_rpboost_9coins,1.0,3.0,capFixed,SOLUSDT,2026-04-08 20:00:00+00:00,2026-04-09 00:00:00+00:00,long,82.677,82.677,0.0,82.69009351945884,82.21325,4173.530830919122,345109.654715047,345055.0085079003,0.01,0.01,1990.1211299854479,0.4768435194588392,-1.1729113816064907,-2334.235724135502,loss,stop,1,8.5,B,1,tier_d_skip,D,1.0,0,0,0.28118393234672545,base,False,False,True,False,False,False,True,False,False,False,False,True,False,True,False,False,0.0,80.944,82.677,engulf,10,1.3,0.45,legacy,1,True,True,False,False,5,"a_volume,a_wick_le_q1,a_room",False,True,False,False,False,False,False,none,0,False,False,0.0,0.0,,False,False,False,False,193547.49228387617,A,orderbook_split_proxy,0.08399999999999998,5,191213.25655974066,A,2026-04,2026-04-08 16:00:00,2.2701086439964557,up,True,True,a_fvg_absent+a_ob+a_room+a_trend_counter||up||long,2,4
BTC+ETH+SOL+XRP+DOGE+AVAX+LINK+BNB+ADA v19b norefine rpboost (9coins),orderbook_split_proxy,v19b_norefine_rpboost_9coins,1.0,3.0,capFixed,BTCUSDT,2026-04-08 00:00:00+00:00,2026-04-10 00:00:00+00:00,short,71980.5,71980.5,0.0,71980.5,76094.77885714285,1.0436053959486695,75119.23820308321,75119.23820308321,0.022,0.022,4293.683615751807,4114.278857142854,0.01732772679621063,74.39977664311314,time_exit_non_runner,time_exit_non_runner,12,7.75,B,2,tier_d_skip,D,1.0,0,0,0.283372524963369,base,False,True,True,False,False,False,True,False,False,False,True,False,False,False,True,False,0.0,71980.5,72731.6,engulf,10,1.3,0.45,legacy,1,True,True,False,True,5,"a_sweep,a_volume,a_wick_le_q1,a_fvg,a_room",True,True,False,True,False,False,False,SWEEP,1,False,False,0.0,0.3773443789072985,,False,False,False,False,195167.43707962762,A,direct_under_threshold,0.0,1,191287.65633638378,A,2026-04,2026-04-07 20:00:00,1.9013534083237673,up,False,True,a_room+a_sweep+a_trend_counter+a_vol_expansion+a_volume||up||short,1,5
BTC+ETH+SOL+XRP+DOGE+AVAX+LINK+BNB+ADA v19b norefine rpboost (9coins),orderbook_split_proxy,v19b_norefine_rpboost_9coins,1.0,3.0,capFixed,AVAXUSDT,2026-04-08 08:00:00+00:00,2026-04-10 08:00:00+00:00,long,9.325,9.325,0.0,9.325,8.436514285714287,1976.9669961759275,18435.217239340524,18435.217239340524,0.009,0.009,1756.5069337166485,0.8884857142857125,-0.0397440267549923,-69.81065856896396,time_exit_non_runner,time_exit_non_runner,12,9.25,B,2,rp_pass_rp2,B,1.0,3,1,0.13218390804597782,base,False,False,True,True,False,False,True,True,False,False,True,False,False,False,True,True,0.3769531250000002,8.813,9.325,engulf,10,1.3,0.45,legacy,1,False,False,False,True,3,"a_volume,a_pre_total_ge4,a_wick_le_q1,a_pre_total_ge1,a_fvg",False,True,True,False,False,False,False,VOLUME,1,False,True,0.3769531250000002,0.42206643727690857,,False,False,False,False,195167.43707962762,A,direct_under_threshold,0.0,1,191217.84567781482,A,2026-04,2026-04-08 04:00:00,1.930965570650802,up,False,True,a_trend_counter+a_vol_expansion+a_volume||up||long,1,3
BTC+ETH+SOL+XRP+DOGE+AVAX+LINK+BNB+ADA v19b norefine rpboost (9coins),orderbook_split_proxy,v19b_norefine_rpboost_9coins,1.0,3.0,capFixed,XRPUSDT,2026-04-08 16:00:00+00:00,2026-04-10 16:00:00+00:00,long,1.3593,1.3593,0.0,1.3593,1.2919405714285714,22986.833040442052,31246.00215187288,31246.00215187288,0.008,0.008,1548.3799382710095,0.06735942857142851,0.02581895418183207,39.97755068228716,time_exit_non_runner,time_exit_non_runner,12,9.25,B,2,tier_d_skip,D,1.0,0,0,0.38063063063062874,base,False,True,True,False,False,False,False,False,False,False,True,False,False,False,True,False,0.0,1.3157,1.3593,engulf,10,1.3,0.45,legacy,1,True,False,False,True,5,"a_sweep,a_volume,a_fvg,a_room",True,True,True,True,False,False,False,SWEEP+VOLUME,2,False,False,0.0,0.14697274323670925,,False,False,False,False,193547.49228387617,A,direct_under_threshold,0.0,1,191257.82322849712,A,2026-04,2026-04-08 12:00:00,2.120252395610284,up,False,True,a_room+a_vol_expansion+a_volume||up||long,2,3
BTC+ETH+SOL+XRP+DOGE+AVAX+LINK+BNB+ADA v19b norefine rpboost (9coins),orderbook_split_proxy,v19b_norefine_rpboost_9coins,1.0,3.0,capFixed,LINKUSDT,2026-04-09 00:00:00+00:00,2026-04-11 00:00:00+00:00,long,8.863,8.863,0.0,8.863,8.504731428571429,4269.71879330171,37842.517665033054,37842.517665033054,0.008,0.008,1529.7060524779256,0.35826857142857094,0.48300636394086016,738.8577583056895,time_exit_non_runner,time_exit_non_runner,12,7.5,B,2,rp_pass_rp2,B,1.0,0,0,0.21234567901234488,base,False,False,True,False,False,False,True,False,False,False,True,False,False,False,True,False,0.0,8.849,8.863,engulf,10,1.3,0.45,legacy,1,True,False,False,True,4,"a_volume,a_wick_le_q1,a_fvg,a_room",False,True,True,False,False,False,False,VOLUME,1,False,False,0.0,0.8931846818827077,,False,False,False,False,191213.25655974066,A,direct_under_threshold,0.0,1,191996.6809868028,A,2026-04,2026-04-08 20:00:00,2.4219117852815986,up,False,True,a_room+a_vol_expansion+a_volume||up||long,2,3
BTC+ETH+SOL+XRP+DOGE+AVAX+LINK+BNB+ADA v19b norefine rpboost (9coins),orderbook_split_proxy,v19b_norefine_rpboost_9coins,1.0,3.0,capFixed,ADAUSDT,2026-04-10 00:00:00+00:00,2026-04-12 00:00:00+00:00,long,0.2528,0.2528,0.0,0.2528,0.24060914285714285,125528.60170194838,31733.630510252555,31733.630510252555,0.008,0.008,1530.3012506910702,0.01219085714285717,-0.7668246695415771,-1173.472750860242,time_exit_non_runner,time_exit_non_runner,12,8.75,B,2,rp_pass_rp2,A,1.0,6,2,0.23668639053254376,base,False,False,True,True,True,False,True,True,False,False,True,False,False,False,True,True,0.12195121951219517,0.2472,0.2595,engulf,10,1.3,0.45,legacy,1,True,True,False,True,4,"a_volume,a_pre_total_ge4,a_sweep_count_2_4,a_wick_le_q1,a_pre_total_ge1,a_fvg,a_room",False,True,True,False,False,False,False,VOLUME,1,False,True,0.12195121951219517,0.4921721196212566,,False,False,False,False,191287.65633638378,A,direct_under_threshold,0.0,1,190823.20823594255,A,2026-04,2026-04-09 20:00:00,2.396499115483251,up,False,True,a_room+a_vol_expansion+a_volume||up||long,2,3
BTC+ETH+SOL+XRP+DOGE+AVAX+LINK+BNB+ADA v19b norefine rpboost (9coins),orderbook_split_proxy,v19b_norefine_rpboost_9coins,1.0,3.0,capFixed,DOGEUSDT,2026-04-10 00:00:00+00:00,2026-04-12 00:00:00+00:00,long,0.09269,0.09269,0.0,0.09269,0.08784828571428571,316065.9965430632,29296.157219576526,29296.157219576526,0.008,0.008,1530.3012506910702,0.0048417142857142825,-0.3473759294228717,-531.5898192557935,time_exit_non_runner,time_exit_non_runner,12,8.75,B,2,rp_pass_rp2,B,1.0,1,0,0.196277495769883,base,False,False,True,False,False,False,True,True,False,False,True,False,False,False,True,True,0.46938775510203795,0.0922,0.09269,engulf,10,1.3,0.45,legacy,1,True,False,False,True,4,"a_volume,a_wick_le_q1,a_pre_total_ge1,a_fvg,a_room",False,True,True,False,False,False,False,VOLUME,1,False,True,0.46938775510203795,0.53286911365514,,False,False,False,False,191287.65633638378,A,direct_under_threshold,0.0,1,190291.61841668678,A,2026-04,2026-04-09 20:00:00,2.396499115483251,up,False,True,a_room+a_vol_expansion+a_volume||up||long,2,3
BTC+ETH+SOL+XRP+DOGE+AVAX+LINK+BNB+ADA v19b norefine rpboost (9coins),orderbook_split_proxy,v19b_norefine_rpboost_9coins,1.0,3.0,capFixed,XRPUSDT,2026-04-12 00:00:00+00:00,2026-04-12 04:00:00+00:00,long,1.3313,1.3313,0.0,1.332033998885061,1.3273061,381164.51271526486,507724.09010519,507444.31577783206,0.008,0.008,1802.1072746913114,0.004727898885060977,-1.2812391046779719,-2308.9303111591557,loss,stop,1,8.0,B,1,rp_boost_rp1_x1.5,B,1.0,0,0,0.14999999999999525,base,False,False,True,False,False,False,True,False,False,False,False,True,False,True,False,False,0.0,1.3259,1.3313,engulf,10,1.3,0.45,legacy,1,True,False,True,False,5,"a_volume,a_wick_le_q1,a_room",False,True,False,False,False,False,False,none,0,False,False,0.0,0.0,,False,False,False,False,190291.61841668678,A,orderbook_split_proxy,0.091,5,187982.68810552763,A,2026-04,2026-04-11 20:00:00,1.9590283407533677,up,True,True,a_fvg_absent+a_ob+a_room+a_trend_counter||up||long,2,4
BTC+ETH+SOL+XRP+DOGE+AVAX+LINK+BNB+ADA v19b norefine rpboost (9coins),orderbook_split_proxy,v19b_norefine_rpboost_9coins,1.0,3.0,capFixed,AVAXUSDT,2026-04-12 20:00:00+00:00,2026-04-13 00:00:00+00:00,long,9.015,9.015,0.0,9.019327414381278,8.970535714285715,38049.50795389,343180.9701922387,343016.3142043184,0.009,0.009,1856.5001808699524,0.04879170009556333,0.46482127699555387,862.940784814448,win,stop,1,10.5,B,1,rp_boost_rp1_x1.5,S,1.0,7,2,0.2040133779264263,base,False,False,False,True,True,True,True,True,False,False,False,True,False,True,False,True,0.42647058823529527,8.956,9.024,engulf,10,1.3,0.45,legacy,1,True,False,False,False,5,"a_pre_total_ge4,a_sweep_count_2_4,a_score_ge13,a_wick_le_q1,a_pre_total_ge1,a_room",False,False,False,True,False,False,False,SWEEP,1,False,True,0.42647058823529527,2.9856017587705868,,False,False,False,False,187982.68810552763,A,orderbook_split_proxy,0.09800000000000002,5,188845.62889034208,A,2026-04,2026-04-12 16:00:00,0.346312556295084,range,True,True,a_fvg_absent+a_room+a_score_ge13||range||long,1,3
BTC+ETH+SOL+XRP+DOGE+AVAX+LINK+BNB+ADA v19b norefine rpboost (9coins),orderbook_split_proxy,v19b_norefine_rpboost_9coins,1.0,3.0,capFixed,BNBUSDT,2026-04-14 12:00:00+00:00,2026-04-14 16:00:00+00:00,short,621.78,621.78,0.0,621.78,623.8088571428572,911.1532803741295,566536.8866710262,566536.8866710262,0.012,0.012,1848.5998411248138,2.0288571428571913,0.7940818969159348,1467.9396684788878,win,stop,1,8.0,B,1,rp_boost_rp1_x1.5,B,1.0,0,0,0.11672794117646897,base,False,False,True,False,False,False,True,False,False,False,False,True,False,True,False,False,0.0,621.78,623.35,engulf,10,1.3,0.45,legacy,1,True,True,False,False,5,"a_volume,a_wick_le_q1,a_room",False,True,True,True,False,False,False,SWEEP+VOLUME,2,False,False,0.0,4.756372341923548,,False,False,False,False,188845.62889034208,A,direct_under_threshold,0.0,1,190313.56855882096,A,2026-04,2026-04-14 08:00:00,0.3632426875378784,range,True,True,a_fvg_absent+a_ob+a_room+a_trend_counter||range||short,1,4
BTC+ETH+SOL+XRP+DOGE+AVAX+LINK+BNB+ADA v19b norefine rpboost (9coins),orderbook_split_proxy,v19b_norefine_rpboost_9coins,1.0,3.0,capFixed,BNBUSDT,2026-04-16 12:00:00+00:00,2026-04-17 00:00:00+00:00,long,616.5,616.5,0.0,616.5,613.6232,793.8552637325672,489411.77009112766,489411.77009112766,0.012,0.012,2283.7628227058517,2.876800000000003,3.3557671082949208,7663.776163583062,win,stop,3,7.5,B,1,tier_d_skip,D,1.0,0,0,0.2806476484194278,base,False,False,True,False,False,False,True,False,False,False,False,True,False,True,False,False,0.0,614.17,616.5,engulf,10,1.3,0.45,legacy,1,True,False,False,False,5,"a_volume,a_wick_le_q1,a_room",False,True,False,False,False,False,False,none,0,False,False,0.0,7.480533926585081,7.435344827586195,True,True,True,True,190313.56855882096,A,direct_under_threshold,0.0,1,197977.34472240403,A,2026-04,2026-04-16 08:00:00,1.6476767477265075,up,True,True,a_fvg_absent+a_ob+a_room+a_trend_counter||up||long,2,4
BTC+ETH+SOL+XRP+DOGE+AVAX+LINK+BNB+ADA v19b norefine rpboost (9coins),orderbook_split_proxy,v19b_norefine_rpboost_9coins,1.0,3.0,capFixed,ETHUSDT,2026-04-16 20:00:00+00:00,2026-04-17 00:00:00+00:00,long,2342.32,2342.32,0.0,2342.32,2331.925892857143,243.7500878088659,570940.7056764629,570940.7056764629,0.015,0.015,2533.564528766188,10.394107142857138,-1.2248507653718628,-3103.238452178268,loss,stop,1,8.5,B,2,tier_d_skip,D,1.0,0,0,0.3066725585505955,base,False,False,True,False,False,False,True,False,True,False,False,False,False,True,False,False,0.0,2341.96,2342.32,engulf,10,1.3,0.45,legacy,1,True,False,False,False,3,"a_volume,a_wick_le_q1,a_trend_align,a_room",False,True,False,True,False,False,False,SWEEP,1,False,False,0.0,0.7244489494390468,,False,False,False,False,190313.56855882096,A,direct_under_threshold,0.0,1,194874.10627022575,A,2026-04,2026-04-16 16:00:00,1.6987016306304028,up,True,False,a_fvg_absent+a_room+a_volume||up||long,1,3
BTC+ETH+SOL+XRP+DOGE+AVAX+LINK+BNB+ADA v19b norefine rpboost (9coins),orderbook_split_proxy,v19b_norefine_rpboost_9coins,1.0,3.0,capFixed,DOGEUSDT,2026-04-15 16:00:00+00:00,2026-04-17 16:00:00+00:00,long,0.0934,0.0934,0.0,0.0934,0.08638931428571428,217169.70500733514,20283.6504476851,20283.6504476851,0.008,0.008,1522.5085484705678,0.0070106857142857165,0.9358489112538413,1424.837967460847,time_exit_non_runner,time_exit_non_runner,12,8.75,B,2,rp_pass_rp2,S,1.0,4,2,0.17999999999999566,base,False,False,True,True,True,False,True,True,False,False,True,False,False,False,True,True,0.09444444444444658,0.09243,0.09423,engulf,10,1.3,0.45,legacy,1,True,False,False,True,4,"a_volume,a_pre_total_ge4,a_sweep_count_2_4,a_wick_le_q1,a_pre_total_ge1,a_fvg,a_room",False,True,True,False,False,False,False,VOLUME,1,False,True,0.09444444444444658,1.2495211391589982,,False,False,False,False,190313.56855882096,A,direct_under_threshold,0.0,1,196298.9442376866,A,2026-04,2026-04-15 12:00:00,1.9313006797748538,up,False,True,a_room+a_vol_expansion+a_volume||up||long,2,3
BTC+ETH+SOL+XRP+DOGE+AVAX+LINK+BNB+ADA v19b norefine rpboost (9coins),orderbook_split_proxy,v19b_norefine_rpboost_9coins,1.0,3.0,capFixed,ADAUSDT,2026-04-17 08:00:00+00:00,2026-04-17 16:00:00+00:00,long,0.2549,0.2549,0.0,0.2549,0.25066171428571427,367835.71360160946,93761.32339705026,93761.32339705026,0.008,0.008,1558.9928501618058,0.00423828571428575,1.6784648982068158,2616.714775551989,win,stop,2,8.0,B,1,tier_d_skip,D,1.0,0,0,0.29365079365079527,base,False,False,True,False,False,False,True,False,False,False,False,False,False,True,False,True,1.0,0.2548,0.2549,engulf,10,1.3,0.45,legacy,1,True,True,False,False,4,"a_volume,a_wick_le_q1,a_room",False,True,True,False,False,False,False,VOLUME,1,False,True,1.0,3.0672778751516554,2.666172306862585,False,False,False,False,194874.10627022575,A,direct_under_threshold,0.0,1,198915.6590132386,A,2026-04,2026-04-17 04:00:00,1.7241191853567297,up,True,True,a_fvg_absent+a_room+a_volume||up||long,1,3
BTC+ETH+SOL+XRP+DOGE+AVAX+LINK+BNB+ADA v19b norefine rpboost (9coins),orderbook_split_proxy,v19b_norefine_rpboost_9coins,1.0,3.0,capFixed,DOGEUSDT,2026-04-18 16:00:00+00:00,2026-04-18 20:00:00+00:00,long,0.09605,0.09605,0.0,0.09609699998065517,0.09550589285714285,2924654.2578907306,281050.5001639486,280913.04147040466,0.008,0.008,1728.7839656498454,0.0005911071235123189,-1.1620712094444967,-2008.970073830969,loss,stop,1,8.75,B,3,tier_d_skip,D,1.0,0,0,0.3160000000000011,base,False,False,True,False,False,False,True,False,True,False,True,False,False,False,True,False,0.0,0.09566,0.09605,engulf,10,1.3,0.45,legacy,1,True,True,False,True,3,"a_volume,a_wick_le_q1,a_trend_align,a_fvg,a_room",False,True,False,True,False,False,False,SWEEP,1,False,False,0.0,0.0,,False,False,False,False,198915.6590132386,A,orderbook_split_proxy,0.10500000000000001,5,196906.6889394076,A,2026-04,2026-04-18 12:00:00,1.6591735251755044,up,False,False,a_room+a_vol_expansion+a_volume||up||long,1,3
BTC+ETH+SOL+XRP+DOGE+AVAX+LINK+BNB+ADA v19b norefine rpboost (9coins),orderbook_split_proxy,v19b_norefine_rpboost_9coins,1.0,3.0,capFixed,ADAUSDT,2026-04-18 16:00:00+00:00,2026-04-19 00:00:00+00:00,long,0.2502,0.2502,0.0,0.2502,0.24711885714285714,516472.40841716575,129221.39658597486,129221.39658597486,0.008,0.008,1591.3252721059087,0.003081142857142838,-1.0807036350148373,-1719.7510060558307,loss,stop,2,9.25,B,2,tier_d_skip,D,1.0,0,0,0.3472222222222233,base,False,False,True,False,False,False,True,False,False,False,True,False,False,False,True,False,0.0,0.2476,0.2502,engulf,10,1.3,0.45,legacy,1,True,False,False,True,4,"a_volume,a_wick_le_q1,a_fvg,a_room",False,True,False,True,False,False,False,SWEEP,1,False,False,0.0,0.16227744807121777,,False,False,False,False,198915.6590132386,A,direct_under_threshold,0.0,1,195186.9379333518,A,2026-04,2026-04-18 12:00:00,1.6591735251755044,up,False,True,a_room+a_vol_expansion+a_volume||up||long,2,3
BTC+ETH+SOL+XRP+DOGE+AVAX+LINK+BNB+ADA v19b norefine rpboost (9coins),orderbook_split_proxy,v19b_norefine_rpboost_9coins,1.0,3.0,capFixed,BNBUSDT,2026-04-18 20:00:00+00:00,2026-04-19 00:00:00+00:00,long,634.39,634.39,0.0,634.39,624.3367428571429,235.0362905967977,149104.67239170248,149104.67239170248,0.012,0.012,2362.8802672728916,10.053257142857092,-1.062602931814565,-2510.8034995309577,loss,stop,1,8.75,B,3,rp_pass_rp3,A,1.0,6,4,0.5770513675783989,base,False,False,True,True,True,False,False,True,True,False,True,False,False,False,True,True,0.07592407592407509,625.0,635.01,engulf,10,1.3,0.45,legacy,1,True,False,False,True,3,"a_volume,a_pre_total_ge4,a_sweep_count_2_4,a_pre_total_ge1,a_trend_align,a_fvg,a_room",False,True,True,False,False,False,False,VOLUME,1,False,True,0.07592407592407509,0.0,,False,False,False,False,196906.6889394076,A,direct_under_threshold,0.0,1,192676.13443382081,A,2026-04,2026-04-18 16:00:00,1.6899284794878673,up,False,False,a_room+a_vol_expansion+a_volume||up||long,1,3
BTC+ETH+SOL+XRP+DOGE+AVAX+LINK+BNB+ADA v19b norefine rpboost (9coins),orderbook_split_proxy,v19b_norefine_rpboost_9coins,1.0,3.0,capFixed,XRPUSDT,2026-04-17 08:00:00+00:00,2026-04-19 08:00:00+00:00,long,1.4351,1.4351,0.0,1.4351,1.3332028571428571,15299.671869578056,21956.55910003147,21956.55910003147,0.008,0.008,1558.992850161806,0.10189714285714291,-0.07489905787348566,-116.76709570861946,time_exit_non_runner,time_exit_non_runner,12,8.75,B,2,rp_pass_rp2,C,1.0,1,0,0.2635914332784151,base,False,False,True,False,False,False,True,True,False,False,True,False,False,False,True,True,0.6521739130434719,1.4259,1.4351,engulf,10,1.3,0.45,legacy,1,False,True,False,True,3,"a_volume,a_wick_le_q1,a_pre_total_ge1,a_fvg",False,True,True,False,False,False,False,VOLUME,1,False,True,0.6521739130434719,0.7272039030955587,,False,False,False,False,194874.10627022575,A,direct_under_threshold,0.0,1,192559.3673381122,A,2026-04,2026-04-17 04:00:00,1.7241191853567297,up,False,True,a_trend_counter+a_vol_expansion+a_volume||up||long,1,3
BTC+ETH+SOL+XRP+DOGE+AVAX+LINK+BNB+ADA v19b norefine rpboost (9coins),orderbook_split_proxy,v19b_norefine_rpboost_9coins,1.0,3.0,capFixed,AVAXUSDT,2026-04-18 12:00:00+00:00,2026-04-19 20:00:00+00:00,long,9.344,9.344,0.0,9.344,9.045457142857142,5996.596094283672,56032.19390498663,56032.19390498663,0.009,0.009,1790.240931119147,0.29854285714285744,-1.0307986888697485,-1845.3780045585743,loss,stop,8,8.75,B,3,tier_d_skip,D,1.0,0,0,0.26506024096385095,base,False,False,True,False,False,False,True,False,True,False,True,False,False,False,True,False,0.0,9.214,9.344,engulf,10,1.3,0.45,legacy,1,True,True,True,True,3,"a_volume,a_wick_le_q1,a_trend_align,a_fvg,a_room",False,True,True,False,False,False,False,VOLUME,1,False,False,0.0,0.3115130634510475,,False,False,False,False,198915.6590132386,A,direct_under_threshold,0.0,1,190713.98933355362,A,2026-04,2026-04-18 08:00:00,1.7178203243203065,up,False,False,a_room+a_vol_expansion+a_volume||up||long,1,3
BTC+ETH+SOL+XRP+DOGE+AVAX+LINK+BNB+ADA v19b norefine rpboost (9coins),orderbook_split_proxy,v19b_norefine_rpboost_9coins,1.0,3.0,capFixed,LINKUSDT,2026-04-18 12:00:00+00:00,2026-04-21 20:00:00+00:00,long,9.405,9.405,0.0,9.405,8.895702857142858,3124.5517364943826,29386.409081729667,29386.409081729667,0.008,0.008,1591.3252721059087,0.5092971428571413,-0.04397923749256672,-69.98527206986911,time_exit_non_runner,time_exit_non_runner,20,8.75,B,3,tier_d_skip,D,1.0,0,0,0.25619834710744926,expansion,True,False,True,False,False,False,True,False,True,False,True,False,False,False,True,False,0.0,9.235,9.405,engulf,10,1.3,0.45,legacy,1,True,False,False,True,3,"a_volume,a_wick_le_q1,a_trend_align,a_fvg,a_room",False,True,True,False,False,False,False,VOLUME,1,False,False,0.0,0.16100620462935106,,False,False,False,False,198915.6590132386,A,direct_under_threshold,0.0,1,190644.00406148375,A,2026-04,2026-04-18 08:00:00,1.7178203243203065,up,False,False,a_room+a_vol_expansion+a_volume||up||long,1,3
BTC+ETH+SOL+XRP+DOGE+AVAX+LINK+BNB+ADA v19b norefine rpboost (9coins),orderbook_split_proxy,v19b_norefine_rpboost_9coins,1.0,3.0,capFixed,ADAUSDT,2026-04-23 00:00:00+00:00,2026-04-23 04:00:00+00:00,long,0.248,0.248,0.0,0.24805493243224797,0.24656914285714288,1065900.981174445,264401.9958646938,264343.4433312624,0.008,0.008,1583.704565923277,0.0014857895751050898,-1.1664515903116381,-1847.314709505009,loss,stop,1,9.0,B,1,tier_d_skip,D,1.0,0,0,0.24468085106383042,base,False,False,False,False,False,False,True,False,False,False,False,True,False,True,False,False,0.0,0.2475,0.248,engulf,10,1.3,0.45,legacy,1,True,False,True,False,4,"a_wick_le_q1,a_room",False,False,True,False,False,False,False,VOLUME,1,False,False,0.0,0.09763668434796895,,False,False,False,False,190644.00406148375,A,orderbook_split_proxy,0.091,5,188796.68935197874,A,2026-04,2026-04-22 20:00:00,1.521657590964719,up,True,True,a_fvg_absent+a_ob+a_room+a_trend_counter||up||long,1,4
BTC+ETH+SOL+XRP+DOGE+AVAX+LINK+BNB+ADA v19b norefine rpboost (9coins),orderbook_split_proxy,v19b_norefine_rpboost_9coins,1.0,3.0,capFixed,BTCUSDT,2026-04-21 12:00:00+00:00,2026-04-23 12:00:00+00:00,long,75790.1,75790.1,0.0,75790.1,74469.45028571428,3.1770027433863715,240785.35562152744,240785.35562152744,0.022,0.022,4195.707765338179,1320.649714285726,1.6491956398949827,6919.542952869247,time_exit_non_runner,time_exit_non_runner,12,10.5,A,2,rp_pass_rp2,C,1.0,3,0,0.31205891377722333,base,False,False,True,True,False,True,True,True,True,False,False,True,False,True,False,True,0.909917355371949,75669.1,75790.1,engulf,10,1.3,0.45,legacy,1,True,False,True,False,5,"a_volume,a_pre_total_ge4,a_score_ge13,a_wick_le_q1,a_pre_total_ge1,a_trend_align,a_room",False,True,False,False,False,False,False,none,0,False,True,0.909917355371949,2.766744247528352,,False,False,False,False,190713.98933355362,A,direct_under_threshold,0.0,1,195716.23230484797,A,2026-04,2026-04-21 08:00:00,-0.36798694569161655,range,True,False,a_fvg_absent+a_ob+a_score_ge13+a_volume||range||long,2,4
BTC+ETH+SOL+XRP+DOGE+AVAX+LINK+BNB+ADA v19b norefine rpboost (9coins),orderbook_split_proxy,v19b_norefine_rpboost_9coins,1.0,3.0,capFixed,XRPUSDT,2026-04-24 00:00:00+00:00,2026-04-27 08:00:00+00:00,long,1.4309,1.4309,0.0,1.4309,1.4065845714285714,64392.443416710434,92139.14728497097,92139.14728497097,0.008,0.008,1565.7298584387838,0.024315428571428654,-0.8069691201353607,-1263.4956462340083,time_exit_non_runner,time_exit_non_runner,20,10.5,A,2,rp_pass_rp2,C,1.0,3,0,0.3548387096774231,expansion,True,False,True,True,False,True,False,True,True,False,False,True,False,True,False,True,0.9047619047619149,1.4288,1.4309,engulf,10,1.3,0.45,legacy,1,True,False,True,False,5,"a_volume,a_pre_total_ge4,a_score_ge13,a_pre_total_ge1,a_trend_align,a_room",False,True,False,True,False,False,False,SWEEP,1,False,True,0.9047619047619149,0.7978473397255039,,False,False,False,False,195716.23230484797,A,direct_under_threshold,0.0,1,194452.73665861395,A,2026-04,2026-04-23 20:00:00,2.194407482013917,up,True,False,a_fvg_absent+a_room+a_volume||up||long,1,3
BTC+ETH+SOL+XRP+DOGE+AVAX+LINK+BNB+ADA v19b norefine rpboost (9coins),orderbook_split_proxy,v19b_norefine_rpboost_9coins,1.0,3.0,capFixed,BNBUSDT,2026-04-27 04:00:00+00:00,2026-04-27 08:00:00+00:00,long,636.2,636.2,0.0,636.2,626.8383428571428,250.8738305429306,159605.93099141246,159605.93099141246,0.012,0.012,2348.594787658176,9.361657142857212,-1.067458053824414,-2507.0264212557595,loss,stop,1,11.5,A,2,tier_d_skip,D,1.0,0,0,0.25628448804415643,base,False,False,True,False,False,True,True,False,True,False,False,False,False,True,False,False,0.0,636.18,636.2,engulf,10,1.3,0.45,legacy,1,True,False,True,False,4,"a_volume,a_score_ge13,a_wick_le_q1,a_trend_align,a_room",False,True,True,False,False,False,False,VOLUME,1,False,False,0.0,0.0,,False,False,False,False,195716.23230484797,A,direct_under_threshold,0.0,1,191945.7102373582,A,2026-04,2026-04-27 00:00:00,-0.009808866916400524,range,True,False,a_fvg_absent+a_room+a_score_ge13||range||long,1,3
BTC+ETH+SOL+XRP+DOGE+AVAX+LINK+BNB+ADA v19b norefine rpboost (9coins),orderbook_split_proxy,v19b_norefine_rpboost_9coins,1.0,3.0,capFixed,BTCUSDT,2026-04-30 12:00:00+00:00,2026-05-01 00:00:00+00:00,short,76350.0,76350.0,0.0,76350.0,76990.36857142857,6.594336158318054,503477.5656875834,503477.5656875834,0.022,0.022,4222.80562522188,640.3685714285675,-1.1197282123241532,-4728.394593722074,loss,stop,3,13.25,S,3,rp_pass_rp3,S,1.0,0,0,0.19019042668808187,base,False,False,True,False,False,True,True,False,False,True,True,False,False,False,True,False,0.0,76350.0,76921.9,engulf,10,1.3,0.45,legacy,1,True,False,True,False,5,"a_volume,a_score_ge13,a_wick_le_q1,a_mss,a_fvg,a_room",False,True,True,False,False,False,False,VOLUME,1,False,False,0.0,0.4522395584685724,,False,False,False,False,191945.7102373582,A,direct_under_threshold,0.0,1,187217.31564363613,A,2026-05,2026-04-30 08:00:00,-0.9468572367715719,range,False,True,a_room+a_score_ge13+a_volume||range||short,1,3
BTC+ETH+SOL+XRP+DOGE+AVAX+LINK+BNB+ADA v19b norefine rpboost (9coins),orderbook_split_proxy,v19b_norefine_rpboost_9coins,1.0,3.0,capFixed,XRPUSDT,2026-04-29 20:00:00+00:00,2026-05-01 12:00:00+00:00,short,1.3832,1.3832,0.0,1.3832,1.4070897142857142,64277.27278501272,88908.3237162296,88908.3237162296,0.008,0.008,1535.5656818988657,0.02388971428571418,0.19222560516181475,295.1750424687242,win,stop,10,11.25,S,3,rp_pass_rp3,B,1.0,3,1,0.07058823529411747,base,False,False,True,True,False,True,True,True,False,True,True,False,False,False,True,True,0.26630434782608214,1.3697,1.3881,engulf,10,1.3,0.45,legacy,1,True,True,False,False,5,"a_volume,a_pre_total_ge4,a_score_ge13,a_wick_le_q1,a_pre_total_ge1,a_mss,a_fvg,a_room",False,True,True,True,False,False,False,SWEEP+VOLUME,2,False,True,0.26630434782608214,1.0548472743798885,,False,False,False,False,191945.7102373582,A,direct_under_threshold,0.0,1,187512.49068610487,A,2026-05,2026-04-29 16:00:00,-1.015774477601941,down,False,True,a_mss+a_room+a_volume||down||short,1,3
BTC+ETH+SOL+XRP+DOGE+AVAX+LINK+BNB+ADA v19b norefine rpboost (9coins),orderbook_split_proxy,v19b_norefine_rpboost_9coins,1.0,3.0,capFixed,ADAUSDT,2026-05-05 00:00:00+00:00,2026-05-05 04:00:00+00:00,short,0.2505,0.2505,0.0,0.2505,0.25307485714285716,582595.3993798168,145940.1475446441,145940.1475446441,0.008,0.008,1500.0999254888393,0.0025748571428571565,-1.097786950732356,-1646.7901229962276,loss,stop,1,8.0,B,1,tier_d_skip,D,1.0,0,0,0.2477876106194668,base,False,False,True,False,False,False,True,False,False,False,False,True,False,True,False,True,1.0,0.2505,0.2509,engulf,10,1.3,0.45,legacy,1,True,False,True,False,5,"a_volume,a_wick_le_q1,a_room",False,True,False,True,False,False,False,SWEEP,1,False,True,1.0,0.0,,False,False,False,False,187512.49068610487,A,direct_under_threshold,0.0,1,185865.70056310864,A,2026-05,2026-05-04 20:00:00,1.523213856844311,up,True,True,a_fvg_absent+a_ob+a_room+a_trend_counter||up||short,1,4
BTC+ETH+SOL+XRP+DOGE+AVAX+LINK+BNB+ADA v19b norefine rpboost (9coins),orderbook_split_proxy,v19b_norefine_rpboost_9coins,1.0,3.0,capFixed,ETHUSDT,2026-05-06 00:00:00+00:00,2026-05-06 12:00:00+00:00,long,2356.12,2356.12,0.0,2356.12,2321.1664,79.7624710601095,187929.95331414518,187929.95331414518,0.015,0.015,2787.9855084466294,34.953599999999824,0.1824679231895996,508.7179256089563,win,stop,3,7.75,B,3,tier_d_skip,D,1.0,0,0,0.23135348625246582,base,False,False,True,False,False,False,True,False,True,False,True,False,False,False,True,False,0.0,2324.29,2356.12,engulf,10,1.3,0.45,legacy,1,True,False,False,True,3,"a_volume,a_wick_le_q1,a_trend_align,a_fvg,a_room",False,True,False,False,False,False,False,none,0,False,False,0.0,1.8996612652201899,,False,False,False,False,185865.70056310864,A,direct_under_threshold,0.0,1,186374.41848871758,A,2026-05,2026-05-05 20:00:00,1.79360451504902,up,False,False,a_room+a_vol_expansion+a_volume||up||long,1,3
BTC+ETH+SOL+XRP+DOGE+AVAX+LINK+BNB+ADA v19b norefine rpboost (9coins),orderbook_split_proxy,v19b_norefine_rpboost_9coins,1.0,3.0,capFixed,BNBUSDT,2026-05-06 20:00:00+00:00,2026-05-07 00:00:00+00:00,long,649.51,649.51,0.0,649.51,643.5500571428571,375.2541048584403,243731.29364660557,243731.29364660557,0.012,0.012,2236.493021864611,5.959942857142892,-1.1084792327826722,-2479.106069000284,loss,stop,1,8.75,B,3,rp_pass_rp3,B,1.0,2,1,0.18251497005988704,base,False,False,True,False,False,False,True,True,True,False,True,False,False,False,True,True,0.26126126126127647,647.29,649.51,engulf,10,1.3,0.45,legacy,1,True,True,False,True,3,"a_volume,a_wick_le_q1,a_pre_total_ge1,a_trend_align,a_fvg,a_room",False,True,True,False,False,False,False,VOLUME,1,False,True,0.26126126126127647,0.1325516064391728,,False,False,False,False,186374.41848871758,A,direct_under_threshold,0.0,1,183895.3124197173,A,2026-05,2026-05-06 16:00:00,2.0687575134940897,up,False,False,a_room+a_vol_expansion+a_volume||up||long,1,3
BTC+ETH+SOL+XRP+DOGE+AVAX+LINK+BNB+ADA v19b norefine rpboost (9coins),orderbook_split_proxy,v19b_norefine_rpboost_9coins,1.0,3.0,capFixed,LINKUSDT,2026-05-07 00:00:00+00:00,2026-05-07 04:00:00+00:00,long,9.866,9.866,0.0,9.866758655273957,9.790068571428572,19374.882404244927,191167.28865699872,191152.58980028043,0.008,0.008,1485.861356076018,0.076690083845385,0.9707924453262258,1442.4629792807793,win,stop,1,8.75,B,3,tier_d_skip,D,1.0,0,0,0.27696078431372717,base,False,False,True,False,False,False,True,False,True,False,True,False,False,False,True,False,0.0,9.685,9.866,engulf,10,1.3,0.45,legacy,1,True,True,False,True,3,"a_volume,a_wick_le_q1,a_trend_align,a_fvg,a_room",False,True,False,False,False,False,False,none,0,False,False,0.0,3.4194948235386984,,False,False,False,False,183895.3124197173,A,orderbook_split_proxy,0.091,5,185337.77539899806,A,2026-05,2026-05-06 20:00:00,2.0044285210780495,up,False,False,a_room+a_vol_expansion+a_volume||up||long,1,3
BTC+ETH+SOL+XRP+DOGE+AVAX+LINK+BNB+ADA v19b norefine rpboost (9coins),orderbook_split_proxy,v19b_norefine_rpboost_9coins,1.0,3.0,capFixed,XRPUSDT,2026-05-07 20:00:00+00:00,2026-05-09 20:00:00+00:00,long,1.3827,1.3827,0.0,1.3827,1.3345417142857143,30788.1018022233,42570.70836193416,42570.70836193416,0.008,0.008,1482.7022031919844,0.04815828571428571,0.797100147430496,1181.8621447598518,time_exit_non_runner,time_exit_non_runner,12,8.75,B,3,tier_d_skip,D,1.0,0,0,0.30855018587360583,base,False,False,True,False,False,False,True,False,True,False,True,False,False,False,True,False,0.0,1.362,1.3827,engulf,10,1.3,0.45,legacy,1,True,False,False,True,3,"a_volume,a_wick_le_q1,a_trend_align,a_fvg,a_room",False,True,True,False,False,False,False,VOLUME,1,False,False,0.0,1.0735431968389924,,False,False,False,False,185337.77539899806,A,direct_under_threshold,0.0,1,186519.6375437579,A,2026-05,2026-05-07 16:00:00,1.1000382169430662,up,False,False,a_room+a_vol_expansion+a_volume||up||long,1,3
BTC+ETH+SOL+XRP+DOGE+AVAX+LINK+BNB+ADA v19b norefine rpboost (9coins),orderbook_split_proxy,v19b_norefine_rpboost_9coins,1.0,3.0,capFixed,AVAXUSDT,2026-05-07 16:00:00+00:00,2026-05-15 12:00:00+00:00,long,9.495,9.495,0.0,9.495,9.364977142857143,12828.821141488233,121809.65673843077,121809.65673843077,0.009,0.009,1668.0399785909824,0.13002285714285655,0.8565093781313163,1428.6918847611366,win,stop,47,7.75,B,3,rp_pass_rp3,C,1.0,2,1,0.28525641025641213,expansion,True,False,True,False,False,False,True,True,True,False,True,False,False,False,True,True,0.24603174603173417,9.379,9.505,engulf,10,1.3,0.45,legacy,1,True,False,False,True,3,"a_volume,a_wick_le_q1,a_pre_total_ge1,a_trend_align,a_fvg,a_room",False,True,True,False,False,False,False,VOLUME,1,False,True,0.24603174603173417,7.598663971169949,,True,True,True,True,185337.77539899806,A,direct_under_threshold,0.0,1,187948.32942851903,A,2026-05,2026-05-07 12:00:00,1.3484244392021913,up,False,False,a_room+a_vol_expansion+a_volume||up||long,1,3
BTC+ETH+SOL+XRP+DOGE+AVAX+LINK+BNB+ADA v19b norefine rpboost (9coins),orderbook_split_proxy,v19b_norefine_rpboost_9coins,1.0,3.0,capFixed,LINKUSDT,2026-05-12 08:00:00+00:00,2026-05-13 12:00:00+00:00,long,10.269,10.269,0.0,10.269,9.745131428571428,2870.160031413836,29473.67336258868,29473.67336258868,0.008,0.008,1503.5866354281522,0.5238685714285722,0.23027275516214538,346.23503716502086,win,stop,7,13.75,S,4,rp_pass_rp4,A,1.0,0,0,0.42332613390929286,base,False,False,True,False,False,True,False,False,True,True,True,False,False,False,True,False,0.0,10.093,10.269,engulf,10,1.3,0.45,legacy,1,True,False,False,True,5,"a_volume,a_score_ge13,a_trend_align,a_mss,a_fvg,a_room",False,True,False,True,False,False,False,SWEEP,1,False,False,0.0,1.0174307623504233,,False,False,False,False,187948.32942851903,A,direct_under_threshold,0.0,1,188294.56446568406,A,2026-05,2026-05-12 04:00:00,0.7858339881226784,range,False,False,a_mss+a_score_ge13+a_vol_expansion||range||long,1,3
BTC+ETH+SOL+XRP+DOGE+AVAX+LINK+BNB+ADA v19b norefine rpboost (9coins),orderbook_split_proxy,v19b_norefine_rpboost_9coins,1.0,3.0,capFixed,DOGEUSDT,2026-05-15 12:00:00+00:00,2026-05-17 12:00:00+00:00,long,0.1126,0.1126,0.0,0.1126,0.10719542857142857,278718.95776269527,31383.75464407949,31383.75464407949,0.008,0.008,1506.3565157254725,0.005404571428571439,-0.4313922076548945,-649.8304628341464,time_exit_non_runner,time_exit_non_runner,12,11.5,A,2,tier_d_skip,D,1.0,0,0,0.2729658792650911,base,False,False,True,False,False,True,True,False,True,False,False,False,False,True,False,False,0.0,0.11237,0.1126,engulf,10,1.3,0.45,legacy,1,True,False,False,True,5,"a_volume,a_score_ge13,a_wick_le_q1,a_trend_align,a_room",False,True,True,False,False,False,False,VOLUME,1,False,False,0.0,0.2164834002960435,,False,False,False,False,188294.56446568406,A,direct_under_threshold,0.0,1,187644.7340028499,A,2026-05,2026-05-15 08:00:00,-0.4632524041178112,range,True,False,a_fvg_absent+a_room+a_score_ge13||range||long,1,3
BTC+ETH+SOL+XRP+DOGE+AVAX+LINK+BNB+ADA v19b norefine rpboost (9coins),orderbook_split_proxy,v19b_norefine_rpboost_9coins,1.0,3.0,capFixed,BTCUSDT,2026-05-17 00:00:00+00:00,2026-05-17 20:00:00+00:00,long,77880.0,77880.0,0.0,77880.0,77044.096,4.955689191874993,385949.07426322444,385949.07426322444,0.022,0.022,4142.480418245049,835.903999999995,-1.0926685935227018,-4526.358252299151,loss,stop,5,10.25,A,2,tier_d_skip,D,1.0,0,0,0.25682640640419757,base,False,False,False,False,False,True,True,False,False,False,True,False,False,False,True,False,0.0,77607.7,77880.0,engulf,10,1.3,0.45,legacy,1,True,True,False,False,3,"a_score_ge13,a_wick_le_q1,a_fvg,a_room",False,False,False,True,False,False,False,SWEEP,1,False,False,0.0,0.8186346757522479,,False,False,False,False,188294.56446568406,A,direct_under_threshold,0.0,1,183118.37575055074,A,2026-05,2026-05-16 20:00:00,-1.3460263342270953,down,False,True,a_room+a_score_ge13+a_trend_counter||down||long,1,3
BTC+ETH+SOL+XRP+DOGE+AVAX+LINK+BNB+ADA v19b norefine rpboost (9coins),orderbook_split_proxy,v19b_norefine_rpboost_9coins,1.0,3.0,capFixed,XRPUSDT,2026-05-18 00:00:00+00:00,2026-05-18 04:00:00+00:00,long,1.3855,1.3855,0.0,1.3861966378344899,1.3809589285714285,322599.41933246993,447186.2304460285,446961.4954851371,0.008,0.008,1689.681966895884,0.00523770926306133,-1.2641570415067842,-2136.0233563584648,loss,stop,1,8.5,B,1,tier_d_skip,D,1.0,0,0,0.3775811209439525,base,False,True,True,False,False,False,False,False,False,False,False,False,False,True,False,False,0.0,1.3843,1.3855,engulf,10,1.3,0.45,legacy,1,True,False,False,False,5,"a_sweep,a_volume,a_room",True,True,False,True,False,False,False,SWEEP,1,False,False,0.0,2.42536603837482,,False,False,False,False,183118.37575055074,A,orderbook_split_proxy,0.091,5,180982.35239419228,A,2026-05,2026-05-17 20:00:00,-1.565508047006329,down,True,True,a_fvg_absent+a_room+a_sweep+a_trend_counter+a_volume||down||long,1,5
BTC+ETH+SOL+XRP+DOGE+AVAX+LINK+BNB+ADA v19b norefine rpboost (9coins),orderbook_split_proxy,v19b_norefine_rpboost_9coins,1.0,3.0,capFixed,DOGEUSDT,2026-05-23 12:00:00+00:00,2026-05-23 20:00:00+00:00,short,0.10233,0.10233,0.0,0.10227589519946566,0.10282035714285714,2952661.8307574173,301986.1319620081,302145.8851414065,0.008,0.008,1607.6119985520463,0.000544461943391486,0.4624773525365557,743.4841409963516,win,stop,2,8.5,B,1,rp_boost_rp1_x1.5,B,1.0,1,0,0.10726072607260263,base,False,False,True,False,False,False,True,True,False,False,False,True,False,True,False,True,0.6285714285714256,0.10194,0.10299,engulf,10,1.3,0.45,legacy,1,True,True,False,False,5,"a_volume,a_wick_le_q1,a_pre_total_ge1,a_room",False,True,True,True,False,False,False,SWEEP+VOLUME,2,False,True,0.6285714285714256,2.8209413313600553,,False,False,False,False,180982.35239419228,A,orderbook_split_proxy,0.10500000000000001,5,181725.83653518863,A,2026-05,2026-05-23 08:00:00,-0.7150901281835648,range,True,True,a_fvg_absent+a_ob+a_room+a_trend_counter||range||short,1,4
BTC+ETH+SOL+XRP+DOGE+AVAX+LINK+BNB+ADA v19b norefine rpboost (9coins),orderbook_split_proxy,v19b_norefine_rpboost_9coins,1.0,3.0,capFixed,ADAUSDT,2026-05-23 20:00:00+00:00,2026-05-27 04:00:00+00:00,short,0.2467,0.2467,0.0,0.2467,0.252972,231793.15884590492,57183.37228728474,57183.37228728474,0.008,0.008,1453.8066922815092,0.006271999999999972,0.9920811383928617,1442.2941982818004,time_exit_non_runner,time_exit_non_runner,20,12.75,S,4,tier_d_skip,D,1.0,0,0,0.24489795918367335,expansion,True,False,True,False,False,True,True,False,True,True,True,False,False,False,True,False,0.0,0.2467,0.2477,engulf,10,1.3,0.45,legacy,1,True,True,False,False,4,"a_volume,a_score_ge13,a_wick_le_q1,a_trend_align,a_mss,a_fvg,a_room",False,True,True,False,False,False,False,VOLUME,1,False,False,0.0,1.6262755102040911,,False,False,False,False,181725.83653518863,A,direct_under_threshold,0.0,1,183168.13073347043,A,2026-05,2026-05-23 16:00:00,-1.1416134142039303,down,False,False,a_mss+a_room+a_volume||down||short,1,3
