symbol,side,entry_ms,exit_ms,entry,sl,K,conf,r_v3,exit_reason,hold_h,entry_time,exit_time
ADAUSDT,short,1644422400000,1644452100000,1.2072,1.2174964285714287,2.0,False,2.0,TP,8.25,2022-02-09 16:00:00+00:00,2022-02-10 00:15:00+00:00
ADAUSDT,short,1645718400000,1646087400000,0.8321,0.952944,2.0,False,-1.0,SL,102.5,2022-02-24 16:00:00+00:00,2022-02-28 22:30:00+00:00
ADAUSDT,long,1648900800000,1648922400000,1.1717,1.1529308571428571,2.0,False,-1.0,SL,6.0,2022-04-02 12:00:00+00:00,2022-04-02 18:00:00+00:00
ADAUSDT,long,1651752000000,1651959900000,0.8144,0.7578377142857143,3.0,True,-1.0,SL,57.75,2022-05-05 12:00:00+00:00,2022-05-07 21:45:00+00:00
ADAUSDT,long,1658188800000,1658203200000,0.4836,0.4795053571428571,3.0,True,-1.0,SL,4.0,2022-07-19 00:00:00+00:00,2022-07-19 04:00:00+00:00
ADAUSDT,short,1658275200000,1658738700000,0.5294,0.5548571428571428,3.0,True,1.292368125701459,time_exit,128.75,2022-07-20 00:00:00+00:00,2022-07-25 08:45:00+00:00
ADAUSDT,short,1659672000000,1660135500000,0.5119,0.5575068571428571,2.0,False,-0.46703503232596655,time_exit,128.75,2022-08-05 04:00:00+00:00,2022-08-10 12:45:00+00:00
ADAUSDT,long,1660564800000,1660864500000,0.5541,0.518684,3.0,True,-1.0,SL,83.25,2022-08-15 12:00:00+00:00,2022-08-18 23:15:00+00:00
ADAUSDT,short,1662249600000,1662426000000,0.4862,0.5103902857142858,2.0,False,-1.0,SL,49.0,2022-09-04 00:00:00+00:00,2022-09-06 01:00:00+00:00
ADAUSDT,short,1662796800000,1662998400000,0.5173,0.5270228571428571,2.0,False,2.0,TP,56.0,2022-09-10 08:00:00+00:00,2022-09-12 16:00:00+00:00
ADAUSDT,long,1663084800000,1663164000000,0.4627,0.4510022857142857,2.0,False,2.0,TP,22.0,2022-09-13 16:00:00+00:00,2022-09-14 14:00:00+00:00
ADAUSDT,short,1663214400000,1663677900000,0.4767,0.5027862857142857,3.0,True,1.3110337122954587,time_exit,128.75,2022-09-15 04:00:00+00:00,2022-09-20 12:45:00+00:00
ADAUSDT,short,1666627200000,1666642500000,0.3592,0.3608892857142857,2.0,False,-1.0,SL,4.25,2022-10-24 16:00:00+00:00,2022-10-24 20:15:00+00:00
ADAUSDT,short,1667404800000,1667419200000,0.4037,0.4059732142857143,3.0,True,3.0,TP,4.0,2022-11-02 16:00:00+00:00,2022-11-02 20:00:00+00:00
ADAUSDT,short,1670054400000,1670396400000,0.3227,0.330652,2.0,False,2.0,TP,95.0,2022-12-03 08:00:00+00:00,2022-12-07 07:00:00+00:00
ADAUSDT,short,1670356800000,1670373000000,0.3178,0.3188022857142857,3.0,True,-1.0,SL,4.5,2022-12-06 20:00:00+00:00,2022-12-07 00:30:00+00:00
ADAUSDT,short,1673222400000,1673236800000,0.2998,0.302672,2.0,False,-1.0,SL,4.0,2023-01-09 00:00:00+00:00,2023-01-09 04:00:00+00:00
ADAUSDT,long,1673827200000,1674056700000,0.348,0.3341662857142857,2.0,False,-1.0,SL,63.75,2023-01-16 00:00:00+00:00,2023-01-18 15:45:00+00:00
ADAUSDT,long,1674417600000,1674881100000,0.369,0.3460902857142857,3.0,True,0.9777511723037018,time_exit,128.75,2023-01-22 20:00:00+00:00,2023-01-28 04:45:00+00:00
ADAUSDT,short,1676318400000,1676386800000,0.3564,0.3742377142857143,2.0,False,-1.0,SL,19.0,2023-02-13 20:00:00+00:00,2023-02-14 15:00:00+00:00
ADAUSDT,long,1676563200000,1676592000000,0.4034,0.385512,2.0,False,-1.0,SL,8.0,2023-02-16 16:00:00+00:00,2023-02-17 00:00:00+00:00
ADAUSDT,long,1676851200000,1676865600000,0.3922,0.3902607142857143,2.0,False,2.0,TP,4.0,2023-02-20 00:00:00+00:00,2023-02-20 04:00:00+00:00
ADAUSDT,short,1677499200000,1677618000000,0.3668,0.3723628571428571,3.0,True,3.0,TP,33.0,2023-02-27 12:00:00+00:00,2023-02-28 21:00:00+00:00
ADAUSDT,long,1673409600000,1673484300000,0.3121,0.3066834285714285,3.0,True,3.0,TP,20.75,2023-01-11 04:00:00+00:00,2023-01-12 00:45:00+00:00
ADAUSDT,long,1678766400000,1678780800000,0.3402,0.3377732142857143,2.0,False,-1.0,SL,4.0,2023-03-14 04:00:00+00:00,2023-03-14 08:00:00+00:00
ADAUSDT,short,1678795200000,1678819500000,0.3646,0.3686988571428571,3.0,True,3.0,TP,6.75,2023-03-14 12:00:00+00:00,2023-03-14 18:45:00+00:00
ADAUSDT,long,1678867200000,1679330700000,0.3359,0.3112622857142857,3.0,True,-0.0365293626495947,time_exit,128.75,2023-03-15 08:00:00+00:00,2023-03-20 16:45:00+00:00
ADAUSDT,long,1679169600000,1679633100000,0.3441,0.3149548571428571,2.0,False,0.6724962748019749,time_exit,128.75,2023-03-18 20:00:00+00:00,2023-03-24 04:45:00+00:00
ADAUSDT,short,1679428800000,1679514300000,0.3751,0.3868691428571428,2.0,False,2.0,TP,23.75,2023-03-21 20:00:00+00:00,2023-03-22 19:45:00+00:00
ADAUSDT,long,1682092800000,1682556300000,0.3945,0.3741285714285714,2.0,False,0.7559607293127606,time_exit,128.75,2023-04-21 16:00:00+00:00,2023-04-27 00:45:00+00:00
ADAUSDT,long,1682582400000,1682598600000,0.4053,0.4024767857142857,3.0,True,-1.0,SL,4.5,2023-04-27 08:00:00+00:00,2023-04-27 12:30:00+00:00
ADAUSDT,long,1682683200000,1682789400000,0.4028,0.3998232142857142,3.0,True,-1.0,SL,29.5,2023-04-28 12:00:00+00:00,2023-04-29 17:30:00+00:00
ADAUSDT,short,1685808000000,1685979900000,0.3777,0.3866502857142856,2.0,False,2.0,TP,47.75,2023-06-03 16:00:00+00:00,2023-06-05 15:45:00+00:00
ADAUSDT,short,1687478400000,1687492800000,0.2907,0.29295,2.0,False,-1.0,SL,4.0,2023-06-23 00:00:00+00:00,2023-06-23 04:00:00+00:00
ADAUSDT,long,1687694400000,1687797900000,0.2913,0.2835302857142857,3.0,True,-1.0,SL,28.75,2023-06-25 12:00:00+00:00,2023-06-26 16:45:00+00:00
ADAUSDT,long,1689336000000,1689354900000,0.3492,0.3328114285714285,3.0,True,-1.0,SL,5.25,2023-07-14 12:00:00+00:00,2023-07-14 17:15:00+00:00
ADAUSDT,short,1690416000000,1690690500000,0.3094,0.314844,2.0,False,-1.0,SL,76.25,2023-07-27 00:00:00+00:00,2023-07-30 04:15:00+00:00
ADAUSDT,short,1690934400000,1691050500000,0.3117,0.3179914285714286,3.0,True,3.0,TP,32.25,2023-08-02 00:00:00+00:00,2023-08-03 08:15:00+00:00
ADAUSDT,short,1691467200000,1691499600000,0.2923,0.2963971428571428,2.0,False,-1.0,SL,9.0,2023-08-08 04:00:00+00:00,2023-08-08 13:00:00+00:00
ADAUSDT,long,1696003200000,1696155300000,0.249,0.2422354285714285,2.0,False,2.0,TP,42.25,2023-09-29 16:00:00+00:00,2023-10-01 10:15:00+00:00
ADAUSDT,long,1696262400000,1696379400000,0.2585,0.255388,2.0,False,-1.0,SL,32.5,2023-10-02 16:00:00+00:00,2023-10-04 00:30:00+00:00
ADAUSDT,long,1696377600000,1696392000000,0.2567,0.2546102857142857,2.0,False,-1.0,SL,4.0,2023-10-04 00:00:00+00:00,2023-10-04 04:00:00+00:00
ADAUSDT,long,1697961600000,1697976000000,0.2578,0.2568749999999999,3.0,True,-1.0,SL,4.0,2023-10-22 08:00:00+00:00,2023-10-22 12:00:00+00:00
ADAUSDT,short,1697990400000,1698014700000,0.2604,0.263488,2.0,False,-1.0,SL,6.75,2023-10-22 16:00:00+00:00,2023-10-22 22:45:00+00:00
ADAUSDT,long,1698062400000,1698100200000,0.2627,0.256332,3.0,True,3.0,TP,10.5,2023-10-23 12:00:00+00:00,2023-10-23 22:30:00+00:00
ADAUSDT,long,1698206400000,1698247800000,0.2782,0.2751508571428571,3.0,True,3.0,TP,11.5,2023-10-25 04:00:00+00:00,2023-10-25 15:30:00+00:00
ADAUSDT,long,1699560000000,1699574400000,0.3566,0.3537696428571428,2.0,False,2.0,TP,4.0,2023-11-09 20:00:00+00:00,2023-11-10 00:00:00+00:00
ADAUSDT,short,1705924800000,1706018400000,0.4975,0.52132,2.0,False,2.0,TP,26.0,2024-01-22 12:00:00+00:00,2024-01-23 14:00:00+00:00
ADAUSDT,long,1706745600000,1706764500000,0.4938,0.4891508571428571,3.0,True,-1.0,SL,5.25,2024-02-01 00:00:00+00:00,2024-02-01 05:15:00+00:00
ADAUSDT,short,1707235200000,1707378300000,0.5018,0.5263045714285713,3.0,True,-1.0,SL,39.75,2024-02-06 16:00:00+00:00,2024-02-08 07:45:00+00:00
ADAUSDT,long,1708876800000,1708939800000,0.5829,0.5766594285714286,2.0,False,-1.0,SL,17.5,2024-02-25 16:00:00+00:00,2024-02-26 09:30:00+00:00
ADAUSDT,long,1709150400000,1709183700000,0.6209,0.607516,3.0,True,3.0,TP,9.25,2024-02-28 20:00:00+00:00,2024-02-29 05:15:00+00:00
ADAUSDT,long,1709654400000,1709668800000,0.5516,0.5284371428571428,3.0,True,3.0,TP,4.0,2024-03-05 16:00:00+00:00,2024-03-05 20:00:00+00:00
ADAUSDT,short,1711483200000,1711501200000,0.6675,0.6711785714285714,2.0,False,-1.0,SL,5.0,2024-03-26 20:00:00+00:00,2024-03-27 01:00:00+00:00
ADAUSDT,long,1714996800000,1715460300000,0.4542,0.4130205714285714,2.0,False,-0.3545459591474244,time_exit,128.75,2024-05-06 12:00:00+00:00,2024-05-11 20:45:00+00:00
ADAUSDT,long,1716321600000,1716381000000,0.493,0.481,3.0,True,-1.0,SL,16.5,2024-05-21 20:00:00+00:00,2024-05-22 12:30:00+00:00
ADAUSDT,short,1718251200000,1718380800000,0.4333,0.4443902857142857,3.0,True,3.0,TP,36.0,2024-06-13 04:00:00+00:00,2024-06-14 16:00:00+00:00
ADAUSDT,short,1719792000000,1719806400000,0.3945,0.3975011428571428,2.0,False,-1.0,SL,4.0,2024-07-01 00:00:00+00:00,2024-07-01 04:00:00+00:00
ADAUSDT,short,1720699200000,1720713600000,0.4037,0.4097554285714286,2.0,False,2.0,TP,4.0,2024-07-11 12:00:00+00:00,2024-07-11 16:00:00+00:00
ADAUSDT,short,1722081600000,1722177000000,0.4233,0.4317114285714286,2.0,False,2.0,TP,26.5,2024-07-27 12:00:00+00:00,2024-07-28 14:30:00+00:00
ADAUSDT,long,1726056000000,1726070400000,0.3323,0.3310589285714285,2.0,False,2.0,TP,4.0,2024-09-11 12:00:00+00:00,2024-09-11 16:00:00+00:00
ADAUSDT,long,1726329600000,1726355700000,0.3516,0.3502678571428572,2.0,False,2.0,TP,7.25,2024-09-14 16:00:00+00:00,2024-09-14 23:15:00+00:00
ADAUSDT,long,1727179200000,1727642700000,0.3674,0.3443354285714285,3.0,True,1.4481084161236732,time_exit,128.75,2024-09-24 12:00:00+00:00,2024-09-29 20:45:00+00:00
ADAUSDT,long,1727452800000,1727707500000,0.4007,0.3807754285714286,3.0,True,-1.0,SL,70.75,2024-09-27 16:00:00+00:00,2024-09-30 14:45:00+00:00
ADAUSDT,short,1727827200000,1727841600000,0.3564,0.3590232142857142,2.0,False,-1.0,SL,4.0,2024-10-02 00:00:00+00:00,2024-10-02 04:00:00+00:00
ADAUSDT,long,1727856000000,1727870400000,0.3531,0.3503553571428571,3.0,True,-1.0,SL,4.0,2024-10-02 08:00:00+00:00,2024-10-02 12:00:00+00:00
ADAUSDT,short,1727942400000,1728405900000,0.343,0.36866,3.0,True,-0.15198752922836964,time_exit,128.75,2024-10-03 08:00:00+00:00,2024-10-08 16:45:00+00:00
ADAUSDT,long,1730952000000,1730981700000,0.3698,0.3674660714285714,2.0,False,2.0,TP,8.25,2024-11-07 04:00:00+00:00,2024-11-07 12:15:00+00:00
ADAUSDT,short,1712793600000,1712942100000,0.5904,0.6183342857142857,2.0,False,2.0,TP,41.25,2024-04-11 00:00:00+00:00,2024-04-12 17:15:00+00:00
ADAUSDT,long,1731096000000,1731191400000,0.4381,0.4242771428571428,2.0,False,2.0,TP,26.5,2024-11-08 20:00:00+00:00,2024-11-09 22:30:00+00:00
ADAUSDT,long,1731340800000,1731357000000,0.5984,0.5885660714285714,2.0,False,2.0,TP,4.5,2024-11-11 16:00:00+00:00,2024-11-11 20:30:00+00:00
ADAUSDT,long,1731456000000,1731715200000,0.5608,0.4838468571428571,2.0,False,2.0,TP,72.0,2024-11-13 00:00:00+00:00,2024-11-16 00:00:00+00:00
ADAUSDT,long,1732449600000,1732913100000,0.9607,0.8672965714285714,2.0,False,0.9185958300704774,time_exit,128.75,2024-11-24 12:00:00+00:00,2024-11-29 20:45:00+00:00
ADAUSDT,long,1733515200000,1733541300000,1.2197,1.202909142857143,2.0,False,-1.0,SL,7.25,2024-12-06 20:00:00+00:00,2024-12-07 03:15:00+00:00
ADAUSDT,long,1733832000000,1733846400000,1.0153,1.0010125,3.0,True,-1.0,SL,4.0,2024-12-10 12:00:00+00:00,2024-12-10 16:00:00+00:00
ADAUSDT,long,1734307200000,1734348600000,1.0872,1.0613251428571429,2.0,False,-1.0,SL,11.5,2024-12-16 00:00:00+00:00,2024-12-16 11:30:00+00:00
ADAUSDT,long,1736308800000,1736357400000,0.9708,0.912148,3.0,True,-1.0,SL,13.5,2025-01-08 04:00:00+00:00,2025-01-08 17:30:00+00:00
ADAUSDT,long,1736510400000,1736778600000,0.9381,0.8868394285714286,3.0,True,-1.0,SL,74.5,2025-01-10 12:00:00+00:00,2025-01-13 14:30:00+00:00
ADAUSDT,long,1737259200000,1737273600000,1.0705,1.059178857142857,2.0,False,-1.0,SL,4.0,2025-01-19 04:00:00+00:00,2025-01-19 08:00:00+00:00
ADAUSDT,long,1737374400000,1737448200000,1.0568,0.955772,3.0,True,-1.0,SL,20.5,2025-01-20 12:00:00+00:00,2025-01-21 08:30:00+00:00
ADAUSDT,short,1739332800000,1739480400000,0.7689,0.8234857142857143,2.0,False,-1.0,SL,41.0,2025-02-12 04:00:00+00:00,2025-02-13 21:00:00+00:00
ADAUSDT,short,1738368000000,1738397700000,0.9582,0.9701537142857144,2.0,False,2.0,TP,8.25,2025-02-01 00:00:00+00:00,2025-02-01 08:15:00+00:00
ADAUSDT,short,1740945600000,1740960000000,1.115,1.1287857142857145,3.0,True,-1.0,SL,4.0,2025-03-02 20:00:00+00:00,2025-03-03 00:00:00+00:00
ADAUSDT,long,1740974400000,1741437900000,0.9969,0.63894,2.0,False,-0.5184936864454128,time_exit,128.75,2025-03-03 04:00:00+00:00,2025-03-08 12:45:00+00:00
ADAUSDT,long,1741262400000,1741279500000,0.9252,0.9096857142857144,2.0,False,-1.0,SL,4.75,2025-03-06 12:00:00+00:00,2025-03-06 16:45:00+00:00
ADAUSDT,long,1741536000000,1741999500000,0.7989,0.6376919999999999,3.0,True,-0.3455163515458292,time_exit,128.75,2025-03-09 16:00:00+00:00,2025-03-15 00:45:00+00:00
ADAUSDT,short,1743768000000,1744006500000,0.6514,0.7117834285714285,2.0,False,2.0,TP,66.25,2025-04-04 12:00:00+00:00,2025-04-07 06:15:00+00:00
ADAUSDT,long,1744502400000,1744579800000,0.6502,0.6293754285714286,3.0,True,-1.0,SL,21.5,2025-04-13 00:00:00+00:00,2025-04-13 21:30:00+00:00
ADAUSDT,long,1745928000000,1745967600000,0.7052,0.6888411428571429,3.0,True,-1.0,SL,11.0,2025-04-29 12:00:00+00:00,2025-04-29 23:00:00+00:00
ADAUSDT,long,1746792000000,1746863100000,0.7711,0.7610520000000001,3.0,True,3.0,TP,19.75,2025-05-09 12:00:00+00:00,2025-05-10 07:45:00+00:00
ADAUSDT,long,1746936000000,1747034100000,0.798,0.7774000000000001,2.0,False,2.0,TP,27.25,2025-05-11 04:00:00+00:00,2025-05-12 07:15:00+00:00
ADAUSDT,long,1748664000000,1748695500000,0.6562,0.6506464285714286,3.0,True,3.0,TP,8.75,2025-05-31 04:00:00+00:00,2025-05-31 12:45:00+00:00
ADAUSDT,short,1751529600000,1751993100000,0.5991,0.612704,3.0,True,1.293737136136421,time_exit,128.75,2025-07-03 08:00:00+00:00,2025-07-08 16:45:00+00:00
ADAUSDT,short,1751832000000,1751858100000,0.5846,0.5935885714285715,2.0,False,-1.0,SL,7.25,2025-07-06 20:00:00+00:00,2025-07-07 03:15:00+00:00
ADAUSDT,long,1752264000000,1752280200000,0.7331,0.698472,2.0,False,-1.0,SL,4.5,2025-07-11 20:00:00+00:00,2025-07-12 00:30:00+00:00
ADAUSDT,long,1752422400000,1752700500000,0.7346,0.709512,2.0,False,2.0,TP,77.25,2025-07-13 16:00:00+00:00,2025-07-16 21:15:00+00:00
ADAUSDT,long,1754942400000,1755124200000,0.7776,0.7376257142857143,3.0,True,3.0,TP,50.5,2025-08-11 20:00:00+00:00,2025-08-13 22:30:00+00:00
ADAUSDT,short,1755878400000,1756152000000,0.9285,0.970544,2.0,False,2.0,TP,76.0,2025-08-22 16:00:00+00:00,2025-08-25 20:00:00+00:00
ADAUSDT,short,1760443200000,1760906700000,0.6876,0.7377085714285715,2.0,False,0.5248603033413151,time_exit,128.75,2025-10-14 12:00:00+00:00,2025-10-19 20:45:00+00:00
ADAUSDT,long,1764950400000,1764964800000,0.4199,0.4172035714285714,2.0,False,-1.0,SL,4.0,2025-12-05 16:00:00+00:00,2025-12-05 20:00:00+00:00
ADAUSDT,short,1765209600000,1765282500000,0.4393,0.4475011428571428,3.0,True,-1.0,SL,20.25,2025-12-08 16:00:00+00:00,2025-12-09 12:15:00+00:00
ADAUSDT,long,1765353600000,1765413000000,0.4621,0.4509491428571429,3.0,True,-1.0,SL,16.5,2025-12-10 08:00:00+00:00,2025-12-11 00:30:00+00:00
ADAUSDT,short,1766059200000,1766522700000,0.3719,0.4007308571428571,2.0,False,0.30869703095889434,time_exit,128.75,2025-12-18 12:00:00+00:00,2025-12-23 20:45:00+00:00
ADAUSDT,long,1767427200000,1767627000000,0.3838,0.3745554285714286,3.0,True,3.0,TP,55.5,2026-01-03 08:00:00+00:00,2026-01-05 15:30:00+00:00
ADAUSDT,long,1767686400000,1767717000000,0.4185,0.4076428571428571,3.0,True,-1.0,SL,8.5,2026-01-06 08:00:00+00:00,2026-01-06 16:30:00+00:00
ADAUSDT,long,1768507200000,1768779900000,0.3899,0.376988,3.0,True,-1.0,SL,75.75,2026-01-15 20:00:00+00:00,2026-01-18 23:45:00+00:00
ADAUSDT,long,1772121600000,1772136900000,0.2929,0.2858948571428572,2.0,False,-1.0,SL,4.25,2026-02-26 16:00:00+00:00,2026-02-26 20:15:00+00:00
ADAUSDT,short,1775476800000,1775512800000,0.2557,0.25746,3.0,True,3.0,TP,10.0,2026-04-06 12:00:00+00:00,2026-04-06 22:00:00+00:00
ADAUSDT,long,1775606400000,1775656800000,0.2619,0.2550142857142857,3.0,True,-1.0,SL,14.0,2026-04-08 00:00:00+00:00,2026-04-08 14:00:00+00:00
ADAUSDT,long,1775779200000,1775980800000,0.2528,0.2406091428571428,3.0,True,-1.0,SL,56.0,2026-04-10 00:00:00+00:00,2026-04-12 08:00:00+00:00
ADAUSDT,long,1776412800000,1776430800000,0.2549,0.2506617142857142,2.0,False,2.0,TP,5.0,2026-04-17 08:00:00+00:00,2026-04-17 13:00:00+00:00
ADAUSDT,short,1776484800000,1776506400000,0.257,0.2585089285714286,3.0,True,3.0,TP,6.0,2026-04-18 04:00:00+00:00,2026-04-18 10:00:00+00:00
ADAUSDT,long,1776528000000,1776564900000,0.2502,0.2471188571428571,2.0,False,-1.0,SL,10.25,2026-04-18 16:00:00+00:00,2026-04-19 02:15:00+00:00
ADAUSDT,long,1776902400000,1776916800000,0.248,0.2465691428571428,3.0,True,-1.0,SL,4.0,2026-04-23 00:00:00+00:00,2026-04-23 04:00:00+00:00
ADAUSDT,short,1777939200000,1777958100000,0.2505,0.2530748571428571,2.0,False,-1.0,SL,5.25,2026-05-05 00:00:00+00:00,2026-05-05 05:15:00+00:00
ADAUSDT,long,1778068800000,1778532300000,0.2638,0.2489234285714285,2.0,False,1.1360144426519139,time_exit,128.75,2026-05-06 12:00:00+00:00,2026-05-11 20:45:00+00:00
ADAUSDT,short,1779566400000,1779938100000,0.2467,0.252972,2.0,False,2.0,TP,103.25,2026-05-23 20:00:00+00:00,2026-05-28 03:15:00+00:00
AVAXUSDT,long,1645488000000,1645537500000,68.35,66.82708571428572,3.0,True,3.0,TP,13.75,2022-02-22 00:00:00+00:00,2022-02-22 13:45:00+00:00
AVAXUSDT,long,1646121600000,1646440200000,83.09,73.45965714285714,2.0,False,-1.0,SL,88.5,2022-03-01 08:00:00+00:00,2022-03-05 00:30:00+00:00
AVAXUSDT,long,1648497600000,1648518300000,88.95,87.97074285714287,3.0,True,3.0,TP,5.75,2022-03-28 20:00:00+00:00,2022-03-29 01:45:00+00:00
AVAXUSDT,long,1649404800000,1649456100000,87.59,84.02577142857143,2.0,False,-1.0,SL,14.25,2022-04-08 08:00:00+00:00,2022-04-08 22:15:00+00:00
AVAXUSDT,short,1649894400000,1650255300000,81.48,85.8224,2.0,False,2.0,TP,100.25,2022-04-14 00:00:00+00:00,2022-04-18 04:15:00+00:00
AVAXUSDT,long,1658088000000,1658120400000,20.84,20.015485714285717,2.0,False,2.0,TP,9.0,2022-07-17 20:00:00+00:00,2022-07-18 05:00:00+00:00
AVAXUSDT,short,1658116800000,1658237400000,24.0,25.266285714285715,2.0,False,-1.0,SL,33.5,2022-07-18 04:00:00+00:00,2022-07-19 13:30:00+00:00
AVAXUSDT,long,1658347200000,1658758500000,24.05,21.765085714285718,3.0,True,-1.0,SL,114.25,2022-07-20 20:00:00+00:00,2022-07-25 14:15:00+00:00
AVAXUSDT,long,1660579200000,1660603500000,27.69,27.494642857142857,2.0,False,-1.0,SL,6.75,2022-08-15 16:00:00+00:00,2022-08-15 22:45:00+00:00
AVAXUSDT,short,1662753600000,1662770700000,20.23,20.71742857142857,3.0,True,-1.0,SL,4.75,2022-09-09 20:00:00+00:00,2022-09-10 00:45:00+00:00
AVAXUSDT,long,1663084800000,1663548300000,18.94,15.89,3.0,True,-0.6786885245901638,time_exit,128.75,2022-09-13 16:00:00+00:00,2022-09-19 00:45:00+00:00
AVAXUSDT,short,1663588800000,1664052300000,17.04,18.608857142857143,2.0,False,-0.5290475323256244,time_exit,128.75,2022-09-19 12:00:00+00:00,2022-09-24 20:45:00+00:00
AVAXUSDT,short,1666699200000,1666713600000,15.95,16.02135714285714,2.0,False,-1.0,SL,4.0,2022-10-25 12:00:00+00:00,2022-10-25 16:00:00+00:00
AVAXUSDT,long,1666814400000,1666963800000,16.93,16.568417142857143,2.0,False,2.0,TP,41.5,2022-10-26 20:00:00+00:00,2022-10-28 13:30:00+00:00
AVAXUSDT,long,1667232000000,1667381400000,18.952,17.863845714285713,2.0,False,-1.0,SL,41.5,2022-10-31 16:00:00+00:00,2022-11-02 09:30:00+00:00
AVAXUSDT,long,1667808000000,1667877300000,17.82,17.283382857142854,2.0,False,-1.0,SL,19.25,2022-11-07 08:00:00+00:00,2022-11-08 03:15:00+00:00
AVAXUSDT,short,1667908800000,1667925000000,16.985,17.723285714285716,3.0,True,-1.0,SL,4.5,2022-11-08 12:00:00+00:00,2022-11-08 16:30:00+00:00
AVAXUSDT,short,1668052800000,1668516300000,14.143,18.09914285714286,2.0,False,0.1734012205250424,time_exit,128.75,2022-11-10 04:00:00+00:00,2022-11-15 12:45:00+00:00
AVAXUSDT,short,1670155200000,1670169600000,13.631,13.70325,2.0,False,-1.0,SL,4.0,2022-12-04 12:00:00+00:00,2022-12-04 16:00:00+00:00
AVAXUSDT,short,1671019200000,1671181200000,13.843,14.329154285714289,2.0,False,2.0,TP,45.0,2022-12-14 12:00:00+00:00,2022-12-16 09:00:00+00:00
AVAXUSDT,long,1673510400000,1673530200000,15.23,14.796742857142856,2.0,False,-1.0,SL,5.5,2023-01-12 08:00:00+00:00,2023-01-12 13:30:00+00:00
AVAXUSDT,long,1673683200000,1673706600000,16.82,16.613875,3.0,True,-1.0,SL,6.5,2023-01-14 08:00:00+00:00,2023-01-14 14:30:00+00:00
AVAXUSDT,long,1673856000000,1674319500000,16.06,14.378811428571428,3.0,True,0.8035981346530364,time_exit,128.75,2023-01-16 08:00:00+00:00,2023-01-21 16:45:00+00:00
AVAXUSDT,long,1675382400000,1675601100000,21.03,19.86242857142857,3.0,True,-1.0,SL,60.75,2023-02-03 00:00:00+00:00,2023-02-05 12:45:00+00:00
AVAXUSDT,long,1675972800000,1676436300000,17.561,16.658399999999997,2.0,False,0.49080434300908465,time_exit,128.75,2023-02-09 20:00:00+00:00,2023-02-15 04:45:00+00:00
AVAXUSDT,short,1676376000000,1676463300000,17.954,18.49967428571429,2.0,False,-1.0,SL,24.25,2023-02-14 12:00:00+00:00,2023-02-15 12:15:00+00:00
AVAXUSDT,short,1677830400000,1678293900000,16.402,17.89288,2.0,False,0.3736048508263577,time_exit,128.75,2023-03-03 08:00:00+00:00,2023-03-08 16:45:00+00:00
AVAXUSDT,short,1678651200000,1678797000000,15.461,16.77686857142857,2.0,False,-1.0,SL,40.5,2023-03-12 20:00:00+00:00,2023-03-14 12:30:00+00:00
AVAXUSDT,long,1678824000000,1678897800000,16.836,15.49437142857143,2.0,False,-1.0,SL,20.5,2023-03-14 20:00:00+00:00,2023-03-15 16:30:00+00:00
AVAXUSDT,long,1681315200000,1681778700000,17.94,16.58665142857143,3.0,True,1.947761320069582,time_exit,128.75,2023-04-12 16:00:00+00:00,2023-04-18 00:45:00+00:00
AVAXUSDT,long,1682006400000,1682059500000,18.132,17.95978285714286,3.0,True,-1.0,SL,14.75,2023-04-20 16:00:00+00:00,2023-04-21 06:45:00+00:00
AVAXUSDT,short,1682078400000,1682103600000,17.972,18.69429142857143,2.0,False,2.0,TP,7.0,2023-04-21 12:00:00+00:00,2023-04-21 19:00:00+00:00
AVAXUSDT,short,1682481600000,1682496900000,17.479,17.57405357142857,2.0,False,-1.0,SL,4.25,2023-04-26 04:00:00+00:00,2023-04-26 08:15:00+00:00
AVAXUSDT,long,1685419200000,1685508300000,14.417,14.087377142857145,2.0,False,-1.0,SL,24.75,2023-05-30 04:00:00+00:00,2023-05-31 04:45:00+00:00
AVAXUSDT,short,1685851200000,1686314700000,14.654,15.305377142857145,3.0,True,0.6555342088410462,time_exit,128.75,2023-06-04 04:00:00+00:00,2023-06-09 12:45:00+00:00
AVAXUSDT,short,1687392000000,1687855500000,13.164,14.275005714285715,3.0,True,-0.09630913560943584,time_exit,128.75,2023-06-22 00:00:00+00:00,2023-06-27 08:45:00+00:00
AVAXUSDT,long,1689336000000,1689358500000,15.131,14.688045714285714,2.0,False,-1.0,SL,6.25,2023-07-14 12:00:00+00:00,2023-07-14 18:15:00+00:00
AVAXUSDT,short,1690257600000,1690721100000,13.231,13.671445714285714,2.0,False,-0.14076649627649795,time_exit,128.75,2023-07-25 04:00:00+00:00,2023-07-30 12:45:00+00:00
AVAXUSDT,short,1693944000000,1694022300000,9.862,10.053257142857142,2.0,False,-1.0,SL,21.75,2023-09-05 20:00:00+00:00,2023-09-06 17:45:00+00:00
AVAXUSDT,long,1696017600000,1696032900000,9.066,9.027548571428571,3.0,True,3.0,TP,4.25,2023-09-29 20:00:00+00:00,2023-09-30 00:15:00+00:00
AVAXUSDT,long,1696262400000,1696413600000,9.254,8.973017142857143,2.0,False,2.0,TP,42.0,2023-10-02 16:00:00+00:00,2023-10-04 10:00:00+00:00
AVAXUSDT,long,1698148800000,1698163200000,10.021,9.940885714285711,2.0,False,2.0,TP,4.0,2023-10-24 12:00:00+00:00,2023-10-24 16:00:00+00:00
AVAXUSDT,long,1698364800000,1698426000000,10.648,10.544464285714286,3.0,True,-1.0,SL,17.0,2023-10-27 00:00:00+00:00,2023-10-27 17:00:00+00:00
AVAXUSDT,long,1698897600000,1699361100000,11.795,10.945091428571429,2.0,False,1.1260034692807306,time_exit,128.75,2023-11-02 04:00:00+00:00,2023-11-07 12:45:00+00:00
AVAXUSDT,long,1699545600000,1699560000000,11.686,11.601446428571428,3.0,True,3.0,TP,4.0,2023-11-09 16:00:00+00:00,2023-11-09 20:00:00+00:00
AVAXUSDT,long,1699790400000,1699828200000,17.825,17.15402285714286,2.0,False,2.0,TP,10.5,2023-11-12 12:00:00+00:00,2023-11-12 22:30:00+00:00
AVAXUSDT,long,1700582400000,1700596800000,21.318,20.927205714285712,3.0,True,-1.0,SL,4.0,2023-11-21 16:00:00+00:00,2023-11-21 20:00:00+00:00
AVAXUSDT,short,1701187200000,1701201600000,20.494,20.72249714285714,2.0,False,-1.0,SL,4.0,2023-11-28 16:00:00+00:00,2023-11-28 20:00:00+00:00
AVAXUSDT,short,1706040000000,1706400900000,29.535,33.59180571428571,3.0,True,-1.0,SL,100.25,2024-01-23 20:00:00+00:00,2024-01-28 00:15:00+00:00
AVAXUSDT,short,1706947200000,1707410700000,36.136,37.35288571428571,3.0,True,0.577704209809589,time_exit,128.75,2024-02-03 08:00:00+00:00,2024-02-08 16:45:00+00:00
AVAXUSDT,long,1707998400000,1708012800000,41.73,41.41945142857143,2.0,False,-1.0,SL,4.0,2024-02-15 12:00:00+00:00,2024-02-15 16:00:00+00:00
AVAXUSDT,long,1708099200000,1708113600000,40.73,39.87109142857143,3.0,True,-1.0,SL,4.0,2024-02-16 16:00:00+00:00,2024-02-16 20:00:00+00:00
AVAXUSDT,short,1708948800000,1709136900000,38.352,40.72349142857143,2.0,False,-1.0,SL,52.25,2024-02-26 12:00:00+00:00,2024-02-28 16:15:00+00:00
AVAXUSDT,long,1709236800000,1709667900000,41.028,35.20374857142857,2.0,False,-1.0,SL,119.75,2024-02-29 20:00:00+00:00,2024-03-05 19:45:00+00:00
AVAXUSDT,long,1709668800000,1710132300000,38.01,33.897754285714285,3.0,True,0.8681387854811348,time_exit,128.75,2024-03-05 20:00:00+00:00,2024-03-11 04:45:00+00:00
AVAXUSDT,long,1711627200000,1711641600000,54.146,53.80376785714286,2.0,False,2.0,TP,4.0,2024-03-28 12:00:00+00:00,2024-03-28 16:00:00+00:00
AVAXUSDT,short,1716264000000,1716727500000,39.741,44.17724571428571,3.0,True,0.5806711724070422,time_exit,128.75,2024-05-21 04:00:00+00:00,2024-05-26 12:45:00+00:00
AVAXUSDT,long,1716465600000,1716481800000,38.207,37.937803571428574,2.0,False,-1.0,SL,4.5,2024-05-23 12:00:00+00:00,2024-05-23 16:30:00+00:00
AVAXUSDT,short,1719576000000,1719596700000,28.866,29.12956,3.0,True,3.0,TP,5.75,2024-06-28 12:00:00+00:00,2024-06-28 17:45:00+00:00
AVAXUSDT,short,1721592000000,1721606400000,32.165,32.507485714285714,2.0,False,-1.0,SL,4.0,2024-07-21 20:00:00+00:00,2024-07-22 00:00:00+00:00
AVAXUSDT,long,1721649600000,1721677500000,31.478,31.218977142857145,3.0,True,3.0,TP,7.75,2024-07-22 12:00:00+00:00,2024-07-22 19:45:00+00:00
AVAXUSDT,short,1722859200000,1722873600000,19.299,19.98618857142857,2.0,False,-1.0,SL,4.0,2024-08-05 12:00:00+00:00,2024-08-05 16:00:00+00:00
AVAXUSDT,long,1725019200000,1725033600000,22.751,22.54576785714286,3.0,True,-1.0,SL,4.0,2024-08-30 12:00:00+00:00,2024-08-30 16:00:00+00:00
AVAXUSDT,long,1726617600000,1726652700000,23.496,23.256417142857146,2.0,False,-1.0,SL,9.75,2024-09-18 00:00:00+00:00,2024-09-18 09:45:00+00:00
AVAXUSDT,short,1726689600000,1726704000000,23.452,23.619994285714284,2.0,False,-1.0,SL,4.0,2024-09-18 20:00:00+00:00,2024-09-19 00:00:00+00:00
AVAXUSDT,long,1726833600000,1726848000000,27.564,27.23247428571429,3.0,True,-1.0,SL,4.0,2024-09-20 12:00:00+00:00,2024-09-20 16:00:00+00:00
AVAXUSDT,long,1727812800000,1727942400000,25.791,24.72949714285714,3.0,True,-1.0,SL,36.0,2024-10-01 20:00:00+00:00,2024-10-03 08:00:00+00:00
AVAXUSDT,short,1728403200000,1728673200000,26.546,27.115057142857143,3.0,True,-1.0,SL,75.0,2024-10-08 16:00:00+00:00,2024-10-11 19:00:00+00:00
AVAXUSDT,long,1728993600000,1729008000000,27.936,27.774035714285716,2.0,False,2.0,TP,4.0,2024-10-15 12:00:00+00:00,2024-10-15 16:00:00+00:00
AVAXUSDT,short,1730995200000,1731065400000,27.589,28.198177142857144,2.0,False,-1.0,SL,19.5,2024-11-07 16:00:00+00:00,2024-11-08 11:30:00+00:00
AVAXUSDT,long,1731081600000,1731110400000,27.952,27.49391428571429,2.0,False,2.0,TP,8.0,2024-11-08 16:00:00+00:00,2024-11-09 00:00:00+00:00
AVAXUSDT,short,1731139200000,1731159900000,29.44,29.645857142857142,2.0,False,2.0,TP,5.75,2024-11-09 08:00:00+00:00,2024-11-09 13:45:00+00:00
AVAXUSDT,long,1731297600000,1731320100000,30.91,30.427177142857143,2.0,False,2.0,TP,6.25,2024-11-11 04:00:00+00:00,2024-11-11 10:15:00+00:00
AVAXUSDT,long,1731456000000,1731472200000,33.9,32.04989714285715,2.0,False,-1.0,SL,4.5,2024-11-13 00:00:00+00:00,2024-11-13 04:30:00+00:00
AVAXUSDT,long,1731571200000,1731625200000,32.421,31.245594285714287,2.0,False,-1.0,SL,15.0,2024-11-14 08:00:00+00:00,2024-11-14 23:00:00+00:00
AVAXUSDT,long,1732449600000,1732485600000,38.803,37.348194285714285,2.0,False,2.0,TP,10.0,2024-11-24 12:00:00+00:00,2024-11-24 22:00:00+00:00
AVAXUSDT,long,1734638400000,1734661800000,37.704,36.53799428571429,2.0,False,2.0,TP,6.5,2024-12-19 20:00:00+00:00,2024-12-20 02:30:00+00:00
AVAXUSDT,short,1736784000000,1736798400000,34.855,35.12321428571428,2.0,False,2.0,TP,4.0,2025-01-13 16:00:00+00:00,2025-01-13 20:00:00+00:00
AVAXUSDT,long,1737273600000,1737326700000,36.861,35.4348,3.0,True,-1.0,SL,14.75,2025-01-19 08:00:00+00:00,2025-01-19 22:45:00+00:00
AVAXUSDT,short,1740340800000,1740360600000,24.963,25.20322857142857,2.0,False,2.0,TP,5.5,2025-02-23 20:00:00+00:00,2025-02-24 01:30:00+00:00
AVAXUSDT,short,1741435200000,1741449600000,20.129,20.373337142857142,3.0,True,-1.0,SL,4.0,2025-03-08 12:00:00+00:00,2025-03-08 16:00:00+00:00
AVAXUSDT,short,1742774400000,1742788800000,20.973,21.444674285714285,2.0,False,-1.0,SL,4.0,2025-03-24 00:00:00+00:00,2025-03-24 04:00:00+00:00
AVAXUSDT,short,1742875200000,1743338700000,21.684,24.15816,3.0,True,0.9360752740324008,time_exit,128.75,2025-03-25 04:00:00+00:00,2025-03-30 12:45:00+00:00
AVAXUSDT,short,1743652800000,1743947100000,18.913,19.592885714285718,3.0,True,3.0,TP,81.75,2025-04-03 04:00:00+00:00,2025-04-06 13:45:00+00:00
AVAXUSDT,long,1746936000000,1747025100000,24.312,23.780520000000003,2.0,False,2.0,TP,24.75,2025-05-11 04:00:00+00:00,2025-05-12 04:45:00+00:00
AVAXUSDT,long,1747051200000,1747074600000,24.658,24.17246857142857,3.0,True,-1.0,SL,6.5,2025-05-12 12:00:00+00:00,2025-05-12 18:30:00+00:00
AVAXUSDT,short,1747627200000,1747839600000,22.592,23.188954285714285,3.0,True,-1.0,SL,59.0,2025-05-19 04:00:00+00:00,2025-05-21 15:00:00+00:00
AVAXUSDT,long,1749672000000,1749757500000,21.978,20.71001142857143,3.0,True,-1.0,SL,23.75,2025-06-11 20:00:00+00:00,2025-06-12 19:45:00+00:00
AVAXUSDT,long,1751644800000,1751666400000,17.539,17.42757142857143,2.0,False,2.0,TP,6.0,2025-07-04 16:00:00+00:00,2025-07-04 22:00:00+00:00
AVAXUSDT,short,1751976000000,1751992200000,18.009,18.087107142857143,2.0,False,-1.0,SL,4.5,2025-07-08 12:00:00+00:00,2025-07-08 16:30:00+00:00
AVAXUSDT,long,1752249600000,1752334200000,20.8,20.237422857142857,2.0,False,-1.0,SL,23.5,2025-07-11 16:00:00+00:00,2025-07-12 15:30:00+00:00
AVAXUSDT,long,1752494400000,1752799500000,21.32,19.80718857142857,2.0,False,2.0,TP,84.75,2025-07-14 12:00:00+00:00,2025-07-18 00:45:00+00:00
AVAXUSDT,long,1754395200000,1754858700000,22.432,20.34468571428572,2.0,False,0.6242471528690346,time_exit,128.75,2025-08-05 12:00:00+00:00,2025-08-10 20:45:00+00:00
AVAXUSDT,long,1754798400000,1755261900000,23.804,22.148462857142857,3.0,True,0.3539636682440586,time_exit,128.75,2025-08-10 04:00:00+00:00,2025-08-15 12:45:00+00:00
AVAXUSDT,long,1755187200000,1755576000000,24.137,23.003897142857145,3.0,True,-1.0,SL,108.0,2025-08-14 16:00:00+00:00,2025-08-19 04:00:00+00:00
AVAXUSDT,long,1755619200000,1755871200000,22.656,22.15208,2.0,False,2.0,TP,70.0,2025-08-19 16:00:00+00:00,2025-08-22 14:00:00+00:00
AVAXUSDT,long,1756008000000,1756153800000,25.661,23.177742857142857,3.0,True,-1.0,SL,40.5,2025-08-24 04:00:00+00:00,2025-08-25 20:30:00+00:00
AVAXUSDT,short,1756800000000,1756814400000,24.242,24.369982142857143,2.0,False,2.0,TP,4.0,2025-09-02 08:00:00+00:00,2025-09-02 12:00:00+00:00
AVAXUSDT,long,1756929600000,1756960200000,25.169,25.01967857142857,3.0,True,-1.0,SL,8.5,2025-09-03 20:00:00+00:00,2025-09-04 04:30:00+00:00
AVAXUSDT,long,1757592000000,1758055500000,28.52,26.51382857142857,3.0,True,0.7486897573202674,time_exit,128.75,2025-09-11 12:00:00+00:00,2025-09-16 20:45:00+00:00
AVAXUSDT,long,1757851200000,1757865600000,29.9,29.400577142857145,3.0,True,-1.0,SL,4.0,2025-09-14 12:00:00+00:00,2025-09-14 16:00:00+00:00
AVAXUSDT,short,1738339200000,1738422000000,36.031,37.32954857142857,2.0,False,2.0,TP,23.0,2025-01-31 16:00:00+00:00,2025-02-01 15:00:00+00:00
AVAXUSDT,long,1759233600000,1759265100000,28.948,28.513417142857143,3.0,True,3.0,TP,8.75,2025-09-30 12:00:00+00:00,2025-09-30 20:45:00+00:00
AVAXUSDT,long,1762876800000,1762891200000,17.432,17.30942857142857,2.0,False,-1.0,SL,4.0,2025-11-11 16:00:00+00:00,2025-11-11 20:00:00+00:00
AVAXUSDT,short,1763452800000,1763710200000,14.867,15.91046857142857,2.0,False,2.0,TP,71.5,2025-11-18 08:00:00+00:00,2025-11-21 07:30:00+00:00
AVAXUSDT,long,1764345600000,1764360000000,14.949,14.874502857142858,2.0,False,-1.0,SL,4.0,2025-11-28 16:00:00+00:00,2025-11-28 20:00:00+00:00
AVAXUSDT,long,1765411200000,1765859400000,13.266,12.153234285714284,3.0,True,-1.0,SL,124.5,2025-12-11 00:00:00+00:00,2025-12-16 04:30:00+00:00
AVAXUSDT,short,1766548800000,1766715300000,12.112,12.565491428571429,2.0,False,-1.0,SL,46.25,2025-12-24 04:00:00+00:00,2025-12-26 02:15:00+00:00
AVAXUSDT,short,1766793600000,1766823300000,12.408,12.467785714285714,2.0,False,-1.0,SL,8.25,2025-12-27 00:00:00+00:00,2025-12-27 08:15:00+00:00
AVAXUSDT,short,1767211200000,1767240000000,12.33,12.37417857142857,2.0,False,2.0,TP,8.0,2025-12-31 20:00:00+00:00,2026-01-01 04:00:00+00:00
AVAXUSDT,long,1767801600000,1767854700000,14.239,13.85037142857143,2.0,False,-1.0,SL,14.75,2026-01-07 16:00:00+00:00,2026-01-08 06:45:00+00:00
AVAXUSDT,long,1768233600000,1768320000000,13.72,13.449485714285714,3.0,True,3.0,TP,24.0,2026-01-12 16:00:00+00:00,2026-01-13 16:00:00+00:00
AVAXUSDT,short,1768651200000,1768780800000,13.86,14.38449142857143,2.0,False,2.0,TP,36.0,2026-01-17 12:00:00+00:00,2026-01-19 00:00:00+00:00
AVAXUSDT,short,1769544000000,1769844600000,11.978,12.671045714285713,2.0,False,2.0,TP,83.5,2026-01-27 20:00:00+00:00,2026-01-31 07:30:00+00:00
AVAXUSDT,short,1770249600000,1770336000000,9.72,10.378525714285717,3.0,True,3.0,TP,24.0,2026-02-05 00:00:00+00:00,2026-02-06 00:00:00+00:00
AVAXUSDT,short,1771833600000,1772025300000,8.602,9.46234857142857,2.0,False,-1.0,SL,53.25,2026-02-23 08:00:00+00:00,2026-02-25 13:15:00+00:00
AVAXUSDT,long,1772164800000,1772186400000,9.312,9.242410714285713,2.0,False,-1.0,SL,6.0,2026-02-27 04:00:00+00:00,2026-02-27 10:00:00+00:00
AVAXUSDT,long,1772539200000,1772553600000,8.94,8.885857142857143,2.0,False,2.0,TP,4.0,2026-03-03 12:00:00+00:00,2026-03-03 16:00:00+00:00
AVAXUSDT,long,1772798400000,1772818200000,8.94,8.880302857142857,2.0,False,-1.0,SL,5.5,2026-03-06 12:00:00+00:00,2026-03-06 17:30:00+00:00
AVAXUSDT,long,1773172800000,1773187200000,9.623,9.55625,2.0,False,-1.0,SL,4.0,2026-03-10 20:00:00+00:00,2026-03-11 00:00:00+00:00
AVAXUSDT,long,1774137600000,1774440000000,9.083,8.848205714285713,3.0,True,3.0,TP,84.0,2026-03-22 00:00:00+00:00,2026-03-25 12:00:00+00:00
AVAXUSDT,long,1775635200000,1776098700000,9.325,8.436514285714287,3.0,True,-0.049522461973822485,time_exit,128.75,2026-04-08 08:00:00+00:00,2026-04-13 16:45:00+00:00
AVAXUSDT,long,1776024000000,1776041100000,9.015,8.970535714285715,2.0,False,2.0,TP,4.75,2026-04-12 20:00:00+00:00,2026-04-13 00:45:00+00:00
AVAXUSDT,long,1776513600000,1776636000000,9.344,9.045457142857142,3.0,True,-1.0,SL,34.0,2026-04-18 12:00:00+00:00,2026-04-19 22:00:00+00:00
AVAXUSDT,long,1778169600000,1778255100000,9.495,9.364977142857144,2.0,False,2.0,TP,23.75,2026-05-07 16:00:00+00:00,2026-05-08 15:45:00+00:00
BNBUSDT,short,1645704000000,1645835400000,343.95,383.8310857142857,2.0,False,-1.0,SL,36.5,2022-02-24 12:00:00+00:00,2022-02-26 00:30:00+00:00
BNBUSDT,long,1646136000000,1646420400000,402.05,382.7070285714286,2.0,False,-1.0,SL,79.0,2022-03-01 12:00:00+00:00,2022-03-04 19:00:00+00:00
BNBUSDT,long,1646913600000,1646928000000,372.07,367.31982857142856,3.0,True,-1.0,SL,4.0,2022-03-10 12:00:00+00:00,2022-03-10 16:00:00+00:00
BNBUSDT,long,1648684800000,1648744200000,441.19,424.8897714285714,3.0,True,-1.0,SL,16.5,2022-03-31 00:00:00+00:00,2022-03-31 16:30:00+00:00
BNBUSDT,long,1648900800000,1648948500000,440.54,433.9635428571429,3.0,True,-1.0,SL,13.25,2022-04-02 12:00:00+00:00,2022-04-03 01:15:00+00:00
BNBUSDT,short,1649347200000,1649635200000,432.85,441.2754857142857,2.0,False,2.0,TP,80.0,2022-04-07 16:00:00+00:00,2022-04-11 00:00:00+00:00
BNBUSDT,long,1649664000000,1650127500000,402.51,385.73537142857145,2.0,False,0.667078853779178,time_exit,128.75,2022-04-11 08:00:00+00:00,2022-04-16 16:45:00+00:00
BNBUSDT,short,1653422400000,1653436800000,326.6,328.8421428571429,2.0,False,-1.0,SL,4.0,2022-05-24 20:00:00+00:00,2022-05-25 00:00:00+00:00
BNBUSDT,short,1658116800000,1658159100000,255.88,263.90245714285714,2.0,False,-1.0,SL,11.75,2022-07-18 04:00:00+00:00,2022-07-18 15:45:00+00:00
BNBUSDT,long,1659168000000,1659187800000,289.2,287.08392857142854,3.0,True,3.0,TP,5.5,2022-07-30 08:00:00+00:00,2022-07-30 13:30:00+00:00
BNBUSDT,long,1660363200000,1660377600000,325.33,323.9192857142857,2.0,False,2.0,TP,4.0,2022-08-13 04:00:00+00:00,2022-08-13 08:00:00+00:00
BNBUSDT,short,1660694400000,1660712400000,316.86,322.2517142857143,2.0,False,-1.0,SL,5.0,2022-08-17 00:00:00+00:00,2022-08-17 05:00:00+00:00
BNBUSDT,long,1660881600000,1661345100000,284.33,273.6158285714285,2.0,False,1.188146006890735,time_exit,128.75,2022-08-19 04:00:00+00:00,2022-08-24 12:45:00+00:00
BNBUSDT,short,1662552000000,1662694200000,267.09,286.8470285714285,2.0,False,-1.0,SL,39.5,2022-09-07 12:00:00+00:00,2022-09-09 03:30:00+00:00
BNBUSDT,short,1664640000000,1664705700000,283.96,285.7653714285714,2.0,False,2.0,TP,18.25,2022-10-01 16:00:00+00:00,2022-10-02 10:15:00+00:00
BNBUSDT,long,1666900800000,1667208600000,286.03,272.4466857142857,3.0,True,3.0,TP,85.5,2022-10-27 20:00:00+00:00,2022-10-31 09:30:00+00:00
BNBUSDT,long,1667923200000,1667937600000,325.42,322.50178571428575,2.0,False,-1.0,SL,4.0,2022-11-08 16:00:00+00:00,2022-11-08 20:00:00+00:00
BNBUSDT,short,1668038400000,1668087000000,284.58,290.74053571428567,3.0,True,-1.0,SL,13.5,2022-11-10 00:00:00+00:00,2022-11-10 13:30:00+00:00
BNBUSDT,short,1668283200000,1668746700000,284.35,400.93948571428575,2.0,False,0.11330352749280043,time_exit,128.75,2022-11-12 20:00:00+00:00,2022-11-18 04:45:00+00:00
BNBUSDT,long,1673438400000,1673479800000,277.2,275.2508,3.0,True,3.0,TP,11.5,2023-01-11 12:00:00+00:00,2023-01-11 23:30:00+00:00
BNBUSDT,long,1673539200000,1674002700000,282.6,271.6750285714286,3.0,True,1.5533221401036639,time_exit,128.75,2023-01-12 16:00:00+00:00,2023-01-18 00:45:00+00:00
BNBUSDT,long,1673856000000,1673870400000,295.57,293.67053571428573,3.0,True,3.0,TP,4.0,2023-01-16 08:00:00+00:00,2023-01-16 12:00:00+00:00
BNBUSDT,long,1674590400000,1674604800000,306.31,301.75097142857146,2.0,False,-1.0,SL,4.0,2023-01-24 20:00:00+00:00,2023-01-25 00:00:00+00:00
BNBUSDT,long,1675396800000,1675425600000,323.61,318.8724,2.0,False,2.0,TP,8.0,2023-02-03 04:00:00+00:00,2023-02-03 12:00:00+00:00
BNBUSDT,short,1676505600000,1676580300000,326.55,332.3943428571428,2.0,False,2.0,TP,20.75,2023-02-16 00:00:00+00:00,2023-02-16 20:45:00+00:00
BNBUSDT,long,1676592000000,1676663100000,306.95,302.8876,2.0,False,2.0,TP,19.75,2023-02-17 00:00:00+00:00,2023-02-17 19:45:00+00:00
BNBUSDT,short,1678190400000,1678290300000,287.85,292.8322857142857,2.0,False,-1.0,SL,27.75,2023-03-07 12:00:00+00:00,2023-03-08 15:45:00+00:00
BNBUSDT,long,1678809600000,1678825800000,310.5,308.22535714285715,3.0,True,-1.0,SL,4.5,2023-03-14 16:00:00+00:00,2023-03-14 20:30:00+00:00
BNBUSDT,long,1678953600000,1678970700000,315.11,309.3756,2.0,False,-1.0,SL,4.75,2023-03-16 08:00:00+00:00,2023-03-16 12:45:00+00:00
BNBUSDT,short,1679788800000,1679832000000,323.74,327.7616,2.0,False,-1.0,SL,12.0,2023-03-26 00:00:00+00:00,2023-03-26 12:00:00+00:00
BNBUSDT,short,1680048000000,1680066000000,313.74,315.1119642857143,3.0,True,-1.0,SL,5.0,2023-03-29 00:00:00+00:00,2023-03-29 05:00:00+00:00
BNBUSDT,short,1680465600000,1680929100000,312.75,319.7732,3.0,True,0.19791548012301963,time_exit,128.75,2023-04-02 20:00:00+00:00,2023-04-08 04:45:00+00:00
BNBUSDT,long,1682625600000,1682640900000,332.01,327.9447428571429,3.0,True,-1.0,SL,4.25,2023-04-27 20:00:00+00:00,2023-04-28 00:15:00+00:00
BNBUSDT,short,1683864000000,1684327500000,305.8,316.70091428571425,3.0,True,-0.2541071260077786,time_exit,128.75,2023-05-12 04:00:00+00:00,2023-05-17 12:45:00+00:00
BNBUSDT,short,1684598400000,1684703700000,311.5,314.3474857142857,2.0,False,2.0,TP,29.25,2023-05-20 16:00:00+00:00,2023-05-21 21:15:00+00:00
BNBUSDT,long,1685491200000,1685508300000,312.81,306.49485714285714,2.0,False,-1.0,SL,4.75,2023-05-31 00:00:00+00:00,2023-05-31 04:45:00+00:00
BNBUSDT,short,1685563200000,1685587500000,307.3,308.2219,3.0,True,3.0,TP,6.75,2023-05-31 20:00:00+00:00,2023-06-01 02:45:00+00:00
BNBUSDT,long,1687579200000,1687614300000,245.79,240.61102857142856,3.0,True,-1.0,SL,9.75,2023-06-24 04:00:00+00:00,2023-06-24 13:45:00+00:00
BNBUSDT,long,1689350400000,1689550200000,250.21,241.75817142857144,2.0,False,-1.0,SL,55.5,2023-07-14 16:00:00+00:00,2023-07-16 23:30:00+00:00
BNBUSDT,long,1691582400000,1691604000000,243.51,242.77947,2.0,False,-1.0,SL,6.0,2023-08-09 12:00:00+00:00,2023-08-09 18:00:00+00:00
BNBUSDT,short,1696248000000,1696262400000,219.24,219.89772,3.0,True,3.0,TP,4.0,2023-10-02 12:00:00+00:00,2023-10-02 16:00:00+00:00
BNBUSDT,long,1697544000000,1697564700000,211.79,211.15463,3.0,True,-1.0,SL,5.75,2023-10-17 12:00:00+00:00,2023-10-17 17:45:00+00:00
BNBUSDT,long,1698148800000,1698274800000,229.77,222.0388,2.0,False,-1.0,SL,35.0,2023-10-24 12:00:00+00:00,2023-10-25 23:00:00+00:00
BNBUSDT,long,1698926400000,1699389900000,230.78,222.1654857142857,3.0,True,2.1034267747456075,time_exit,128.75,2023-11-02 12:00:00+00:00,2023-11-07 20:45:00+00:00
BNBUSDT,long,1699545600000,1699560000000,240.35,239.25142857142856,3.0,True,3.0,TP,4.0,2023-11-09 16:00:00+00:00,2023-11-09 20:00:00+00:00
BNBUSDT,long,1699675200000,1699713900000,246.06,242.7850857142857,2.0,False,2.0,TP,10.75,2023-11-11 04:00:00+00:00,2023-11-11 14:45:00+00:00
BNBUSDT,short,1700438400000,1700500500000,247.33,251.4248,3.0,True,3.0,TP,17.25,2023-11-20 00:00:00+00:00,2023-11-20 17:15:00+00:00
BNBUSDT,long,1700568000000,1700582400000,256.22,254.49862857142855,3.0,True,3.0,TP,4.0,2023-11-21 12:00:00+00:00,2023-11-21 16:00:00+00:00
BNBUSDT,long,1701000000000,1701070200000,231.9,227.63942857142857,2.0,False,-1.0,SL,19.5,2023-11-26 12:00:00+00:00,2023-11-27 07:30:00+00:00
BNBUSDT,long,1701849600000,1702313100000,230.65,221.6602857142857,2.0,False,1.8087337909992305,time_exit,128.75,2023-12-06 08:00:00+00:00,2023-12-11 16:45:00+00:00
BNBUSDT,long,1702123200000,1702137600000,243.0,240.76577142857144,2.0,False,-1.0,SL,4.0,2023-12-09 12:00:00+00:00,2023-12-09 16:00:00+00:00
BNBUSDT,long,1703304000000,1703592000000,265.54,256.9297714285714,3.0,True,3.0,TP,80.0,2023-12-23 04:00:00+00:00,2023-12-26 12:00:00+00:00
BNBUSDT,long,1703822400000,1703836800000,314.92,312.2398214285714,2.0,False,-1.0,SL,4.0,2023-12-29 04:00:00+00:00,2023-12-29 08:00:00+00:00
BNBUSDT,short,1704916800000,1704977100000,310.0,316.8572571428571,2.0,False,-1.0,SL,16.75,2024-01-10 20:00:00+00:00,2024-01-11 12:45:00+00:00
BNBUSDT,short,1706428800000,1706444100000,308.9,310.68165714285715,2.0,False,2.0,TP,4.25,2024-01-28 08:00:00+00:00,2024-01-28 12:15:00+00:00
BNBUSDT,long,1709193600000,1709227800000,413.94,403.82137142857147,3.0,True,-1.0,SL,9.5,2024-02-29 08:00:00+00:00,2024-02-29 17:30:00+00:00
BNBUSDT,long,1713240000000,1713254400000,533.84,528.3885714285715,3.0,True,3.0,TP,4.0,2024-04-16 04:00:00+00:00,2024-04-16 08:00:00+00:00
BNBUSDT,long,1713484800000,1713508200000,528.41,522.1450285714285,3.0,True,3.0,TP,6.5,2024-04-19 00:00:00+00:00,2024-04-19 06:30:00+00:00
BNBUSDT,short,1714780800000,1714819500000,587.89,591.7623428571428,2.0,False,-1.0,SL,10.75,2024-05-04 00:00:00+00:00,2024-05-04 10:45:00+00:00
BNBUSDT,long,1715198400000,1715220900000,585.06,581.1398857142857,2.0,False,2.0,TP,6.25,2024-05-08 20:00:00+00:00,2024-05-09 02:15:00+00:00
BNBUSDT,long,1716465600000,1716822000000,587.43,576.5217142857143,2.0,False,2.0,TP,99.0,2024-05-23 12:00:00+00:00,2024-05-27 15:00:00+00:00
BNBUSDT,long,1716825600000,1716865200000,602.93,598.7520571428571,2.0,False,-1.0,SL,11.0,2024-05-27 16:00:00+00:00,2024-05-28 03:00:00+00:00
BNBUSDT,short,1718740800000,1719204300000,588.66,613.3401142857142,3.0,True,0.5830605090969716,time_exit,128.75,2024-06-18 20:00:00+00:00,2024-06-24 04:45:00+00:00
BNBUSDT,short,1719849600000,1719872100000,581.91,583.65573,2.0,False,2.0,TP,6.25,2024-07-01 16:00:00+00:00,2024-07-01 22:15:00+00:00
BNBUSDT,short,1720411200000,1720692000000,503.87,531.6780571428571,2.0,False,-1.0,SL,78.0,2024-07-08 04:00:00+00:00,2024-07-11 10:00:00+00:00
BNBUSDT,long,1722096000000,1722110400000,585.15,583.3760714285714,3.0,True,-1.0,SL,4.0,2024-07-27 16:00:00+00:00,2024-07-27 20:00:00+00:00
BNBUSDT,short,1722369600000,1722384000000,574.09,589.1323428571429,2.0,False,-1.0,SL,4.0,2024-07-30 20:00:00+00:00,2024-07-31 00:00:00+00:00
BNBUSDT,short,1725393600000,1725408000000,529.04,531.6364285714285,2.0,False,2.0,TP,4.0,2024-09-03 20:00:00+00:00,2024-09-04 00:00:00+00:00
BNBUSDT,long,1727510400000,1727595900000,599.84,593.2202285714286,2.0,False,-1.0,SL,23.75,2024-09-28 08:00:00+00:00,2024-09-29 07:45:00+00:00
BNBUSDT,short,1728374400000,1728395100000,564.34,578.0445142857143,3.0,True,-1.0,SL,5.75,2024-10-08 08:00:00+00:00,2024-10-08 13:45:00+00:00
BNBUSDT,short,1730952000000,1730966400000,604.22,606.8937500000001,3.0,True,3.0,TP,4.0,2024-11-07 04:00:00+00:00,2024-11-07 08:00:00+00:00
BNBUSDT,long,1730995200000,1731013200000,596.53,593.6678571428571,2.0,False,2.0,TP,5.0,2024-11-07 16:00:00+00:00,2024-11-07 21:00:00+00:00
BNBUSDT,long,1731470400000,1731933900000,603.33,569.726,2.0,False,0.428222830615402,time_exit,128.75,2024-11-13 04:00:00+00:00,2024-11-18 12:45:00+00:00
BNBUSDT,long,1731801600000,1731816000000,606.77,603.6025,3.0,True,3.0,TP,4.0,2024-11-17 00:00:00+00:00,2024-11-17 04:00:00+00:00
BNBUSDT,short,1732104000000,1732118400000,618.99,621.2721428571429,2.0,False,2.0,TP,4.0,2024-11-20 12:00:00+00:00,2024-11-20 16:00:00+00:00
BNBUSDT,long,1732147200000,1732161600000,597.77,595.4176785714286,3.0,True,3.0,TP,4.0,2024-11-21 00:00:00+00:00,2024-11-21 04:00:00+00:00
BNBUSDT,long,1733875200000,1734338700000,671.23,641.1958285714286,3.0,True,1.3671094638868473,time_exit,128.75,2024-12-11 00:00:00+00:00,2024-12-16 08:45:00+00:00
BNBUSDT,long,1735358400000,1735395300000,694.82,680.5870285714285,2.0,False,2.0,TP,10.25,2024-12-28 04:00:00+00:00,2024-12-28 14:15:00+00:00
BNBUSDT,long,1737331200000,1737794700000,686.0,655.7925142857143,3.0,True,-0.10593400689706219,time_exit,128.75,2025-01-20 00:00:00+00:00,2025-01-25 08:45:00+00:00
BNBUSDT,short,1738108800000,1738535400000,670.17,691.9196000000001,3.0,True,3.0,TP,118.5,2025-01-29 00:00:00+00:00,2025-02-02 22:30:00+00:00
BNBUSDT,short,1738454400000,1738521000000,665.8,690.0819428571428,2.0,False,2.0,TP,18.5,2025-02-02 00:00:00+00:00,2025-02-02 18:30:00+00:00
BNBUSDT,short,1739361600000,1739376000000,654.32,657.6735714285714,3.0,True,-1.0,SL,4.0,2025-02-12 12:00:00+00:00,2025-02-12 16:00:00+00:00
BNBUSDT,long,1739462400000,1739476800000,689.44,684.0557142857143,2.0,False,-1.0,SL,4.0,2025-02-13 16:00:00+00:00,2025-02-13 20:00:00+00:00
BNBUSDT,short,1740182400000,1740244500000,647.18,668.5034285714286,2.0,False,-1.0,SL,17.25,2025-02-22 00:00:00+00:00,2025-02-22 17:15:00+00:00
BNBUSDT,short,1741867200000,1741881600000,613.62,617.0841071428572,3.0,True,3.0,TP,4.0,2025-03-13 12:00:00+00:00,2025-03-13 16:00:00+00:00
BNBUSDT,long,1742097600000,1742112000000,609.34,607.1766071428572,3.0,True,-1.0,SL,4.0,2025-03-16 04:00:00+00:00,2025-03-16 08:00:00+00:00
BNBUSDT,short,1743739200000,1743981300000,594.36,618.9222857142856,2.0,False,2.0,TP,67.25,2025-04-04 04:00:00+00:00,2025-04-06 23:15:00+00:00
BNBUSDT,long,1745222400000,1745685900000,597.41,586.6650285714286,3.0,True,0.9939533176981235,time_exit,128.75,2025-04-21 08:00:00+00:00,2025-04-26 16:45:00+00:00
BNBUSDT,long,1745481600000,1745496000000,604.31,601.3574857142856,2.0,False,-1.0,SL,4.0,2025-04-24 08:00:00+00:00,2025-04-24 12:00:00+00:00
BNBUSDT,short,1746576000000,1746590400000,606.27,608.08881,2.0,False,2.0,TP,4.0,2025-05-07 00:00:00+00:00,2025-05-07 04:00:00+00:00
BNBUSDT,long,1746849600000,1746867600000,661.44,657.0653714285714,3.0,True,-1.0,SL,5.0,2025-05-10 04:00:00+00:00,2025-05-10 09:00:00+00:00
BNBUSDT,short,1750708800000,1750822200000,636.63,650.1373714285714,2.0,False,-1.0,SL,31.5,2025-06-23 20:00:00+00:00,2025-06-25 03:30:00+00:00
BNBUSDT,short,1751241600000,1751265900000,656.58,658.54974,2.0,False,2.0,TP,6.75,2025-06-30 00:00:00+00:00,2025-06-30 06:45:00+00:00
BNBUSDT,long,1752163200000,1752177600000,667.82,665.5944571428571,3.0,True,3.0,TP,4.0,2025-07-10 16:00:00+00:00,2025-07-10 20:00:00+00:00
BNBUSDT,long,1752350400000,1752463800000,682.34,674.5646285714286,2.0,False,2.0,TP,31.5,2025-07-12 20:00:00+00:00,2025-07-14 03:30:00+00:00
BNBUSDT,short,1754582400000,1754731800000,776.88,811.3758857142857,2.0,False,-1.0,SL,41.5,2025-08-07 16:00:00+00:00,2025-08-09 09:30:00+00:00
BNBUSDT,long,1755187200000,1755201600000,845.62,840.2712,3.0,True,-1.0,SL,4.0,2025-08-14 16:00:00+00:00,2025-08-14 20:00:00+00:00
BNBUSDT,short,1756800000000,1757214000000,856.84,868.4737714285715,2.0,False,-1.0,SL,115.0,2025-09-02 08:00:00+00:00,2025-09-07 03:00:00+00:00
BNBUSDT,long,1760126400000,1760140800000,862.67,852.9144642857142,3.0,True,3.0,TP,4.0,2025-10-10 20:00:00+00:00,2025-10-11 00:00:00+00:00
BNBUSDT,short,1760572800000,1760587200000,1171.34,1181.766607142857,2.0,False,-1.0,SL,4.0,2025-10-16 00:00:00+00:00,2025-10-16 04:00:00+00:00
BNBUSDT,long,1764388800000,1764417600000,880.58,877.5801785714286,2.0,False,-1.0,SL,8.0,2025-11-29 04:00:00+00:00,2025-11-29 12:00:00+00:00
BNBUSDT,short,1764504000000,1764548100000,892.18,905.9953714285714,3.0,True,3.0,TP,12.25,2025-11-30 12:00:00+00:00,2025-12-01 00:15:00+00:00
BNBUSDT,short,1764792000000,1765255500000,922.55,950.3445714285716,3.0,True,1.1246800505751284,time_exit,128.75,2025-12-03 20:00:00+00:00,2025-12-09 04:45:00+00:00
BNBUSDT,short,1765195200000,1765297800000,909.51,923.9126285714286,3.0,True,-1.0,SL,28.5,2025-12-08 12:00:00+00:00,2025-12-09 16:30:00+00:00
BNBUSDT,long,1767398400000,1767861900000,878.16,855.5966857142857,3.0,True,0.24420171302088367,time_exit,128.75,2026-01-03 00:00:00+00:00,2026-01-08 08:45:00+00:00
BNBUSDT,long,1767715200000,1767794400000,911.38,899.1644571428571,3.0,True,-1.0,SL,22.0,2026-01-06 16:00:00+00:00,2026-01-07 14:00:00+00:00
BNBUSDT,long,1768377600000,1768841100000,939.04,896.1426285714285,2.0,False,-0.23451320360621367,time_exit,128.75,2026-01-14 08:00:00+00:00,2026-01-19 16:45:00+00:00
BNBUSDT,long,1769054400000,1769091300000,890.08,886.3160714285715,3.0,True,-1.0,SL,10.25,2026-01-22 04:00:00+00:00,2026-01-22 14:15:00+00:00
BNBUSDT,short,1770033600000,1770139800000,776.67,787.4106857142857,2.0,False,2.0,TP,29.5,2026-02-02 12:00:00+00:00,2026-02-03 17:30:00+00:00
BNBUSDT,long,1772208000000,1772231400000,610.49,607.7983928571429,2.0,False,-1.0,SL,6.5,2026-02-27 16:00:00+00:00,2026-02-27 22:30:00+00:00
BNBUSDT,long,1772539200000,1772553600000,621.28,615.3588571428571,2.0,False,2.0,TP,4.0,2026-03-03 12:00:00+00:00,2026-03-03 16:00:00+00:00
BNBUSDT,short,1773403200000,1773417600000,679.55,681.7905357142856,2.0,False,2.0,TP,4.0,2026-03-13 12:00:00+00:00,2026-03-13 16:00:00+00:00
BNBUSDT,short,1775318400000,1775603700000,592.88,623.1081142857142,2.0,False,-1.0,SL,79.25,2026-04-04 16:00:00+00:00,2026-04-07 23:15:00+00:00
BNBUSDT,short,1776168000000,1776182400000,621.78,623.8088571428572,2.0,False,-1.0,SL,4.0,2026-04-14 12:00:00+00:00,2026-04-14 16:00:00+00:00
BNBUSDT,long,1776340800000,1776355200000,616.5,613.6232,2.0,False,2.0,TP,4.0,2026-04-16 12:00:00+00:00,2026-04-16 16:00:00+00:00
BNBUSDT,long,1776542400000,1776565800000,634.39,624.3367428571429,3.0,True,-1.0,SL,6.5,2026-04-18 20:00:00+00:00,2026-04-19 02:30:00+00:00
BNBUSDT,long,1777262400000,1777276800000,636.2,626.8383428571428,2.0,False,-1.0,SL,4.0,2026-04-27 04:00:00+00:00,2026-04-27 08:00:00+00:00
BNBUSDT,long,1778097600000,1778115600000,649.51,643.5500571428571,3.0,True,-1.0,SL,5.0,2026-05-06 20:00:00+00:00,2026-05-07 01:00:00+00:00
BTCUSDT,short,1645689600000,1645732800000,35920.8,39233.124,2.0,False,-1.0,SL,12.0,2022-02-24 08:00:00+00:00,2022-02-24 20:00:00+00:00
BTCUSDT,long,1646121600000,1646136900000,43215.1,42755.16,2.0,False,2.0,TP,4.25,2022-03-01 08:00:00+00:00,2022-03-01 12:15:00+00:00
BTCUSDT,long,1649620800000,1649683800000,41995.3,40857.41771428572,2.0,False,-1.0,SL,17.5,2022-04-10 20:00:00+00:00,2022-04-11 13:30:00+00:00
BTCUSDT,short,1651276800000,1651690800000,38737.8,39935.073142857145,3.0,True,-1.0,SL,115.0,2022-04-30 00:00:00+00:00,2022-05-04 19:00:00+00:00
BTCUSDT,long,1651752000000,1651766400000,37287.33,37009.728,3.0,True,-1.0,SL,4.0,2022-05-05 12:00:00+00:00,2022-05-05 16:00:00+00:00
BTCUSDT,long,1654128000000,1654591500000,29663.1,28549.297714285716,3.0,True,-0.02873041329725623,time_exit,128.75,2022-06-02 00:00:00+00:00,2022-06-07 08:45:00+00:00
BTCUSDT,long,1654646400000,1654867800000,30105.8,29275.84114285714,2.0,False,-1.0,SL,61.5,2022-06-08 00:00:00+00:00,2022-06-10 13:30:00+00:00
BTCUSDT,short,1659686400000,1660149900000,23216.2,24618.690285714285,2.0,False,-0.5229269731636532,time_exit,128.75,2022-08-05 08:00:00+00:00,2022-08-10 16:45:00+00:00
BTCUSDT,long,1660248000000,1660297500000,23866.2,23747.40892857143,2.0,False,2.0,TP,13.75,2022-08-11 20:00:00+00:00,2022-08-12 09:45:00+00:00
BTCUSDT,long,1660464000000,1660482900000,24547.3,24400.381714285715,2.0,False,-1.0,SL,5.25,2022-08-14 08:00:00+00:00,2022-08-14 13:15:00+00:00
BTCUSDT,long,1660766400000,1660871700000,23454.0,22821.44514285714,3.0,True,-1.0,SL,29.25,2022-08-17 20:00:00+00:00,2022-08-19 01:15:00+00:00
BTCUSDT,short,1661788800000,1662252300000,20367.7,21890.47657142857,2.0,False,0.3761549860611759,time_exit,128.75,2022-08-29 16:00:00+00:00,2022-09-04 00:45:00+00:00
BTCUSDT,short,1662566400000,1662696000000,19066.6,20073.62285714286,2.0,False,-1.0,SL,36.0,2022-09-07 16:00:00+00:00,2022-09-09 04:00:00+00:00
BTCUSDT,long,1662768000000,1662783300000,21068.4,20916.529714285716,2.0,False,2.0,TP,4.25,2022-09-10 00:00:00+00:00,2022-09-10 04:15:00+00:00
BTCUSDT,short,1663012800000,1663476300000,21988.4,22904.31257142857,3.0,True,2.1665823375531232,time_exit,128.75,2022-09-12 20:00:00+00:00,2022-09-18 04:45:00+00:00
BTCUSDT,long,1663084800000,1663548300000,20618.5,19238.074285714287,3.0,True,-0.8472024158178953,time_exit,128.75,2022-09-13 16:00:00+00:00,2022-09-19 00:45:00+00:00
BTCUSDT,long,1664971200000,1665017100000,19885.3,19719.898285714287,3.0,True,3.0,TP,12.75,2022-10-05 12:00:00+00:00,2022-10-06 00:45:00+00:00
BTCUSDT,long,1665144000000,1665158400000,19784.9,19548.801714285717,2.0,False,-1.0,SL,4.0,2022-10-07 12:00:00+00:00,2022-10-07 16:00:00+00:00
BTCUSDT,short,1666152000000,1666615500000,19279.4,20944.353142857144,2.0,False,-0.051352796543738005,time_exit,128.75,2022-10-19 04:00:00+00:00,2022-10-24 12:45:00+00:00
BTCUSDT,long,1666915200000,1667378700000,20159.0,19556.74171428572,3.0,True,0.5593945454821543,time_exit,128.75,2022-10-28 00:00:00+00:00,2022-11-02 08:45:00+00:00
BTCUSDT,long,1667304000000,1667349900000,20390.5,20329.3285,2.0,False,2.0,TP,12.75,2022-11-01 12:00:00+00:00,2022-11-02 00:45:00+00:00
BTCUSDT,long,1667923200000,1667937600000,18299.8,18216.858928571422,3.0,True,-1.0,SL,4.0,2022-11-08 16:00:00+00:00,2022-11-08 20:00:00+00:00
BTCUSDT,long,1669982400000,1669999500000,16834.9,16784.3953,2.0,False,2.0,TP,4.75,2022-12-02 12:00:00+00:00,2022-12-02 16:45:00+00:00
BTCUSDT,short,1676491200000,1676562300000,24037.2,25089.731428571427,2.0,False,-1.0,SL,19.75,2023-02-15 20:00:00+00:00,2023-02-16 15:45:00+00:00
BTCUSDT,long,1676606400000,1676664000000,23744.5,23279.49257142857,2.0,False,2.0,TP,16.0,2023-02-17 04:00:00+00:00,2023-02-17 20:00:00+00:00
BTCUSDT,long,1677009600000,1677033000000,24620.0,23887.85485714286,3.0,True,-1.0,SL,6.5,2023-02-21 20:00:00+00:00,2023-02-22 02:30:00+00:00
BTCUSDT,short,1677628800000,1677660300000,23446.8,23913.519428571428,3.0,True,-1.0,SL,8.75,2023-03-01 00:00:00+00:00,2023-03-01 08:45:00+00:00
BTCUSDT,short,1677830400000,1678293900000,22453.2,24054.553714285717,3.0,True,0.2007051890739591,time_exit,128.75,2023-03-03 08:00:00+00:00,2023-03-08 16:45:00+00:00
BTCUSDT,short,1678550400000,1678641300000,20330.1,20572.50742857143,3.0,True,-1.0,SL,25.25,2023-03-11 16:00:00+00:00,2023-03-12 17:15:00+00:00
BTCUSDT,long,1678766400000,1678780800000,24301.1,24133.085714285717,2.0,False,-1.0,SL,4.0,2023-03-14 04:00:00+00:00,2023-03-14 08:00:00+00:00
BTCUSDT,short,1678852800000,1679015700000,24844.4,25283.886285714285,3.0,True,-1.0,SL,45.25,2023-03-15 04:00:00+00:00,2023-03-17 01:15:00+00:00
BTCUSDT,long,1678881600000,1678896000000,24720.2,24182.016,2.0,False,-1.0,SL,4.0,2023-03-15 12:00:00+00:00,2023-03-15 16:00:00+00:00
BTCUSDT,long,1681992000000,1682006400000,28532.0,28412.01607142857,3.0,True,-1.0,SL,4.0,2023-04-20 12:00:00+00:00,2023-04-20 16:00:00+00:00
BTCUSDT,short,1682366400000,1682454600000,27440.9,28031.906285714285,2.0,False,-1.0,SL,24.5,2023-04-24 20:00:00+00:00,2023-04-25 20:30:00+00:00
BTCUSDT,long,1682539200000,1683002700000,27757.1,26542.101142857144,3.0,True,0.1315227574582107,time_exit,128.75,2023-04-26 20:00:00+00:00,2023-05-02 04:45:00+00:00
BTCUSDT,short,1684497600000,1684818900000,27100.0,27526.950285714287,2.0,False,-1.0,SL,89.25,2023-05-19 12:00:00+00:00,2023-05-23 05:15:00+00:00
BTCUSDT,short,1684915200000,1684935900000,27125.6,27549.47371428572,2.0,False,2.0,TP,5.75,2023-05-24 08:00:00+00:00,2023-05-24 13:45:00+00:00
BTCUSDT,long,1685419200000,1685508300000,27622.0,27272.469714285715,2.0,False,-1.0,SL,24.75,2023-05-30 04:00:00+00:00,2023-05-31 04:45:00+00:00
BTCUSDT,short,1686225600000,1686420900000,26786.8,27275.118857142857,3.0,True,3.0,TP,54.25,2023-06-08 12:00:00+00:00,2023-06-10 18:15:00+00:00
BTCUSDT,short,1686700800000,1686774600000,25975.9,26309.808571428573,2.0,False,2.0,TP,20.5,2023-06-14 00:00:00+00:00,2023-06-14 20:30:00+00:00
BTCUSDT,short,1686974400000,1687283100000,26861.4,27491.138857142854,3.0,True,-1.0,SL,85.75,2023-06-17 04:00:00+00:00,2023-06-20 17:45:00+00:00
BTCUSDT,long,1687377600000,1687535100000,29907.2,29423.186285714284,3.0,True,3.0,TP,43.75,2023-06-21 20:00:00+00:00,2023-06-23 15:45:00+00:00
BTCUSDT,short,1689076800000,1689091200000,30460.9,30552.2827,2.0,False,-1.0,SL,4.0,2023-07-11 12:00:00+00:00,2023-07-11 16:00:00+00:00
BTCUSDT,long,1689336000000,1689698700000,31269.8,29583.25657142857,3.0,True,-1.0,SL,100.75,2023-07-14 12:00:00+00:00,2023-07-18 16:45:00+00:00
BTCUSDT,short,1689724800000,1690188300000,29872.0,30465.604,3.0,True,0.21546350765830688,time_exit,128.75,2023-07-19 00:00:00+00:00,2023-07-24 08:45:00+00:00
BTCUSDT,short,1690833600000,1690855200000,29263.0,29537.493142857144,2.0,False,2.0,TP,6.0,2023-07-31 20:00:00+00:00,2023-08-01 02:00:00+00:00
BTCUSDT,short,1691064000000,1691527500000,29357.0,30084.272571428573,2.0,False,-0.838750179732179,time_exit,128.75,2023-08-03 12:00:00+00:00,2023-08-08 20:45:00+00:00
BTCUSDT,short,1691481600000,1691496000000,29363.8,29456.166285714287,2.0,False,-1.0,SL,4.0,2023-08-08 08:00:00+00:00,2023-08-08 12:00:00+00:00
BTCUSDT,short,1691596800000,1691688600000,29765.0,29976.81771428572,2.0,False,2.0,TP,25.5,2023-08-09 16:00:00+00:00,2023-08-10 17:30:00+00:00
BTCUSDT,short,1693224000000,1693242000000,26024.7,26181.13142857143,2.0,False,-1.0,SL,5.0,2023-08-28 12:00:00+00:00,2023-08-28 17:00:00+00:00
BTCUSDT,long,1693396800000,1693498500000,27165.1,26700.202285714287,3.0,True,-1.0,SL,28.25,2023-08-30 12:00:00+00:00,2023-08-31 16:15:00+00:00
BTCUSDT,short,1694376000000,1694392200000,25945.7,26061.71485714286,2.0,False,2.0,TP,4.5,2023-09-10 20:00:00+00:00,2023-09-11 00:30:00+00:00
BTCUSDT,long,1695052800000,1695304800000,27083.1,26362.460000000003,2.0,False,-1.0,SL,70.0,2023-09-18 16:00:00+00:00,2023-09-21 14:00:00+00:00
BTCUSDT,long,1696003200000,1696235400000,26837.3,26020.634857142857,2.0,False,2.0,TP,64.5,2023-09-29 16:00:00+00:00,2023-10-02 08:30:00+00:00
BTCUSDT,long,1696276800000,1696627800000,27259.5,26804.01714285714,2.0,False,2.0,TP,97.5,2023-10-02 20:00:00+00:00,2023-10-06 21:30:00+00:00
BTCUSDT,short,1697428800000,1697443200000,27595.3,27678.0859,3.0,True,-1.0,SL,4.0,2023-10-16 04:00:00+00:00,2023-10-16 08:00:00+00:00
BTCUSDT,short,1692144000000,1692232200000,29271.9,29702.17885714286,2.0,False,2.0,TP,24.5,2023-08-16 00:00:00+00:00,2023-08-17 00:30:00+00:00
BTCUSDT,long,1697486400000,1697790600000,28250.1,27462.797142857144,2.0,False,2.0,TP,84.5,2023-10-16 20:00:00+00:00,2023-10-20 08:30:00+00:00
BTCUSDT,long,1698321600000,1698338700000,34003.6,33806.8375,3.0,True,-1.0,SL,4.75,2023-10-26 12:00:00+00:00,2023-10-26 16:45:00+00:00
BTCUSDT,long,1701936000000,1701962100000,43056.2,42708.50914285715,2.0,False,2.0,TP,7.25,2023-12-07 08:00:00+00:00,2023-12-07 15:15:00+00:00
BTCUSDT,short,1704124800000,1704153600000,43296.0,44562.61257142857,2.0,False,-1.0,SL,8.0,2024-01-01 16:00:00+00:00,2024-01-02 00:00:00+00:00
BTCUSDT,long,1704283200000,1704297600000,40822.7,39992.27485714286,3.0,True,3.0,TP,4.0,2024-01-03 12:00:00+00:00,2024-01-03 16:00:00+00:00
BTCUSDT,long,1704844800000,1704887100000,45883.9,45093.16457142857,2.0,False,-1.0,SL,11.75,2024-01-10 00:00:00+00:00,2024-01-10 11:45:00+00:00
BTCUSDT,long,1704974400000,1705076100000,46296.4,44191.62285714286,2.0,False,-1.0,SL,28.25,2024-01-11 12:00:00+00:00,2024-01-12 16:15:00+00:00
BTCUSDT,long,1707710400000,1707748200000,47704.0,47379.534857142855,2.0,False,2.0,TP,10.5,2024-02-12 04:00:00+00:00,2024-02-12 14:30:00+00:00
BTCUSDT,long,1709654400000,1709668800000,61927.7,61357.04514285715,3.0,True,-1.0,SL,4.0,2024-03-05 16:00:00+00:00,2024-03-05 20:00:00+00:00
BTCUSDT,short,1710734400000,1710831600000,69016.3,71341.91657142858,2.0,False,2.0,TP,27.0,2024-03-18 04:00:00+00:00,2024-03-19 07:00:00+00:00
BTCUSDT,long,1712088000000,1712103300000,65684.2,65329.23035714286,3.0,True,-1.0,SL,4.25,2024-04-02 20:00:00+00:00,2024-04-03 00:15:00+00:00
BTCUSDT,short,1714780800000,1714819500000,61598.1,64309.85257142857,2.0,False,-1.0,SL,10.75,2024-05-04 00:00:00+00:00,2024-05-04 10:45:00+00:00
BTCUSDT,long,1714881600000,1715345100000,63445.0,59533.23942857143,2.0,False,-0.11618809272726462,time_exit,128.75,2024-05-05 04:00:00+00:00,2024-05-10 12:45:00+00:00
BTCUSDT,short,1715083200000,1715106600000,63590.0,63925.20628571429,2.0,False,2.0,TP,6.5,2024-05-07 12:00:00+00:00,2024-05-07 18:30:00+00:00
BTCUSDT,long,1716307200000,1716330600000,69536.8,69247.41964285714,2.0,False,2.0,TP,6.5,2024-05-21 16:00:00+00:00,2024-05-21 22:30:00+00:00
BTCUSDT,long,1716480000000,1716494400000,67616.2,67206.49771428572,2.0,False,-1.0,SL,4.0,2024-05-23 16:00:00+00:00,2024-05-23 20:00:00+00:00
BTCUSDT,short,1718193600000,1718217900000,69524.3,69888.45942857144,2.0,False,2.0,TP,6.75,2024-06-12 12:00:00+00:00,2024-06-12 18:45:00+00:00
BTCUSDT,short,1718640000000,1718959500000,65813.2,66817.55885714285,2.0,False,2.0,TP,88.75,2024-06-17 16:00:00+00:00,2024-06-21 08:45:00+00:00
BTCUSDT,short,1719849600000,1719864900000,63182.5,63372.0475,2.0,False,-1.0,SL,4.25,2024-07-01 16:00:00+00:00,2024-07-01 20:15:00+00:00
BTCUSDT,short,1721174400000,1721417400000,65122.0,67323.97142857143,2.0,False,-1.0,SL,67.5,2024-07-17 00:00:00+00:00,2024-07-19 19:30:00+00:00
BTCUSDT,long,1722110400000,1722350700000,67479.1,65671.97657142857,3.0,True,-1.0,SL,66.75,2024-07-27 20:00:00+00:00,2024-07-30 14:45:00+00:00
BTCUSDT,long,1724860800000,1724940000000,58508.1,57756.08514285714,3.0,True,3.0,TP,22.0,2024-08-28 16:00:00+00:00,2024-08-29 14:00:00+00:00
BTCUSDT,short,1725465600000,1725631200000,58250.0,59869.58457142857,2.0,False,2.0,TP,46.0,2024-09-04 16:00:00+00:00,2024-09-06 14:00:00+00:00
BTCUSDT,short,1726228800000,1726262100000,58736.6,60313.77942857143,2.0,False,-1.0,SL,9.25,2024-09-13 12:00:00+00:00,2024-09-13 21:15:00+00:00
BTCUSDT,long,1726646400000,1726804800000,59600.0,57367.92514285714,2.0,False,2.0,TP,44.0,2024-09-18 08:00:00+00:00,2024-09-20 04:00:00+00:00
BTCUSDT,long,1726905600000,1727364600000,63012.2,61827.108,2.0,False,2.0,TP,127.5,2024-09-21 08:00:00+00:00,2024-09-26 15:30:00+00:00
BTCUSDT,short,1728259200000,1728273600000,63399.0,63589.197,3.0,True,-1.0,SL,4.0,2024-10-07 00:00:00+00:00,2024-10-07 04:00:00+00:00
BTCUSDT,short,1728403200000,1728579600000,62291.4,63031.57828571429,3.0,True,3.0,TP,49.0,2024-10-08 16:00:00+00:00,2024-10-10 17:00:00+00:00
BTCUSDT,long,1729008000000,1729022400000,65962.2,65698.94464285714,2.0,False,2.0,TP,4.0,2024-10-15 16:00:00+00:00,2024-10-15 20:00:00+00:00
BTCUSDT,long,1731945600000,1732409100000,91500.0,88622.3,3.0,True,2.252875560343334,time_exit,128.75,2024-11-18 16:00:00+00:00,2024-11-24 00:45:00+00:00
BTCUSDT,long,1733428800000,1733892300000,97189.3,93433.56971428572,3.0,True,0.09622629222728166,time_exit,128.75,2024-12-05 20:00:00+00:00,2024-12-11 04:45:00+00:00
BTCUSDT,long,1733889600000,1733927400000,97349.1,96826.54642857144,3.0,True,3.0,TP,10.5,2024-12-11 04:00:00+00:00,2024-12-11 14:30:00+00:00
BTCUSDT,long,1734638400000,1734652800000,96136.8,95587.15357142856,3.0,True,3.0,TP,4.0,2024-12-19 20:00:00+00:00,2024-12-20 00:00:00+00:00
BTCUSDT,long,1734768000000,1734785100000,97764.5,97108.09464285716,3.0,True,-1.0,SL,4.75,2024-12-21 08:00:00+00:00,2024-12-21 12:45:00+00:00
BTCUSDT,long,1736409600000,1736429400000,92759.3,92334.6625,3.0,True,-1.0,SL,5.5,2025-01-09 08:00:00+00:00,2025-01-09 13:30:00+00:00
BTCUSDT,short,1736798400000,1736841600000,93164.2,95549.872,2.0,False,-1.0,SL,12.0,2025-01-13 20:00:00+00:00,2025-01-14 08:00:00+00:00
BTCUSDT,long,1736928000000,1736947800000,96929.9,96480.7982142857,2.0,False,2.0,TP,5.5,2025-01-15 08:00:00+00:00,2025-01-15 13:30:00+00:00
BTCUSDT,short,1736971200000,1736985600000,100099.9,100534.50178571428,3.0,True,-1.0,SL,4.0,2025-01-15 20:00:00+00:00,2025-01-16 00:00:00+00:00
BTCUSDT,long,1737331200000,1737794700000,99583.4,93882.27314285714,3.0,True,0.8279415838793602,time_exit,128.75,2025-01-20 00:00:00+00:00,2025-01-25 08:45:00+00:00
BTCUSDT,long,1738555200000,1738569600000,92877.4,92281.97714285714,3.0,True,3.0,TP,4.0,2025-02-03 04:00:00+00:00,2025-02-03 08:00:00+00:00
BTCUSDT,short,1739376000000,1739399400000,97002.0,98022.13942857143,2.0,False,-1.0,SL,6.5,2025-02-12 16:00:00+00:00,2025-02-12 22:30:00+00:00
BTCUSDT,short,1741896000000,1741965300000,81730.5,84630.38857142857,2.0,False,-1.0,SL,19.25,2025-03-13 20:00:00+00:00,2025-03-14 15:15:00+00:00
BTCUSDT,short,1743739200000,1743756300000,83889.2,84602.66742857143,3.0,True,-1.0,SL,4.75,2025-04-04 04:00:00+00:00,2025-04-04 08:45:00+00:00
BTCUSDT,short,1743883200000,1743971400000,83300.0,85679.02685714286,2.0,False,2.0,TP,24.5,2025-04-05 20:00:00+00:00,2025-04-06 20:30:00+00:00
BTCUSDT,short,1744329600000,1744392600000,80011.8,83724.18685714285,2.0,False,-1.0,SL,17.5,2025-04-11 00:00:00+00:00,2025-04-11 17:30:00+00:00
BTCUSDT,long,1746748800000,1747074600000,102777.1,101192.284,2.0,False,-1.0,SL,90.5,2025-05-09 00:00:00+00:00,2025-05-12 18:30:00+00:00
BTCUSDT,long,1749528000000,1749562200000,109386.8,109000.07428571428,2.0,False,-1.0,SL,9.5,2025-06-10 04:00:00+00:00,2025-06-10 13:30:00+00:00
BTCUSDT,short,1753920000000,1753992000000,118374.8,118950.292,3.0,True,3.0,TP,20.0,2025-07-31 00:00:00+00:00,2025-07-31 20:00:00+00:00
BTCUSDT,short,1754553600000,1754573400000,115687.4,116586.27485714288,2.0,False,-1.0,SL,5.5,2025-08-07 08:00:00+00:00,2025-08-07 13:30:00+00:00
BTCUSDT,long,1754755200000,1754793900000,116479.9,116130.4603,2.0,False,2.0,TP,10.75,2025-08-09 16:00:00+00:00,2025-08-10 02:45:00+00:00
BTCUSDT,long,1754942400000,1755011700000,118384.6,117949.51142857142,3.0,True,3.0,TP,19.25,2025-08-11 20:00:00+00:00,2025-08-12 15:15:00+00:00
BTCUSDT,long,1755172800000,1755187200000,118471.3,118115.8861,3.0,True,-1.0,SL,4.0,2025-08-14 12:00:00+00:00,2025-08-14 16:00:00+00:00
BTCUSDT,short,1756713600000,1756761300000,109738.5,110573.34857142858,2.0,False,2.0,TP,13.25,2025-09-01 08:00:00+00:00,2025-09-01 21:15:00+00:00
BTCUSDT,short,1757016000000,1757056500000,110150.0,112633.32628571428,2.0,False,-1.0,SL,11.25,2025-09-04 20:00:00+00:00,2025-09-05 07:15:00+00:00
BTCUSDT,long,1758686400000,1758725100000,111238.5,110164.14857142857,2.0,False,2.0,TP,10.75,2025-09-24 04:00:00+00:00,2025-09-24 14:45:00+00:00
BTCUSDT,short,1759003200000,1759156200000,109637.3,113968.69885714288,2.0,False,-1.0,SL,42.5,2025-09-27 20:00:00+00:00,2025-09-29 14:30:00+00:00
BTCUSDT,short,1759348800000,1759363200000,117945.0,118651.59885714286,2.0,False,-1.0,SL,4.0,2025-10-01 20:00:00+00:00,2025-10-02 00:00:00+00:00
BTCUSDT,long,1759809600000,1759824900000,123678.0,123306.59885714286,3.0,True,-1.0,SL,4.25,2025-10-07 04:00:00+00:00,2025-10-07 08:15:00+00:00
BTCUSDT,long,1760126400000,1760145300000,111947.0,111497.43571428572,3.0,True,-1.0,SL,5.25,2025-10-10 20:00:00+00:00,2025-10-11 01:15:00+00:00
BTCUSDT,short,1760457600000,1760498100000,113639.0,114212.15257142858,3.0,True,3.0,TP,11.25,2025-10-14 16:00:00+00:00,2025-10-15 03:15:00+00:00
BTCUSDT,short,1761134400000,1761309000000,109367.0,111801.56857142856,2.0,False,-1.0,SL,48.5,2025-10-22 12:00:00+00:00,2025-10-24 12:30:00+00:00
BTCUSDT,short,1762171200000,1762275600000,108088.8,111293.18457142856,2.0,False,2.0,TP,29.0,2025-11-03 12:00:00+00:00,2025-11-04 17:00:00+00:00
BTCUSDT,short,1762934400000,1763397900000,103694.8,107578.74742857144,3.0,True,2.4273758008788646,time_exit,128.75,2025-11-12 08:00:00+00:00,2025-11-17 16:45:00+00:00
BTCUSDT,short,1763337600000,1763352900000,95588.0,95923.85,2.0,False,2.0,TP,4.25,2025-11-17 00:00:00+00:00,2025-11-17 04:15:00+00:00
BTCUSDT,short,1764734400000,1764770400000,93770.3,94500.44514285716,2.0,False,2.0,TP,10.0,2025-12-03 04:00:00+00:00,2025-12-03 14:00:00+00:00
BTCUSDT,short,1766966400000,1766980800000,88433.0,88698.299,2.0,False,-1.0,SL,4.0,2025-12-29 00:00:00+00:00,2025-12-29 04:00:00+00:00
BTCUSDT,long,1767772800000,1767852900000,91825.0,90347.96114285717,2.0,False,-1.0,SL,22.25,2026-01-07 08:00:00+00:00,2026-01-08 06:15:00+00:00
BTCUSDT,long,1768363200000,1768401900000,95025.6,94477.59714285716,3.0,True,3.0,TP,10.75,2026-01-14 04:00:00+00:00,2026-01-14 14:45:00+00:00
BTCUSDT,long,1768478400000,1768780800000,96153.2,93222.57485714286,3.0,True,-1.0,SL,84.0,2026-01-15 12:00:00+00:00,2026-01-19 00:00:00+00:00
BTCUSDT,short,1770350400000,1770364800000,64500.0,65135.675,2.0,False,-1.0,SL,4.0,2026-02-06 04:00:00+00:00,2026-02-06 08:00:00+00:00
BTCUSDT,long,1772539200000,1772613000000,67417.4,66199.10057142857,2.0,False,2.0,TP,20.5,2026-03-03 12:00:00+00:00,2026-03-04 08:30:00+00:00
BTCUSDT,short,1772596800000,1772611200000,68489.9,69011.43714285715,3.0,True,-1.0,SL,4.0,2026-03-04 04:00:00+00:00,2026-03-04 08:00:00+00:00
BTCUSDT,long,1772668800000,1772723700000,72678.0,71414.396,2.0,False,-1.0,SL,15.25,2026-03-05 00:00:00+00:00,2026-03-05 15:15:00+00:00
BTCUSDT,long,1773230400000,1773411300000,68951.8,66616.868,2.0,False,2.0,TP,50.25,2026-03-11 12:00:00+00:00,2026-03-13 14:15:00+00:00
BTCUSDT,short,1775606400000,1776069900000,71980.5,76094.77885714285,2.0,False,0.32464984663863283,time_exit,128.75,2026-04-08 00:00:00+00:00,2026-04-13 08:45:00+00:00
BTCUSDT,long,1776772800000,1776834900000,75790.1,74469.45028571428,2.0,False,2.0,TP,17.25,2026-04-21 12:00:00+00:00,2026-04-22 05:15:00+00:00
BTCUSDT,short,1777550400000,1777605300000,76350.0,76990.36857142857,2.0,False,-1.0,SL,15.25,2026-04-30 12:00:00+00:00,2026-05-01 03:15:00+00:00
BTCUSDT,long,1778976000000,1779060600000,77880.0,77044.096,2.0,False,-1.0,SL,23.5,2026-05-17 00:00:00+00:00,2026-05-17 23:30:00+00:00
DOGEUSDT,long,1648497600000,1648779300000,0.14158,0.1343173142857142,2.0,False,-1.0,SL,78.25,2022-03-28 20:00:00+00:00,2022-04-01 02:15:00+00:00
DOGEUSDT,long,1649707200000,1650170700000,0.13444,0.1266950285714285,2.0,False,1.1129802194234666,time_exit,128.75,2022-04-11 20:00:00+00:00,2022-04-17 04:45:00+00:00
DOGEUSDT,short,1649966400000,1650017700000,0.14459,0.1474561142857142,2.0,False,-1.0,SL,14.25,2022-04-14 20:00:00+00:00,2022-04-15 10:15:00+00:00
DOGEUSDT,short,1650600000000,1650687300000,0.13707,0.1387385714285714,2.0,False,2.0,TP,24.25,2022-04-22 04:00:00+00:00,2022-04-23 04:15:00+00:00
DOGEUSDT,long,1650931200000,1651394700000,0.14608,0.1225812,2.0,False,-0.5996050862171686,time_exit,128.75,2022-04-26 00:00:00+00:00,2022-05-01 08:45:00+00:00
DOGEUSDT,long,1654099200000,1654113600000,0.08212,0.0815614285714285,3.0,True,-1.0,SL,4.0,2022-06-01 16:00:00+00:00,2022-06-01 20:00:00+00:00
DOGEUSDT,long,1658160000000,1658174400000,0.06602,0.0656401785714285,2.0,False,-1.0,SL,4.0,2022-07-18 16:00:00+00:00,2022-07-18 20:00:00+00:00
DOGEUSDT,short,1658188800000,1658229300000,0.0666,0.0670569642857143,3.0,True,-1.0,SL,11.25,2022-07-19 00:00:00+00:00,2022-07-19 11:15:00+00:00
DOGEUSDT,long,1658275200000,1658300400000,0.06835,0.0663397142857142,3.0,True,3.0,TP,7.0,2022-07-20 00:00:00+00:00,2022-07-20 07:00:00+00:00
DOGEUSDT,short,1658318400000,1658715300000,0.0729,0.0756086857142857,3.0,True,3.0,TP,110.25,2022-07-20 12:00:00+00:00,2022-07-25 02:15:00+00:00
DOGEUSDT,long,1658404800000,1658716200000,0.06721,0.0644951428571428,3.0,True,-1.0,SL,86.5,2022-07-21 12:00:00+00:00,2022-07-25 02:30:00+00:00
DOGEUSDT,long,1660521600000,1660536000000,0.08132,0.0799396,2.0,False,-1.0,SL,4.0,2022-08-15 00:00:00+00:00,2022-08-15 04:00:00+00:00
DOGEUSDT,long,1660939200000,1661153400000,0.06972,0.0663051428571428,2.0,False,-1.0,SL,59.5,2022-08-19 20:00:00+00:00,2022-08-22 07:30:00+00:00
DOGEUSDT,short,1661457600000,1661490900000,0.0692,0.0697649714285714,3.0,True,3.0,TP,9.25,2022-08-25 20:00:00+00:00,2022-08-26 05:15:00+00:00
DOGEUSDT,short,1662537600000,1662851700000,0.05977,0.0654249714285714,2.0,False,-1.0,SL,87.25,2022-09-07 08:00:00+00:00,2022-09-10 23:15:00+00:00
DOGEUSDT,long,1664323200000,1664786700000,0.05891,0.0557889142857142,3.0,True,0.3075852725242056,time_exit,128.75,2022-09-28 00:00:00+00:00,2022-10-03 08:45:00+00:00
DOGEUSDT,long,1665100800000,1665145800000,0.06349,0.0620351428571428,3.0,True,-1.0,SL,12.5,2022-10-07 00:00:00+00:00,2022-10-07 12:30:00+00:00
DOGEUSDT,short,1666627200000,1666665900000,0.05956,0.0599958857142857,2.0,False,-1.0,SL,10.75,2022-10-24 16:00:00+00:00,2022-10-25 02:45:00+00:00
DOGEUSDT,short,1666756800000,1666771200000,0.06651,0.0669481714285714,2.0,False,2.0,TP,4.0,2022-10-26 04:00:00+00:00,2022-10-26 08:00:00+00:00
DOGEUSDT,long,1667073600000,1667088000000,0.12667,0.1200561142857142,2.0,False,-1.0,SL,4.0,2022-10-29 20:00:00+00:00,2022-10-30 00:00:00+00:00
DOGEUSDT,short,1668585600000,1668943800000,0.08809,0.0910501714285714,2.0,False,2.0,TP,99.5,2022-11-16 08:00:00+00:00,2022-11-20 11:30:00+00:00
DOGEUSDT,long,1673553600000,1673658900000,0.0797,0.0764196,3.0,True,3.0,TP,29.25,2023-01-12 20:00:00+00:00,2023-01-14 01:15:00+00:00
DOGEUSDT,long,1673755200000,1673769600000,0.08554,0.0846051999999999,2.0,False,-1.0,SL,4.0,2023-01-15 04:00:00+00:00,2023-01-15 08:00:00+00:00
DOGEUSDT,short,1676419200000,1676439000000,0.08443,0.0865611999999999,2.0,False,-1.0,SL,5.5,2023-02-15 00:00:00+00:00,2023-02-15 05:30:00+00:00
DOGEUSDT,short,1676520000000,1676565000000,0.08874,0.0907182285714285,2.0,False,-1.0,SL,12.5,2023-02-16 04:00:00+00:00,2023-02-16 16:30:00+00:00
DOGEUSDT,short,1677571200000,1677609000000,0.08152,0.0824610857142857,3.0,True,-1.0,SL,10.5,2023-02-28 08:00:00+00:00,2023-02-28 18:30:00+00:00
DOGEUSDT,short,1678708800000,1678798800000,0.07173,0.0760871428571428,3.0,True,-1.0,SL,25.0,2023-03-13 12:00:00+00:00,2023-03-14 13:00:00+00:00
DOGEUSDT,long,1678867200000,1678897800000,0.07324,0.0679813142857142,3.0,True,-1.0,SL,8.5,2023-03-15 08:00:00+00:00,2023-03-15 16:30:00+00:00
DOGEUSDT,short,1679025600000,1679062500000,0.07534,0.0759366071428571,2.0,False,2.0,TP,10.25,2023-03-17 04:00:00+00:00,2023-03-17 14:15:00+00:00
DOGEUSDT,long,1679068800000,1679083200000,0.07359,0.072965,2.0,False,2.0,TP,4.0,2023-03-17 16:00:00+00:00,2023-03-17 20:00:00+00:00
DOGEUSDT,short,1679601600000,1679644800000,0.07756,0.0783039285714285,2.0,False,2.0,TP,12.0,2023-03-23 20:00:00+00:00,2023-03-24 08:00:00+00:00
DOGEUSDT,short,1680364800000,1680379200000,0.08083,0.0813718285714285,2.0,False,-1.0,SL,4.0,2023-04-01 16:00:00+00:00,2023-04-01 20:00:00+00:00
DOGEUSDT,long,1680768000000,1681231500000,0.08875,0.0751379428571428,3.0,True,-0.31810033961487805,time_exit,128.75,2023-04-06 08:00:00+00:00,2023-04-11 16:45:00+00:00
DOGEUSDT,short,1681012800000,1681380000000,0.08159,0.0866108571428571,2.0,False,-1.0,SL,102.0,2023-04-09 04:00:00+00:00,2023-04-13 10:00:00+00:00
DOGEUSDT,short,1684152000000,1684168200000,0.07268,0.07289804,2.0,False,2.0,TP,4.5,2023-05-15 12:00:00+00:00,2023-05-15 16:30:00+00:00
DOGEUSDT,long,1685505600000,1685520000000,0.07232,0.0718742857142857,2.0,False,-1.0,SL,4.0,2023-05-31 04:00:00+00:00,2023-05-31 08:00:00+00:00
DOGEUSDT,short,1686412800000,1686876300000,0.06185,0.0723594285714285,3.0,True,0.036158007775331735,time_exit,128.75,2023-06-10 16:00:00+00:00,2023-06-16 00:45:00+00:00
DOGEUSDT,long,1687795200000,1687979700000,0.06361,0.0620022285714285,2.0,False,-1.0,SL,51.25,2023-06-26 16:00:00+00:00,2023-06-28 19:15:00+00:00
DOGEUSDT,short,1688472000000,1688488200000,0.07019,0.0708065714285714,2.0,False,-1.0,SL,4.5,2023-07-04 12:00:00+00:00,2023-07-04 16:30:00+00:00
DOGEUSDT,short,1689278400000,1689294600000,0.07068,0.0709455357142857,2.0,False,-1.0,SL,4.5,2023-07-13 20:00:00+00:00,2023-07-14 00:30:00+00:00
DOGEUSDT,long,1690848000000,1691311500000,0.07508,0.0688572571428571,3.0,True,0.08356443644511442,time_exit,128.75,2023-08-01 00:00:00+00:00,2023-08-06 08:45:00+00:00
DOGEUSDT,short,1694116800000,1694319300000,0.06364,0.0646614857142857,3.0,True,3.0,TP,56.25,2023-09-07 20:00:00+00:00,2023-09-10 04:15:00+00:00
DOGEUSDT,short,1696233600000,1696255200000,0.06374,0.06402,3.0,True,3.0,TP,6.0,2023-10-02 08:00:00+00:00,2023-10-02 14:00:00+00:00
DOGEUSDT,long,1696262400000,1696276800000,0.06285,0.0625603428571428,2.0,False,-1.0,SL,4.0,2023-10-02 16:00:00+00:00,2023-10-02 20:00:00+00:00
DOGEUSDT,short,1696334400000,1696348800000,0.06212,0.0623501785714285,2.0,False,2.0,TP,4.0,2023-10-03 12:00:00+00:00,2023-10-03 16:00:00+00:00
DOGEUSDT,long,1696377600000,1696841100000,0.06048,0.0588659428571428,2.0,False,-0.2973872406712357,time_exit,128.75,2023-10-04 00:00:00+00:00,2023-10-09 08:45:00+00:00
DOGEUSDT,long,1697515200000,1697544900000,0.05987,0.05969039,3.0,True,-1.0,SL,8.25,2023-10-17 04:00:00+00:00,2023-10-17 12:15:00+00:00
DOGEUSDT,short,1697544000000,1697558400000,0.05984,0.0601022285714285,2.0,False,2.0,TP,4.0,2023-10-17 12:00:00+00:00,2023-10-17 16:00:00+00:00
DOGEUSDT,short,1697889600000,1697904000000,0.0609,0.0610827,3.0,True,-1.0,SL,4.0,2023-10-21 12:00:00+00:00,2023-10-21 16:00:00+00:00
DOGEUSDT,long,1697918400000,1697934600000,0.06086,0.0606774199999999,3.0,True,3.0,TP,4.5,2023-10-21 20:00:00+00:00,2023-10-22 00:30:00+00:00
DOGEUSDT,long,1698048000000,1698151500000,0.06243,0.0599325714285714,3.0,True,3.0,TP,28.75,2023-10-23 08:00:00+00:00,2023-10-24 12:45:00+00:00
DOGEUSDT,long,1698321600000,1698426000000,0.07039,0.067062,2.0,False,-1.0,SL,29.0,2023-10-26 12:00:00+00:00,2023-10-27 17:00:00+00:00
DOGEUSDT,long,1699545600000,1699560000000,0.0724,0.0719019642857143,3.0,True,-1.0,SL,4.0,2023-11-09 16:00:00+00:00,2023-11-09 20:00:00+00:00
DOGEUSDT,long,1699732800000,1700196300000,0.07748,0.0638814285714285,2.0,False,0.2948839163777705,time_exit,128.75,2023-11-11 20:00:00+00:00,2023-11-17 04:45:00+00:00
DOGEUSDT,long,1700568000000,1700588700000,0.07406,0.0732462285714285,3.0,True,-1.0,SL,5.75,2023-11-21 12:00:00+00:00,2023-11-21 17:45:00+00:00
DOGEUSDT,short,1700640000000,1700676000000,0.07465,0.0752651785714285,2.0,False,-1.0,SL,10.0,2023-11-22 08:00:00+00:00,2023-11-22 18:00:00+00:00
DOGEUSDT,long,1701604800000,1701663300000,0.08483,0.0834729142857143,2.0,False,2.0,TP,16.25,2023-12-03 12:00:00+00:00,2023-12-04 04:15:00+00:00
DOGEUSDT,long,1701748800000,1701792900000,0.08752,0.0863492,3.0,True,3.0,TP,12.25,2023-12-05 04:00:00+00:00,2023-12-05 16:15:00+00:00
DOGEUSDT,long,1701907200000,1702065600000,0.09491,0.0919430857142857,2.0,False,2.0,TP,44.0,2023-12-07 00:00:00+00:00,2023-12-08 20:00:00+00:00
DOGEUSDT,short,1702756800000,1703220300000,0.09703,0.1077576,2.0,False,0.2721950855736613,time_exit,128.75,2023-12-16 20:00:00+00:00,2023-12-22 04:45:00+00:00
DOGEUSDT,long,1704283200000,1704297600000,0.07966,0.0792914285714285,3.0,True,3.0,TP,4.0,2024-01-03 12:00:00+00:00,2024-01-03 16:00:00+00:00
DOGEUSDT,long,1706587200000,1706657400000,0.0811,0.0797579428571428,2.0,False,-1.0,SL,19.5,2024-01-30 04:00:00+00:00,2024-01-30 23:30:00+00:00
DOGEUSDT,long,1706731200000,1706749200000,0.07888,0.0785233928571428,3.0,True,-1.0,SL,5.0,2024-01-31 20:00:00+00:00,2024-02-01 01:00:00+00:00
DOGEUSDT,short,1707206400000,1707336900000,0.0787,0.0800410857142857,2.0,False,-1.0,SL,36.25,2024-02-06 08:00:00+00:00,2024-02-07 20:15:00+00:00
DOGEUSDT,long,1707840000000,1707958800000,0.08159,0.0787272571428571,2.0,False,2.0,TP,33.0,2024-02-13 16:00:00+00:00,2024-02-15 01:00:00+00:00
DOGEUSDT,long,1708099200000,1708175700000,0.08526,0.0839303999999999,2.0,False,-1.0,SL,21.25,2024-02-16 16:00:00+00:00,2024-02-17 13:15:00+00:00
DOGEUSDT,long,1709164800000,1709179200000,0.10962,0.1082107142857142,3.0,True,3.0,TP,4.0,2024-02-29 00:00:00+00:00,2024-02-29 04:00:00+00:00
DOGEUSDT,long,1709395200000,1709450100000,0.13715,0.130358,3.0,True,-1.0,SL,15.25,2024-03-02 16:00:00+00:00,2024-03-03 07:15:00+00:00
DOGEUSDT,long,1709654400000,1710117900000,0.14158,0.1186607428571428,3.0,True,1.011812898448463,time_exit,128.75,2024-03-05 16:00:00+00:00,2024-03-11 00:45:00+00:00
DOGEUSDT,long,1710403200000,1710423900000,0.18116,0.1777082285714285,3.0,True,-1.0,SL,5.75,2024-03-14 08:00:00+00:00,2024-03-14 13:45:00+00:00
DOGEUSDT,short,1711152000000,1711166400000,0.1578,0.1600883928571428,3.0,True,-1.0,SL,4.0,2024-03-23 00:00:00+00:00,2024-03-23 04:00:00+00:00
DOGEUSDT,long,1713038400000,1713136500000,0.13449,0.1244964571428571,3.0,True,3.0,TP,27.25,2024-04-13 20:00:00+00:00,2024-04-14 23:15:00+00:00
DOGEUSDT,short,1714780800000,1714801500000,0.14803,0.1514672,2.0,False,-1.0,SL,5.75,2024-05-04 00:00:00+00:00,2024-05-04 05:45:00+00:00
DOGEUSDT,long,1714896000000,1715007600000,0.16005,0.1550746857142857,2.0,False,-1.0,SL,31.0,2024-05-05 08:00:00+00:00,2024-05-06 15:00:00+00:00
DOGEUSDT,long,1716379200000,1716471900000,0.16418,0.15911,3.0,True,-1.0,SL,25.75,2024-05-22 12:00:00+00:00,2024-05-23 13:45:00+00:00
DOGEUSDT,long,1716897600000,1716912000000,0.16537,0.1638837714285714,2.0,False,-1.0,SL,4.0,2024-05-28 12:00:00+00:00,2024-05-28 16:00:00+00:00
DOGEUSDT,short,1717545600000,1717570800000,0.16388,0.1647637142857143,2.0,False,-1.0,SL,7.0,2024-06-05 00:00:00+00:00,2024-06-05 07:00:00+00:00
DOGEUSDT,long,1717776000000,1717790400000,0.14111,0.1405403571428571,3.0,True,3.0,TP,4.0,2024-06-07 16:00:00+00:00,2024-06-07 20:00:00+00:00
DOGEUSDT,long,1720958400000,1721421900000,0.1123,0.1045555428571428,3.0,True,1.614057611711222,time_exit,128.75,2024-07-14 12:00:00+00:00,2024-07-19 20:45:00+00:00
DOGEUSDT,short,1721246400000,1721458800000,0.12343,0.1289988571428571,2.0,False,-1.0,SL,59.0,2024-07-17 20:00:00+00:00,2024-07-20 07:00:00+00:00
DOGEUSDT,long,1721707200000,1721869200000,0.13388,0.1258293142857142,2.0,False,-1.0,SL,45.0,2024-07-23 04:00:00+00:00,2024-07-25 01:00:00+00:00
DOGEUSDT,long,1722096000000,1722136500000,0.13251,0.1292528,3.0,True,-1.0,SL,11.25,2024-07-27 16:00:00+00:00,2024-07-28 03:15:00+00:00
DOGEUSDT,short,1724256000000,1724270400000,0.10516,0.1072591428571428,2.0,False,-1.0,SL,4.0,2024-08-21 16:00:00+00:00,2024-08-21 20:00:00+00:00
DOGEUSDT,short,1724443200000,1724906700000,0.11464,0.1360569714285714,3.0,True,0.6737647313078831,time_exit,128.75,2024-08-23 20:00:00+00:00,2024-08-29 04:45:00+00:00
DOGEUSDT,short,1725436800000,1725897600000,0.09687,0.1009190285714285,3.0,True,-1.0,SL,128.0,2024-09-04 08:00:00+00:00,2024-09-09 16:00:00+00:00
DOGEUSDT,long,1726056000000,1726070400000,0.09944,0.0989358928571428,2.0,False,2.0,TP,4.0,2024-09-11 12:00:00+00:00,2024-09-11 16:00:00+00:00
DOGEUSDT,short,1726545600000,1726580700000,0.101,0.1014471428571428,3.0,True,3.0,TP,9.75,2024-09-17 04:00:00+00:00,2024-09-17 13:45:00+00:00
DOGEUSDT,long,1727510400000,1727711100000,0.12159,0.1170855428571428,3.0,True,-1.0,SL,55.75,2024-09-28 08:00:00+00:00,2024-09-30 15:45:00+00:00
DOGEUSDT,short,1728115200000,1728158400000,0.10973,0.11039375,3.0,True,3.0,TP,12.0,2024-10-05 08:00:00+00:00,2024-10-05 20:00:00+00:00
DOGEUSDT,long,1730232000000,1730246400000,0.16735,0.1657557142857142,3.0,True,3.0,TP,4.0,2024-10-29 20:00:00+00:00,2024-10-30 00:00:00+00:00
DOGEUSDT,long,1730376000000,1730403900000,0.1651,0.1609351428571428,2.0,False,-1.0,SL,7.75,2024-10-31 12:00:00+00:00,2024-10-31 19:45:00+00:00
DOGEUSDT,long,1730894400000,1730908800000,0.19768,0.1920075428571428,3.0,True,-1.0,SL,4.0,2024-11-06 12:00:00+00:00,2024-11-06 16:00:00+00:00
DOGEUSDT,long,1733428800000,1733445000000,0.42497,0.4201296428571429,2.0,False,2.0,TP,4.5,2024-12-05 20:00:00+00:00,2024-12-06 00:30:00+00:00
DOGEUSDT,short,1733976000000,1734439500000,0.42296,0.4397207428571428,3.0,True,1.0184512790091187,time_exit,128.75,2024-12-12 04:00:00+00:00,2024-12-17 12:45:00+00:00
DOGEUSDT,long,1737072000000,1737101700000,0.37815,0.3681504571428571,3.0,True,3.0,TP,8.25,2025-01-17 00:00:00+00:00,2025-01-17 08:15:00+00:00
DOGEUSDT,long,1737216000000,1737247500000,0.3934,0.3894226785714286,2.0,False,2.0,TP,8.75,2025-01-18 16:00:00+00:00,2025-01-19 00:45:00+00:00
DOGEUSDT,long,1737432000000,1737459900000,0.33567,0.3065177142857143,2.0,False,2.0,TP,7.75,2025-01-21 04:00:00+00:00,2025-01-21 11:45:00+00:00
DOGEUSDT,short,1742961600000,1742976000000,0.19988,0.2012578571428571,3.0,True,-1.0,SL,4.0,2025-03-26 04:00:00+00:00,2025-03-26 08:00:00+00:00
DOGEUSDT,short,1744070400000,1744095600000,0.15285,0.1549634857142857,2.0,False,2.0,TP,7.0,2025-04-08 00:00:00+00:00,2025-04-08 07:00:00+00:00
DOGEUSDT,short,1744430400000,1744893900000,0.16258,0.1803820571428571,2.0,False,0.3291754403985425,time_exit,128.75,2025-04-12 04:00:00+00:00,2025-04-17 12:45:00+00:00
DOGEUSDT,long,1746964800000,1746979200000,0.23028,0.2273264285714286,3.0,True,-1.0,SL,4.0,2025-05-11 12:00:00+00:00,2025-05-11 16:00:00+00:00
DOGEUSDT,long,1747065600000,1747529100000,0.23028,0.1982431999999999,3.0,True,-0.45354092793287604,time_exit,128.75,2025-05-12 16:00:00+00:00,2025-05-18 00:45:00+00:00
DOGEUSDT,long,1747742400000,1747782900000,0.21777,0.2128188571428571,2.0,False,2.0,TP,11.25,2025-05-20 12:00:00+00:00,2025-05-20 23:15:00+00:00
DOGEUSDT,long,1749657600000,1749672000000,0.19677,0.1946584571428571,2.0,False,-1.0,SL,4.0,2025-06-11 16:00:00+00:00,2025-06-11 20:00:00+00:00
DOGEUSDT,short,1752163200000,1752177600000,0.1844,0.1865790285714285,3.0,True,-1.0,SL,4.0,2025-07-10 16:00:00+00:00,2025-07-10 20:00:00+00:00
DOGEUSDT,long,1752264000000,1752285600000,0.19936,0.1970538857142857,2.0,False,2.0,TP,6.0,2025-07-11 20:00:00+00:00,2025-07-12 02:00:00+00:00
DOGEUSDT,short,1754452800000,1754467200000,0.20485,0.2061748214285714,2.0,False,2.0,TP,4.0,2025-08-06 04:00:00+00:00,2025-08-06 08:00:00+00:00
DOGEUSDT,short,1754640000000,1754703900000,0.22429,0.2324701714285714,2.0,False,-1.0,SL,17.75,2025-08-08 08:00:00+00:00,2025-08-09 01:45:00+00:00
DOGEUSDT,long,1755158400000,1755174600000,0.23953,0.2331827428571428,3.0,True,-1.0,SL,4.5,2025-08-14 08:00:00+00:00,2025-08-14 12:30:00+00:00
DOGEUSDT,short,1755921600000,1755950400000,0.23872,0.2404478571428571,2.0,False,2.0,TP,8.0,2025-08-23 04:00:00+00:00,2025-08-23 12:00:00+00:00
DOGEUSDT,short,1756368000000,1756450800000,0.22528,0.2284160571428571,3.0,True,3.0,TP,23.0,2025-08-28 08:00:00+00:00,2025-08-29 07:00:00+00:00
DOGEUSDT,short,1757275200000,1757289600000,0.22554,0.2281885714285714,2.0,False,-1.0,SL,4.0,2025-09-07 20:00:00+00:00,2025-09-08 00:00:00+00:00
DOGEUSDT,short,1759377600000,1759392000000,0.25382,0.2560488571428571,3.0,True,-1.0,SL,4.0,2025-10-02 04:00:00+00:00,2025-10-02 08:00:00+00:00
DOGEUSDT,long,1759464000000,1759500900000,0.25458,0.2531719642857142,3.0,True,-1.0,SL,10.25,2025-10-03 04:00:00+00:00,2025-10-03 14:15:00+00:00
DOGEUSDT,long,1759852800000,1759893300000,0.25681,0.2460841142857142,3.0,True,-1.0,SL,11.25,2025-10-07 16:00:00+00:00,2025-10-08 03:15:00+00:00
DOGEUSDT,long,1760126400000,1760140800000,0.14705,0.1443548,3.0,True,3.0,TP,4.0,2025-10-10 20:00:00+00:00,2025-10-11 00:00:00+00:00
DOGEUSDT,long,1765411200000,1765425600000,0.14208,0.1394098285714285,2.0,False,-1.0,SL,4.0,2025-12-11 00:00:00+00:00,2025-12-11 04:00:00+00:00
DOGEUSDT,short,1766059200000,1766522700000,0.12777,0.1365057142857142,3.0,True,-0.19231398201145067,time_exit,128.75,2025-12-18 12:00:00+00:00,2025-12-23 20:45:00+00:00
DOGEUSDT,short,1766505600000,1766760300000,0.13043,0.1343836571428571,2.0,False,2.0,TP,70.75,2025-12-23 16:00:00+00:00,2025-12-26 14:45:00+00:00
DOGEUSDT,long,1767456000000,1767919500000,0.14186,0.1344455428571428,3.0,True,0.08092298443966396,time_exit,128.75,2026-01-03 16:00:00+00:00,2026-01-09 00:45:00+00:00
DOGEUSDT,long,1767715200000,1767870900000,0.15036,0.1396825714285714,3.0,True,-1.0,SL,43.25,2026-01-06 16:00:00+00:00,2026-01-08 11:15:00+00:00
DOGEUSDT,long,1772712000000,1772726400000,0.0967,0.0952655428571428,2.0,False,-1.0,SL,4.0,2026-03-05 12:00:00+00:00,2026-03-05 16:00:00+00:00
DOGEUSDT,long,1775779200000,1775847600000,0.09258,0.0918882857142857,3.0,True,3.0,TP,19.0,2026-04-10 00:00:00+00:00,2026-04-10 19:00:00+00:00
DOGEUSDT,long,1776268800000,1776283200000,0.0934,0.0928693142857142,3.0,True,3.0,TP,4.0,2026-04-15 16:00:00+00:00,2026-04-15 20:00:00+00:00
DOGEUSDT,long,1776470400000,1776486600000,0.09862,0.0980221428571428,3.0,True,-1.0,SL,4.5,2026-04-18 00:00:00+00:00,2026-04-18 04:30:00+00:00
DOGEUSDT,long,1778846400000,1779060600000,0.1126,0.1071954285714285,2.0,False,-1.0,SL,59.5,2026-05-15 12:00:00+00:00,2026-05-17 23:30:00+00:00
DOGEUSDT,short,1779537600000,1779552900000,0.10233,0.1028203571428571,3.0,True,3.0,TP,4.25,2026-05-23 12:00:00+00:00,2026-05-23 16:15:00+00:00
ETHUSDT,short,1645689600000,1645732800000,2495.68,2759.547771428572,2.0,False,-1.0,SL,12.0,2022-02-24 08:00:00+00:00,2022-02-24 20:00:00+00:00
ETHUSDT,long,1648008000000,1648049400000,2917.14,2866.5552,2.0,False,2.0,TP,11.5,2022-03-23 04:00:00+00:00,2022-03-23 15:30:00+00:00
ETHUSDT,long,1651752000000,1651766400000,2870.4,2749.216171428571,3.0,True,-1.0,SL,4.0,2022-05-05 12:00:00+00:00,2022-05-05 16:00:00+00:00
ETHUSDT,long,1660046400000,1660078800000,1671.94,1662.5032142857144,3.0,True,3.0,TP,9.0,2022-08-09 12:00:00+00:00,2022-08-09 21:00:00+00:00
ETHUSDT,long,1660896000000,1660945500000,1803.3,1651.4290857142855,2.0,False,-1.0,SL,13.75,2022-08-19 08:00:00+00:00,2022-08-19 21:45:00+00:00
ETHUSDT,short,1661040000000,1661076900000,1596.85,1626.1261714285715,2.0,False,-1.0,SL,10.25,2022-08-21 00:00:00+00:00,2022-08-21 10:15:00+00:00
ETHUSDT,long,1663099200000,1663252200000,1576.12,1504.6286857142857,2.0,False,-1.0,SL,42.5,2022-09-13 20:00:00+00:00,2022-09-15 14:30:00+00:00
ETHUSDT,short,1664265600000,1664295300000,1395.25,1422.6709142857144,2.0,False,2.0,TP,8.25,2022-09-27 08:00:00+00:00,2022-09-27 16:15:00+00:00
ETHUSDT,short,1665676800000,1666140300000,1280.26,1422.1628,2.0,False,-0.1426328444540911,time_exit,128.75,2022-10-13 16:00:00+00:00,2022-10-19 00:45:00+00:00
ETHUSDT,long,1666900800000,1667364300000,1518.31,1416.3550285714284,2.0,False,0.6991321659085346,time_exit,128.75,2022-10-27 20:00:00+00:00,2022-11-02 04:45:00+00:00
ETHUSDT,long,1667260800000,1667276100000,1568.58,1558.235257142857,2.0,False,2.0,TP,4.25,2022-11-01 00:00:00+00:00,2022-11-01 04:15:00+00:00
ETHUSDT,short,1668657600000,1669121100000,1208.0,1294.5293714285715,3.0,True,1.2735559981614826,time_exit,128.75,2022-11-17 04:00:00+00:00,2022-11-22 12:45:00+00:00
ETHUSDT,long,1671076800000,1671109200000,1291.0,1267.846171428571,2.0,False,-1.0,SL,9.0,2022-12-15 04:00:00+00:00,2022-12-15 13:00:00+00:00
ETHUSDT,long,1673438400000,1673646300000,1321.19,1275.449314285714,3.0,True,3.0,TP,57.75,2023-01-11 12:00:00+00:00,2023-01-13 21:45:00+00:00
ETHUSDT,long,1673928000000,1674391500000,1572.2,1443.6842857142856,2.0,False,0.4848434321539323,time_exit,128.75,2023-01-17 04:00:00+00:00,2023-01-22 12:45:00+00:00
ETHUSDT,long,1675382400000,1675845900000,1635.0,1585.2488,3.0,True,0.7720416793966807,time_exit,128.75,2023-02-03 00:00:00+00:00,2023-02-08 08:45:00+00:00
ETHUSDT,short,1676376000000,1676488500000,1562.28,1611.7027428571428,2.0,False,-1.0,SL,31.25,2023-02-14 12:00:00+00:00,2023-02-15 19:15:00+00:00
ETHUSDT,long,1676548800000,1676563200000,1661.37,1648.3293142857142,3.0,True,3.0,TP,4.0,2023-02-16 12:00:00+00:00,2023-02-16 16:00:00+00:00
ETHUSDT,long,1676664000000,1676823300000,1657.38,1623.4114857142856,2.0,False,2.0,TP,44.25,2023-02-17 20:00:00+00:00,2023-02-19 16:15:00+00:00
ETHUSDT,short,1677499200000,1677521700000,1648.76,1662.1269142857143,2.0,False,2.0,TP,6.25,2023-02-27 12:00:00+00:00,2023-02-27 18:15:00+00:00
ETHUSDT,short,1677628800000,1677660300000,1634.77,1666.802742857143,3.0,True,-1.0,SL,8.75,2023-03-01 00:00:00+00:00,2023-03-01 08:45:00+00:00
ETHUSDT,long,1677787200000,1677807000000,1643.95,1590.8393142857142,2.0,False,-1.0,SL,5.5,2023-03-02 20:00:00+00:00,2023-03-03 01:30:00+00:00
ETHUSDT,short,1678737600000,1678759200000,1670.48,1681.50375,2.0,False,-1.0,SL,6.0,2023-03-13 20:00:00+00:00,2023-03-14 02:00:00+00:00
ETHUSDT,long,1678824000000,1678875300000,1694.84,1680.3363428571429,3.0,True,-1.0,SL,14.25,2023-03-14 20:00:00+00:00,2023-03-15 10:15:00+00:00
ETHUSDT,short,1678852800000,1678878900000,1703.09,1717.2523214285711,3.0,True,3.0,TP,7.25,2023-03-15 04:00:00+00:00,2023-03-15 11:15:00+00:00
ETHUSDT,long,1678924800000,1679052600000,1634.7,1572.1685142857143,2.0,False,2.0,TP,35.5,2023-03-16 00:00:00+00:00,2023-03-17 11:30:00+00:00
ETHUSDT,long,1679184000000,1679514300000,1765.24,1713.0145142857143,2.0,False,-1.0,SL,91.75,2023-03-19 00:00:00+00:00,2023-03-22 19:45:00+00:00
ETHUSDT,short,1682006400000,1682103600000,1952.07,1979.014,3.0,True,3.0,TP,27.0,2023-04-20 16:00:00+00:00,2023-04-21 19:00:00+00:00
ETHUSDT,long,1682092800000,1682556300000,1848.01,1757.8095428571428,2.0,False,0.7850292808145402,time_exit,128.75,2023-04-21 16:00:00+00:00,2023-04-27 00:45:00+00:00
ETHUSDT,short,1682352000000,1682501400000,1847.47,1893.5592571428567,3.0,True,-1.0,SL,41.5,2023-04-24 16:00:00+00:00,2023-04-26 09:30:00+00:00
ETHUSDT,long,1682539200000,1683002700000,1845.98,1761.1722285714286,3.0,True,-0.25021291849264526,time_exit,128.75,2023-04-26 20:00:00+00:00,2023-05-02 04:45:00+00:00
ETHUSDT,short,1684152000000,1684166400000,1825.18,1830.65554,2.0,False,-1.0,SL,4.0,2023-05-15 12:00:00+00:00,2023-05-15 16:00:00+00:00
ETHUSDT,long,1685505600000,1685520000000,1880.67,1872.8836,2.0,False,-1.0,SL,4.0,2023-05-31 04:00:00+00:00,2023-05-31 08:00:00+00:00
ETHUSDT,long,1687406400000,1687424400000,1888.18,1880.35875,3.0,True,3.0,TP,5.0,2023-06-22 04:00:00+00:00,2023-06-22 09:00:00+00:00
ETHUSDT,long,1687507200000,1687798800000,1874.59,1842.4866857142856,3.0,True,-1.0,SL,81.0,2023-06-23 08:00:00+00:00,2023-06-26 17:00:00+00:00
ETHUSDT,short,1689076800000,1689092100000,1878.83,1884.46649,2.0,False,2.0,TP,4.25,2023-07-11 12:00:00+00:00,2023-07-11 16:15:00+00:00
ETHUSDT,short,1689264000000,1689278400000,1953.92,1959.78176,2.0,False,-1.0,SL,4.0,2023-07-13 16:00:00+00:00,2023-07-13 20:00:00+00:00
ETHUSDT,long,1689364800000,1689588900000,1910.0,1891.0558285714287,3.0,True,-1.0,SL,62.25,2023-07-14 20:00:00+00:00,2023-07-17 10:15:00+00:00
ETHUSDT,short,1690286400000,1690749900000,1867.6,1905.883257142857,3.0,True,0.06817601726677726,time_exit,128.75,2023-07-25 12:00:00+00:00,2023-07-30 20:45:00+00:00
ETHUSDT,short,1690761600000,1690855200000,1865.42,1886.9358857142856,2.0,False,2.0,TP,26.0,2023-07-31 00:00:00+00:00,2023-08-01 02:00:00+00:00
ETHUSDT,short,1691064000000,1691527500000,1847.23,1880.6072571428567,2.0,False,-0.46019359632393275,time_exit,128.75,2023-08-03 12:00:00+00:00,2023-08-08 20:45:00+00:00
ETHUSDT,short,1691452800000,1691499600000,1831.0,1847.7776571428567,2.0,False,-1.0,SL,13.0,2023-08-08 00:00:00+00:00,2023-08-08 13:00:00+00:00
ETHUSDT,short,1693224000000,1693271700000,1646.0,1660.323657142857,2.0,False,-1.0,SL,13.25,2023-08-28 12:00:00+00:00,2023-08-29 01:15:00+00:00
ETHUSDT,long,1693512000000,1693588500000,1650.16,1605.2902285714283,3.0,True,-1.0,SL,21.25,2023-08-31 20:00:00+00:00,2023-09-01 17:15:00+00:00
ETHUSDT,short,1694822400000,1695033000000,1623.28,1646.9938857142856,2.0,False,-1.0,SL,58.5,2023-09-16 00:00:00+00:00,2023-09-18 10:30:00+00:00
ETHUSDT,short,1695988800000,1696198500000,1653.11,1709.853257142857,2.0,False,-1.0,SL,58.25,2023-09-29 12:00:00+00:00,2023-10-01 22:15:00+00:00
ETHUSDT,long,1696262400000,1696276800000,1642.21,1632.3185714285714,2.0,False,2.0,TP,4.0,2023-10-02 16:00:00+00:00,2023-10-02 20:00:00+00:00
ETHUSDT,long,1698048000000,1698086700000,1665.91,1654.9357142857143,3.0,True,3.0,TP,10.75,2023-10-23 08:00:00+00:00,2023-10-23 18:45:00+00:00
ETHUSDT,long,1698206400000,1698426000000,1772.31,1736.2965714285715,3.0,True,-1.0,SL,61.0,2023-10-25 04:00:00+00:00,2023-10-27 17:00:00+00:00
ETHUSDT,long,1699660800000,1699987500000,2021.2,1967.7648,2.0,False,-1.0,SL,90.75,2023-11-11 00:00:00+00:00,2023-11-14 18:45:00+00:00
ETHUSDT,long,1700236800000,1700700300000,1910.01,1846.8374285714283,3.0,True,2.2877017150300247,time_exit,128.75,2023-11-17 16:00:00+00:00,2023-11-23 00:45:00+00:00
ETHUSDT,long,1701172800000,1701187200000,2023.2,2015.6991071428567,2.0,False,2.0,TP,4.0,2023-11-28 12:00:00+00:00,2023-11-28 16:00:00+00:00
ETHUSDT,long,1701892800000,1701907200000,2243.66,2231.518971428572,3.0,True,-1.0,SL,4.0,2023-12-06 20:00:00+00:00,2023-12-07 00:00:00+00:00
ETHUSDT,long,1704196800000,1704211200000,2364.65,2356.7426785714288,3.0,True,-1.0,SL,4.0,2024-01-02 12:00:00+00:00,2024-01-02 16:00:00+00:00
ETHUSDT,long,1704297600000,1704321900000,2235.26,2203.6134857142856,2.0,False,-1.0,SL,6.75,2024-01-03 16:00:00+00:00,2024-01-03 22:45:00+00:00
ETHUSDT,long,1705118400000,1705275000000,2548.31,2475.0672571428568,3.0,True,-1.0,SL,43.5,2024-01-13 04:00:00+00:00,2024-01-14 23:30:00+00:00
ETHUSDT,short,1706688000000,1706702400000,2341.96,2349.89625,2.0,False,2.0,TP,4.0,2024-01-31 08:00:00+00:00,2024-01-31 12:00:00+00:00
ETHUSDT,short,1706803200000,1707266700000,2289.25,2396.0404000000003,2.0,False,-0.8400567841304065,time_exit,128.75,2024-02-01 16:00:00+00:00,2024-02-07 00:45:00+00:00
ETHUSDT,short,1707148800000,1707206400000,2311.96,2332.410742857143,2.0,False,-1.0,SL,16.0,2024-02-05 16:00:00+00:00,2024-02-06 08:00:00+00:00
ETHUSDT,short,1707264000000,1707279300000,2383.06,2390.8335714285718,3.0,True,3.0,TP,4.25,2024-02-07 00:00:00+00:00,2024-02-07 04:15:00+00:00
ETHUSDT,long,1707998400000,1708461900000,2756.25,2549.808971428571,2.0,False,1.0817132696213745,time_exit,128.75,2024-02-15 12:00:00+00:00,2024-02-20 20:45:00+00:00
ETHUSDT,long,1709352000000,1709723700000,3393.63,3146.6340571428573,2.0,False,2.0,TP,103.25,2024-03-02 04:00:00+00:00,2024-03-06 11:15:00+00:00
ETHUSDT,long,1709784000000,1710247500000,3737.06,3570.2293714285715,3.0,True,1.7343338119482026,time_exit,128.75,2024-03-07 04:00:00+00:00,2024-03-12 12:45:00+00:00
ETHUSDT,short,1711224000000,1711238400000,3401.22,3423.9673214285717,3.0,True,3.0,TP,4.0,2024-03-23 20:00:00+00:00,2024-03-24 00:00:00+00:00
ETHUSDT,short,1715385600000,1715849100000,2944.99,3062.121942857143,3.0,True,-0.5384526070477782,time_exit,128.75,2024-05-11 00:00:00+00:00,2024-05-16 08:45:00+00:00
ETHUSDT,short,1715918400000,1715932800000,2960.84,3043.3830285714284,2.0,False,-1.0,SL,4.0,2024-05-17 04:00:00+00:00,2024-05-17 08:00:00+00:00
ETHUSDT,long,1717545600000,1717783200000,3804.72,3716.102514285714,2.0,False,-1.0,SL,66.0,2024-06-05 00:00:00+00:00,2024-06-07 18:00:00+00:00
ETHUSDT,short,1718049600000,1718070300000,3685.73,3717.351257142857,2.0,False,2.0,TP,5.75,2024-06-10 20:00:00+00:00,2024-06-11 01:45:00+00:00
ETHUSDT,long,1718380800000,1718844300000,3420.2,3051.0566285714285,2.0,False,0.3821550403412756,time_exit,128.75,2024-06-14 16:00:00+00:00,2024-06-20 00:45:00+00:00
ETHUSDT,short,1719000000000,1719174600000,3541.63,3589.9509714285714,2.0,False,2.0,TP,48.5,2024-06-21 20:00:00+00:00,2024-06-23 20:30:00+00:00
ETHUSDT,short,1719763200000,1719795600000,3415.65,3490.5446857142856,2.0,False,-1.0,SL,9.0,2024-06-30 16:00:00+00:00,2024-07-01 01:00:00+00:00
ETHUSDT,short,1722283200000,1722524400000,3332.8,3400.466057142857,3.0,True,3.0,TP,67.0,2024-07-29 20:00:00+00:00,2024-08-01 15:00:00+00:00
ETHUSDT,short,1722902400000,1722950100000,2504.83,2548.010457142857,2.0,False,2.0,TP,13.25,2024-08-06 00:00:00+00:00,2024-08-06 13:15:00+00:00
ETHUSDT,long,1724428800000,1724794200000,2668.07,2529.903257142857,2.0,False,-1.0,SL,101.5,2024-08-23 16:00:00+00:00,2024-08-27 21:30:00+00:00
ETHUSDT,long,1727035200000,1727049600000,2524.56,2515.4030357142856,2.0,False,2.0,TP,4.0,2024-09-22 20:00:00+00:00,2024-09-23 00:00:00+00:00
ETHUSDT,short,1727884800000,1727946000000,2469.86,2542.0345142857145,2.0,False,2.0,TP,17.0,2024-10-02 16:00:00+00:00,2024-10-03 09:00:00+00:00
ETHUSDT,short,1728864000000,1728878400000,2519.78,2527.33934,2.0,False,-1.0,SL,4.0,2024-10-14 00:00:00+00:00,2024-10-14 04:00:00+00:00
ETHUSDT,long,1729036800000,1729469700000,2590.8,2501.9452,2.0,False,2.0,TP,120.25,2024-10-16 00:00:00+00:00,2024-10-21 00:15:00+00:00
ETHUSDT,long,1729555200000,1729673100000,2639.98,2571.272,3.0,True,-1.0,SL,32.75,2024-10-22 00:00:00+00:00,2024-10-23 08:45:00+00:00
ETHUSDT,long,1730318400000,1730382300000,2637.12,2601.7749714285715,3.0,True,-1.0,SL,17.75,2024-10-30 20:00:00+00:00,2024-10-31 13:45:00+00:00
ETHUSDT,long,1730923200000,1731024000000,2677.0,2547.2368,2.0,False,2.0,TP,28.0,2024-11-06 20:00:00+00:00,2024-11-08 00:00:00+00:00
ETHUSDT,long,1731268800000,1731283200000,3112.57,3089.816,2.0,False,2.0,TP,4.0,2024-11-10 20:00:00+00:00,2024-11-11 00:00:00+00:00
ETHUSDT,long,1731398400000,1731472200000,3236.26,3184.7529142857143,2.0,False,-1.0,SL,20.5,2024-11-12 08:00:00+00:00,2024-11-13 04:30:00+00:00
ETHUSDT,long,1731528000000,1731548700000,3128.53,3086.849885714286,2.0,False,2.0,TP,5.75,2024-11-13 20:00:00+00:00,2024-11-14 01:45:00+00:00
ETHUSDT,long,1733414400000,1733778000000,3840.74,3494.921714285714,3.0,True,-1.0,SL,101.0,2024-12-05 16:00:00+00:00,2024-12-09 21:00:00+00:00
ETHUSDT,short,1733961600000,1734309900000,3891.99,4001.212228571429,3.0,True,-1.0,SL,96.75,2024-12-12 00:00:00+00:00,2024-12-16 00:45:00+00:00
ETHUSDT,long,1734350400000,1734364800000,3896.09,3870.066514285714,2.0,False,2.0,TP,4.0,2024-12-16 12:00:00+00:00,2024-12-16 16:00:00+00:00
ETHUSDT,short,1734739200000,1734765300000,3488.56,3547.4354285714285,2.0,False,-1.0,SL,7.25,2024-12-21 00:00:00+00:00,2024-12-21 07:15:00+00:00
ETHUSDT,short,1735257600000,1735721100000,3379.32,3543.9112,3.0,True,0.26581007976125115,time_exit,128.75,2024-12-27 00:00:00+00:00,2025-01-01 08:45:00+00:00
ETHUSDT,short,1735689600000,1735807500000,3372.53,3442.0625142857143,2.0,False,-1.0,SL,32.75,2025-01-01 00:00:00+00:00,2025-01-02 08:45:00+00:00
ETHUSDT,short,1735891200000,1735916400000,3456.49,3544.379828571429,3.0,True,-1.0,SL,7.0,2025-01-03 08:00:00+00:00,2025-01-03 15:00:00+00:00
ETHUSDT,short,1736841600000,1736954100000,3205.0,3344.2787428571432,2.0,False,-1.0,SL,31.25,2025-01-14 08:00:00+00:00,2025-01-15 15:15:00+00:00
ETHUSDT,long,1737129600000,1737277200000,3398.89,3178.568285714286,3.0,True,-1.0,SL,41.0,2025-01-17 16:00:00+00:00,2025-01-19 09:00:00+00:00
ETHUSDT,long,1737360000000,1737375300000,3335.58,3302.8775,3.0,True,-1.0,SL,4.25,2025-01-20 08:00:00+00:00,2025-01-20 12:15:00+00:00
ETHUSDT,short,1738684800000,1738699200000,2846.97,2894.6383928571427,2.0,False,2.0,TP,4.0,2025-02-04 16:00:00+00:00,2025-02-04 20:00:00+00:00
ETHUSDT,short,1739851200000,1740314700000,2720.92,2852.843485714286,2.0,False,-0.5115844205797185,time_exit,128.75,2025-02-18 04:00:00+00:00,2025-02-23 12:45:00+00:00
ETHUSDT,short,1745409600000,1745424900000,1821.59,1833.4773214285717,3.0,True,3.0,TP,4.25,2025-04-23 12:00:00+00:00,2025-04-23 16:15:00+00:00
ETHUSDT,short,1745827200000,1745846100000,1812.43,1820.0417857142857,2.0,False,2.0,TP,5.25,2025-04-28 08:00:00+00:00,2025-04-28 13:15:00+00:00
ETHUSDT,short,1745942400000,1746111600000,1820.77,1859.7005714285715,3.0,True,-1.0,SL,47.0,2025-04-29 16:00:00+00:00,2025-05-01 15:00:00+00:00
ETHUSDT,long,1746792000000,1747161000000,2334.51,2230.200057142857,3.0,True,3.0,TP,102.5,2025-05-09 12:00:00+00:00,2025-05-13 18:30:00+00:00
ETHUSDT,long,1747051200000,1747072800000,2478.76,2450.0829714285715,3.0,True,-1.0,SL,6.0,2025-05-12 12:00:00+00:00,2025-05-12 18:00:00+00:00
ETHUSDT,long,1748030400000,1748082600000,2527.32,2506.8844642857143,2.0,False,2.0,TP,14.5,2025-05-23 20:00:00+00:00,2025-05-24 10:30:00+00:00
ETHUSDT,short,1749484800000,1749507300000,2573.0,2655.449657142857,2.0,False,-1.0,SL,6.25,2025-06-09 16:00:00+00:00,2025-06-09 22:15:00+00:00
ETHUSDT,long,1749672000000,1749761100000,2745.0,2637.889657142857,3.0,True,-1.0,SL,24.75,2025-06-11 20:00:00+00:00,2025-06-12 20:45:00+00:00
ETHUSDT,long,1752566400000,1752673500000,2984.03,2880.2465714285718,2.0,False,2.0,TP,29.75,2025-07-15 08:00:00+00:00,2025-07-16 13:45:00+00:00
ETHUSDT,long,1758139200000,1758153600000,4489.23,4458.006971428571,2.0,False,2.0,TP,4.0,2025-09-17 20:00:00+00:00,2025-09-18 00:00:00+00:00
ETHUSDT,short,1760443200000,1760906700000,4025.04,4303.325371428571,2.0,False,0.09299806118857691,time_exit,128.75,2025-10-14 12:00:00+00:00,2025-10-19 20:45:00+00:00
ETHUSDT,short,1761192000000,1761479100000,3887.45,4047.4425142857135,2.0,False,-1.0,SL,79.75,2025-10-23 04:00:00+00:00,2025-10-26 11:45:00+00:00
ETHUSDT,short,1764417600000,1764505800000,2999.11,3023.085314285714,2.0,False,-1.0,SL,24.5,2025-11-29 12:00:00+00:00,2025-11-30 12:30:00+00:00
ETHUSDT,short,1764792000000,1765255500000,3161.86,3442.200171428571,3.0,True,0.19918658005896184,time_exit,128.75,2025-12-03 20:00:00+00:00,2025-12-09 04:45:00+00:00
ETHUSDT,short,1765281600000,1765296000000,3203.48,3264.194228571429,2.0,False,-1.0,SL,4.0,2025-12-09 12:00:00+00:00,2025-12-09 16:00:00+00:00
ETHUSDT,long,1765396800000,1765422000000,3338.63,3183.0746285714285,3.0,True,-1.0,SL,7.0,2025-12-10 20:00:00+00:00,2025-12-11 03:00:00+00:00
ETHUSDT,short,1766044800000,1766361600000,2877.73,3034.813142857143,2.0,False,-1.0,SL,88.0,2025-12-18 08:00:00+00:00,2025-12-22 00:00:00+00:00
ETHUSDT,long,1767715200000,1767734100000,3221.36,3205.1888,3.0,True,3.0,TP,5.25,2026-01-06 16:00:00+00:00,2026-01-06 21:15:00+00:00
ETHUSDT,long,1768363200000,1768826700000,3313.35,3084.391942857143,2.0,False,-0.39168746066029286,time_exit,128.75,2026-01-14 04:00:00+00:00,2026-01-19 12:45:00+00:00
ETHUSDT,long,1769025600000,1769178600000,2972.23,2902.7964,2.0,False,-1.0,SL,42.5,2026-01-21 20:00:00+00:00,2026-01-23 14:30:00+00:00
ETHUSDT,long,1772121600000,1772154000000,2034.85,1999.2194285714288,3.0,True,-1.0,SL,9.0,2026-02-26 16:00:00+00:00,2026-02-27 01:00:00+00:00
ETHUSDT,long,1772251200000,1772266500000,1891.54,1853.0133714285716,3.0,True,-1.0,SL,4.25,2026-02-28 04:00:00+00:00,2026-02-28 08:15:00+00:00
ETHUSDT,long,1772539200000,1772554500000,1969.04,1949.903142857143,2.0,False,2.0,TP,4.25,2026-03-03 12:00:00+00:00,2026-03-03 16:15:00+00:00
ETHUSDT,long,1772697600000,1772712000000,2101.01,2085.627142857143,2.0,False,2.0,TP,4.0,2026-03-05 08:00:00+00:00,2026-03-05 12:00:00+00:00
ETHUSDT,long,1774468800000,1774491300000,2166.0,2155.4841071428573,2.0,False,-1.0,SL,6.25,2026-03-25 20:00:00+00:00,2026-03-26 02:15:00+00:00
ETHUSDT,long,1775692800000,1775707200000,2192.56,2180.0130357142857,2.0,False,-1.0,SL,4.0,2026-04-09 00:00:00+00:00,2026-04-09 04:00:00+00:00
ETHUSDT,long,1778025600000,1778115600000,2356.12,2321.1664,3.0,True,-1.0,SL,25.0,2026-05-06 00:00:00+00:00,2026-05-07 01:00:00+00:00
ETHUSDT,short,1778428800000,1778573700000,2353.03,2388.738742857143,2.0,False,2.0,TP,40.25,2026-05-10 16:00:00+00:00,2026-05-12 08:15:00+00:00
LINKUSDT,short,1645718400000,1645835400000,12.405,14.656491428571428,2.0,False,-1.0,SL,32.5,2022-02-24 16:00:00+00:00,2022-02-26 00:30:00+00:00
LINKUSDT,long,1648728000000,1648744200000,17.268,16.802251428571427,3.0,True,-1.0,SL,4.5,2022-03-31 12:00:00+00:00,2022-03-31 16:30:00+00:00
LINKUSDT,short,1650211200000,1650225600000,14.488,14.554357142857144,3.0,True,3.0,TP,4.0,2022-04-17 16:00:00+00:00,2022-04-17 20:00:00+00:00
LINKUSDT,short,1654632000000,1654647300000,8.56,8.799657142857143,2.0,False,-1.0,SL,4.25,2022-06-07 20:00:00+00:00,2022-06-08 00:15:00+00:00
LINKUSDT,short,1654977600000,1655000100000,7.347,7.691731428571429,2.0,False,2.0,TP,6.25,2022-06-11 20:00:00+00:00,2022-06-12 02:15:00+00:00
LINKUSDT,long,1656345600000,1656380700000,6.496,6.423589285714286,3.0,True,-1.0,SL,9.75,2022-06-27 16:00:00+00:00,2022-06-28 01:45:00+00:00
LINKUSDT,short,1658188800000,1658652300000,7.102,7.694428571428571,2.0,False,0.08608632746563813,time_exit,128.75,2022-07-19 00:00:00+00:00,2022-07-24 08:45:00+00:00
LINKUSDT,long,1659096000000,1659110400000,7.342,7.276160714285714,3.0,True,3.0,TP,4.0,2022-07-29 12:00:00+00:00,2022-07-29 16:00:00+00:00
LINKUSDT,short,1661774400000,1661807700000,6.459,6.639937142857143,2.0,False,-1.0,SL,9.25,2022-08-29 12:00:00+00:00,2022-08-29 21:15:00+00:00
LINKUSDT,long,1663070400000,1663533900000,7.493,6.548177142857143,3.0,True,0.3016438455583502,time_exit,128.75,2022-09-13 12:00:00+00:00,2022-09-18 20:45:00+00:00
LINKUSDT,short,1663257600000,1663721100000,7.355,8.29177142857143,3.0,True,0.40564858022996975,time_exit,128.75,2022-09-15 16:00:00+00:00,2022-09-21 00:45:00+00:00
LINKUSDT,long,1664308800000,1664323200000,7.711,7.639035714285715,2.0,False,2.0,TP,4.0,2022-09-27 20:00:00+00:00,2022-09-28 00:00:00+00:00
LINKUSDT,short,1664928000000,1664942400000,7.844,7.883785714285715,3.0,True,3.0,TP,4.0,2022-10-05 00:00:00+00:00,2022-10-05 04:00:00+00:00
LINKUSDT,short,1666627200000,1666656000000,6.945,6.9755,2.0,False,2.0,TP,8.0,2022-10-24 16:00:00+00:00,2022-10-25 00:00:00+00:00
LINKUSDT,short,1666756800000,1666771200000,7.106,7.175468571428572,2.0,False,-1.0,SL,4.0,2022-10-26 04:00:00+00:00,2022-10-26 08:00:00+00:00
LINKUSDT,long,1666900800000,1667093400000,7.007,6.770554285714286,3.0,True,3.0,TP,53.5,2022-10-27 20:00:00+00:00,2022-10-30 01:30:00+00:00
LINKUSDT,long,1667736000000,1667750400000,8.615,8.45848,3.0,True,-1.0,SL,4.0,2022-11-06 12:00:00+00:00,2022-11-06 16:00:00+00:00
LINKUSDT,long,1667923200000,1667937600000,7.557,7.450660714285715,2.0,False,-1.0,SL,4.0,2022-11-08 16:00:00+00:00,2022-11-08 20:00:00+00:00
LINKUSDT,short,1668024000000,1668038400000,6.66,6.846446428571428,2.0,False,2.0,TP,4.0,2022-11-09 20:00:00+00:00,2022-11-10 00:00:00+00:00
LINKUSDT,short,1669766400000,1669848300000,7.599,7.750497142857142,3.0,True,-1.0,SL,22.75,2022-11-30 00:00:00+00:00,2022-11-30 22:45:00+00:00
LINKUSDT,short,1673222400000,1673236800000,5.989,6.036582857142857,2.0,False,-1.0,SL,4.0,2023-01-09 00:00:00+00:00,2023-01-09 04:00:00+00:00
LINKUSDT,short,1673323200000,1673377200000,6.132,6.282434285714285,2.0,False,-1.0,SL,15.0,2023-01-10 04:00:00+00:00,2023-01-10 19:00:00+00:00
LINKUSDT,long,1673380800000,1673656200000,6.188,5.903805714285714,2.0,False,2.0,TP,76.5,2023-01-10 20:00:00+00:00,2023-01-14 00:30:00+00:00
LINKUSDT,long,1673697600000,1674161100000,6.706,6.203845714285714,3.0,True,-0.36642124788056046,time_exit,128.75,2023-01-14 12:00:00+00:00,2023-01-19 20:45:00+00:00
LINKUSDT,long,1674028800000,1674056700000,6.731,6.483114285714286,2.0,False,-1.0,SL,7.75,2023-01-18 08:00:00+00:00,2023-01-18 15:45:00+00:00
LINKUSDT,long,1674489600000,1674510300000,6.929,6.873928571428571,3.0,True,3.0,TP,5.75,2023-01-23 16:00:00+00:00,2023-01-23 21:45:00+00:00
LINKUSDT,long,1674590400000,1674604800000,6.827,6.770321428571428,3.0,True,-1.0,SL,4.0,2023-01-24 20:00:00+00:00,2023-01-25 00:00:00+00:00
LINKUSDT,long,1675065600000,1675080000000,7.067,7.029017857142858,2.0,False,-1.0,SL,4.0,2023-01-30 08:00:00+00:00,2023-01-30 12:00:00+00:00
LINKUSDT,short,1676044800000,1676222100000,6.95,7.054502857142857,2.0,False,-1.0,SL,49.25,2023-02-10 16:00:00+00:00,2023-02-12 17:15:00+00:00
LINKUSDT,long,1676577600000,1676592000000,7.137,7.0753200000000005,3.0,True,-1.0,SL,4.0,2023-02-16 20:00:00+00:00,2023-02-17 00:00:00+00:00
LINKUSDT,long,1676764800000,1676854800000,7.971,7.788588571428571,3.0,True,-1.0,SL,25.0,2023-02-19 00:00:00+00:00,2023-02-20 01:00:00+00:00
LINKUSDT,long,1676880000000,1676987100000,7.958,7.690422857142857,2.0,False,-1.0,SL,29.75,2023-02-20 08:00:00+00:00,2023-02-21 13:45:00+00:00
LINKUSDT,long,1677355200000,1677807000000,7.388,6.829748571428572,2.0,False,-1.0,SL,125.5,2023-02-25 20:00:00+00:00,2023-03-03 01:30:00+00:00
LINKUSDT,short,1677657600000,1677807000000,7.497,7.714142857142857,3.0,True,3.0,TP,41.5,2023-03-01 08:00:00+00:00,2023-03-03 01:30:00+00:00
LINKUSDT,long,1678824000000,1678849200000,6.894,6.837107142857143,3.0,True,3.0,TP,7.0,2023-03-14 20:00:00+00:00,2023-03-15 03:00:00+00:00
LINKUSDT,long,1678924800000,1679016600000,6.442,6.296605714285715,2.0,False,2.0,TP,25.5,2023-03-16 00:00:00+00:00,2023-03-17 01:30:00+00:00
LINKUSDT,long,1679342400000,1679359500000,7.023,6.967499999999999,3.0,True,3.0,TP,4.75,2023-03-20 20:00:00+00:00,2023-03-21 00:45:00+00:00
LINKUSDT,short,1679385600000,1679434200000,7.047,7.445474285714286,3.0,True,-1.0,SL,13.5,2023-03-21 08:00:00+00:00,2023-03-21 21:30:00+00:00
LINKUSDT,long,1679500800000,1679964300000,7.3,6.664468571428571,3.0,True,-0.8009045298422911,time_exit,128.75,2023-03-22 16:00:00+00:00,2023-03-28 00:45:00+00:00
LINKUSDT,long,1681473600000,1681501500000,7.574,7.524542857142857,3.0,True,3.0,TP,7.75,2023-04-14 12:00:00+00:00,2023-04-14 19:45:00+00:00
LINKUSDT,short,1687392000000,1687536000000,5.791,6.08856,2.0,False,-1.0,SL,40.0,2023-06-22 00:00:00+00:00,2023-06-23 16:00:00+00:00
LINKUSDT,long,1687622400000,1687636800000,5.96,5.900662857142857,2.0,False,2.0,TP,4.0,2023-06-24 16:00:00+00:00,2023-06-24 20:00:00+00:00
LINKUSDT,long,1688544000000,1689007500000,6.247,5.690154285714286,2.0,False,-0.14905385436335314,time_exit,128.75,2023-07-05 08:00:00+00:00,2023-07-10 16:45:00+00:00
LINKUSDT,long,1689350400000,1689364800000,7.026,6.982062857142858,2.0,False,-1.0,SL,4.0,2023-07-14 16:00:00+00:00,2023-07-14 20:00:00+00:00
LINKUSDT,long,1690848000000,1691311500000,7.41,6.760205714285714,2.0,False,-0.34780238141301845,time_exit,128.75,2023-08-01 00:00:00+00:00,2023-08-06 08:45:00+00:00
LINKUSDT,short,1691539200000,1691564400000,7.479,7.538297142857143,2.0,False,-1.0,SL,7.0,2023-08-09 00:00:00+00:00,2023-08-09 07:00:00+00:00
LINKUSDT,short,1694016000000,1694030400000,6.327,6.351502857142857,3.0,True,3.0,TP,4.0,2023-09-06 16:00:00+00:00,2023-09-06 20:00:00+00:00
LINKUSDT,long,1695024000000,1695038400000,6.252,6.143805714285714,3.0,True,3.0,TP,4.0,2023-09-18 08:00:00+00:00,2023-09-18 12:00:00+00:00
LINKUSDT,short,1695081600000,1695098700000,6.728,6.888817142857143,2.0,False,-1.0,SL,4.75,2023-09-19 00:00:00+00:00,2023-09-19 04:45:00+00:00
LINKUSDT,long,1695988800000,1696283100000,7.685,7.350822857142857,2.0,False,-1.0,SL,81.75,2023-09-29 12:00:00+00:00,2023-10-02 21:45:00+00:00
LINKUSDT,long,1696248000000,1696262400000,7.87,7.675845714285715,2.0,False,-1.0,SL,4.0,2023-10-02 12:00:00+00:00,2023-10-02 16:00:00+00:00
LINKUSDT,long,1696348800000,1696379400000,7.501,7.1791028571428575,2.0,False,-1.0,SL,8.5,2023-10-03 16:00:00+00:00,2023-10-04 00:30:00+00:00
LINKUSDT,long,1697040000000,1697503500000,7.273,6.891234285714285,2.0,False,0.568411441572244,time_exit,128.75,2023-10-11 16:00:00+00:00,2023-10-17 00:45:00+00:00
LINKUSDT,long,1699358400000,1699380000000,12.616,12.494582857142856,3.0,True,3.0,TP,6.0,2023-11-07 12:00:00+00:00,2023-11-07 18:00:00+00:00
LINKUSDT,long,1699560000000,1699623900000,14.238,13.897674285714285,3.0,True,3.0,TP,17.75,2023-11-09 20:00:00+00:00,2023-11-10 13:45:00+00:00
LINKUSDT,long,1699848000000,1699865100000,15.139,14.932348571428571,2.0,False,2.0,TP,4.75,2023-11-13 04:00:00+00:00,2023-11-13 08:45:00+00:00
LINKUSDT,long,1700582400000,1700606700000,13.704,13.49876,3.0,True,-1.0,SL,6.75,2023-11-21 16:00:00+00:00,2023-11-21 22:45:00+00:00
LINKUSDT,short,1700697600000,1701161100000,14.227,15.442782857142856,2.0,False,0.2558022579219977,time_exit,128.75,2023-11-23 00:00:00+00:00,2023-11-28 08:45:00+00:00
LINKUSDT,long,1701979200000,1702041300000,15.036,14.242805714285714,2.0,False,2.0,TP,17.25,2023-12-07 20:00:00+00:00,2023-12-08 13:15:00+00:00
LINKUSDT,short,1702339200000,1702396800000,14.948,15.09319642857143,3.0,True,3.0,TP,16.0,2023-12-12 00:00:00+00:00,2023-12-12 16:00:00+00:00
LINKUSDT,long,1704268800000,1704283200000,15.016,13.83028,2.0,False,-1.0,SL,4.0,2024-01-03 08:00:00+00:00,2024-01-03 12:00:00+00:00
LINKUSDT,long,1705694400000,1705715100000,15.358,15.0254,3.0,True,3.0,TP,5.75,2024-01-19 20:00:00+00:00,2024-01-20 01:45:00+00:00
LINKUSDT,long,1709136000000,1709158500000,18.158,17.793834285714286,3.0,True,3.0,TP,6.25,2024-02-28 16:00:00+00:00,2024-02-28 22:15:00+00:00
LINKUSDT,long,1710273600000,1710472500000,20.632,19.3156,2.0,False,-1.0,SL,55.25,2024-03-12 20:00:00+00:00,2024-03-15 03:15:00+00:00
LINKUSDT,long,1710547200000,1710566100000,19.417,19.188160714285715,2.0,False,-1.0,SL,5.25,2024-03-16 00:00:00+00:00,2024-03-16 05:15:00+00:00
LINKUSDT,short,1710964800000,1711412100000,18.215,19.575594285714285,3.0,True,-1.0,SL,124.25,2024-03-20 20:00:00+00:00,2024-03-26 00:15:00+00:00
LINKUSDT,short,1711468800000,1711530000000,20.306,20.62118857142857,3.0,True,3.0,TP,17.0,2024-03-26 16:00:00+00:00,2024-03-27 09:00:00+00:00
LINKUSDT,long,1711684800000,1712148300000,18.978,16.31873142857143,3.0,True,-0.40838297104252136,time_exit,128.75,2024-03-29 04:00:00+00:00,2024-04-03 12:45:00+00:00
LINKUSDT,long,1715918400000,1716381900000,15.457,14.697211428571428,3.0,True,1.0200206072365965,time_exit,128.75,2024-05-17 04:00:00+00:00,2024-05-22 12:45:00+00:00
LINKUSDT,long,1717646400000,1717783200000,17.332,16.9422,2.0,False,-1.0,SL,38.0,2024-06-06 04:00:00+00:00,2024-06-07 18:00:00+00:00
LINKUSDT,short,1721073600000,1721093400000,14.357,14.491325714285711,2.0,False,-1.0,SL,5.5,2024-07-15 20:00:00+00:00,2024-07-16 01:30:00+00:00
LINKUSDT,long,1721102400000,1721116800000,14.018,13.951875,2.0,False,-1.0,SL,4.0,2024-07-16 04:00:00+00:00,2024-07-16 08:00:00+00:00
LINKUSDT,short,1721592000000,1721629800000,14.923,15.242565714285714,2.0,False,2.0,TP,10.5,2024-07-21 20:00:00+00:00,2024-07-22 06:30:00+00:00
LINKUSDT,short,1724270400000,1724338800000,11.332,11.51504,2.0,False,-1.0,SL,19.0,2024-08-21 20:00:00+00:00,2024-08-22 15:00:00+00:00
LINKUSDT,short,1726228800000,1726692300000,11.294,11.891577142857145,3.0,True,1.0960927937576495,time_exit,128.75,2024-09-13 12:00:00+00:00,2024-09-18 20:45:00+00:00
LINKUSDT,long,1726848000000,1727001000000,11.411,11.170937142857143,3.0,True,-1.0,SL,42.5,2024-09-20 16:00:00+00:00,2024-09-22 10:30:00+00:00
LINKUSDT,short,1727827200000,1727841600000,11.644,11.723946428571429,2.0,False,2.0,TP,4.0,2024-10-02 00:00:00+00:00,2024-10-02 04:00:00+00:00
LINKUSDT,short,1728100800000,1728118800000,11.2,11.292057142857145,2.0,False,-1.0,SL,5.0,2024-10-05 04:00:00+00:00,2024-10-05 09:00:00+00:00
LINKUSDT,long,1729051200000,1729514700000,11.175,10.57698857142857,2.0,False,0.9481424148606785,time_exit,128.75,2024-10-16 04:00:00+00:00,2024-10-21 12:45:00+00:00
LINKUSDT,long,1730419200000,1730551500000,11.332,11.102468571428572,3.0,True,-1.0,SL,36.75,2024-11-01 00:00:00+00:00,2024-11-02 12:45:00+00:00
LINKUSDT,short,1730851200000,1730865600000,11.399,11.615194285714288,2.0,False,-1.0,SL,4.0,2024-11-06 00:00:00+00:00,2024-11-06 04:00:00+00:00
LINKUSDT,long,1731268800000,1731283200000,13.864,13.669285714285714,2.0,False,2.0,TP,4.0,2024-11-10 20:00:00+00:00,2024-11-11 00:00:00+00:00
LINKUSDT,long,1731398400000,1731467700000,13.957,13.49008,2.0,False,-1.0,SL,19.25,2024-11-12 08:00:00+00:00,2024-11-13 03:15:00+00:00
LINKUSDT,long,1731542400000,1731943800000,13.327,12.465125714285714,2.0,False,2.0,TP,111.5,2024-11-14 00:00:00+00:00,2024-11-18 15:30:00+00:00
LINKUSDT,long,1731974400000,1732437900000,15.172,13.681697142857145,3.0,True,1.4681579583056947,time_exit,128.75,2024-11-19 00:00:00+00:00,2024-11-24 08:45:00+00:00
LINKUSDT,long,1732420800000,1732445100000,17.564,17.12672,2.0,False,-1.0,SL,6.75,2024-11-24 04:00:00+00:00,2024-11-24 10:45:00+00:00
LINKUSDT,long,1732536000000,1732609800000,17.701,16.807354285714286,2.0,False,-1.0,SL,20.5,2024-11-25 12:00:00+00:00,2024-11-26 08:30:00+00:00
LINKUSDT,long,1733011200000,1733132700000,18.695,17.774005714285714,2.0,False,2.0,TP,33.75,2024-12-01 00:00:00+00:00,2024-12-02 09:45:00+00:00
LINKUSDT,short,1735286400000,1735300800000,22.747,23.124697142857144,3.0,True,-1.0,SL,4.0,2024-12-27 08:00:00+00:00,2024-12-27 12:00:00+00:00
LINKUSDT,short,1736798400000,1736925300000,19.197,20.727497142857143,2.0,False,-1.0,SL,35.25,2025-01-13 20:00:00+00:00,2025-01-15 07:15:00+00:00
LINKUSDT,long,1737129600000,1737144900000,23.925,23.669451428571428,3.0,True,3.0,TP,4.25,2025-01-17 16:00:00+00:00,2025-01-17 20:15:00+00:00
LINKUSDT,long,1737273600000,1737298800000,23.065,22.123525714285712,3.0,True,3.0,TP,7.0,2025-01-19 08:00:00+00:00,2025-01-19 15:00:00+00:00
LINKUSDT,long,1737388800000,1737403200000,24.098,23.70630357142857,3.0,True,3.0,TP,4.0,2025-01-20 16:00:00+00:00,2025-01-20 20:00:00+00:00
LINKUSDT,long,1738065600000,1738496700000,23.672,22.08477142857143,3.0,True,-1.0,SL,119.75,2025-01-28 12:00:00+00:00,2025-02-02 11:45:00+00:00
LINKUSDT,long,1738540800000,1738595700000,16.722,15.31636,2.0,False,2.0,TP,15.25,2025-02-03 00:00:00+00:00,2025-02-03 15:15:00+00:00
LINKUSDT,short,1740182400000,1740407400000,17.799,18.506097142857143,2.0,False,2.0,TP,62.5,2025-02-22 00:00:00+00:00,2025-02-24 14:30:00+00:00
LINKUSDT,long,1741248000000,1741306500000,16.851,16.47925142857143,3.0,True,-1.0,SL,16.25,2025-03-06 08:00:00+00:00,2025-03-07 00:15:00+00:00
LINKUSDT,long,1742558400000,1742572800000,13.99,13.87952,2.0,False,-1.0,SL,4.0,2025-03-21 12:00:00+00:00,2025-03-21 16:00:00+00:00
LINKUSDT,short,1743840000000,1744303500000,12.938,14.429394285714285,2.0,False,0.7161084162854336,time_exit,128.75,2025-04-05 08:00:00+00:00,2025-04-10 16:45:00+00:00
LINKUSDT,short,1744473600000,1744492500000,13.124,13.267234285714286,3.0,True,-1.0,SL,5.25,2025-04-12 16:00:00+00:00,2025-04-12 21:15:00+00:00
LINKUSDT,long,1744502400000,1744761600000,13.011,12.19114857142857,3.0,True,-1.0,SL,72.0,2025-04-13 00:00:00+00:00,2025-04-16 00:00:00+00:00
LINKUSDT,long,1745812800000,1745827200000,14.781,14.637371428571427,2.0,False,2.0,TP,4.0,2025-04-28 04:00:00+00:00,2025-04-28 08:00:00+00:00
LINKUSDT,long,1746432000000,1746733500000,13.713,12.832954285714289,2.0,False,2.0,TP,83.75,2025-05-05 08:00:00+00:00,2025-05-08 19:45:00+00:00
LINKUSDT,short,1746705600000,1746720000000,15.057,15.140464285714286,3.0,True,-1.0,SL,4.0,2025-05-08 12:00:00+00:00,2025-05-08 16:00:00+00:00
LINKUSDT,long,1746792000000,1746898200000,15.798,15.4044,3.0,True,3.0,TP,29.5,2025-05-09 12:00:00+00:00,2025-05-10 17:30:00+00:00
LINKUSDT,short,1749182400000,1749517200000,13.234,14.496594285714286,2.0,False,-1.0,SL,93.0,2025-06-06 04:00:00+00:00,2025-06-10 01:00:00+00:00
LINKUSDT,short,1749571200000,1749713400000,15.475,15.975142857142856,2.0,False,2.0,TP,39.5,2025-06-10 16:00:00+00:00,2025-06-12 07:30:00+00:00
LINKUSDT,long,1750852800000,1750869000000,13.152,13.01409142857143,3.0,True,-1.0,SL,4.5,2025-06-25 12:00:00+00:00,2025-06-25 16:30:00+00:00
LINKUSDT,long,1751068800000,1751083200000,12.968,12.893553571428573,2.0,False,2.0,TP,4.0,2025-06-28 00:00:00+00:00,2025-06-28 04:00:00+00:00
LINKUSDT,long,1752264000000,1752418800000,15.07,14.676297142857145,2.0,False,2.0,TP,43.0,2025-07-11 20:00:00+00:00,2025-07-13 15:00:00+00:00
LINKUSDT,long,1752408000000,1752422400000,15.227,15.045217142857142,2.0,False,2.0,TP,4.0,2025-07-13 12:00:00+00:00,2025-07-13 16:00:00+00:00
LINKUSDT,long,1752523200000,1752539400000,15.826,15.647045714285714,2.0,False,-1.0,SL,4.5,2025-07-14 20:00:00+00:00,2025-07-15 00:30:00+00:00
LINKUSDT,long,1754006400000,1754469900000,16.671,15.132714285714284,3.0,True,-0.19502228826151596,time_exit,128.75,2025-08-01 00:00:00+00:00,2025-08-06 08:45:00+00:00
LINKUSDT,short,1754452800000,1754467200000,16.744,16.83530357142857,2.0,False,2.0,TP,4.0,2025-08-06 04:00:00+00:00,2025-08-06 08:00:00+00:00
LINKUSDT,short,1754596800000,1754611200000,18.344,18.454582857142857,2.0,False,-1.0,SL,4.0,2025-08-07 20:00:00+00:00,2025-08-08 00:00:00+00:00
LINKUSDT,long,1754899200000,1755362700000,21.451,19.87634285714286,3.0,True,0.4000870937891239,time_exit,128.75,2025-08-11 08:00:00+00:00,2025-08-16 16:45:00+00:00
LINKUSDT,long,1755964800000,1756149300000,25.842,24.03982857142857,2.0,False,-1.0,SL,51.25,2025-08-23 16:00:00+00:00,2025-08-25 19:15:00+00:00
LINKUSDT,short,1756368000000,1756382400000,24.171,24.334732142857145,2.0,False,2.0,TP,4.0,2025-08-28 08:00:00+00:00,2025-08-28 12:00:00+00:00
LINKUSDT,long,1756987200000,1757001600000,22.821,22.716875,2.0,False,-1.0,SL,4.0,2025-09-04 12:00:00+00:00,2025-09-04 16:00:00+00:00
LINKUSDT,long,1759824000000,1760020200000,22.782,21.42492,3.0,True,-1.0,SL,54.5,2025-10-07 08:00:00+00:00,2025-10-09 14:30:00+00:00
LINKUSDT,short,1760443200000,1760643000000,18.756,19.476017142857145,2.0,False,2.0,TP,55.5,2025-10-14 12:00:00+00:00,2025-10-16 19:30:00+00:00
LINKUSDT,short,1761048000000,1761166800000,18.429,19.224308571428573,2.0,False,2.0,TP,33.0,2025-10-21 12:00:00+00:00,2025-10-22 21:00:00+00:00
LINKUSDT,long,1761508800000,1761523200000,18.116,18.044535714285715,2.0,False,2.0,TP,4.0,2025-10-26 20:00:00+00:00,2025-10-27 00:00:00+00:00
LINKUSDT,short,1761624000000,1761682500000,18.47,18.94824,2.0,False,2.0,TP,16.25,2025-10-28 04:00:00+00:00,2025-10-28 20:15:00+00:00
LINKUSDT,long,1761825600000,1762152300000,17.329,15.958685714285716,2.0,False,-1.0,SL,90.75,2025-10-30 12:00:00+00:00,2025-11-03 06:45:00+00:00
LINKUSDT,short,1762804800000,1763268300000,16.245,17.69336,2.0,False,1.4437018420834633,time_exit,128.75,2025-11-10 20:00:00+00:00,2025-11-16 04:45:00+00:00
LINKUSDT,long,1764878400000,1764952200000,14.346,13.41556,3.0,True,-1.0,SL,20.5,2025-12-04 20:00:00+00:00,2025-12-05 16:30:00+00:00
LINKUSDT,long,1765411200000,1765425600000,13.763,13.610765714285714,3.0,True,-1.0,SL,4.0,2025-12-11 00:00:00+00:00,2025-12-11 04:00:00+00:00
LINKUSDT,short,1766476800000,1766940300000,12.369,13.197308571428572,2.0,False,-0.16177545980104066,time_exit,128.75,2025-12-23 08:00:00+00:00,2025-12-28 16:45:00+00:00
LINKUSDT,short,1767571200000,1767586500000,13.695,13.746005714285715,3.0,True,3.0,TP,4.25,2026-01-05 00:00:00+00:00,2026-01-05 04:15:00+00:00
LINKUSDT,long,1767672000000,1767686400000,13.78,13.713446428571428,2.0,False,-1.0,SL,4.0,2026-01-06 04:00:00+00:00,2026-01-06 08:00:00+00:00
LINKUSDT,long,1767772800000,1767854700000,13.649,13.15805142857143,2.0,False,-1.0,SL,22.75,2026-01-07 08:00:00+00:00,2026-01-08 06:45:00+00:00
LINKUSDT,long,1768492800000,1768780800000,13.889,12.993017142857145,3.0,True,-1.0,SL,80.0,2026-01-15 16:00:00+00:00,2026-01-19 00:00:00+00:00
LINKUSDT,long,1768939200000,1769356800000,12.083,11.85236,3.0,True,-1.0,SL,116.0,2026-01-20 20:00:00+00:00,2026-01-25 16:00:00+00:00
LINKUSDT,short,1770350400000,1770364800000,8.344,8.457928571428571,2.0,False,2.0,TP,4.0,2026-02-06 04:00:00+00:00,2026-02-06 08:00:00+00:00
LINKUSDT,long,1772121600000,1772191800000,9.03,8.862131428571429,2.0,False,-1.0,SL,19.5,2026-02-26 16:00:00+00:00,2026-02-27 11:30:00+00:00
LINKUSDT,long,1772740800000,1772788500000,9.165,9.099160714285713,2.0,False,-1.0,SL,13.25,2026-03-05 20:00:00+00:00,2026-03-06 09:15:00+00:00
LINKUSDT,long,1773172800000,1773207000000,8.948,8.894625,2.0,False,-1.0,SL,9.5,2026-03-10 20:00:00+00:00,2026-03-11 05:30:00+00:00
LINKUSDT,long,1775692800000,1776156300000,8.863,8.504731428571429,3.0,True,0.996459160725398,time_exit,128.75,2026-04-09 00:00:00+00:00,2026-04-14 08:45:00+00:00
LINKUSDT,long,1776513600000,1776977100000,9.405,8.895702857142858,3.0,True,-0.2277648748415183,time_exit,128.75,2026-04-18 12:00:00+00:00,2026-04-23 20:45:00+00:00
LINKUSDT,long,1778112000000,1778137200000,9.866,9.790068571428572,3.0,True,3.0,TP,7.0,2026-05-07 00:00:00+00:00,2026-05-07 07:00:00+00:00
LINKUSDT,long,1778572800000,1778914800000,10.269,9.745131428571428,3.0,True,-1.0,SL,95.0,2026-05-12 08:00:00+00:00,2026-05-16 07:00:00+00:00
SOLUSDT,short,1645689600000,1646092800000,84.54,96.47954285714285,2.0,False,-1.0,SL,112.0,2022-02-24 08:00:00+00:00,2022-03-01 00:00:00+00:00
SOLUSDT,long,1646352000000,1646424000000,91.95,88.1984,3.0,True,-1.0,SL,20.0,2022-03-04 00:00:00+00:00,2022-03-04 20:00:00+00:00
SOLUSDT,long,1648281600000,1648651500000,99.66,90.2388,2.0,False,2.0,TP,102.75,2022-03-26 08:00:00+00:00,2022-03-30 14:45:00+00:00
SOLUSDT,long,1649318400000,1649332800000,112.86,111.17708571428572,3.0,True,3.0,TP,4.0,2022-04-07 08:00:00+00:00,2022-04-07 12:00:00+00:00
SOLUSDT,short,1650499200000,1650540600000,105.66,109.02434285714286,2.0,False,-1.0,SL,11.5,2022-04-21 00:00:00+00:00,2022-04-21 11:30:00+00:00
SOLUSDT,short,1657036800000,1657051200000,35.86,36.16892857142857,2.0,False,-1.0,SL,4.0,2022-07-05 16:00:00+00:00,2022-07-05 20:00:00+00:00
SOLUSDT,long,1658160000000,1658184300000,40.03,39.57462857142857,2.0,False,2.0,TP,6.75,2022-07-18 16:00:00+00:00,2022-07-18 22:45:00+00:00
SOLUSDT,long,1658304000000,1658347200000,44.19,42.93177142857143,3.0,True,-1.0,SL,12.0,2022-07-20 08:00:00+00:00,2022-07-20 20:00:00+00:00
SOLUSDT,short,1660132800000,1660149000000,42.41,42.66178571428571,2.0,False,2.0,TP,4.5,2022-08-10 12:00:00+00:00,2022-08-10 16:30:00+00:00
SOLUSDT,long,1660392000000,1660494600000,46.54,45.4256,2.0,False,-1.0,SL,28.5,2022-08-13 12:00:00+00:00,2022-08-14 16:30:00+00:00
SOLUSDT,long,1662998400000,1663095600000,36.84,33.93491428571429,2.0,False,-1.0,SL,27.0,2022-09-12 16:00:00+00:00,2022-09-13 19:00:00+00:00
SOLUSDT,short,1663156800000,1663620300000,33.58,36.63497142857143,3.0,True,0.2880550671504974,time_exit,128.75,2022-09-14 12:00:00+00:00,2022-09-19 20:45:00+00:00
SOLUSDT,long,1666756800000,1667220300000,31.0,25.743314285714284,3.0,True,0.5193386381424464,time_exit,128.75,2022-10-26 04:00:00+00:00,2022-10-31 12:45:00+00:00
SOLUSDT,long,1667721600000,1667763000000,35.56,33.97651428571429,2.0,False,-1.0,SL,11.5,2022-11-06 08:00:00+00:00,2022-11-06 19:30:00+00:00
SOLUSDT,long,1671076800000,1671197400000,14.061,13.267788571428571,2.0,False,-1.0,SL,33.5,2022-12-15 04:00:00+00:00,2022-12-16 13:30:00+00:00
SOLUSDT,short,1676332800000,1676367900000,21.03,21.19667857142857,2.0,False,-1.0,SL,9.75,2023-02-14 00:00:00+00:00,2023-02-14 09:45:00+00:00
SOLUSDT,short,1676476800000,1676496600000,22.753,23.902228571428573,2.0,False,-1.0,SL,5.5,2023-02-15 16:00:00+00:00,2023-02-15 21:30:00+00:00
SOLUSDT,long,1677009600000,1677328200000,24.955,22.362622857142856,3.0,True,-1.0,SL,88.5,2023-02-21 20:00:00+00:00,2023-02-25 12:30:00+00:00
SOLUSDT,long,1678824000000,1678890600000,20.752,20.087594285714285,3.0,True,-1.0,SL,18.5,2023-03-14 20:00:00+00:00,2023-03-15 14:30:00+00:00
SOLUSDT,long,1681257600000,1681272000000,22.923,22.737154285714286,3.0,True,-1.0,SL,4.0,2023-04-12 00:00:00+00:00,2023-04-12 04:00:00+00:00
SOLUSDT,long,1681473600000,1681891200000,24.06,22.926571428571428,3.0,True,-1.0,SL,116.0,2023-04-14 12:00:00+00:00,2023-04-19 08:00:00+00:00
SOLUSDT,long,1682524800000,1682539200000,21.711,21.42008571428571,3.0,True,-1.0,SL,4.0,2023-04-26 16:00:00+00:00,2023-04-26 20:00:00+00:00
SOLUSDT,short,1685289600000,1685304000000,20.515,20.581589285714287,3.0,True,-1.0,SL,4.0,2023-05-28 16:00:00+00:00,2023-05-28 20:00:00+00:00
SOLUSDT,long,1685462400000,1685542500000,20.841,20.381365714285717,2.0,False,-1.0,SL,22.25,2023-05-30 16:00:00+00:00,2023-05-31 14:15:00+00:00
SOLUSDT,short,1685678400000,1685734200000,20.957,21.302525714285714,2.0,False,-1.0,SL,15.5,2023-06-02 04:00:00+00:00,2023-06-02 19:30:00+00:00
SOLUSDT,short,1687334400000,1687348800000,16.682,16.76898214285714,2.0,False,-1.0,SL,4.0,2023-06-21 08:00:00+00:00,2023-06-21 12:00:00+00:00
SOLUSDT,long,1688126400000,1688589900000,17.25,15.68876,2.0,False,0.958853219235992,time_exit,128.75,2023-06-30 12:00:00+00:00,2023-07-05 20:45:00+00:00
SOLUSDT,long,1689350400000,1689365700000,25.955,25.49792571428572,3.0,True,-1.0,SL,4.25,2023-07-14 16:00:00+00:00,2023-07-14 20:15:00+00:00
SOLUSDT,long,1692302400000,1692327600000,22.034,21.297365714285714,2.0,False,-1.0,SL,7.0,2023-08-17 20:00:00+00:00,2023-08-18 03:00:00+00:00
SOLUSDT,short,1693310400000,1693501200000,21.202,22.023857142857143,2.0,False,2.0,TP,53.0,2023-08-29 12:00:00+00:00,2023-08-31 17:00:00+00:00
SOLUSDT,short,1695024000000,1695114000000,19.592,20.374354285714286,2.0,False,-1.0,SL,25.0,2023-09-18 08:00:00+00:00,2023-09-19 09:00:00+00:00
SOLUSDT,long,1696248000000,1696435200000,23.698,22.567354285714288,2.0,False,-1.0,SL,52.0,2023-10-02 12:00:00+00:00,2023-10-04 16:00:00+00:00
SOLUSDT,long,1698105600000,1698121800000,31.61,31.284642857142856,2.0,False,-1.0,SL,4.5,2023-10-24 00:00:00+00:00,2023-10-24 04:30:00+00:00
SOLUSDT,long,1698321600000,1698336000000,31.65,31.29530357142857,3.0,True,-1.0,SL,4.0,2023-10-26 12:00:00+00:00,2023-10-26 16:00:00+00:00
SOLUSDT,long,1698955200000,1698969600000,41.05,39.45982285714285,2.0,False,-1.0,SL,4.0,2023-11-02 20:00:00+00:00,2023-11-03 00:00:00+00:00
SOLUSDT,long,1700006400000,1700032500000,55.58,53.895582857142855,2.0,False,2.0,TP,7.25,2023-11-15 00:00:00+00:00,2023-11-15 07:15:00+00:00
SOLUSDT,short,1700654400000,1701117900000,55.399,61.99700571428571,2.0,False,0.2076384985593046,time_exit,128.75,2023-11-22 12:00:00+00:00,2023-11-27 20:45:00+00:00
SOLUSDT,short,1701187200000,1701650700000,57.576,67.34257714285714,2.0,False,-0.6250910539794319,time_exit,128.75,2023-11-28 16:00:00+00:00,2023-12-04 00:45:00+00:00
SOLUSDT,long,1701676800000,1701691200000,59.984,59.46201714285714,3.0,True,3.0,TP,4.0,2023-12-04 08:00:00+00:00,2023-12-04 12:00:00+00:00
SOLUSDT,long,1701864000000,1702004400000,62.611,58.80997142857143,2.0,False,2.0,TP,39.0,2023-12-06 12:00:00+00:00,2023-12-08 03:00:00+00:00
SOLUSDT,long,1703217600000,1703235600000,93.52,92.49285714285712,3.0,True,-1.0,SL,5.0,2023-12-22 04:00:00+00:00,2023-12-22 09:00:00+00:00
SOLUSDT,long,1704283200000,1704297600000,88.86,87.91025,2.0,False,2.0,TP,4.0,2024-01-03 12:00:00+00:00,2024-01-03 16:00:00+00:00
SOLUSDT,short,1704729600000,1704744000000,96.935,97.87389285714286,3.0,True,-1.0,SL,4.0,2024-01-08 16:00:00+00:00,2024-01-08 20:00:00+00:00
SOLUSDT,short,1705449600000,1705913100000,100.825,108.23637714285714,3.0,True,1.714661088627448,time_exit,128.75,2024-01-17 00:00:00+00:00,2024-01-22 08:45:00+00:00
SOLUSDT,long,1709136000000,1709171100000,108.132,100.07089714285712,2.0,False,2.0,TP,9.75,2024-02-28 16:00:00+00:00,2024-02-29 01:45:00+00:00
SOLUSDT,long,1710835200000,1710849600000,176.253,173.67576785714283,2.0,False,2.0,TP,4.0,2024-03-19 08:00:00+00:00,2024-03-19 12:00:00+00:00
SOLUSDT,long,1711641600000,1711773900000,186.073,182.4010228571429,3.0,True,3.0,TP,36.75,2024-03-28 16:00:00+00:00,2024-03-30 04:45:00+00:00
SOLUSDT,long,1712160000000,1712178000000,184.506,182.80230357142855,3.0,True,-1.0,SL,5.0,2024-04-03 16:00:00+00:00,2024-04-03 21:00:00+00:00
SOLUSDT,long,1709726400000,1709776800000,130.4,126.76512,2.0,False,2.0,TP,14.0,2024-03-06 12:00:00+00:00,2024-03-07 02:00:00+00:00
SOLUSDT,short,1715760000000,1715776200000,144.706,148.6067657142857,2.0,False,-1.0,SL,4.5,2024-05-15 08:00:00+00:00,2024-05-15 12:30:00+00:00
SOLUSDT,long,1716292800000,1716494400000,176.219,165.55792,3.0,True,-1.0,SL,56.0,2024-05-21 12:00:00+00:00,2024-05-23 20:00:00+00:00
SOLUSDT,short,1717185600000,1717210800000,166.971,167.87382142857143,2.0,False,-1.0,SL,7.0,2024-05-31 20:00:00+00:00,2024-06-01 03:00:00+00:00
SOLUSDT,short,1718640000000,1718674200000,144.668,151.97088000000002,2.0,False,2.0,TP,9.5,2024-06-17 16:00:00+00:00,2024-06-18 01:30:00+00:00
SOLUSDT,short,1719936000000,1720056600000,153.337,161.99167428571428,2.0,False,2.0,TP,33.5,2024-07-02 16:00:00+00:00,2024-07-04 01:30:00+00:00
SOLUSDT,short,1720411200000,1720584900000,135.11,144.80921714285714,3.0,True,-1.0,SL,48.25,2024-07-08 04:00:00+00:00,2024-07-10 04:15:00+00:00
SOLUSDT,long,1721736000000,1721754000000,172.5,170.55932571428573,3.0,True,-1.0,SL,5.0,2024-07-23 12:00:00+00:00,2024-07-23 17:00:00+00:00
SOLUSDT,long,1722283200000,1722523500000,182.412,164.93853142857142,2.0,False,-1.0,SL,66.75,2024-07-29 20:00:00+00:00,2024-08-01 14:45:00+00:00
SOLUSDT,long,1722600000000,1722614400000,161.848,160.4410892857143,2.0,False,-1.0,SL,4.0,2024-08-02 12:00:00+00:00,2024-08-02 16:00:00+00:00
SOLUSDT,long,1722787200000,1722819600000,134.544,129.41255999999998,3.0,True,-1.0,SL,9.0,2024-08-04 16:00:00+00:00,2024-08-05 01:00:00+00:00
SOLUSDT,short,1723809600000,1724273100000,143.192,152.46641142857143,2.0,False,0.020702122337221112,time_exit,128.75,2024-08-16 12:00:00+00:00,2024-08-21 20:45:00+00:00
SOLUSDT,short,1724184000000,1724435100000,144.23,148.1316457142857,2.0,False,-1.0,SL,69.75,2024-08-20 20:00:00+00:00,2024-08-23 17:45:00+00:00
SOLUSDT,short,1724515200000,1724753700000,161.323,164.51465714285715,2.0,False,2.0,TP,66.25,2024-08-24 16:00:00+00:00,2024-08-27 10:15:00+00:00
SOLUSDT,long,1726444800000,1726473600000,130.134,129.68480357142855,3.0,True,3.0,TP,8.0,2024-09-16 00:00:00+00:00,2024-09-16 08:00:00+00:00
SOLUSDT,short,1726718400000,1726737300000,138.224,139.01142857142855,2.0,False,-1.0,SL,5.25,2024-09-19 04:00:00+00:00,2024-09-19 09:15:00+00:00
SOLUSDT,long,1726848000000,1727311500000,147.237,140.19885714285715,2.0,False,-0.003409990460145872,time_exit,128.75,2024-09-20 16:00:00+00:00,2024-09-26 00:45:00+00:00
SOLUSDT,short,1728374400000,1728729900000,143.909,146.9833942857143,3.0,True,-1.0,SL,98.75,2024-10-08 08:00:00+00:00,2024-10-12 10:45:00+00:00
SOLUSDT,long,1730779200000,1730809800000,159.53,157.46366285714288,2.0,False,2.0,TP,8.5,2024-11-05 04:00:00+00:00,2024-11-05 12:30:00+00:00
SOLUSDT,short,1730851200000,1730865600000,179.4,180.40069642857145,2.0,False,-1.0,SL,4.0,2024-11-06 00:00:00+00:00,2024-11-06 04:00:00+00:00
SOLUSDT,long,1731398400000,1731861900000,210.13,194.40422857142855,3.0,True,1.4981776955752324,time_exit,128.75,2024-11-12 08:00:00+00:00,2024-11-17 16:45:00+00:00
SOLUSDT,short,1732838400000,1732881600000,240.68,245.9464571428572,2.0,False,-1.0,SL,12.0,2024-11-29 00:00:00+00:00,2024-11-29 12:00:00+00:00
SOLUSDT,short,1733400000000,1733428800000,243.46,249.07422857142856,2.0,False,2.0,TP,8.0,2024-12-05 12:00:00+00:00,2024-12-05 20:00:00+00:00
SOLUSDT,long,1733472000000,1733745600000,233.33,225.32217142857144,3.0,True,-1.0,SL,76.0,2024-12-06 08:00:00+00:00,2024-12-09 12:00:00+00:00
SOLUSDT,short,1734508800000,1734562800000,220.23,228.0208,2.0,False,2.0,TP,15.0,2024-12-18 08:00:00+00:00,2024-12-18 23:00:00+00:00
SOLUSDT,short,1735675200000,1735722900000,194.53,197.67685714285716,2.0,False,2.0,TP,13.25,2024-12-31 20:00:00+00:00,2025-01-01 09:15:00+00:00
SOLUSDT,short,1737028800000,1737043200000,216.18,217.6732,2.0,False,2.0,TP,4.0,2025-01-16 12:00:00+00:00,2025-01-16 16:00:00+00:00
SOLUSDT,long,1738022400000,1738440000000,232.37,220.07497142857144,3.0,True,-1.0,SL,116.0,2025-01-28 00:00:00+00:00,2025-02-01 20:00:00+00:00
SOLUSDT,long,1740988800000,1741008600000,161.703,159.7462142857143,2.0,False,2.0,TP,5.5,2025-03-03 08:00:00+00:00,2025-03-03 13:30:00+00:00
SOLUSDT,short,1742788800000,1742812200000,138.83,141.3701714285714,2.0,False,-1.0,SL,6.5,2025-03-24 04:00:00+00:00,2025-03-24 10:30:00+00:00
SOLUSDT,short,1743768000000,1743998400000,120.88,130.3166857142857,2.0,False,2.0,TP,64.0,2025-04-04 12:00:00+00:00,2025-04-07 04:00:00+00:00
SOLUSDT,short,1744257600000,1744721100000,115.97,136.6225142857143,3.0,True,-0.8003868086625218,time_exit,128.75,2025-04-10 04:00:00+00:00,2025-04-15 12:45:00+00:00
SOLUSDT,short,1744819200000,1745028000000,131.47,136.3717142857143,2.0,False,-1.0,SL,58.0,2025-04-16 16:00:00+00:00,2025-04-19 02:00:00+00:00
SOLUSDT,short,1746388800000,1746410400000,145.99,147.62702857142858,2.0,False,2.0,TP,6.0,2025-05-04 20:00:00+00:00,2025-05-05 02:00:00+00:00
SOLUSDT,long,1746964800000,1747016100000,171.13,168.37845714285714,2.0,False,2.0,TP,14.25,2025-05-11 12:00:00+00:00,2025-05-12 02:15:00+00:00
SOLUSDT,long,1747180800000,1747318500000,176.39,167.82577142857144,2.0,False,-1.0,SL,38.25,2025-05-14 00:00:00+00:00,2025-05-15 14:15:00+00:00
SOLUSDT,long,1748016000000,1748030400000,179.022,177.63592857142856,3.0,True,-1.0,SL,4.0,2025-05-23 16:00:00+00:00,2025-05-23 20:00:00+00:00
SOLUSDT,long,1749614400000,1749645000000,163.91,162.28005714285715,2.0,False,2.0,TP,8.5,2025-06-11 04:00:00+00:00,2025-06-11 12:30:00+00:00
SOLUSDT,short,1749744000000,1749772800000,158.69,161.0658857142857,3.0,True,3.0,TP,8.0,2025-06-12 16:00:00+00:00,2025-06-13 00:00:00+00:00
SOLUSDT,short,1750550400000,1750579200000,137.28,138.6576,2.0,False,2.0,TP,8.0,2025-06-22 00:00:00+00:00,2025-06-22 08:00:00+00:00
SOLUSDT,short,1751054400000,1751125500000,142.07,148.19788571428572,2.0,False,-1.0,SL,19.75,2025-06-27 20:00:00+00:00,2025-06-28 15:45:00+00:00
SOLUSDT,long,1752321600000,1752461100000,159.82,157.27982857142857,2.0,False,2.0,TP,38.75,2025-07-12 12:00:00+00:00,2025-07-14 02:45:00+00:00
SOLUSDT,long,1752710400000,1753148700000,172.03,156.81194285714287,2.0,False,2.0,TP,121.75,2025-07-17 00:00:00+00:00,2025-07-22 01:45:00+00:00
SOLUSDT,short,1753848000000,1753866900000,182.84,183.91517857142856,3.0,True,3.0,TP,5.25,2025-07-30 04:00:00+00:00,2025-07-30 09:15:00+00:00
SOLUSDT,short,1753963200000,1754004600000,180.82,183.82565714285715,3.0,True,3.0,TP,11.5,2025-07-31 12:00:00+00:00,2025-07-31 23:30:00+00:00
SOLUSDT,long,1754942400000,1755016200000,175.343,172.52389142857143,3.0,True,3.0,TP,20.5,2025-08-11 20:00:00+00:00,2025-08-12 16:30:00+00:00
SOLUSDT,long,1755172800000,1755206100000,195.528,188.6810571428572,2.0,False,-1.0,SL,9.25,2025-08-14 12:00:00+00:00,2025-08-14 21:15:00+00:00
SOLUSDT,long,1755576000000,1755621900000,180.68,176.8253714285714,3.0,True,-1.0,SL,12.75,2025-08-19 04:00:00+00:00,2025-08-19 16:45:00+00:00
SOLUSDT,long,1756756800000,1756771200000,198.3,197.0974857142857,2.0,False,-1.0,SL,4.0,2025-09-01 20:00:00+00:00,2025-09-02 00:00:00+00:00
SOLUSDT,short,1758600000000,1758821400000,219.62,227.82074285714285,3.0,True,3.0,TP,61.5,2025-09-23 04:00:00+00:00,2025-09-25 17:30:00+00:00
SOLUSDT,long,1760126400000,1760140800000,175.0,169.63685714285714,2.0,False,2.0,TP,4.0,2025-10-10 20:00:00+00:00,2025-10-11 00:00:00+00:00
SOLUSDT,short,1760443200000,1760906700000,197.43,209.8085142857143,2.0,False,0.6365868971120462,time_exit,128.75,2025-10-14 12:00:00+00:00,2025-10-19 20:45:00+00:00
SOLUSDT,short,1761192000000,1761480000000,187.36,198.1136,2.0,False,-1.0,SL,80.0,2025-10-23 04:00:00+00:00,2025-10-26 12:00:00+00:00
SOLUSDT,short,1762819200000,1763282700000,170.9,189.38754285714285,2.0,False,1.5556421003177452,time_exit,128.75,2025-11-11 00:00:00+00:00,2025-11-16 08:45:00+00:00
SOLUSDT,long,1764864000000,1764878400000,141.26,140.30017857142855,2.0,False,-1.0,SL,4.0,2025-12-04 16:00:00+00:00,2025-12-04 20:00:00+00:00
SOLUSDT,short,1765915200000,1766378700000,128.57,135.66914285714287,2.0,False,0.2958103593995233,time_exit,128.75,2025-12-16 20:00:00+00:00,2025-12-22 04:45:00+00:00
SOLUSDT,short,1766793600000,1766872800000,122.66,124.59262857142858,2.0,False,-1.0,SL,22.0,2025-12-27 00:00:00+00:00,2025-12-27 22:00:00+00:00
SOLUSDT,short,1767254400000,1767288600000,124.77,125.29497142857144,2.0,False,-1.0,SL,9.5,2026-01-01 08:00:00+00:00,2026-01-01 17:30:00+00:00
SOLUSDT,long,1767672000000,1768135500000,136.08,125.5448,2.0,False,0.08827549548181116,time_exit,128.75,2026-01-06 04:00:00+00:00,2026-01-11 12:45:00+00:00
SOLUSDT,long,1768377600000,1768780800000,143.76,137.2865142857143,2.0,False,-1.0,SL,112.0,2026-01-14 08:00:00+00:00,2026-01-19 00:00:00+00:00
SOLUSDT,long,1772179200000,1772193600000,84.81,83.37428571428572,2.0,False,-1.0,SL,4.0,2026-02-27 08:00:00+00:00,2026-02-27 12:00:00+00:00
SOLUSDT,long,1772539200000,1772615700000,82.69,78.91685714285714,2.0,False,2.0,TP,21.25,2026-03-03 12:00:00+00:00,2026-03-04 09:15:00+00:00
SOLUSDT,long,1772740800000,1772771400000,88.95,87.60394285714285,2.0,False,-1.0,SL,8.5,2026-03-05 20:00:00+00:00,2026-03-06 04:30:00+00:00
SOLUSDT,long,1775678400000,1775694600000,82.677,82.21325,2.0,False,-1.0,SL,4.5,2026-04-08 20:00:00+00:00,2026-04-09 00:30:00+00:00
SOLUSDT,long,1775779200000,1775793600000,83.43,82.94035714285715,2.0,False,-1.0,SL,4.0,2026-04-10 00:00:00+00:00,2026-04-10 04:00:00+00:00
XRPUSDT,long,1647590400000,1647667800000,0.7818,0.7681359999999999,2.0,False,2.0,TP,21.5,2022-03-18 08:00:00+00:00,2022-03-19 05:30:00+00:00
XRPUSDT,long,1648742400000,1648760400000,0.8013,0.7957071428571428,3.0,True,3.0,TP,5.0,2022-03-31 16:00:00+00:00,2022-03-31 21:00:00+00:00
XRPUSDT,short,1649217600000,1649232000000,0.8257,0.833788,2.0,False,2.0,TP,4.0,2022-04-06 04:00:00+00:00,2022-04-06 08:00:00+00:00
XRPUSDT,short,1649980800000,1649995200000,0.7441,0.7742582857142858,2.0,False,-1.0,SL,4.0,2022-04-15 00:00:00+00:00,2022-04-15 04:00:00+00:00
XRPUSDT,long,1658145600000,1658167200000,0.3617,0.3563085714285714,2.0,False,-1.0,SL,6.0,2022-07-18 12:00:00+00:00,2022-07-18 18:00:00+00:00
XRPUSDT,short,1658174400000,1658637900000,0.3641,0.3878502857142857,2.0,False,0.22736568582633415,time_exit,128.75,2022-07-18 20:00:00+00:00,2022-07-24 04:45:00+00:00
XRPUSDT,long,1660608000000,1660622400000,0.3694,0.3674946428571428,2.0,False,2.0,TP,4.0,2022-08-16 00:00:00+00:00,2022-08-16 04:00:00+00:00
XRPUSDT,long,1662768000000,1663231500000,0.3463,0.326772,2.0,False,-0.32773453502662947,time_exit,128.75,2022-09-10 00:00:00+00:00,2022-09-15 08:45:00+00:00
XRPUSDT,long,1663113600000,1663419600000,0.3332,0.3207765714285714,2.0,False,2.0,TP,85.0,2022-09-14 00:00:00+00:00,2022-09-17 13:00:00+00:00
XRPUSDT,long,1663747200000,1663783200000,0.3963,0.3795965714285714,2.0,False,-1.0,SL,10.0,2022-09-21 08:00:00+00:00,2022-09-21 18:00:00+00:00
XRPUSDT,short,1665705600000,1665752400000,0.498,0.5112371428571428,2.0,False,-1.0,SL,13.0,2022-10-14 00:00:00+00:00,2022-10-14 13:00:00+00:00
XRPUSDT,short,1666209600000,1666224000000,0.4639,0.4682217142857143,3.0,True,3.0,TP,4.0,2022-10-19 20:00:00+00:00,2022-10-20 00:00:00+00:00
XRPUSDT,short,1666324800000,1666571400000,0.4496,0.4727897142857142,2.0,False,-1.0,SL,68.5,2022-10-21 04:00:00+00:00,2022-10-24 00:30:00+00:00
XRPUSDT,short,1666713600000,1666728000000,0.4727,0.4783817142857143,2.0,False,2.0,TP,4.0,2022-10-25 16:00:00+00:00,2022-10-25 20:00:00+00:00
XRPUSDT,short,1671019200000,1671035400000,0.3939,0.3954714285714285,2.0,False,2.0,TP,4.5,2022-12-14 12:00:00+00:00,2022-12-14 16:30:00+00:00
XRPUSDT,short,1673265600000,1673289000000,0.3566,0.3590988571428571,2.0,False,2.0,TP,6.5,2023-01-09 12:00:00+00:00,2023-01-09 18:30:00+00:00
XRPUSDT,short,1673452800000,1673479800000,0.3648,0.3736337142857143,3.0,True,-1.0,SL,7.5,2023-01-11 16:00:00+00:00,2023-01-11 23:30:00+00:00
XRPUSDT,long,1673496000000,1673517600000,0.3717,0.3696571428571428,2.0,False,-1.0,SL,6.0,2023-01-12 04:00:00+00:00,2023-01-12 10:00:00+00:00
XRPUSDT,short,1673553600000,1673582400000,0.3756,0.3799519999999999,3.0,True,-1.0,SL,8.0,2023-01-12 20:00:00+00:00,2023-01-13 04:00:00+00:00
XRPUSDT,long,1673596800000,1673614800000,0.3727,0.3697262857142857,3.0,True,-1.0,SL,5.0,2023-01-13 08:00:00+00:00,2023-01-13 13:00:00+00:00
XRPUSDT,long,1673697600000,1673838900000,0.3816,0.3749977142857143,3.0,True,3.0,TP,39.25,2023-01-14 12:00:00+00:00,2023-01-16 03:15:00+00:00
XRPUSDT,long,1673856000000,1674058500000,0.3752,0.3645034285714286,3.0,True,-1.0,SL,56.25,2023-01-16 08:00:00+00:00,2023-01-18 16:15:00+00:00
XRPUSDT,long,1674604800000,1674676800000,0.3968,0.3918371428571428,3.0,True,3.0,TP,20.0,2023-01-25 00:00:00+00:00,2023-01-25 20:00:00+00:00
XRPUSDT,long,1677009600000,1677251700000,0.392,0.3799228571428571,3.0,True,-1.0,SL,67.25,2023-02-21 20:00:00+00:00,2023-02-24 15:15:00+00:00
XRPUSDT,long,1678392000000,1678407300000,0.3701,0.3675589285714286,2.0,False,-1.0,SL,4.25,2023-03-09 20:00:00+00:00,2023-03-10 00:15:00+00:00
XRPUSDT,long,1679126400000,1679404500000,0.377,0.3676085714285714,3.0,True,3.0,TP,77.25,2023-03-18 08:00:00+00:00,2023-03-21 13:15:00+00:00
XRPUSDT,long,1679284800000,1679319000000,0.3912,0.3777702857142857,3.0,True,-1.0,SL,9.5,2023-03-20 04:00:00+00:00,2023-03-20 13:30:00+00:00
XRPUSDT,long,1679443200000,1679484600000,0.4539,0.4436925714285714,2.0,False,-1.0,SL,11.5,2023-03-22 00:00:00+00:00,2023-03-22 11:30:00+00:00
XRPUSDT,long,1679644800000,1680108300000,0.4265,0.3686405714285714,3.0,True,1.9651075513066139,time_exit,128.75,2023-03-24 08:00:00+00:00,2023-03-29 16:45:00+00:00
XRPUSDT,long,1685505600000,1685775600000,0.5102,0.500072,2.0,False,2.0,TP,75.0,2023-05-31 04:00:00+00:00,2023-06-03 07:00:00+00:00
XRPUSDT,short,1689264000000,1689278400000,0.8692,0.8733071428571428,2.0,False,2.0,TP,4.0,2023-07-13 16:00:00+00:00,2023-07-13 20:00:00+00:00
XRPUSDT,long,1689336000000,1689351300000,0.7811,0.7586537142857143,2.0,False,-1.0,SL,4.25,2023-07-14 12:00:00+00:00,2023-07-14 16:15:00+00:00
XRPUSDT,short,1690761600000,1690776000000,0.7132,0.7156571428571428,3.0,True,3.0,TP,4.0,2023-07-31 00:00:00+00:00,2023-07-31 04:00:00+00:00
XRPUSDT,short,1694448000000,1694911500000,0.4853,0.5825965714285714,2.0,False,-0.10483411542911507,time_exit,128.75,2023-09-11 16:00:00+00:00,2023-09-17 00:45:00+00:00
XRPUSDT,long,1695182400000,1695200400000,0.5116,0.5093982142857143,2.0,False,2.0,TP,5.0,2023-09-20 04:00:00+00:00,2023-09-20 09:00:00+00:00
XRPUSDT,short,1695988800000,1696003200000,0.5441,0.5457323000000001,3.0,True,3.0,TP,4.0,2023-09-29 12:00:00+00:00,2023-09-29 16:00:00+00:00
XRPUSDT,long,1696046400000,1696271400000,0.5211,0.4993714285714286,2.0,False,-1.0,SL,62.5,2023-09-30 04:00:00+00:00,2023-10-02 18:30:00+00:00
XRPUSDT,long,1697803200000,1697817600000,0.5012,0.4980302857142857,3.0,True,3.0,TP,4.0,2023-10-20 12:00:00+00:00,2023-10-20 16:00:00+00:00
XRPUSDT,long,1697918400000,1698381900000,0.52,0.4806725714285714,3.0,True,0.8035104543539203,time_exit,128.75,2023-10-21 20:00:00+00:00,2023-10-27 04:45:00+00:00
XRPUSDT,long,1698206400000,1698669900000,0.5428,0.5084388571428572,3.0,True,0.6257067784208116,time_exit,128.75,2023-10-25 04:00:00+00:00,2023-10-30 12:45:00+00:00
XRPUSDT,long,1699545600000,1699908300000,0.6344,0.6034622857142857,3.0,True,3.0,TP,100.75,2023-11-09 16:00:00+00:00,2023-11-13 20:45:00+00:00
XRPUSDT,long,1699732800000,1699748100000,0.6663,0.6599,2.0,False,-1.0,SL,4.25,2023-11-11 20:00:00+00:00,2023-11-12 00:15:00+00:00
XRPUSDT,long,1700568000000,1700584200000,0.6029,0.6003839285714285,3.0,True,-1.0,SL,4.5,2023-11-21 12:00:00+00:00,2023-11-21 16:30:00+00:00
XRPUSDT,long,1701748800000,1701765000000,0.6152,0.6103594285714287,3.0,True,-1.0,SL,4.5,2023-12-05 04:00:00+00:00,2023-12-05 08:30:00+00:00
XRPUSDT,long,1701936000000,1701967500000,0.6333,0.627108,2.0,False,2.0,TP,8.75,2023-12-07 08:00:00+00:00,2023-12-07 16:45:00+00:00
XRPUSDT,short,1704153600000,1704282300000,0.6325,0.6435194285714286,2.0,False,2.0,TP,35.75,2024-01-02 00:00:00+00:00,2024-01-03 11:45:00+00:00
XRPUSDT,long,1705003200000,1705021200000,0.6036,0.5983553571428571,3.0,True,-1.0,SL,5.0,2024-01-11 20:00:00+00:00,2024-01-12 01:00:00+00:00
XRPUSDT,long,1707825600000,1707901200000,0.5133,0.5048062857142857,2.0,False,2.0,TP,21.0,2024-02-13 12:00:00+00:00,2024-02-14 09:00:00+00:00
XRPUSDT,short,1708027200000,1708042500000,0.5697,0.5751445714285714,2.0,False,2.0,TP,4.25,2024-02-15 20:00:00+00:00,2024-02-16 00:15:00+00:00
XRPUSDT,long,1708171200000,1708205400000,0.5451,0.54112,2.0,False,2.0,TP,9.5,2024-02-17 12:00:00+00:00,2024-02-17 21:30:00+00:00
XRPUSDT,short,1708992000000,1709006400000,0.5616,0.5632848,2.0,False,2.0,TP,4.0,2024-02-27 00:00:00+00:00,2024-02-27 04:00:00+00:00
XRPUSDT,long,1709136000000,1709150400000,0.5306,0.527075,3.0,True,3.0,TP,4.0,2024-02-28 16:00:00+00:00,2024-02-28 20:00:00+00:00
XRPUSDT,long,1709568000000,1709667000000,0.6332,0.5932005714285714,2.0,False,-1.0,SL,27.5,2024-03-04 16:00:00+00:00,2024-03-05 19:30:00+00:00
XRPUSDT,long,1709899200000,1709913600000,0.5922,0.5858977142857144,3.0,True,3.0,TP,4.0,2024-03-08 12:00:00+00:00,2024-03-08 16:00:00+00:00
XRPUSDT,long,1710604800000,1710630900000,0.6204,0.5944285714285714,2.0,False,-1.0,SL,7.25,2024-03-16 16:00:00+00:00,2024-03-16 23:15:00+00:00
XRPUSDT,short,1712678400000,1712696400000,0.623,0.6271668571428571,3.0,True,-1.0,SL,5.0,2024-04-09 16:00:00+00:00,2024-04-09 21:00:00+00:00
XRPUSDT,long,1712707200000,1712942100000,0.6048,0.576724,3.0,True,-1.0,SL,65.25,2024-04-10 00:00:00+00:00,2024-04-12 17:15:00+00:00
XRPUSDT,long,1715112000000,1715127300000,0.5252,0.5222642857142857,3.0,True,-1.0,SL,4.25,2024-05-07 20:00:00+00:00,2024-05-08 00:15:00+00:00
XRPUSDT,long,1716163200000,1716626700000,0.5064,0.4723542857142857,3.0,True,0.8312353138637136,time_exit,128.75,2024-05-20 00:00:00+00:00,2024-05-25 08:45:00+00:00
XRPUSDT,long,1716422400000,1716471900000,0.5301,0.5105548571428571,2.0,False,-1.0,SL,13.75,2024-05-23 00:00:00+00:00,2024-05-23 13:45:00+00:00
XRPUSDT,long,1716897600000,1716921000000,0.5278,0.5233177142857143,2.0,False,-1.0,SL,6.5,2024-05-28 12:00:00+00:00,2024-05-28 18:30:00+00:00
XRPUSDT,long,1717776000000,1717790400000,0.504,0.5021948571428572,2.0,False,-1.0,SL,4.0,2024-06-07 16:00:00+00:00,2024-06-07 20:00:00+00:00
XRPUSDT,short,1718740800000,1718757000000,0.4899,0.4938446428571428,2.0,False,-1.0,SL,4.5,2024-06-18 20:00:00+00:00,2024-06-19 00:30:00+00:00
XRPUSDT,short,1719964800000,1720056600000,0.486,0.4991748571428571,2.0,False,2.0,TP,25.5,2024-07-03 00:00:00+00:00,2024-07-04 01:30:00+00:00
XRPUSDT,short,1720800000000,1720814400000,0.4625,0.4649571428571429,2.0,False,-1.0,SL,4.0,2024-07-12 16:00:00+00:00,2024-07-12 20:00:00+00:00
XRPUSDT,long,1720958400000,1721000700000,0.5232,0.518224,3.0,True,-1.0,SL,11.75,2024-07-14 12:00:00+00:00,2024-07-14 23:45:00+00:00
XRPUSDT,long,1721476800000,1721494800000,0.5847,0.5798732142857143,2.0,False,2.0,TP,5.0,2024-07-20 12:00:00+00:00,2024-07-20 17:00:00+00:00
XRPUSDT,long,1721707200000,1721753100000,0.5999,0.5856594285714285,2.0,False,-1.0,SL,12.75,2024-07-23 04:00:00+00:00,2024-07-23 16:45:00+00:00
XRPUSDT,long,1721073600000,1721141100000,0.5303,0.5142862857142858,3.0,True,3.0,TP,18.75,2024-07-15 20:00:00+00:00,2024-07-16 14:45:00+00:00
XRPUSDT,long,1722873600000,1722898800000,0.4853,0.4783785714285714,2.0,False,2.0,TP,7.0,2024-08-05 16:00:00+00:00,2024-08-05 23:00:00+00:00
XRPUSDT,long,1723161600000,1723178700000,0.614,0.6052457142857143,2.0,False,-1.0,SL,4.75,2024-08-09 00:00:00+00:00,2024-08-09 04:45:00+00:00
XRPUSDT,short,1724054400000,1724068800000,0.5884,0.5903251428571429,2.0,False,2.0,TP,4.0,2024-08-19 08:00:00+00:00,2024-08-19 12:00:00+00:00
XRPUSDT,short,1725408000000,1725422400000,0.5649,0.5692571428571429,2.0,False,2.0,TP,4.0,2024-09-04 00:00:00+00:00,2024-09-04 04:00:00+00:00
XRPUSDT,short,1726272000000,1726312500000,0.5777,0.5884371428571429,3.0,True,-1.0,SL,11.25,2024-09-14 00:00:00+00:00,2024-09-14 11:15:00+00:00
XRPUSDT,long,1727496000000,1727510400000,0.5881,0.5862354285714285,2.0,False,2.0,TP,4.0,2024-09-28 04:00:00+00:00,2024-09-28 08:00:00+00:00
XRPUSDT,long,1727654400000,1727794800000,0.6383,0.5947211428571428,2.0,False,-1.0,SL,39.0,2024-09-30 00:00:00+00:00,2024-10-01 15:00:00+00:00
XRPUSDT,short,1728259200000,1728722700000,0.5441,0.6306468571428572,2.0,False,0.06008305987838112,time_exit,128.75,2024-10-07 00:00:00+00:00,2024-10-12 08:45:00+00:00
XRPUSDT,short,1729065600000,1729139400000,0.5415,0.5562142857142857,3.0,True,-1.0,SL,20.5,2024-10-16 08:00:00+00:00,2024-10-17 04:30:00+00:00
XRPUSDT,long,1729512000000,1729587600000,0.5484,0.5356497142857143,3.0,True,-1.0,SL,21.0,2024-10-21 12:00:00+00:00,2024-10-22 09:00:00+00:00
XRPUSDT,long,1730894400000,1730948400000,0.5287,0.5179114285714286,3.0,True,3.0,TP,15.0,2024-11-06 12:00:00+00:00,2024-11-07 03:00:00+00:00
XRPUSDT,short,1731024000000,1731038400000,0.5604,0.5650297142857142,2.0,False,2.0,TP,4.0,2024-11-08 00:00:00+00:00,2024-11-08 04:00:00+00:00
XRPUSDT,long,1731081600000,1731216600000,0.5486,0.5282822857142857,2.0,False,2.0,TP,37.5,2024-11-08 16:00:00+00:00,2024-11-10 05:30:00+00:00
XRPUSDT,long,1733616000000,1733645700000,2.5708,2.5185977142857143,2.0,False,-1.0,SL,8.25,2024-12-08 00:00:00+00:00,2024-12-08 08:15:00+00:00
XRPUSDT,long,1736337600000,1736355600000,2.2948,2.256544,3.0,True,-1.0,SL,5.0,2025-01-08 12:00:00+00:00,2025-01-08 17:00:00+00:00
XRPUSDT,long,1736438400000,1736874900000,2.3121,2.1914645714285714,3.0,True,3.0,TP,121.25,2025-01-09 16:00:00+00:00,2025-01-14 17:15:00+00:00
XRPUSDT,long,1737316800000,1737369900000,2.8559,2.619515428571429,2.0,False,2.0,TP,14.75,2025-01-19 20:00:00+00:00,2025-01-20 10:45:00+00:00
XRPUSDT,long,1738512000000,1738542600000,2.6383,2.3241440000000004,2.0,False,-1.0,SL,8.5,2025-02-02 16:00:00+00:00,2025-02-03 00:30:00+00:00
XRPUSDT,long,1738699200000,1738781100000,2.427,2.365405357142857,3.0,True,-1.0,SL,22.75,2025-02-04 20:00:00+00:00,2025-02-05 18:45:00+00:00
XRPUSDT,short,1740513600000,1740929400000,2.3347,2.622334857142857,3.0,True,-1.0,SL,115.5,2025-02-25 20:00:00+00:00,2025-03-02 15:30:00+00:00
XRPUSDT,long,1740988800000,1741003200000,2.5326,2.4976946428571427,2.0,False,2.0,TP,4.0,2025-03-03 08:00:00+00:00,2025-03-03 12:00:00+00:00
XRPUSDT,short,1743696000000,1744000200000,2.0699,2.2073782857142854,2.0,False,2.0,TP,84.5,2025-04-03 16:00:00+00:00,2025-04-07 04:30:00+00:00
XRPUSDT,short,1744027200000,1744465500000,2.0026,2.1763302857142857,3.0,True,-1.0,SL,121.75,2025-04-07 12:00:00+00:00,2025-04-12 13:45:00+00:00
XRPUSDT,short,1744646400000,1744660800000,2.1391,2.154769642857143,2.0,False,-1.0,SL,4.0,2025-04-14 16:00:00+00:00,2025-04-14 20:00:00+00:00
XRPUSDT,long,1746849600000,1746898200000,2.3492,2.3166851428571427,3.0,True,3.0,TP,13.5,2025-05-10 04:00:00+00:00,2025-05-10 17:30:00+00:00
XRPUSDT,long,1746993600000,1747052100000,2.4032,2.339841142857143,2.0,False,2.0,TP,16.25,2025-05-11 20:00:00+00:00,2025-05-12 12:15:00+00:00
XRPUSDT,short,1747540800000,1747575000000,2.3541,2.409991428571429,3.0,True,-1.0,SL,9.5,2025-05-18 04:00:00+00:00,2025-05-18 13:30:00+00:00
XRPUSDT,short,1747670400000,1747721700000,2.404,2.418123214285714,3.0,True,3.0,TP,14.25,2025-05-19 16:00:00+00:00,2025-05-20 06:15:00+00:00
XRPUSDT,long,1747800000000,1747818000000,2.3543,2.3411910714285717,2.0,False,-1.0,SL,5.0,2025-05-21 04:00:00+00:00,2025-05-21 09:00:00+00:00
XRPUSDT,long,1749672000000,1749698100000,2.252,2.240665142857143,2.0,False,-1.0,SL,7.25,2025-06-11 20:00:00+00:00,2025-06-12 03:15:00+00:00
XRPUSDT,long,1750982400000,1751004000000,2.0978,2.089266071428572,3.0,True,-1.0,SL,6.0,2025-06-27 00:00:00+00:00,2025-06-27 06:00:00+00:00
XRPUSDT,short,1751299200000,1751313600000,2.2563,2.2630689,2.0,False,-1.0,SL,4.0,2025-06-30 16:00:00+00:00,2025-06-30 20:00:00+00:00
XRPUSDT,long,1751601600000,1751616000000,2.2366,2.226676785714286,2.0,False,-1.0,SL,4.0,2025-07-04 04:00:00+00:00,2025-07-04 08:00:00+00:00
XRPUSDT,long,1752264000000,1752285600000,2.7386,2.688472,2.0,False,2.0,TP,6.0,2025-07-11 20:00:00+00:00,2025-07-12 02:00:00+00:00
XRPUSDT,long,1752537600000,1752603300000,2.806,2.7603697142857144,3.0,True,3.0,TP,18.25,2025-07-15 00:00:00+00:00,2025-07-15 18:15:00+00:00
XRPUSDT,short,1756123200000,1756586700000,2.9671,3.1320177142857144,3.0,True,0.9865526011240225,time_exit,128.75,2025-08-25 12:00:00+00:00,2025-08-30 20:45:00+00:00
XRPUSDT,short,1760443200000,1760685300000,2.4796,2.5887051428571426,2.0,False,2.0,TP,67.25,2025-10-14 12:00:00+00:00,2025-10-17 07:15:00+00:00
XRPUSDT,short,1761105600000,1761166800000,2.4335,2.484344,2.0,False,2.0,TP,17.0,2025-10-22 04:00:00+00:00,2025-10-22 21:00:00+00:00
XRPUSDT,short,1761753600000,1761768000000,2.6405,2.678692,2.0,False,2.0,TP,4.0,2025-10-29 16:00:00+00:00,2025-10-29 20:00:00+00:00
XRPUSDT,short,1767398400000,1767412800000,2.0161,2.0239196428571424,2.0,False,-1.0,SL,4.0,2026-01-03 00:00:00+00:00,2026-01-03 04:00:00+00:00
XRPUSDT,long,1767715200000,1767831300000,2.2141,2.150743428571429,3.0,True,-1.0,SL,32.25,2026-01-06 16:00:00+00:00,2026-01-08 00:15:00+00:00
XRPUSDT,long,1768492800000,1768577400000,2.0526,2.031844571428571,2.0,False,-1.0,SL,23.5,2026-01-15 16:00:00+00:00,2026-01-16 15:30:00+00:00
XRPUSDT,long,1772798400000,1773261900000,1.3557,1.3104891428571428,3.0,True,0.7763621886019828,time_exit,128.75,2026-03-06 12:00:00+00:00,2026-03-11 20:45:00+00:00
XRPUSDT,long,1773273600000,1773672300000,1.3778,1.3184697142857142,2.0,False,2.0,TP,110.75,2026-03-12 00:00:00+00:00,2026-03-16 14:45:00+00:00
XRPUSDT,long,1773792000000,1773833400000,1.5186,1.4940788571428572,2.0,False,-1.0,SL,11.5,2026-03-18 00:00:00+00:00,2026-03-18 11:30:00+00:00
XRPUSDT,short,1773864000000,1774327500000,1.4732,1.554962857142857,2.0,False,0.7962050529405629,time_exit,128.75,2026-03-18 20:00:00+00:00,2026-03-24 04:45:00+00:00
XRPUSDT,long,1775664000000,1776127500000,1.3593,1.2919405714285714,2.0,False,0.03266060960815725,time_exit,128.75,2026-04-08 16:00:00+00:00,2026-04-14 00:45:00+00:00
XRPUSDT,long,1775952000000,1775967300000,1.3313,1.3273061,2.0,False,-1.0,SL,4.25,2026-04-12 00:00:00+00:00,2026-04-12 04:15:00+00:00
XRPUSDT,long,1776412800000,1776876300000,1.4351,1.3332028571428571,3.0,True,0.10893337819649952,time_exit,128.75,2026-04-17 08:00:00+00:00,2026-04-22 16:45:00+00:00
XRPUSDT,long,1776988800000,1777295700000,1.4309,1.4065845714285714,3.0,True,-1.0,SL,85.25,2026-04-24 00:00:00+00:00,2026-04-27 13:15:00+00:00
XRPUSDT,short,1777492800000,1777859100000,1.3832,1.4070897142857142,3.0,True,-1.0,SL,101.75,2026-04-29 20:00:00+00:00,2026-05-04 01:45:00+00:00
XRPUSDT,long,1778184000000,1778647500000,1.3827,1.3345417142857143,3.0,True,1.6404238404309592,time_exit,128.75,2026-05-07 20:00:00+00:00,2026-05-13 04:45:00+00:00
XRPUSDT,long,1779062400000,1779076800000,1.3855,1.3809589285714283,2.0,False,2.0,TP,4.0,2026-05-18 00:00:00+00:00,2026-05-18 04:00:00+00:00
